[{"$i":"clockDateFormat","$v":"%a, %e %b"},{"$i":"deviceIsUnlocked","$v":"Toestel is ongeslote"},{"$i":"simUnlockCodeAccepted","$v":"SIM-ontsluitkode is aanvaar"},{"$i":"simUnlockCodeFailed","$v":"SIM-ontsluit was onsuksesvol"},{"$i":"eccOnly","$v":"Slegs noodoproepe"},{"$i":"emergencyCallsOnly","$v":"Net noodoproepe"},{"$i":"lockedSim","$v":"SIM gesluit"},{"$i":"noService","$v":"Geen diens nie"},{"$i":"noSimCard","$v":"Geen SIM-kaart nie"},{"$i":"searching","$v":"Soek tans…"},{"$i":"airplane-mode","$v":"Vliegtuigmodus"},{"$i":"bluetooth","$v":"Bluetooth"},{"$i":"brightness","$v":"Helderheid"},{"$i":"calculator","$v":"Sakrekenaar"},{"$i":"camera","$v":"Kamera"},{"$i":"cellular-data","$v":"Sellulêre Data"},{"$i":"confirm-to-uninstall-app","$v":["Wil jy die ",{"t":"idOrVar","v":"appName"},"-toepassing deïnstalleer?"]},{"$i":"flashlight","$v":"Flitslig"},{"$i":"instant-settings","$v":"Onmiddelike instellings"},{"$i":"off","$v":"Af"},{"$i":"on","$v":"Aan"},{"$i":"shortcuts","$v":"Kortpaaie"},{"$i":"uninstall","$v":"Deïnstalleer"},{"$i":"volume","$v":"Volume"},{"$i":"wifi","$v":"Wi-Fi"},{"$i":"percentage-number","$v":[{"t":"idOrVar","v":"number"},"%"]},{"$i":"all-apps","$v":"Alle toepassings"},{"$i":"scImei","$v":"IMEI"},{"$i":"scMeid","$v":"MEID"},{"$i":"scUssd","$v":"USSD"},{"$i":"CallFailed","$v":"Oproep het misluk"},{"$i":"GenericFailure","$v":"Generiese mislukking"},{"$i":"add-smart-collections","$v":"Voeg Slim Versamelings by"},{"$i":"add-to-existing-contact","$v":"Voeg by bestaande kontak"},{"$i":"alert-for-contacts-without-number","$v":"Daar is geen kontakte met foonnommer beskikbaar."},{"$i":"app-title","$v":"My Toepassings"},{"$i":"app-uninstall","$v":[{"t":"idOrVar","v":"name"}," was gedeïnstalleer"]},{"$i":"assign","$v":"Ken toe"},{"$i":"assign-speed-dial","$v":["Kontak was nie as spoedbel op knoppie ",{"t":"idOrVar","v":"n"}," bygevoeg nie. Ken nou toe?"]},{"$i":"assign-voicemail","$v":"Stemposnommer is nie gestel nie."},{"$i":"call","$v":"Skakel"},{"$i":"callAirplaneModeMessage","$v":"Om ‘n oproep te maak moet jy vliegtuigmodus deaktiveer in instellings."},{"$i":"callAirplaneModeTitle","$v":"Vliegtuigmodus geaktiveer"},{"$i":"cancel","$v":"Kanselleer"},{"$i":"change-wallpaper","$v":"Verander Muurpapier"},{"$i":"clocks-updated","$v":"Klokke bygewerk"},{"$i":"confirmation","$v":"Bevestiging"},{"$i":"contacts","$v":"Kontakte"},{"$i":"create-new-contact","$v":"Skep nuwe kontak"},{"$i":"delete","$v":"Skrap"},{"$i":"delete-body","$v":[{"t":"idOrVar","v":"name"}," en al sy data sal geskrap word."]},{"$i":"delete-title","$v":["Skrap ",{"t":"idOrVar","v":"name"}]},{"$i":"edit","$v":"Wysig"},{"$i":"edit-done","$v":"Klaar"},{"$i":"edit-group-header","$v":"Wysig groep"},{"$i":"edit-mode","$v":"Wysig"},{"$i":"emergency-call-error","$v":[{"t":"idOrVar","v":"number"}," is nie ‘n noodnommer nie."]},{"$i":"emergency-call-only","$v":"Slegs noodoproepe"},{"$i":"emergencyDialogBodyBadNumber","$v":"Om ‘n oproep te maak moet die telefoon aan ‘n netwerk gekoppel wees."},{"$i":"emergencyDialogBodyDeviceNotAccepted","$v":"Noodoproepe word nie deur die netwerk toegelaat nie."},{"$i":"emergencyDialogTitle","$v":"Geen netwerkverbinding"},{"$i":"fax-home","$v":"Faks huis"},{"$i":"fax-office","$v":"Faks kantoor"},{"$i":"fax-other","$v":"Faks ander"},{"$i":"fdnIsActiveMessage","$v":["VBN (Vasgestelde Belnommers) is geaktiveer en die volgende nommer is nie in jou VBN-lys nie: ",{"t":"idOrVar","v":"number"}]},{"$i":"fdnIsActiveTitle","$v":"VBN aktief"},{"$i":"gaia-shortcut-app-updated","$v":"Toepassing bygewerk"},{"$i":"grid-view","$v":"Raster-aansig"},{"$i":"home","$v":"Tuis"},{"$i":"homescreen-settings","$v":"Tuisskerm Instellings"},{"$i":"invalidNumberToDialMessage","$v":"Die foonnommer wat jy skakel is ongeldig."},{"$i":"invalidNumberToDialTitle","$v":"Ongeldige foonnommer."},{"$i":"list-view","$v":"Kyk na Lys"},{"$i":"longDateFormat","$v":"%A, %B %e"},{"$i":"menu","$v":"Kieslys"},{"$i":"message","$v":"Boodskap"},{"$i":"mobile","$v":"Selfoon"},{"$i":"more","$v":"Meer"},{"$i":"move","$v":"Verskuif"},{"$i":"notifications","$v":"Kennisgewings"},{"$i":"numberIsBusyMessage","$v":"Die nommer is tans beset. Probeer asseblief later weer."},{"$i":"numberIsBusyTitle","$v":"Nommer is beset"},{"$i":"ok","$v":"Goed"},{"$i":"option-remove","$v":"Verwyder  van spoedbel"},{"$i":"option-replace","$v":"Vervang"},{"$i":"options","$v":"Opsies"},{"$i":"otherConnectionInUseMessage","$v":"Jy het ‘n aktiewe oproep op ‘n ander verbinding. Jy kan slegs een verbinding op ‘n slag gebruik."},{"$i":"otherConnectionInUseTitle","$v":"Ander verbinding in gebruik"},{"$i":"personal","$v":"Persoonlik"},{"$i":"remove","$v":"Verwyder"},{"$i":"remove-speed-dial","$v":["Is jy seker jy wil ",{"t":"idOrVar","v":"name"}," van Spoedbel verwyder?"]},{"$i":"replace","$v":"Vervang"},{"$i":"replace-speed-dial","$v":["Is jy seker jy wil ",{"t":"idOrVar","v":"name"}," met ",{"t":"idOrVar","v":"subName"}," vervang?"]},{"$i":"resume-download-action","$v":"Laai af"},{"$i":"resume-download-body","$v":["Wil jy ",{"t":"idOrVar","v":"name"}," aflaai?"]},{"$i":"resume-download-title","$v":"Begin Aflaai weer"},{"$i":"scCallBarring","$v":"Oproepblokkering"},{"$i":"scCallForwarding","$v":"Oproepaanstuur"},{"$i":"scCallWaiting","$v":"Wagoproepdiens"},{"$i":"scClip","$v":"Inkomende Beller ID"},{"$i":"scClir","$v":"Uitgaande Beller ID"},{"$i":"scPin","$v":"PIN verander"},{"$i":"scPin2","$v":"PIN2 verander"},{"$i":"scPuk","$v":"Ontblok PIN"},{"$i":"scPuk2","$v":"Ontblok PIN2"},{"$i":"scPwd","$v":"Wagwoord verander"},{"$i":"search-or-enter-address","placeholder":"Soek of voer adres in"},{"$i":"select","$v":"Kies"},{"$i":"sending","$v":"Stuur tans…"},{"$i":"set","$v":"Stel"},{"$i":"settings","$v":"Instellings"},{"$i":"single-view","$v":"Enkel Aansig"},{"$i":"skip","$v":"Slaan oor"},{"$i":"speed-dial","$v":"Spoedskakel"},{"$i":"speed-dial-empty","ariaLabel":[{"t":"idOrVar","v":"order"},", leeg"]},{"$i":"speed-dial-not-empty","ariaLabel":[{"t":"idOrVar","v":"order"},", ",{"t":"idOrVar","v":"name"}]},{"$i":"stop-download-action","$v":"Stop"},{"$i":"stop-download-body","$v":"Wil jy die aflaai wat aan die gang is stop?"},{"$i":"stop-download-title","$v":["Stop ",{"t":"idOrVar","v":"name"}]},{"$i":"tcl-wallpaper-changed","$v":"Muurpapier is verander"},{"$i":"video-call","$v":"Video-oproep"},{"$i":"voicemail","$v":"Stempos"},{"$i":"work","$v":"Werk"},{"$i":"apps","$v":"Toepassings"},{"$i":"nocard-eccOnly","$v":"No SIM card-Emergency calls only"},{"$i":"unusablecard-eccOnly","$v":"Unusable SIM card-Emergency calls only"},{"$i":"apn-sim1","$v":"APN-instellings – SIM1"},{"$i":"apn-sim2","$v":"APN-instellings – SIM2"},{"$i":"apnConfigPrepay","$v":"Betaal vooraf"},{"$i":"apnConfigPostpay","$v":"Betaal agterna"},{"$i":"apn-defaultconfig-message","$v":"Stel watter APN om te wys"},{"$i":"apnDefaultConfig","$v":"APN-verstekkonfigurasie"},{"$i":"without-sim-new","$v":[{"t":"idOrVar","v":"index"}]},{"$i":"with-sim-new","$v":[{"t":"idOrVar","v":"index"}," – ",{"t":"idOrVar","v":"carrier"}]},{"$i":"sim-with-index-and-carrier","$v":["SIM ",{"t":"idOrVar","v":"index"}," - ",{"t":"idOrVar","v":"carrier"}]},{"$i":"sim-without-carrier","$v":["SIM ",{"t":"idOrVar","v":"index"}]},{"$i":"call-forwarding-voice-after-seconds","$v":["Stem: ",{"t":"idOrVar","v":"voice"}," ná ",{"t":"idOrVar","v":"timeSeconds"}," sekondes"]},{"$i":"addNewNumber","$v":"Voeg nuwe nommer by"},{"$i":"addToExistingContact","$v":"Voeg by bestaande kontak"},{"$i":"all","$v":"Almal","ariaLabel":"Almal"},{"$i":"bluetooth-handsfree-device","$v":"Bluetooth handevry toestel"},{"$i":"bluetoothOption","ariaLabel":"Bluetooth"},{"$i":"callDurationHours","$v":[{"t":"idOrVar","v":"h"},": ",{"t":"idOrVar","v":"m"}," : ",{"t":"idOrVar","v":"s"}]},{"$i":"callDurationMinutes","$v":[{"t":"idOrVar","v":"m"},": ",{"t":"idOrVar","v":"s"}]},{"$i":"callDurationTextFormatHours","$v":[{"t":"idOrVar","v":"h"}," h ",{"t":"idOrVar","v":"m"}," m ",{"t":"idOrVar","v":"s"}," s"]},{"$i":"callDurationTextFormatMinutes","$v":[{"t":"idOrVar","v":"m"}," m ",{"t":"idOrVar","v":"s"}," s"]},{"$i":"callDurationTextFormatSeconds","$v":[{"t":"idOrVar","v":"s"}," s"]},{"$i":"callEnded","$v":"Oproep beëindig"},{"$i":"callInformation","$v":"Oproepinligting"},{"$i":"callLog","$v":"Oproeplys"},{"$i":"callLogEdit","title":"Wysig oproeplys"},{"$i":"callLogEditDialog","ariaLabel":"Wysig oproeplys dialoog"},{"$i":"caller-left-call","$v":[{"t":"idOrVar","v":"caller"}," het die oproep verlaat."]},{"$i":"calllog-all","$v":"Almal"},{"$i":"calllog-deselectAll","$v":"Deselekteer almal"},{"$i":"calllog-none","$v":"Geen"},{"$i":"calllog-selectAll","$v":"Kies almal"},{"$i":"canceled","$v":"Gekanselleer"},{"$i":"clear-all-text","$v":"Wis alle teks"},{"$i":"close","$v":"Maak toe"},{"$i":"composeEmail","ariaLabel":"E-pos"},{"$i":"conferenceAddError","$v":"Nie in staat om oproepe saam te voeg nie"},{"$i":"conferenceCall","$v":["Konferensie (",{"t":"idOrVar","v":"n"},")"]},{"$i":"conferenceRemoveError","$v":"Nie in staat om oproepe te skei nie"},{"$i":"confirm-deletion","$v":"Wis gekose oproepe?"},{"$i":"connecting","$v":"Besig om te verbind"},{"$i":"connectingEllipsis","$v":"Verbind tans"},{"$i":"contactDetails","$v":"Kontakbesonderhede"},{"$i":"createNewContact","$v":"Skep nuwe kontak"},{"$i":"delete-n-log?","$v":{"few":["Skrap ",{"t":"idOrVar","v":"n"}," lyste?"],"many":["Skrap ",{"t":"idOrVar","v":"n"}," lyste?"],"one":"Skrap gekose lys?","other":["Skrap ",{"t":"idOrVar","v":"n"}," lyste?"],"two":["Skrap ",{"t":"idOrVar","v":"n"}," lyste?"],"zero":"Niks gekies"},"$x":[{"t":"idOrVar","v":"plural"},"n"]},{"$i":"deselect","$v":"Deselekteer"},{"$i":"dialed","$v":"Geskakel"},{"$i":"dialer-prompt","$v":"Skakel nommer of kies kontak om by oproep te voeg"},{"$i":"dialerAddContact","ariaLabel":"Voeg kontak by"},{"$i":"dialerAddContactDialog","ariaLabel":"Voeg kontak Dialoog by"},{"$i":"edit-selected","$v":{"few":["Gekies(",{"t":"idOrVar","v":"n"},")"],"many":["Gekies(",{"t":"idOrVar","v":"n"},")"],"one":["Gekies(",{"t":"idOrVar","v":"n"},")"],"other":["Gekies(",{"t":"idOrVar","v":"n"},")"],"two":["Gekies(",{"t":"idOrVar","v":"n"},")"]},"$x":[{"t":"idOrVar","v":"plural"},"n"]},{"$i":"emailDetail","ariaLabel":"E-pos"},{"$i":"from-contact","$v":["Van ",{"t":"idOrVar","v":"contact"}]},{"$i":"from-number","$v":["Van ",{"t":"idOrVar","v":"number"}]},{"$i":"from-withheld-number","$v":"Van onbekende nommer"},{"$i":"hangup-a11y-button","ariaLabel":"Lui af"},{"$i":"hide","$v":"Verberg"},{"$i":"hideKeypad","ariaLabel":"Versteek sleutelbord"},{"$i":"hold","ariaLabel":"Wag"},{"$i":"hours","$v":"ure"},{"$i":"ignore","$v":"Ignoreer Oproep"},{"$i":"incoming","$v":"Inkomend"},{"$i":"incoming-call","$v":"Inkomende oproep"},{"$i":"info-missed","$v":"Gemis"},{"$i":"keypad","ariaLabel":"Sleutelblok"},{"$i":"log-item","$v":"Opsies"},{"$i":"makeCall","ariaLabel":"Maak oproep"},{"$i":"merge","ariaLabel":"Voeg saam"},{"$i":"minutes","$v":"minute"},{"$i":"missed","$v":"Gemis","ariaLabel":"Gemis"},{"$i":"missedCall","$v":"Gemiste oproep"},{"$i":"missedCallMultiSims","$v":["(SIM ",{"t":"idOrVar","v":"n"},") Gemiste oproep"]},{"$i":"mmi-error","$v":"‘n Fout het voorgekom terwyl die boodskap gestuur is"},{"$i":"mmi-notification-title-with-sim","$v":["(",{"t":"idOrVar","v":"sim"},") ",{"t":"idOrVar","v":"title"}]},{"$i":"mmi-session-expired","$v":"Sessie het verval"},{"$i":"mmi-successfully-sent","$v":"Boodskap suksesvol gestuur"},{"$i":"mute","ariaLabel":"Demp"},{"$i":"newCall","ariaLabel":"Nuwe oproep"},{"$i":"no-logs-msg-1","$v":"Geen oproepe opgeneem"},{"$i":"no-logs-msg-2","$v":"Begin nou kommunikeer"},{"$i":"no-logs-msg-3","$v":"Geen oproepe opgeneem"},{"$i":"no-logs-msg-4","$v":"Begin nou kommunikeer"},{"$i":"no-recent-numbers","$v":"Daar is geen onlangse nommers in die Oproeplyste om te bel nie."},{"$i":"onHoldOption","ariaLabel":"In wagstand geplaas"},{"$i":"outgoing","$v":"Uitgaande"},{"$i":"outgoing-call","$v":"Uitgaande oproepe"},{"$i":"phoneDetail","ariaLabel":"Foon"},{"$i":"pickup-a11y-button","ariaLabel":"Tel op"},{"$i":"received","$v":"Ontvang"},{"$i":"receiver","$v":"Ontvanger"},{"$i":"recents","ariaLabel":"Onlangse oproepe"},{"$i":"reply","$v":"Antwoord"},{"$i":"resume","$v":"Hervat","ariaLabel":"Hervat"},{"$i":"search-results","$v":"Soekresultate"},{"$i":"seconds","$v":"sekondes"},{"$i":"select-audio-sources","$v":"Kies oudiobronne"},{"$i":"send","$v":"Stuur"},{"$i":"send-sms-button","ariaLabel":"SMS"},{"$i":"sendSms","$v":"Stuur boodskap"},{"$i":"separator","$v":","},{"$i":"sim-number","$v":["SIM ",{"t":"idOrVar","v":"n"}]},{"$i":"speaker","$v":"Luidspreker"},{"$i":"speakerOption","ariaLabel":"Luidspreker"},{"$i":"suggestionMatches","$v":{"few":[{"t":"idOrVar","v":"N"}," pasmaats vir “",{"t":"idOrVar","v":"matchNumber"}],"many":[{"t":"idOrVar","v":"N"}," pasmaats vir “",{"t":"idOrVar","v":"matchNumber"}],"one":[{"t":"idOrVar","v":"N"}," pasmaat vir “",{"t":"idOrVar","v":"matchNumber"},"”"],"other":[{"t":"idOrVar","v":"N"}," pasmaats vir “",{"t":"idOrVar","v":"matchNumber"}],"two":[{"t":"idOrVar","v":"N"}," pasmaats vir “",{"t":"idOrVar","v":"matchNumber"}]},"$x":[{"t":"idOrVar","v":"plural"},"n"]},{"$i":"switch-calls","$v":"Verander oproepe"},{"$i":"tcl-assign","$v":"Ken toe"},{"$i":"tcl-assign-speed-dial","$v":{"$o":["Kontak is nie as ‘n Spoedbel op knoppie “",{"t":"idOrVar","v":"speedDial"}," bygevoeg nie <br><br> Ken nou toe?"]}},{"$i":"tcl-call-log-delete-group-notification","$v":[{"t":"idOrVar","v":"n"}," inskrywings was geskrap"]},{"$i":"tcl-calllog-entry-removed-err-notification","$v":"Kan nie oproeplys inskrywing verwyder nie"},{"$i":"tcl-calllog-entry-removed-succ-notification","$v":"Oproeplys inskrywing verwyder"},{"$i":"tcl-cancel","$v":"Kanselleer"},{"$i":"tcl-confirmation","$v":"Bevestiging"},{"$i":"tcl-delete-log","$v":"Is jy seker jy wil die gekose inskrywings uit die Oproeplys skrap?"},{"$i":"tcl-dialer","$v":"Beller"},{"$i":"tcl-edit-not-selected","$v":"Gekies(0)"},{"$i":"tcl-option-menu-call-log-edit","$v":"Wysig oproeplys"},{"$i":"today","$v":"Vandag"},{"$i":"toggleKeypad","ariaLabel":"Skakel sleutelbord"},{"$i":"type-your-response","placeholder":"Tik jou reaksie"},{"$i":"unknown","$v":"Onbekend"},{"$i":"unlock-a11y-button","ariaLabel":"Skuiwer"},{"$i":"ussd-services","$v":[{"t":"idOrVar","v":"operator"}," dienste"]},{"$i":"via-sim","$v":["Via SIM ",{"t":"idOrVar","v":"n"}]},{"$i":"view-all","$v":"Bekyk alles"},{"$i":"wifi-calling","$v":"WIFI bel tans"},{"$i":"withheld-number","$v":"Onbekend"},{"$i":"yesterday","$v":"Gister"},{"$i":"SimPin2","$v":"SIM PIN2"},{"$i":"SimPuk2","$v":"SIM POK2"},{"$i":"serviceClassFax","$v":"FAKS"},{"$i":"serviceClassPad","$v":"PAD"},{"$i":"serviceClassSms","$v":"SMS"},{"$i":"DialModifiedToDial","$v":"Bel verander na bel"},{"$i":"DialModifiedToSs","$v":"Bel verander na SS"},{"$i":"DialModifiedToUssd","$v":"Bel verander na USSD"},{"$i":"FdnCheckFailure","$v":"FDN nagaan mislukking"},{"$i":"IllegalSimOrMe","$v":"Onwettige SIM of ME"},{"$i":"InvalidParameter","$v":"Ongeldige parameter"},{"$i":"ModeNotSupported","$v":"Modus word nie ondersteun nie"},{"$i":"OpNotAllowedDuringVoiceCall","$v":"Bewerking word nie tydens stemoproep toegelaat nie"},{"$i":"PasswordIncorrect","$v":"Wagwoord verkeerd"},{"$i":"RadioNotAvailable","$v":"Radio onbeskikbaar"},{"$i":"RejectedByRemote","$v":"Verwerp deur afstandbeheer"},{"$i":"RequestNotSupported","$v":"Versoek word nie ondersteun nie"},{"$i":"ServiceIsDisabled","$v":"Diens is gedeaktiveer"},{"$i":"ServiceIsEnabled","$v":"Diens is geaktiveer"},{"$i":"ServiceIsEnabledFor","$v":"Diens is geaktiveer vir:"},{"$i":"SimAbsent","$v":"SIM afwesig"},{"$i":"SmsSendFailRetry","$v":"SMS se stuur misluk probeer weer"},{"$i":"SsModifiedToDial","$v":"SS verander om te bel"},{"$i":"SsModifiedToSs","$v":"SS verander na SS"},{"$i":"SsModifiedToUssd","$v":"SS verander na USSD"},{"$i":"SubscriptionNotAvailable","$v":"Intekening nie beskikbaar"},{"$i":"SubscriptionNotSupported","$v":"Intekening word nie ondersteun nie"},{"$i":"UssdModifiedToDial","$v":"USSD verander om te bel"},{"$i":"UssdModifiedToSs","$v":"USSD verander na SS"},{"$i":"UssdModifiedToUssd","$v":"USSD verander na USSD"},{"$i":"call-forwarding-async","$v":["Asinkronies: ",{"t":"idOrVar","v":"async"}]},{"$i":"call-forwarding-data","$v":["Data: ",{"t":"idOrVar","v":"data"}]},{"$i":"call-forwarding-error","$v":"‘n Fout het voorgekom tydens die verkryging van die oproep se deurstuurstatus"},{"$i":"call-forwarding-fax","$v":["FAKS: ",{"t":"idOrVar","v":"fax"}]},{"$i":"call-forwarding-inactive","$v":"Onaktief"},{"$i":"call-forwarding-packet","$v":["Pakket: ",{"t":"idOrVar","v":"packet"}]},{"$i":"call-forwarding-pad","$v":["Blok: ",{"t":"idOrVar","v":"pad"}]},{"$i":"call-forwarding-sms","$v":["SMS: ",{"t":"idOrVar","v":"sms"}]},{"$i":"call-forwarding-status","$v":"Deurstuurstatus van oproep"},{"$i":"call-forwarding-sync","$v":["Sinkronies: ",{"t":"idOrVar","v":"sync"}]},{"$i":"call-forwarding-voice","$v":["Stem: ",{"t":"idOrVar","v":"voice"}]},{"$i":"emMmiError","$v":"Verbindingsprobleem of ongeldige MMI-kode"},{"$i":"emMmiErrorBadPin","$v":"Die ou PIN wat jy ingetik het, is verkeerd."},{"$i":"emMmiErrorBadPuk","$v":"Die POK wat jy getik het, is verkeerd."},{"$i":"emMmiErrorEnablePin","$v":"Onsuksesvol. Aktiveer SIM/RUIM-SLOT."},{"$i":"emMmiErrorInvalidAction","$v":"Ongeldige aksie"},{"$i":"emMmiErrorInvalidPin","$v":"Tik ‘n PIN wat 4 tot 8 syfers is"},{"$i":"emMmiErrorInvalidScCode","$v":"Ongeldige dienskode"},{"$i":"emMmiErrorMismatchPin","$v":"Die PIN’s wat jy getik het, stem nie ooreen nie."},{"$i":"emMmiErrorMmiFdn","$v":"Werking is beperk tot slegs vasgestelde belnommers"},{"$i":"emMmiErrorNeedPuk2","$v":"Tik POK2 om SIM-kaart te ontblok"},{"$i":"emMmiErrorNeedsPuk","$v":"Jou SIM-kaart is PUK-geslote"},{"$i":"emMmiErrorNotSupported","$v":"Ongeldige of Onondersteunde MMI Kode"},{"$i":"emMmiErrorPasswordIncorrect","$v":"Verkeerde wagwoord"},{"$i":"emMmiErrorPinPukAttempts","$v":{"few":[{"t":"idOrVar","v":"n"}," probeerslae oor"],"many":[{"t":"idOrVar","v":"n"}," probeerslae oor"],"one":["Slegs ",{"t":"idOrVar","v":"n"}," probeerslag oor"],"other":[{"t":"idOrVar","v":"n"}," probeerslae oor"],"two":[{"t":"idOrVar","v":"n"}," probeerslae oor"]},"$x":[{"t":"idOrVar","v":"plural"},"n"]},{"$i":"emMmiErrorSimBlocked","$v":"Maksimum aantal probeerslae oorskry. SIM geblok"},{"$i":"emMmiErrorStkCcSsDial","$v":"SS-versoek is gewysig tot BEL-versoek."},{"$i":"emMmiErrorStkCcSsSs","$v":"SS-versoek is gewysig tot BEL-versoek"},{"$i":"emMmiErrorStkCcSsUssd","$v":"SS-versoek is gewysig tot USSD-versoek."},{"$i":"emMmiErrorStkCcUssdDial","$v":"USSD-versoek is gewysig tot BEL-versoek."},{"$i":"emMmiErrorStkCcUssdSs","$v":"USSD-versoek is gewysig tot SS-versoek."},{"$i":"emMmiErrorStkCcUssdUssd","$v":"USSD-versoek is gewysig tot nuwe USSD-versoek."},{"$i":"fihVersion","$v":"FIH-weergawe"},{"$i":"imeiAndSvn","$v":"IMEI en SVN"},{"$i":"internalVersion","$v":"Interne weergawe"},{"$i":"serviceClassData","$v":"Data"},{"$i":"serviceClassDataAsync","$v":"Asink"},{"$i":"serviceClassDataSync","$v":"Sinchronisasie"},{"$i":"serviceClassPacket","$v":"Pakkie"},{"$i":"serviceClassVoice","$v":"Stem"},{"$i":"smClirDefaultOffNextCallOff","$v":"Beller-ID se verstek is nie beperk nie. Volgende oproep: nie beperk nie"},{"$i":"smClirDefaultOffNextCallOn","$v":"Beller-ID se verstek is nie beperk nie. Volgende oproep: beperk"},{"$i":"smClirDefaultOnNextCallOff","$v":"Beller-ID se verstek is beperk. Volgende oproep: nie beperk nie"},{"$i":"smClirDefaultOnNextCallOn","$v":"Beller-ID se verstek is beperk. Volgende oproep: beperk"},{"$i":"smClirPermanent","$v":"Jy kan nie die beller-ID-instelling verander nie."},{"$i":"smPin2Changed","$v":"PIN2 suksesvol verander"},{"$i":"smPin2Unblocked","$v":"PIN2 suksesvol oopgesluit"},{"$i":"smPinChanged","$v":"PIN suksesvol verander"},{"$i":"smPinUnblocked","$v":"PIN suksesvol oopgesluit"},{"$i":"smServiceDisabled","$v":"Diens is gedeaktiveer"},{"$i":"smServiceEnabled","$v":"Diens is geaktiveer"},{"$i":"smServiceEnabledFor","$v":"Diens is gedeaktiveer vir:"},{"$i":"smServiceErased","$v":"Uitwissing was suksesvol"},{"$i":"smServiceInterrogated","$v":"Versoek was suksesvol"},{"$i":"smServiceNotProvisioned","$v":"Diens nie bevoorraad nie"},{"$i":"smServiceRegistered","$v":"Registrasie was suksesvol"},{"$i":"another","$v":"Nog een"},{"$i":"current","$v":"Huidige"},{"$i":"customTag","$v":"Persoonlike Merker","placeholder":"Persoonlike Merker"},{"$i":"faxHome","$v":"Faks huis"},{"$i":"faxOffice","$v":"Faks kantoor"},{"$i":"faxOther","$v":"Faks ander"},{"$i":"itemWithLabel","$v":[{"t":"idOrVar","v":"label"},", ",{"t":"idOrVar","v":"item"}]},{"$i":"label","$v":"Etiket"},{"$i":"other","$v":"Ander"},{"$i":"tcl-customTag","$v":"Persoonlike merker"},{"$i":"dateTimeFormat_%c","$v":"%a %b %e %Y %I:%M:%S %p"},{"$i":"dateTimeFormat_%x","$v":"%m/%d/%Y"},{"$i":"days-ago-long","$v":{"few":[{"t":"idOrVar","v":"value"}," dae gelede"],"many":[{"t":"idOrVar","v":"value"}," dae gelede"],"one":"gister","other":[{"t":"idOrVar","v":"value"}," dae gelede"],"two":[{"t":"idOrVar","v":"value"}," dae gelede"],"zero":"Vandag"},"$x":[{"t":"idOrVar","v":"plural"},"value"]},{"$i":"days-ago-short","$v":{"other":[{"t":"idOrVar","v":"value"},"d gelede"],"zero":"Vandag"},"$x":[{"t":"idOrVar","v":"plural"},"value"]},{"$i":"days-until-long","$v":{"few":["In ",{"t":"idOrVar","v":"value"}," dae"],"many":["In ",{"t":"idOrVar","v":"value"}," dae"],"one":"môre","other":["In ",{"t":"idOrVar","v":"value"}," dae"],"two":["In ",{"t":"idOrVar","v":"value"}," dae"],"zero":"Vandag"},"$x":[{"t":"idOrVar","v":"plural"},"value"]},{"$i":"days-until-short","$v":{"other":["In ",{"t":"idOrVar","v":"value"},"d"],"zero":"Vandag"},"$x":[{"t":"idOrVar","v":"plural"},"value"]},{"$i":"hours-ago-long","$v":{"few":[{"t":"idOrVar","v":"value"}," ure gelede"],"many":[{"t":"idOrVar","v":"value"}," ure gelede"],"one":"‘n uur gelede","other":[{"t":"idOrVar","v":"value"}," ure gelede"],"two":[{"t":"idOrVar","v":"value"}," ure gelede"],"zero":"nou net"},"$x":[{"t":"idOrVar","v":"plural"},"value"]},{"$i":"hours-ago-short","$v":{"other":[{"t":"idOrVar","v":"value"},"u gelede"],"zero":"nou net"},"$x":[{"t":"idOrVar","v":"plural"},"value"]},{"$i":"hours-until-long","$v":{"few":["In ",{"t":"idOrVar","v":"value"}," ure"],"many":["In ",{"t":"idOrVar","v":"value"}," ure"],"one":"In ‘n uur","other":["In ",{"t":"idOrVar","v":"value"}," ure"],"two":["In ",{"t":"idOrVar","v":"value"}," ure"],"zero":"Nou"},"$x":[{"t":"idOrVar","v":"plural"},"value"]},{"$i":"hours-until-short","$v":{"other":["In ",{"t":"idOrVar","v":"value"}," u"],"zero":"Nou"},"$x":[{"t":"idOrVar","v":"plural"},"value"]},{"$i":"incorrectDate","$v":"(verkeerde datum)"},{"$i":"minutes-ago-long","$v":{"few":[{"t":"idOrVar","v":"value"},"minute gelede"],"many":[{"t":"idOrVar","v":"value"},"minute gelede"],"one":"‘n minuut gelede","other":[{"t":"idOrVar","v":"value"},"minute gelede"],"two":[{"t":"idOrVar","v":"value"},"minute gelede"],"zero":"nou net"},"$x":[{"t":"idOrVar","v":"plural"},"value"]},{"$i":"minutes-ago-short","$v":{"other":[{"t":"idOrVar","v":"value"},"m terug"],"zero":"nou net"},"$x":[{"t":"idOrVar","v":"plural"},"value"]},{"$i":"minutes-until-long","$v":{"few":["In ",{"t":"idOrVar","v":"value"}," minute"],"many":["In ",{"t":"idOrVar","v":"value"}," minute"],"one":"In ‘n minuut","other":["In ",{"t":"idOrVar","v":"value"}," minute"],"two":["In ",{"t":"idOrVar","v":"value"}," minute"],"zero":"Nou"},"$x":[{"t":"idOrVar","v":"plural"},"value"]},{"$i":"minutes-until-short","$v":{"other":["In ",{"t":"idOrVar","v":"value"},"m"],"zero":"Nou"},"$x":[{"t":"idOrVar","v":"plural"},"value"]},{"$i":"month-0-genitive","$v":"Januarie"},{"$i":"month-0-long","$v":"Januarie"},{"$i":"month-0-short","$v":"Jan"},{"$i":"month-1-genitive","$v":"Februarie"},{"$i":"month-1-long","$v":"Februarie"},{"$i":"month-1-short","$v":"Feb"},{"$i":"month-10-genitive","$v":"November"},{"$i":"month-10-long","$v":"November"},{"$i":"month-10-short","$v":"Nov"},{"$i":"month-11-genitive","$v":"Desember"},{"$i":"month-11-long","$v":"Desember"},{"$i":"month-11-short","$v":"Des"},{"$i":"month-2-genitive","$v":"Maart"},{"$i":"month-2-long","$v":"Maart"},{"$i":"month-2-short","$v":"Mrt"},{"$i":"month-3-genitive","$v":"April"},{"$i":"month-3-long","$v":"April"},{"$i":"month-3-short","$v":"Apr"},{"$i":"month-4-genitive","$v":"Mei"},{"$i":"month-4-long","$v":"Mei"},{"$i":"month-4-short","$v":"Mei"},{"$i":"month-5-genitive","$v":"Junie"},{"$i":"month-5-long","$v":"Junie"},{"$i":"month-5-short","$v":"Jun"},{"$i":"month-6-genitive","$v":"Julie"},{"$i":"month-6-long","$v":"Julie"},{"$i":"month-6-short","$v":"Jul"},{"$i":"month-7-genitive","$v":"Augustus"},{"$i":"month-7-long","$v":"Augustus"},{"$i":"month-7-short","$v":"Aug"},{"$i":"month-8-genitive","$v":"September"},{"$i":"month-8-long","$v":"September"},{"$i":"month-8-short","$v":"Sep"},{"$i":"month-9-genitive","$v":"Oktober"},{"$i":"month-9-long","$v":"Oktober"},{"$i":"month-9-short","$v":"Okt"},{"$i":"months-ago-long","$v":{"few":[{"t":"idOrVar","v":"value"}," maande gelede"],"many":[{"t":"idOrVar","v":"value"}," maande gelede"],"one":"Verlede maand","other":[{"t":"idOrVar","v":"value"}," maande gelede"],"two":[{"t":"idOrVar","v":"value"}," maande gelede"],"zero":"hierdie maand"},"$x":[{"t":"idOrVar","v":"plural"},"value"]},{"$i":"months-until-long","$v":{"few":["In ",{"t":"idOrVar","v":"value"}," maande"],"many":["In ",{"t":"idOrVar","v":"value"}," maande"],"one":"Volgende maand","other":["In ",{"t":"idOrVar","v":"value"}," maande"],"two":["In ",{"t":"idOrVar","v":"value"}," maande"],"zero":"hierdie maand"},"$x":[{"t":"idOrVar","v":"plural"},"value"]},{"$i":"shortDateTimeFormat","$v":"%X %I:%M %p"},{"$i":"shortTimeFormat","$v":"%I:%M %p"},{"$i":"shortTimeFormat12","$v":"%I:%M %p"},{"$i":"shortTimeFormat24","$v":"%H:%M"},{"$i":"time_am","$v":"VM"},{"$i":"time_pm","$v":"NM"},{"$i":"weekday-0-long","$v":"Sondag"},{"$i":"weekday-0-short","$v":"So"},{"$i":"weekday-1-long","$v":"Maandag"},{"$i":"weekday-1-short","$v":"Ma"},{"$i":"weekday-2-long","$v":"Dinsdag"},{"$i":"weekday-2-short","$v":"Di"},{"$i":"weekday-3-long","$v":"Woensdag"},{"$i":"weekday-3-short","$v":"Wo"},{"$i":"weekday-4-long","$v":"Donderdag"},{"$i":"weekday-4-short","$v":"Do"},{"$i":"weekday-5-long","$v":"Vrydag"},{"$i":"weekday-5-short","$v":"Vr"},{"$i":"weekday-6-long","$v":"Saterdag"},{"$i":"weekday-6-short","$v":"Sa"},{"$i":"weeks-ago-long","$v":{"few":[{"t":"idOrVar","v":"value"}," weke gelede"],"many":[{"t":"idOrVar","v":"value"}," weke gelede"],"one":"Verlede week","other":[{"t":"idOrVar","v":"value"}," weke gelede"],"two":[{"t":"idOrVar","v":"value"}," weke gelede"],"zero":"Hierdie week"},"$x":[{"t":"idOrVar","v":"plural"},"value"]},{"$i":"weeks-until-long","$v":{"few":["In ",{"t":"idOrVar","v":"value"}," weke"],"many":["In ",{"t":"idOrVar","v":"value"}," weke"],"one":"volgende week","other":["In ",{"t":"idOrVar","v":"value"}," weke"],"two":["In ",{"t":"idOrVar","v":"value"}," weke"],"zero":"Hierdie week"},"$x":[{"t":"idOrVar","v":"plural"},"value"]},{"$i":"years-ago-long","$v":{"few":[{"t":"idOrVar","v":"value"}," jare gelede"],"many":[{"t":"idOrVar","v":"value"}," jare gelede"],"one":"Verlede jaar","other":[{"t":"idOrVar","v":"value"}," jare gelede"],"two":[{"t":"idOrVar","v":"value"}," jare gelede"],"zero":"Hierdie jaar"},"$x":[{"t":"idOrVar","v":"plural"},"value"]},{"$i":"years-until-long","$v":{"few":["In ",{"t":"idOrVar","v":"value"}," jare"],"many":["In ",{"t":"idOrVar","v":"value"}," jare"],"one":"Volgende jaar","other":["In ",{"t":"idOrVar","v":"value"}," jare"],"two":["In ",{"t":"idOrVar","v":"value"}," jare"],"zero":"Hierdie jaar"},"$x":[{"t":"idOrVar","v":"plural"},"value"]},{"$i":"dateTimeFormat_%X","$v":"%I:%M:%S %p"},{"$i":"weekStartsOnMonday","$v":"0"},{"$i":"firstDayOfTheWeek","$v":"0"}]