[{"$i":"clockDateFormat","$v":"%a, %e %b"},{"$i":"deviceIsUnlocked","$v":"تم إلغاء قفل الجهاز"},{"$i":"simUnlockCodeAccepted","$v":"تم قبول رمز إلغاء قفل بطاقة SIM"},{"$i":"simUnlockCodeFailed","$v":"فشل إلغاء قفل بطاقة SIM"},{"$i":"eccOnly","$v":"مكالمات الطوارئ فقط"},{"$i":"emergencyCallsOnly","$v":"مكالمات الطوارئ فقط"},{"$i":"lockedSim","$v":"بطاقة SIM مؤمنة"},{"$i":"noService","$v":"لا توجد خدمة"},{"$i":"noSimCard","$v":"لا توجد بطاقة SIM"},{"$i":"searching","$v":"جارٍ البحث…"},{"$i":"airplane-mode","$v":"وضع الطيران"},{"$i":"bluetooth","$v":"بلوتوث"},{"$i":"brightness","$v":"سطوع"},{"$i":"calculator","$v":"الحاسبة"},{"$i":"camera","$v":"الكاميرا"},{"$i":"cellular-data","$v":"بيانات الهاتف المحمول"},{"$i":"confirm-to-uninstall-app","$v":["إزالة تثبيت تطبيق ",{"t":"idOrVar","v":"appName"},"؟"]},{"$i":"flashlight","$v":"ضوء الفلاش"},{"$i":"instant-settings","$v":"إعدادات فورية"},{"$i":"off","$v":"غيرفعّال"},{"$i":"on","$v":"فعّال"},{"$i":"shortcuts","$v":"الاختصارات"},{"$i":"uninstall","$v":"إلغاء التثبيت"},{"$i":"volume","$v":"مستوى الصوت"},{"$i":"wifi","$v":"Wi-Fi"},{"$i":"percentage-number","$v":[{"t":"idOrVar","v":"number"},"%"]},{"$i":"all-apps","$v":"كل التطبيقات"},{"$i":"scImei","$v":"IMEI"},{"$i":"scMeid","$v":"MEID"},{"$i":"scUssd","$v":"USSD"},{"$i":"CallFailed","$v":"فشل الاتصال"},{"$i":"GenericFailure","$v":"فشل"},{"$i":"add-smart-collections","$v":"إضافة مجموعات ذكية"},{"$i":"add-to-existing-contact","$v":"إضافة إلى جهة اتصال موجودة"},{"$i":"alert-for-contacts-without-number","$v":"لا تتوفر جهات اتصال مع رقم هاتف."},{"$i":"app-title","$v":"تطبيقاتي"},{"$i":"app-uninstall","$v":["تم إلغاء تثبيت ",{"t":"idOrVar","v":"name"}]},{"$i":"assign","$v":"تعيين"},{"$i":"assign-speed-dial","$v":["لم تتم إضافة جهة الاتصال كاتصال سريع على الزر ",{"t":"idOrVar","v":"n"},". تعيين الآن؟"]},{"$i":"assign-voicemail","$v":"لم يتم تعيين رقم البريد الصوتي."},{"$i":"call","$v":"اتصال"},{"$i":"callAirplaneModeMessage","$v":"لإجراء اتصال، يجب تعطيل وضع الطائرة في الإعدادات."},{"$i":"callAirplaneModeTitle","$v":"تم تنشيط وضع الطائرة"},{"$i":"cancel","$v":"إلغاء"},{"$i":"change-wallpaper","$v":"تغيير الخلفية"},{"$i":"clocks-updated","$v":"تم تحديث الساعات"},{"$i":"confirmation","$v":"تأكيد"},{"$i":"contacts","$v":"جهات الاتصال"},{"$i":"create-new-contact","$v":"إنشاء جهة اتصال جديدة"},{"$i":"delete","$v":"حذف"},{"$i":"delete-body","$v":["سيتم حذف ",{"t":"idOrVar","v":"name"}," وجميع بياناته."]},{"$i":"delete-title","$v":["حذف ",{"t":"idOrVar","v":"name"}]},{"$i":"edit","$v":"تعديل"},{"$i":"edit-done","$v":"تم"},{"$i":"edit-group-header","$v":"تحرير المجموعة"},{"$i":"edit-mode","$v":"تحرير"},{"$i":"emergency-call-error","$v":[{"t":"idOrVar","v":"number"}," ليس رقم طوارئ."]},{"$i":"emergency-call-only","$v":"مكالمات الطوارئ فقط"},{"$i":"emergencyDialogBodyBadNumber","$v":"لإجراء اتصال، يجب أن يكون الهاتف متصلاً بشبكة."},{"$i":"emergencyDialogBodyDeviceNotAccepted","$v":"مكالمات الطوارئ غير مسموح بها بواسطة الشبكة."},{"$i":"emergencyDialogTitle","$v":"لا يوجد اتصال بالشبكة"},{"$i":"fax-home","$v":"فاكس المنزل"},{"$i":"fax-office","$v":"فاكس المكتب"},{"$i":"fax-other","$v":"فاكس آخر"},{"$i":"fdnIsActiveMessage","$v":["تم تنشيط FDN (أرقام الطلب الثابت) والرقم التالي غير موجود في قائمة FDN الخاصة بك: ",{"t":"idOrVar","v":"number"}]},{"$i":"fdnIsActiveTitle","$v":"FDN نشطة"},{"$i":"gaia-shortcut-app-updated","$v":"تم تحديث التطبيق"},{"$i":"grid-view","$v":"عرض الشبكة"},{"$i":"home","$v":"المنزل"},{"$i":"homescreen-settings","$v":"إعدادات الشاشة الرئيسية"},{"$i":"invalidNumberToDialMessage","$v":"رقم الهاتف الذي تتصل به غير صالح."},{"$i":"invalidNumberToDialTitle","$v":"رقم الهاتف غير صالح"},{"$i":"list-view","$v":"عرض القائمة"},{"$i":"longDateFormat","$v":"%A, %B %e"},{"$i":"menu","$v":"القائمة"},{"$i":"message","$v":"رسالة"},{"$i":"mobile","$v":"المحمول"},{"$i":"more","$v":"المزيد"},{"$i":"move","$v":"نقل"},{"$i":"notifications","$v":"إشعارات"},{"$i":"numberIsBusyMessage","$v":"الرقم مشغول حاليًا. يرجى إعادة المحاولة لاحقًا."},{"$i":"numberIsBusyTitle","$v":"الرقم مشغول"},{"$i":"ok","$v":"موافق"},{"$i":"option-remove","$v":"إزالة من الاتصال السريع"},{"$i":"option-replace","$v":"استبدال"},{"$i":"options","$v":"الخيارات"},{"$i":"otherConnectionInUseMessage","$v":"لديك مكالمة نشطة على اتصال آخر. يمكنك استخدام اتصال واحد فقط في كل مرة."},{"$i":"otherConnectionInUseTitle","$v":"اتصال آخر قيد الاستخدام"},{"$i":"personal","$v":"شخصي"},{"$i":"remove","$v":"إزالة"},{"$i":"remove-speed-dial","$v":["هل تريد بالتأكيد إزالة ",{"t":"idOrVar","v":"name"}," من الاتصال السريع؟"]},{"$i":"replace","$v":"استبدال"},{"$i":"replace-speed-dial","$v":["هل تريد بالتأكيد استبدال ",{"t":"idOrVar","v":"name"}," بـ ",{"t":"idOrVar","v":"subName"}," ؟"]},{"$i":"resume-download-action","$v":"تنزيل"},{"$i":"resume-download-body","$v":["هل ترغب في تنزيل ",{"t":"idOrVar","v":"name"},"؟"]},{"$i":"resume-download-title","$v":"إعادة تشغيل التنزيل"},{"$i":"scCallBarring","$v":"حظر المكالمات"},{"$i":"scCallForwarding","$v":"تحويل المكالمات"},{"$i":"scCallWaiting","$v":"إنتظار المكالمة"},{"$i":"scClip","$v":"المعرَف بجهة الاتصال"},{"$i":"scClir","$v":"معرف المتصل الصادر"},{"$i":"scPin","$v":"تغيير رمز PIN"},{"$i":"scPin2","$v":"تغيير رمز PIN2"},{"$i":"scPuk","$v":"فك إقفال PIN"},{"$i":"scPuk2","$v":"فك أقفال PIN2"},{"$i":"scPwd","$v":"تغيير كلمة السر"},{"$i":"search-or-enter-address","placeholder":"بحث عن عنوان أو إدخاله"},{"$i":"select","$v":"تحديد"},{"$i":"sending","$v":"جارِ الإرسال..."},{"$i":"set","$v":"ضبط"},{"$i":"settings","$v":"إعدادات"},{"$i":"single-view","$v":"طريقة عرض مفردة"},{"$i":"skip","$v":"تخطي"},{"$i":"speed-dial","$v":"اتصال سريع"},{"$i":"speed-dial-empty","ariaLabel":[{"t":"idOrVar","v":"order"},"، فارغ"]},{"$i":"speed-dial-not-empty","ariaLabel":[{"t":"idOrVar","v":"order"},"، ",{"t":"idOrVar","v":"name"}]},{"$i":"stop-download-action","$v":"إيقاف"},{"$i":"stop-download-body","$v":"هل تريد إيقاف التنزيل قيد التقدم؟"},{"$i":"stop-download-title","$v":["إيقاف ",{"t":"idOrVar","v":"name"}]},{"$i":"tcl-wallpaper-changed","$v":"تم تغيير الخلفية"},{"$i":"video-call","$v":"مكالمة فيديو"},{"$i":"voicemail","$v":"البريد الصوتي"},{"$i":"work","$v":"العمل"},{"$i":"apps","$v":"التطبيقات"},{"$i":"nocard-eccOnly","$v":"No SIM card-Emergency calls only"},{"$i":"unusablecard-eccOnly","$v":"Unusable SIM card-Emergency calls only"},{"$i":"apn-sim1","$v":"إعدادات اسم نقطة الوصول (APN) - SIM1"},{"$i":"apn-sim2","$v":"إعدادات اسم نقطة الوصول (APN) - SIM2"},{"$i":"apnConfigPrepay","$v":"الدفع المسبق"},{"$i":"apnConfigPostpay","$v":"الدفع الآجل"},{"$i":"apn-defaultconfig-message","$v":"حدد نوع APN لعرضه"},{"$i":"apnDefaultConfig","$v":"تكوين APN الافتراضي"},{"$i":"without-sim-new","$v":[{"t":"idOrVar","v":"index"}]},{"$i":"with-sim-new","$v":[{"t":"idOrVar","v":"index"}," - ",{"t":"idOrVar","v":"carrier"}]},{"$i":"sim-with-index-and-carrier","$v":["SIM ",{"t":"idOrVar","v":"index"}," - ",{"t":"idOrVar","v":"carrier"}]},{"$i":"sim-without-carrier","$v":["SIM ",{"t":"idOrVar","v":"index"}]},{"$i":"call-forwarding-voice-after-seconds","$v":["الصوت: ",{"t":"idOrVar","v":"voice"}," بعد ",{"t":"idOrVar","v":"timeSeconds"}," من الثواني"]},{"$i":"addNewNumber","$v":"إضافة رقم جديد"},{"$i":"addToExistingContact","$v":"إضافة إلى جهة اتصال موجوده"},{"$i":"all","$v":"الكل","ariaLabel":"الكل"},{"$i":"bluetooth-handsfree-device","$v":"أجهزة البلوتوث اليدوية"},{"$i":"bluetoothOption","ariaLabel":"Bluetooth"},{"$i":"callDurationHours","$v":[{"t":"idOrVar","v":"h"},":",{"t":"idOrVar","v":"m"},":",{"t":"idOrVar","v":"s"}]},{"$i":"callDurationMinutes","$v":[{"t":"idOrVar","v":"m"},":",{"t":"idOrVar","v":"s"}]},{"$i":"callDurationTextFormatHours","$v":[{"t":"idOrVar","v":"h"}," ساعة ",{"t":"idOrVar","v":"m"}," دقيقة ",{"t":"idOrVar","v":"s"}," ثانية"]},{"$i":"callDurationTextFormatMinutes","$v":[{"t":"idOrVar","v":"m"}," دقيقة ",{"t":"idOrVar","v":"s"}," ثانية"]},{"$i":"callDurationTextFormatSeconds","$v":[{"t":"idOrVar","v":"s"}," ثانية"]},{"$i":"callEnded","$v":"إنتهت المكالمة"},{"$i":"callInformation","$v":"معلومات الاتصال"},{"$i":"callLog","$v":"سجل المكالمات"},{"$i":"callLogEdit","title":"تحرير سجل المكالمات"},{"$i":"callLogEditDialog","ariaLabel":"تحرير مربع حوار سجل المكالمات"},{"$i":"caller-left-call","$v":[{"t":"idOrVar","v":"caller"}," المتصل غادر المكالمة."]},{"$i":"calllog-all","$v":"الكل"},{"$i":"calllog-deselectAll","$v":"إلغاء تحديد الكل"},{"$i":"calllog-none","$v":"لا شيء"},{"$i":"calllog-selectAll","$v":"تحديد الكل"},{"$i":"canceled","$v":"تم الإلغاء"},{"$i":"clear-all-text","$v":"مسح الكل"},{"$i":"close","$v":"إغلاق"},{"$i":"composeEmail","ariaLabel":"البريد الإلكتروني"},{"$i":"conferenceAddError","$v":"غير قادر على دمج المكالمات"},{"$i":"conferenceCall","$v":["مؤتمر (",{"t":"idOrVar","v":"n"},")"]},{"$i":"conferenceRemoveError","$v":"غير قادر على إلغاء دمج المكالمات"},{"$i":"confirm-deletion","$v":"حذف المكالمات المختارة ؟"},{"$i":"connecting","$v":"جارِ الاتصال"},{"$i":"connectingEllipsis","$v":"يتم الاتصال..."},{"$i":"contactDetails","$v":"تفاصيل جهة الاتصال"},{"$i":"createNewContact","$v":"إنشاء جهة اتصال جديدة"},{"$i":"delete-n-log?","$v":{"few":["حذف ",{"t":"idOrVar","v":"n"}," السجلات؟"],"many":["حذف ",{"t":"idOrVar","v":"n"}," سجل؟"],"one":"حذف السجل المحدد؟","other":["حذف ",{"t":"idOrVar","v":"n"}," سجل؟"],"two":"حذف السجِّلين؟","zero":"لا شيﺀ مختار"},"$x":[{"t":"idOrVar","v":"plural"},"n"]},{"$i":"deselect","$v":"إلغاء تحديد"},{"$i":"dialed","$v":"تم الاتصال"},{"$i":"dialer-prompt","$v":"اطلب الرقم أو حدد جهة اتصال لإضافتها للاتصال"},{"$i":"dialerAddContact","ariaLabel":"إضافة جهة اتصال"},{"$i":"dialerAddContactDialog","ariaLabel":"إضافة مربع حوار جهة الاتصال"},{"$i":"edit-selected","$v":{"few":[{"t":"idOrVar","v":"n"}," مُختارة"],"many":[{"t":"idOrVar","v":"n"}," مُختارة"],"one":[{"t":"idOrVar","v":"n"}," مُختارة"],"other":[{"t":"idOrVar","v":"n"}," مُختارة"],"two":[{"t":"idOrVar","v":"n"}," مُختارة"]},"$x":[{"t":"idOrVar","v":"plural"},"n"]},{"$i":"emailDetail","ariaLabel":"البريد الإلكتروني"},{"$i":"from-contact","$v":["من ",{"t":"idOrVar","v":"contact"}]},{"$i":"from-number","$v":["من ",{"t":"idOrVar","v":"number"}]},{"$i":"from-withheld-number","$v":"من رقم محجوب"},{"$i":"hangup-a11y-button","ariaLabel":"إنهاء"},{"$i":"hide","$v":"أخفِ"},{"$i":"hideKeypad","ariaLabel":"إخفاء لوحة المفاتيح"},{"$i":"hold","ariaLabel":"معلق"},{"$i":"hours","$v":"ساعات"},{"$i":"ignore","$v":"تجاهل الإتصال"},{"$i":"incoming","$v":"الواردة"},{"$i":"incoming-call","$v":"مكالمة واردة"},{"$i":"info-missed","$v":"مكالمة فائتة"},{"$i":"keypad","ariaLabel":"لوحة المفاتيح"},{"$i":"log-item","$v":"الخيارات"},{"$i":"makeCall","ariaLabel":"إجراء مكالمة"},{"$i":"merge","ariaLabel":"دمج"},{"$i":"minutes","$v":"دقائق"},{"$i":"missed","$v":"الفائتة","ariaLabel":"مكالمة فائتة"},{"$i":"missedCall","$v":"مكالمة فائتة"},{"$i":"missedCallMultiSims","$v":["(SIM ",{"t":"idOrVar","v":"n"},") المكالمات الفائتة"]},{"$i":"mmi-error","$v":"حدث خطأ عند محاولة ارسال الرسالة"},{"$i":"mmi-notification-title-with-sim","$v":["(",{"t":"idOrVar","v":"sim"},") ",{"t":"idOrVar","v":"title"}]},{"$i":"mmi-session-expired","$v":"انتهت الجلسة"},{"$i":"mmi-successfully-sent","$v":"تم ارسال الرسالة بنجاح"},{"$i":"mute","ariaLabel":"كتم الصوت"},{"$i":"newCall","ariaLabel":"مكالمة جديدة"},{"$i":"no-logs-msg-1","$v":"لم يتم تسجيل أي مكالمة"},{"$i":"no-logs-msg-2","$v":"بدء التواصل الآن"},{"$i":"no-logs-msg-3","$v":"لا يوجد أي مكالمات لم يرد عليها"},{"$i":"no-logs-msg-4","$v":"بدء التواصل الآن"},{"$i":"no-recent-numbers","$v":"لا توجد أرقام حديثة في سجلات المكالمات لطلبها."},{"$i":"onHoldOption","ariaLabel":"قيد الانتظار"},{"$i":"outgoing","$v":"صادر"},{"$i":"outgoing-call","$v":"مكالمة صادرة"},{"$i":"phoneDetail","ariaLabel":"الهاتف"},{"$i":"pickup-a11y-button","ariaLabel":"رد"},{"$i":"received","$v":"تم الاستلام"},{"$i":"receiver","$v":"المُستقبل"},{"$i":"recents","ariaLabel":"المكالمات الأخيرة"},{"$i":"reply","$v":"الرد"},{"$i":"resume","$v":"معاودة","ariaLabel":"استئناف"},{"$i":"search-results","$v":"نتائج البحث"},{"$i":"seconds","$v":"ثوانٍ"},{"$i":"select-audio-sources","$v":"اختر مصادر الصوت"},{"$i":"send","$v":"إرسال"},{"$i":"send-sms-button","ariaLabel":"رسالة نصية قصيرة (SMS)"},{"$i":"sendSms","$v":"أرسل رسالة"},{"$i":"separator","$v":","},{"$i":"sim-number","$v":"n }} SIM }}"},{"$i":"speaker","$v":"مكبر الصوت"},{"$i":"speakerOption","ariaLabel":"السماعة الخارجية"},{"$i":"suggestionMatches","$v":{"few":[{"t":"idOrVar","v":"n"}," تطابقات لـ \"",{"t":"idOrVar","v":"matchNumber"}],"many":[{"t":"idOrVar","v":"n"}," من النتائج المطابقة لـ \"",{"t":"idOrVar","v":"matchNumber"}],"one":["نتيجة واحدة مطابقة لـ \"",{"t":"idOrVar","v":"matchNumber"}],"other":[{"t":"idOrVar","v":"n"}," من النتائج المطابقة لـ \"",{"t":"idOrVar","v":"matchNumber"}],"two":["تطابقان لـ \"",{"t":"idOrVar","v":"matchNumber"}]},"$x":[{"t":"idOrVar","v":"plural"},"n"]},{"$i":"switch-calls","$v":"تحويل المكالمات"},{"$i":"tcl-assign","$v":"تعيين"},{"$i":"tcl-assign-speed-dial","$v":{"$o":["لم تتم إضافة جهة الاتصال كاتصال سريع على الزر \"",{"t":"idOrVar","v":"speedDial"},"\"<br><br>تعيين الآن؟"]}},{"$i":"tcl-call-log-delete-group-notification","$v":[{"t":"idOrVar","v":"n"}," إدخالات تم حذفها"]},{"$i":"tcl-calllog-entry-removed-err-notification","$v":"تتعذر إزالة إدخال سجل المكالمات"},{"$i":"tcl-calllog-entry-removed-succ-notification","$v":"تمت إزالة إدخال سجل المكالمات"},{"$i":"tcl-cancel","$v":"إلغاء"},{"$i":"tcl-confirmation","$v":"تأكيد"},{"$i":"tcl-delete-log","$v":"هل تريد بالتأكيد حذف الإدخالات المحددة من سجل المكالمات؟"},{"$i":"tcl-dialer","$v":"طلب الاتصال"},{"$i":"tcl-edit-not-selected","$v":"0 مُختارة"},{"$i":"tcl-option-menu-call-log-edit","$v":"تحرير سجل المكالمات"},{"$i":"today","$v":"اليوم"},{"$i":"toggleKeypad","ariaLabel":"تبديل لوحة المفاتيح"},{"$i":"type-your-response","placeholder":"أُكتب رّدك..."},{"$i":"unknown","$v":"غير معروف"},{"$i":"unlock-a11y-button","ariaLabel":"شريط التمرير"},{"$i":"ussd-services","$v":["خدمات ",{"t":"idOrVar","v":"operator"}]},{"$i":"via-sim","$v":"بواسطة n}}SIM}}"},{"$i":"view-all","$v":"عرض الكل"},{"$i":"wifi-calling","$v":"اتصال عبر Wi-Fi"},{"$i":"withheld-number","$v":"الأرقام المحجوبة"},{"$i":"yesterday","$v":"الأمس"},{"$i":"SimPin2","$v":"SIM PIN2"},{"$i":"SimPuk2","$v":"SIM PUK2"},{"$i":"serviceClassFax","$v":"فاكس"},{"$i":"serviceClassPad","$v":"PAD"},{"$i":"serviceClassSms","$v":"رسالة نصية"},{"$i":"DialModifiedToDial","$v":"عدّل الإتصال الهاتفي للإتصال"},{"$i":"DialModifiedToSs","$v":"طلب تعديل SS"},{"$i":"DialModifiedToUssd","$v":"طلب تعديل USSD"},{"$i":"FdnCheckFailure","$v":"فشل اختيار Fdn"},{"$i":"IllegalSimOrMe","$v":"SIM غير قانونية أو ME"},{"$i":"InvalidParameter","$v":"معامل غير صالح"},{"$i":"ModeNotSupported","$v":"الوضع غير مدعوم"},{"$i":"OpNotAllowedDuringVoiceCall","$v":"العملية غير مسموحة أثناء الإتصال الصوتي"},{"$i":"PasswordIncorrect","$v":"كلمة سر غير صحيحة"},{"$i":"RadioNotAvailable","$v":"الراديو غير متوفر"},{"$i":"RejectedByRemote","$v":"تم الرفض من طرف الخادم"},{"$i":"RequestNotSupported","$v":"الطلب غير مدعوم"},{"$i":"ServiceIsDisabled","$v":"الخدمة معطلة"},{"$i":"ServiceIsEnabled","$v":"الخدمة ممكنة"},{"$i":"ServiceIsEnabledFor","$v":"الخدمة ممكنة لـ:"},{"$i":"SimAbsent","$v":"الشريحة غير موجودة"},{"$i":"SmsSendFailRetry","$v":"فشل في إرسال SMS اعدالمحاولة"},{"$i":"SsModifiedToDial","$v":"تعديل SS للاتصال"},{"$i":"SsModifiedToSs","$v":"تعديل SS إلى SS"},{"$i":"SsModifiedToUssd","$v":"تعديل SS إلىUSSD"},{"$i":"SubscriptionNotAvailable","$v":"الإشتراك غير متاح"},{"$i":"SubscriptionNotSupported","$v":"الإشتراك غير مدعوم"},{"$i":"UssdModifiedToDial","$v":"تعديل USSD للإتصال"},{"$i":"UssdModifiedToSs","$v":"تعديل USSD إلى SS"},{"$i":"UssdModifiedToUssd","$v":"تعديل USSD إلى USSD"},{"$i":"call-forwarding-async","$v":["غير متزامن: ",{"t":"idOrVar","v":"async"}]},{"$i":"call-forwarding-data","$v":["معلومات: ",{"t":"idOrVar","v":"data"}]},{"$i":"call-forwarding-error","$v":"حدث خطأ عند محاولة الحصول على حالة تحويل المكالمات"},{"$i":"call-forwarding-fax","$v":["فاكس: ",{"t":"idOrVar","v":"fax"}]},{"$i":"call-forwarding-inactive","$v":"غير فعال"},{"$i":"call-forwarding-packet","$v":["حزمة: ",{"t":"idOrVar","v":"packet"}]},{"$i":"call-forwarding-pad","$v":["باد: ",{"t":"idOrVar","v":"pad"}]},{"$i":"call-forwarding-sms","$v":["رسالة قصيرة: ",{"t":"idOrVar","v":"sms"}]},{"$i":"call-forwarding-status","$v":"حالة تحويل المكالمات"},{"$i":"call-forwarding-sync","$v":["متزامن: ",{"t":"idOrVar","v":"sync"}]},{"$i":"call-forwarding-voice","$v":["صوت: ",{"t":"idOrVar","v":"voice"}]},{"$i":"emMmiError","$v":"مشكلة في الإتصال أو رمز MMI خاطئ"},{"$i":"emMmiErrorBadPin","$v":"PIN القديم الذي كتبته غير صحيح."},{"$i":"emMmiErrorBadPuk","$v":"رمز PUK الذي قمت بإدخاله غير صحيح"},{"$i":"emMmiErrorEnablePin","$v":"غير ناجح , قم بتفعيل قفل ال SIM/RUIM"},{"$i":"emMmiErrorInvalidAction","$v":"إجراء خاطئ."},{"$i":"emMmiErrorInvalidPin","$v":"قم بإدخال رمز PIN مكون من 4 إلى 8 أرقام"},{"$i":"emMmiErrorInvalidScCode","$v":"رمز خدمة خاطئ"},{"$i":"emMmiErrorMismatchPin","$v":"لا يوجد تطابق بين رموز PIN التي أدخلتها"},{"$i":"emMmiErrorMmiFdn","$v":"العملية تقتصرعلى أرقام إاتصال ثابتة فقط"},{"$i":"emMmiErrorNeedPuk2","$v":"قم بإدخال رمز PUK2 لفتح الشريحة"},{"$i":"emMmiErrorNeedsPuk","$v":"شريحتك مغلقة برمز PUK"},{"$i":"emMmiErrorNotSupported","$v":"رمز MMI خاطئ أو غير مدعوم"},{"$i":"emMmiErrorPasswordIncorrect","$v":"كلمة سر خاطئة"},{"$i":"emMmiErrorPinPukAttempts","$v":{"few":["تبقى ",{"t":"idOrVar","v":"n"}," المحاولات"],"many":["تبقى ",{"t":"idOrVar","v":"n"}," محاولة"],"one":"بقيت محاولة واحدة فقط","other":["تبقى ",{"t":"idOrVar","v":"n"}," محاولة"],"two":"تبقت محاولتين اثنتين"},"$x":[{"t":"idOrVar","v":"plural"},"n"]},{"$i":"emMmiErrorSimBlocked","$v":"لقد تجاوزت الحد الأقصى من المحولات . حُجِبت الـ SIM"},{"$i":"emMmiErrorStkCcSsDial","$v":"يتم تعديل الطلب SS لطلب DIAL"},{"$i":"emMmiErrorStkCcSsSs","$v":"طلب SS تعدل الى طلب SS جديد"},{"$i":"emMmiErrorStkCcSsUssd","$v":"يتم تعديل الطلب SS لطلب USSD"},{"$i":"emMmiErrorStkCcUssdDial","$v":"يتم تعديل طلب USSD لطلب DIAL"},{"$i":"emMmiErrorStkCcUssdSs","$v":"طلب USSD تعدل الى طلب SS"},{"$i":"emMmiErrorStkCcUssdUssd","$v":"يتم تعديل طلب USSD لطلب USSD جديد"},{"$i":"fihVersion","$v":"إصدار FIH"},{"$i":"imeiAndSvn","$v":"IMEI وSVN"},{"$i":"internalVersion","$v":"إصدار داخلي"},{"$i":"serviceClassData","$v":"بيانات"},{"$i":"serviceClassDataAsync","$v":"متزامن"},{"$i":"serviceClassDataSync","$v":"مزامنة"},{"$i":"serviceClassPacket","$v":"الحزمة"},{"$i":"serviceClassVoice","$v":"صوت"},{"$i":"smClirDefaultOffNextCallOff","$v":"الإعدادات الافتراضية لإظهار رقم المتصل هي غيرمقيدة. المكالمة التالية: غير مقيدة"},{"$i":"smClirDefaultOffNextCallOn","$v":"الإعدادات الافتراضية لإظهار رقم المتصل هي غير مقيدة. المكالمة التالية: مقيدة"},{"$i":"smClirDefaultOnNextCallOff","$v":"الإعدادات الافتراضية لإظهار رقم المتصل هي مقيدة. المكالمة التالية: غير مقيدة"},{"$i":"smClirDefaultOnNextCallOn","$v":"الإعدادات الافتراضية لإظهار رقم المتصل هي مقيدة. المكالمة التالية: مقيدة"},{"$i":"smClirPermanent","$v":"لا يمكنك تغيير إعداد معرف المتصل"},{"$i":"smPin2Changed","$v":"تمَّ تغيير PIN2 بنجاح"},{"$i":"smPin2Unblocked","$v":"ُُرُفع الحجب عن PIN2 بنجاح"},{"$i":"smPinChanged","$v":"تمَّ تغيير PIN بنجاح"},{"$i":"smPinUnblocked","$v":"رفع الحجب عن PIN بنجاح"},{"$i":"smServiceDisabled","$v":"تم تعطيل الخدمة"},{"$i":"smServiceEnabled","$v":"تم تفعيل الخدمة"},{"$i":"smServiceEnabledFor","$v":"تم تفعيل الخدمة ل:"},{"$i":"smServiceErased","$v":"تم المحو بنجاح"},{"$i":"smServiceInterrogated","$v":"تم الطلب بنجاح"},{"$i":"smServiceNotProvisioned","$v":"خدمة غير متوفرة"},{"$i":"smServiceRegistered","$v":"تم التسجيل بنجاح"},{"$i":"another","$v":"أخرى"},{"$i":"current","$v":"الحالي"},{"$i":"customTag","$v":"علامة مخصصة","placeholder":"علامة مخصصة"},{"$i":"faxHome","$v":"فاكس المنزل"},{"$i":"faxOffice","$v":"فاكس المكتب"},{"$i":"faxOther","$v":"فاكس آخر"},{"$i":"itemWithLabel","$v":[{"t":"idOrVar","v":"label"},", ",{"t":"idOrVar","v":"item"}]},{"$i":"label","$v":"تسمية"},{"$i":"other","$v":"أخرى"},{"$i":"tcl-customTag","$v":"علامة مخصصة"},{"$i":"dateTimeFormat_%c","$v":"%a %e %b %Y %I:%M:%S %p"},{"$i":"dateTimeFormat_%x","$v":"%Y/%m/%d"},{"$i":"days-ago-long","$v":{"few":["قبل ",{"t":"idOrVar","v":"value"}," أيام"],"many":["قبل ",{"t":"idOrVar","v":"value"}," يوم"],"one":"الأمس","other":["قبل ",{"t":"idOrVar","v":"value"}," يوم"],"two":"قبل يومين","zero":"اليوم"},"$x":[{"t":"idOrVar","v":"plural"},"value"]},{"$i":"days-ago-short","$v":{"other":["منذ ",{"t":"idOrVar","v":"value"}," ي"],"zero":"اليوم"},"$x":[{"t":"idOrVar","v":"plural"},"value"]},{"$i":"days-until-long","$v":{"few":["خلال ",{"t":"idOrVar","v":"value"}," أيام"],"many":["خلال ",{"t":"idOrVar","v":"value"}," يوم"],"one":"غداً","other":["خلال ",{"t":"idOrVar","v":"value"}," يوم"],"two":"خلال يومين","zero":"اليوم"},"$x":[{"t":"idOrVar","v":"plural"},"value"]},{"$i":"days-until-short","$v":{"other":["خلال ",{"t":"idOrVar","v":"value"}," ي"],"zero":"اليوم"},"$x":[{"t":"idOrVar","v":"plural"},"value"]},{"$i":"hours-ago-long","$v":{"few":["قبل ",{"t":"idOrVar","v":"value"}," ساعات"],"many":["قبل ",{"t":"idOrVar","v":"value"}," ساعة"],"one":"قبل ساعة واحدة","other":["قبل ",{"t":"idOrVar","v":"value"}," ساعة"],"two":"منذ ساعتين","zero":"الآن"},"$x":[{"t":"idOrVar","v":"plural"},"value"]},{"$i":"hours-ago-short","$v":{"other":["منذ ",{"t":"idOrVar","v":"value"}," س"],"zero":"الآن"},"$x":[{"t":"idOrVar","v":"plural"},"value"]},{"$i":"hours-until-long","$v":{"few":["خلال ",{"t":"idOrVar","v":"value"}," ساعات"],"many":["خلال ",{"t":"idOrVar","v":"value"}," ساعة"],"one":"خلال ساعة","other":["خلال ",{"t":"idOrVar","v":"value"}," ساعة"],"two":"خلال ساعتين","zero":"الآن"},"$x":[{"t":"idOrVar","v":"plural"},"value"]},{"$i":"hours-until-short","$v":{"other":["خلال ",{"t":"idOrVar","v":"value"}," س"],"zero":"الآن"},"$x":[{"t":"idOrVar","v":"plural"},"value"]},{"$i":"incorrectDate","$v":"(تاريخ غير صحيح)"},{"$i":"minutes-ago-long","$v":{"few":["منذ ",{"t":"idOrVar","v":"value"}," دقائق"],"many":["منذ ",{"t":"idOrVar","v":"value"}," دقائق"],"one":"منذ دقيقة","other":["منذ ",{"t":"idOrVar","v":"value"}," دقائق"],"two":["منذ ",{"t":"idOrVar","v":"value"}," دقائق"],"zero":"الآن"},"$x":[{"t":"idOrVar","v":"plural"},"value"]},{"$i":"minutes-ago-short","$v":{"other":["منذ ",{"t":"idOrVar","v":"value"}," دقيقة"],"zero":"الآن"},"$x":[{"t":"idOrVar","v":"plural"},"value"]},{"$i":"minutes-until-long","$v":{"few":["خلال ",{"t":"idOrVar","v":"value"}," دقائق"],"many":["خلال ",{"t":"idOrVar","v":"value"}," دقيقة"],"one":"خلال دقيقة","other":["خلال ",{"t":"idOrVar","v":"value"}," دقيقة"],"two":"خلال دقيقتين","zero":"الآن"},"$x":[{"t":"idOrVar","v":"plural"},"value"]},{"$i":"minutes-until-short","$v":{"other":["خلال ",{"t":"idOrVar","v":"value"}," د"],"zero":"الآن"},"$x":[{"t":"idOrVar","v":"plural"},"value"]},{"$i":"month-0-genitive","$v":"يناير"},{"$i":"month-0-long","$v":"يناير"},{"$i":"month-0-short","$v":"يناير"},{"$i":"month-1-genitive","$v":"فبراير"},{"$i":"month-1-long","$v":"فبراير"},{"$i":"month-1-short","$v":"فبراير"},{"$i":"month-10-genitive","$v":"نوفمبر"},{"$i":"month-10-long","$v":"نوفمبر"},{"$i":"month-10-short","$v":"نوفمبر"},{"$i":"month-11-genitive","$v":"ديسمبر"},{"$i":"month-11-long","$v":"ديسمبر"},{"$i":"month-11-short","$v":"ديسمبر"},{"$i":"month-2-genitive","$v":"مارس"},{"$i":"month-2-long","$v":"مارس"},{"$i":"month-2-short","$v":"مارس"},{"$i":"month-3-genitive","$v":"أبريل"},{"$i":"month-3-long","$v":"أبريل"},{"$i":"month-3-short","$v":"ابريل"},{"$i":"month-4-genitive","$v":"مايو"},{"$i":"month-4-long","$v":"مايو"},{"$i":"month-4-short","$v":"مايو"},{"$i":"month-5-genitive","$v":"يونيو"},{"$i":"month-5-long","$v":"يونيو"},{"$i":"month-5-short","$v":"يونيو"},{"$i":"month-6-genitive","$v":"يوليو"},{"$i":"month-6-long","$v":"يوليو"},{"$i":"month-6-short","$v":"يوليو"},{"$i":"month-7-genitive","$v":"أغسطس"},{"$i":"month-7-long","$v":"أغسطس"},{"$i":"month-7-short","$v":"أغسطس"},{"$i":"month-8-genitive","$v":"سبتمبر"},{"$i":"month-8-long","$v":"سبتمبر"},{"$i":"month-8-short","$v":"سبتمبر"},{"$i":"month-9-genitive","$v":"أكتوبر"},{"$i":"month-9-long","$v":"أكتوبر"},{"$i":"month-9-short","$v":"أكتوبر"},{"$i":"months-ago-long","$v":{"few":["منذ ",{"t":"idOrVar","v":"value"}," أشهر"],"many":["منذ ",{"t":"idOrVar","v":"value"}," أشهر"],"one":"الشهر الماضي","other":["منذ ",{"t":"idOrVar","v":"value"}," أشهر"],"two":["منذ ",{"t":"idOrVar","v":"value"}," أشهر"],"zero":"هذا الشهر"},"$x":[{"t":"idOrVar","v":"plural"},"value"]},{"$i":"months-until-long","$v":{"few":["خلال ",{"t":"idOrVar","v":"value"}," أشهر"],"many":["خلال ",{"t":"idOrVar","v":"value"}," شهر"],"one":"الشهر القادم","other":["خلال ",{"t":"idOrVar","v":"value"}," شهر"],"two":"خلال شهرين","zero":"هذا الشهر"},"$x":[{"t":"idOrVar","v":"plural"},"value"]},{"$i":"shortDateTimeFormat","$v":"%x %I:%M %p"},{"$i":"shortTimeFormat","$v":"%I:%M %p"},{"$i":"shortTimeFormat12","$v":"%I:%M %p"},{"$i":"shortTimeFormat24","$v":"%H:%M"},{"$i":"time_am","$v":"ص"},{"$i":"time_pm","$v":"م"},{"$i":"weekday-0-long","$v":"السبت"},{"$i":"weekday-0-short","$v":"أحد"},{"$i":"weekday-1-long","$v":"الإثنين"},{"$i":"weekday-1-short","$v":"إثنين"},{"$i":"weekday-2-long","$v":"الثلاثاء"},{"$i":"weekday-2-short","$v":"ثلاثاء"},{"$i":"weekday-3-long","$v":"الأربعاء"},{"$i":"weekday-3-short","$v":"أربعاء"},{"$i":"weekday-4-long","$v":"الخميس"},{"$i":"weekday-4-short","$v":"خميس"},{"$i":"weekday-5-long","$v":"الجمعة"},{"$i":"weekday-5-short","$v":"جمعة"},{"$i":"weekday-6-long","$v":"الجمعة"},{"$i":"weekday-6-short","$v":"سبت"},{"$i":"weeks-ago-long","$v":{"few":["منذ ",{"t":"idOrVar","v":"value"}," أسابيع"],"many":["منذ ",{"t":"idOrVar","v":"value"}," أسابيع"],"one":"الأسبوع الماضي","other":["منذ ",{"t":"idOrVar","v":"value"}," أسابيع"],"two":["منذ ",{"t":"idOrVar","v":"value"}," أسابيع"],"zero":"هذا الأسبوع"},"$x":[{"t":"idOrVar","v":"plural"},"value"]},{"$i":"weeks-until-long","$v":{"few":["خلال ",{"t":"idOrVar","v":"value"}," أسابيع"],"many":["خلال ",{"t":"idOrVar","v":"value"}," أسبوع"],"one":"الأسبوع القادم","other":["خلال ",{"t":"idOrVar","v":"value"}," أسبوع"],"two":"خلال اسبوعين","zero":"هذا الأسبوع"},"$x":[{"t":"idOrVar","v":"plural"},"value"]},{"$i":"years-ago-long","$v":{"few":["منذ ",{"t":"idOrVar","v":"value"}," سنوات"],"many":["منذ ",{"t":"idOrVar","v":"value"}," سنة"],"one":"السنة الماضية","other":["منذ ",{"t":"idOrVar","v":"value"}," سنة"],"two":"منذ سنتين","zero":"هذه السنة"},"$x":[{"t":"idOrVar","v":"plural"},"value"]},{"$i":"years-until-long","$v":{"few":["خلال ",{"t":"idOrVar","v":"value"}," سنوات"],"many":["خلال ",{"t":"idOrVar","v":"value"}," سنة"],"one":"السنة القادمة","other":["خلال ",{"t":"idOrVar","v":"value"}," سنة"],"two":"خلال سنتين","zero":"هذه السنة"},"$x":[{"t":"idOrVar","v":"plural"},"value"]},{"$i":"dateTimeFormat_%X","$v":"%I:%M:%S %p"},{"$i":"weekStartsOnMonday","$v":"0"},{"$i":"firstDayOfTheWeek","$v":"1"}]