[{"$i":"clockDateFormat","$v":"%a, %e %b"},{"$i":"deviceIsUnlocked","$v":"Cihaz kiliddən çıxarıldı"},{"$i":"simUnlockCodeAccepted","$v":"SIM kiliddən çıxarma kodu qəbul edildi"},{"$i":"simUnlockCodeFailed","$v":"SIM-in kiliddən çıxarılması uğursuz oldu"},{"$i":"eccOnly","$v":"Yalnız təcili zənglər"},{"$i":"emergencyCallsOnly","$v":"Yalnız təcili zənglər"},{"$i":"lockedSim","$v":"Kilidli SIM"},{"$i":"noService","$v":"Xidmət yoxdur"},{"$i":"noSimCard","$v":"Heç bir SIM kart yoxdur"},{"$i":"searching","$v":"Axtarılır..."},{"$i":"airplane-mode","$v":"Təyyarə Rejimi"},{"$i":"bluetooth","$v":"Bluetooth"},{"$i":"brightness","$v":"Parlaqlıq"},{"$i":"calculator","$v":"Kalkulyator"},{"$i":"camera","$v":"Kamera"},{"$i":"cellular-data","$v":"Mobil Məlumat"},{"$i":"confirm-to-uninstall-app","$v":[{"t":"idOrVar","v":"appName"}," silinsin?"]},{"$i":"flashlight","$v":"Fənər"},{"$i":"instant-settings","$v":"ani parametrlər"},{"$i":"off","$v":"Qeyri-aktiv"},{"$i":"on","$v":"Aktiv"},{"$i":"shortcuts","$v":"Qısa yollar"},{"$i":"uninstall","$v":"Quraşdırmanı ləğv et"},{"$i":"volume","$v":"Səs səviyyəsi"},{"$i":"wifi","$v":"Wi-Fi"},{"$i":"percentage-number","$v":[{"t":"idOrVar","v":"number"},"%"]},{"$i":"all-apps","$v":"Bütün-proqramlar"},{"$i":"scImei","$v":"IMEI"},{"$i":"scMeid","$v":"MEID"},{"$i":"scUssd","$v":"USSD"},{"$i":"CallFailed","$v":"Zəng baş tutmadı"},{"$i":"GenericFailure","$v":"Ümumi uğursuzluq"},{"$i":"add-smart-collections","$v":"Smart Kolleksiyalar əlavə et"},{"$i":"add-to-existing-contact","$v":"Mövcud kontakta əlavə et"},{"$i":"alert-for-contacts-without-number","$v":"Telefon nömrəsi ilə əlçatan olan kontakt yoxdur."},{"$i":"app-title","$v":"Proqramlarım"},{"$i":"app-uninstall","$v":[{"t":"idOrVar","v":"name"}," silinmişdi"]},{"$i":"assign","$v":"Təyin et"},{"$i":"assign-speed-dial","$v":["Kontakt ",{"t":"idOrVar","v":"n"}," düyməsində sürətli nömrə yığımı kimi təyin edilməmişdi. İndi təyin edilsin?"]},{"$i":"assign-voicemail","$v":"Səsli Poçt nömrəsi müəyyən edilməyib."},{"$i":"call","$v":"Zəng"},{"$i":"callAirplaneModeMessage","$v":"Zəng etmək üçün parametrlərdə təyyarə rejimini qeyri-aktiv etməlisiniz."},{"$i":"callAirplaneModeTitle","$v":"Təyyarə rejimi activ edildi"},{"$i":"cancel","$v":"Ləğv et"},{"$i":"change-wallpaper","$v":"Divar kağızını dəyiş"},{"$i":"clocks-updated","$v":"Saatlar yeniləndi"},{"$i":"confirmation","$v":"Təsdiq"},{"$i":"contacts","$v":"Kontaktlar"},{"$i":"create-new-contact","$v":"Yeni kontakt yarat"},{"$i":"delete","$v":"Sil"},{"$i":"delete-body","$v":[{"t":"idOrVar","v":"name"}," və onun bütün məlumatları silinəcək."]},{"$i":"delete-title","$v":[{"t":"idOrVar","v":"name"}," sil"]},{"$i":"edit","$v":"Redaktə et"},{"$i":"edit-done","$v":"Hazırdır"},{"$i":"edit-group-header","$v":"qrupu redaktə et"},{"$i":"edit-mode","$v":"Redaktə et"},{"$i":"emergency-call-error","$v":[{"t":"idOrVar","v":"number"}," təcili nömrə deyil."]},{"$i":"emergency-call-only","$v":"Yalnız Təcili Zəng"},{"$i":"emergencyDialogBodyBadNumber","$v":"Zəng etmək üçün telefon şəbəkəyə qoşulmalıdır."},{"$i":"emergencyDialogBodyDeviceNotAccepted","$v":"Təcili zənglərə şəbəkə tərəfindən icazə verilmir."},{"$i":"emergencyDialogTitle","$v":"Heç bir şəbəkə bağlantısı yoxdur"},{"$i":"fax-home","$v":"Faks ev"},{"$i":"fax-office","$v":"Faks ofis"},{"$i":"fax-other","$v":"Faks digər"},{"$i":"fdnIsActiveMessage","$v":["FDN (Sabit Nömrə Yığımı Nömrələri) aktiv edildi və aşağıdakı nömrə FDN siyahınızda deyil: ",{"t":"idOrVar","v":"number"}]},{"$i":"fdnIsActiveTitle","$v":"FDN aktivdir"},{"$i":"gaia-shortcut-app-updated","$v":"Proq. Yeniləndi"},{"$i":"grid-view","$v":"Tor Xətləri Görünüşü"},{"$i":"home","$v":"Ev"},{"$i":"homescreen-settings","$v":"Ana ekran Parametrləri"},{"$i":"invalidNumberToDialMessage","$v":"Zəng etdiyiniz telefon nömrəsi etibarsızdır."},{"$i":"invalidNumberToDialTitle","$v":"Yanlış telefon nömrəsi"},{"$i":"list-view","$v":"Siyahı görünüşü"},{"$i":"longDateFormat","$v":"%A, %B %e"},{"$i":"menu","$v":"Menyu"},{"$i":"message","$v":"Mesaj"},{"$i":"mobile","$v":"Mobil"},{"$i":"more","$v":"Daha çox"},{"$i":"move","$v":"Köçür"},{"$i":"notifications","$v":"Bildirişlər"},{"$i":"numberIsBusyMessage","$v":"Nömrə hazırda məşğuldur. Daha sonra yenidən cəhd edin."},{"$i":"numberIsBusyTitle","$v":"Nömrə məşğuldur"},{"$i":"ok","$v":"OK"},{"$i":"option-remove","$v":"Sür Nöm Yığım sil"},{"$i":"option-replace","$v":"Əvəz et"},{"$i":"options","$v":"Seçimlər"},{"$i":"otherConnectionInUseMessage","$v":"Sizin başqa bağlantıda aktiv zənginiz var. Eyni vaxtda yalnız bir bağlantı istifadə edə bilərsiniz."},{"$i":"otherConnectionInUseTitle","$v":"Dig bağl istif edilir"},{"$i":"personal","$v":"Şəxsi"},{"$i":"remove","$v":"Sil"},{"$i":"remove-speed-dial","$v":[{"t":"idOrVar","v":"name"},"-i Sürətli Nömrə Yığımından çıxarmaq istədiyinizə əminsiniz?"]},{"$i":"replace","$v":"Əvəz et"},{"$i":"replace-speed-dial","$v":[{"t":"idOrVar","v":"name"}," ",{"t":"idOrVar","v":"subName"}," Ilə dəyişdirilsin?"]},{"$i":"resume-download-action","$v":"Yükləmə"},{"$i":"resume-download-body","$v":["Yükləmək istəyirsiniz ",{"t":"idOrVar","v":"name"},"?"]},{"$i":"resume-download-title","$v":"Yükləməni Təkrar başla"},{"$i":"scCallBarring","$v":"Zəng qadağası"},{"$i":"scCallForwarding","$v":"Zəng yönləndirmə"},{"$i":"scCallWaiting","$v":"Zəng gözləmə"},{"$i":"scClip","$v":"Gələn Zəngedənin ID-si"},{"$i":"scClir","$v":"Gedən Zəngedənin ID-si"},{"$i":"scPin","$v":"PIN dəyişmə"},{"$i":"scPin2","$v":"PIN2 dəyişmə"},{"$i":"scPuk","$v":"PIN-i blokdan aç"},{"$i":"scPuk2","$v":"PIN2 blokdan aç"},{"$i":"scPwd","$v":"Parol dəyişikliyi"},{"$i":"search-or-enter-address","placeholder":"Ünvanı axtar və ya daxil et"},{"$i":"select","$v":"Seçin"},{"$i":"sending","$v":"Göndərilir…"},{"$i":"set","$v":"Qur"},{"$i":"settings","$v":"Parametrlər"},{"$i":"single-view","$v":"Vahid görünüş"},{"$i":"skip","$v":"Ötür"},{"$i":"speed-dial","$v":"Sürətli Nömrə Yığımı"},{"$i":"speed-dial-empty","ariaLabel":[{"t":"idOrVar","v":"order"},", boşalt"]},{"$i":"speed-dial-not-empty","ariaLabel":[{"t":"idOrVar","v":"order"},", ",{"t":"idOrVar","v":"name"}]},{"$i":"stop-download-action","$v":"Dayandır"},{"$i":"stop-download-body","$v":"Davam edən yükləməni saxlamaq istəyirsiniz?"},{"$i":"stop-download-title","$v":["Bunu dayandır: ",{"t":"idOrVar","v":"name"}]},{"$i":"tcl-wallpaper-changed","$v":"Divar kağızı dəyişildi"},{"$i":"video-call","$v":"Video zəng"},{"$i":"voicemail","$v":"Səsli poçt"},{"$i":"work","$v":"İş"},{"$i":"apps","$v":"Proqramlar"},{"$i":"nocard-eccOnly","$v":"No SIM card-Emergency calls only"},{"$i":"unusablecard-eccOnly","$v":"Unusable SIM card-Emergency calls only"},{"$i":"apn-sim1","$v":"APN Parametrlər — SIM1"},{"$i":"apn-sim2","$v":"APN Parametrlər — SIM2"},{"$i":"apnConfigPrepay","$v":"Ön ödəmə"},{"$i":"apnConfigPostpay","$v":"Sonradan ödəmə"},{"$i":"apn-defaultconfig-message","$v":"Hansı növ APN göstəriləcəyini təyin edin"},{"$i":"apnDefaultConfig","$v":"APN Defolt Konfiq"},{"$i":"without-sim-new","$v":[{"t":"idOrVar","v":"index"}]},{"$i":"with-sim-new","$v":[{"t":"idOrVar","v":"index"}," - ",{"t":"idOrVar","v":"carrier"}]},{"$i":"sim-with-index-and-carrier","$v":["SIM ",{"t":"idOrVar","v":"index"}," — ",{"t":"idOrVar","v":"carrier"}]},{"$i":"sim-without-carrier","$v":["SIM ",{"t":"idOrVar","v":"index"}]},{"$i":"call-forwarding-voice-after-seconds","$v":["Səs: ",{"t":"idOrVar","v":"voice"}," ",{"t":"idOrVar","v":"timeSeconds"}," saniyə sonra"]},{"$i":"addNewNumber","$v":"Yeni nömrə əlavə et"},{"$i":"addToExistingContact","$v":"Mövcud kontakta əlavə et"},{"$i":"all","$v":"Hamısı","ariaLabel":"Hamısı"},{"$i":"bluetooth-handsfree-device","$v":"Bluetooth səs ucaldan cihazı"},{"$i":"bluetoothOption","ariaLabel":"Bluetooth"},{"$i":"callDurationHours","$v":[{"t":"idOrVar","v":"h"},":",{"t":"idOrVar","v":"m"},":",{"t":"idOrVar","v":"s"}]},{"$i":"callDurationMinutes","$v":[{"t":"idOrVar","v":"m"},":",{"t":"idOrVar","v":"s"}]},{"$i":"callDurationTextFormatHours","$v":[{"t":"idOrVar","v":"h"}," s ",{"t":"idOrVar","v":"m"}," d ",{"t":"idOrVar","v":"s"}," s"]},{"$i":"callDurationTextFormatMinutes","$v":[{"t":"idOrVar","v":"m"}," d ",{"t":"idOrVar","v":"s"}," s"]},{"$i":"callDurationTextFormatSeconds","$v":[{"t":"idOrVar","v":"s"}," s"]},{"$i":"callEnded","$v":"Zəng Bitdi"},{"$i":"callInformation","$v":"Zəng Məlumatı"},{"$i":"callLog","$v":"Zəng jurnalı"},{"$i":"callLogEdit","title":"zəng jurnalını redaktə et"},{"$i":"callLogEditDialog","ariaLabel":"Zəng jurnalı dialoqunu redaktə et"},{"$i":"caller-left-call","$v":[{"t":"idOrVar","v":"caller"}," zəngi buraxdı."]},{"$i":"calllog-all","$v":"Hamısı"},{"$i":"calllog-deselectAll","$v":"Hamısını ləğv et"},{"$i":"calllog-none","$v":"Heç biri"},{"$i":"calllog-selectAll","$v":"Hamısını seç"},{"$i":"canceled","$v":"Ləğv edilib"},{"$i":"clear-all-text","$v":"Bütün mətni sil"},{"$i":"close","$v":"Bağla"},{"$i":"composeEmail","ariaLabel":"E-poçt"},{"$i":"conferenceAddError","$v":"Zəngləri birləşdirmək olmur"},{"$i":"conferenceCall","$v":["Konfrans (",{"t":"idOrVar","v":"n"},")"]},{"$i":"conferenceRemoveError","$v":"Zəngləri ayırmaq olmur"},{"$i":"confirm-deletion","$v":"Seçilmiş zənglər silinsin?"},{"$i":"connecting","$v":"Qoşulur"},{"$i":"connectingEllipsis","$v":"Qoşulur…"},{"$i":"contactDetails","$v":"Kontakt təfsilatları"},{"$i":"createNewContact","$v":"Yeni kontakt yarat"},{"$i":"delete-n-log?","$v":{"few":[{"t":"idOrVar","v":"n"}," jurnal silinsin?"],"many":[{"t":"idOrVar","v":"n"}," jurnal silinsin?"],"one":"Seçilmiş jurnal silinsin?","other":[{"t":"idOrVar","v":"n"}," jurnal silinsin?"],"two":[{"t":"idOrVar","v":"n"}," jurnal silinsin?"],"zero":"Heç nə seçilmədi"},"$x":[{"t":"idOrVar","v":"plural"},"n"]},{"$i":"deselect","$v":"Ləğv et"},{"$i":"dialed","$v":"Yığılıb"},{"$i":"dialer-prompt","$v":"Nömrəni yığ və ya zəngə əlavə etmək üçün kontakt seç"},{"$i":"dialerAddContact","ariaLabel":"Kontakt əlavə edt"},{"$i":"dialerAddContactDialog","ariaLabel":"Kontakt Dialoq əlavə et"},{"$i":"edit-selected","$v":{"few":["seçildi(",{"t":"idOrVar","v":"n"},")"],"many":["seçildi(",{"t":"idOrVar","v":"n"},")"],"one":["seçildi(",{"t":"idOrVar","v":"n"},")"],"other":["seçildi(",{"t":"idOrVar","v":"n"},")"],"two":["seçildi(",{"t":"idOrVar","v":"n"},")"]},"$x":[{"t":"idOrVar","v":"plural"},"n"]},{"$i":"emailDetail","ariaLabel":"E-poçt"},{"$i":"from-contact","$v":[{"t":"idOrVar","v":"contact"}," -dan(-dən)"]},{"$i":"from-number","$v":[{"t":"idOrVar","v":"number"}," -dan(-dən)"]},{"$i":"from-withheld-number","$v":"Naməlum nömrədən"},{"$i":"hangup-a11y-button","ariaLabel":"Dəstəyi Asmaq"},{"$i":"hide","$v":"Gizlət"},{"$i":"hideKeypad","ariaLabel":"Klaviaturanı gizlət"},{"$i":"hold","ariaLabel":"Gözlətmə"},{"$i":"hours","$v":"saatlar"},{"$i":"ignore","$v":"Zəngə məhəl qoyma"},{"$i":"incoming","$v":"Gələn"},{"$i":"incoming-call","$v":"Gələn zəng"},{"$i":"info-missed","$v":"Buraxılan zənglər"},{"$i":"keypad","ariaLabel":"Klaviatura"},{"$i":"log-item","$v":"Seçimlər"},{"$i":"makeCall","ariaLabel":"Zəng et"},{"$i":"merge","ariaLabel":"Birləşdir"},{"$i":"minutes","$v":"dəqiqə"},{"$i":"missed","$v":"Buraxılan zənglər","ariaLabel":"Buraxılan zənglər"},{"$i":"missedCall","$v":"Buraxılmış zəng"},{"$i":"missedCallMultiSims","$v":["(SIM ",{"t":"idOrVar","v":"n"},") Buraxılan zəng"]},{"$i":"mmi-error","$v":"Mesaj göndərərkən xəta baş verdi"},{"$i":"mmi-notification-title-with-sim","$v":["(",{"t":"idOrVar","v":"sim"},") ",{"t":"idOrVar","v":"title"}]},{"$i":"mmi-session-expired","$v":"Sess müdd bitdi"},{"$i":"mmi-successfully-sent","$v":"Mesaj uğurla göndərildi"},{"$i":"mute","ariaLabel":"Səssiz edin"},{"$i":"newCall","ariaLabel":"Yeni zəng"},{"$i":"no-logs-msg-1","$v":"Heç bir zəng yazılmadı"},{"$i":"no-logs-msg-2","$v":"İndi ünsiyyətə başla"},{"$i":"no-logs-msg-3","$v":"Heç bir zəng yazılmadı"},{"$i":"no-logs-msg-4","$v":"İndi ünsiyyətə başla"},{"$i":"no-recent-numbers","$v":"Zəng jurnalında yığmaq üçün son nömrələr yoxdur."},{"$i":"onHoldOption","ariaLabel":"Gözləyir"},{"$i":"outgoing","$v":"Gedən"},{"$i":"outgoing-call","$v":"Çıxan zəng"},{"$i":"phoneDetail","ariaLabel":"Telefon"},{"$i":"pickup-a11y-button","ariaLabel":"Götür"},{"$i":"received","$v":"Qəbul edilənlər"},{"$i":"receiver","$v":"Qəbul edən"},{"$i":"recents","ariaLabel":"Son zənglər"},{"$i":"reply","$v":"Cavab verin"},{"$i":"resume","$v":"Davam et","ariaLabel":"Davam et"},{"$i":"search-results","$v":"Axtarış Nəticələri"},{"$i":"seconds","$v":"saniyə"},{"$i":"select-audio-sources","$v":"Audio mənbələrini seç"},{"$i":"send","$v":"Göndərin"},{"$i":"send-sms-button","ariaLabel":"SMS"},{"$i":"sendSms","$v":"Mesajı göndər"},{"$i":"separator","$v":","},{"$i":"sim-number","$v":["SIM",{"t":"idOrVar","v":"n"}]},{"$i":"speaker","$v":"Dinamik"},{"$i":"speakerOption","ariaLabel":"Dinamik"},{"$i":"suggestionMatches","$v":{"few":[{"t":"idOrVar","v":"n"}," uyğun gəlir \"",{"t":"idOrVar","v":"matchNumber"}],"many":[{"t":"idOrVar","v":"n"}," uyğun gəlir \"",{"t":"idOrVar","v":"matchNumber"}],"one":[{"t":"idOrVar","v":"n"}," uyğun gəlir \"",{"t":"idOrVar","v":"matchNumber"}],"other":[{"t":"idOrVar","v":"n"}," uyğun gəlir \"",{"t":"idOrVar","v":"matchNumber"}],"two":[{"t":"idOrVar","v":"n"}," uyğun gəlir \"",{"t":"idOrVar","v":"matchNumber"}]},"$x":[{"t":"idOrVar","v":"plural"},"n"]},{"$i":"switch-calls","$v":"Zəngləri çevirin"},{"$i":"tcl-assign","$v":"Təyin edin"},{"$i":"tcl-assign-speed-dial","$v":{"$o":["Kontakt \"",{"t":"idOrVar","v":"speedDial"},"\" düyməsində Sürətli Nömrə Yığımı kimi təyin edilməmişdi<br></br>İndi təyin edilsin?"]}},{"$i":"tcl-call-log-delete-group-notification","$v":[{"t":"idOrVar","v":"n"}," qeyd silindi"]},{"$i":"tcl-calllog-entry-removed-err-notification","$v":"Zəng Jurnalı qeydini çıxarmaq olmur"},{"$i":"tcl-calllog-entry-removed-succ-notification","$v":"Zəng Jurnalı qeydi çıxarıldı"},{"$i":"tcl-cancel","$v":"Ləğv et"},{"$i":"tcl-confirmation","$v":"Təsdiq"},{"$i":"tcl-delete-log","$v":"Zəng jurnalından seçilmiş girişləri silmək istədiyinizə əminsiniz?"},{"$i":"tcl-dialer","$v":"Nömrəyığan"},{"$i":"tcl-edit-not-selected","$v":"seçildi(0)"},{"$i":"tcl-option-menu-call-log-edit","$v":"Zəng jurnalını redaktə et"},{"$i":"today","$v":"Bu gün"},{"$i":"toggleKeypad","ariaLabel":"Çevirmə klaviaturası"},{"$i":"type-your-response","placeholder":"Cavabınızı yazın…"},{"$i":"unknown","$v":"Naməlum"},{"$i":"unlock-a11y-button","ariaLabel":"Sürüngəc"},{"$i":"ussd-services","$v":[{"t":"idOrVar","v":"operator"}," xidmətləri"]},{"$i":"via-sim","$v":["SIM",{"t":"idOrVar","v":"n"}," vasitəsilə"]},{"$i":"view-all","$v":"Hamısına bax"},{"$i":"wifi-calling","$v":"Wi-Fi zəngi"},{"$i":"withheld-number","$v":"Naməlum"},{"$i":"yesterday","$v":"Dünən"},{"$i":"SimPin2","$v":"SIM PIN2"},{"$i":"SimPuk2","$v":"SIM PUK2"},{"$i":"serviceClassFax","$v":"FAKS"},{"$i":"serviceClassPad","$v":"PAD"},{"$i":"serviceClassSms","$v":"SMS"},{"$i":"DialModifiedToDial","$v":"Dial modified to dial"},{"$i":"DialModifiedToSs","$v":"Dial modified to SS"},{"$i":"DialModifiedToUssd","$v":"Dial modified to USSD"},{"$i":"FdnCheckFailure","$v":"Fdn yoxlama uğursuzluğu"},{"$i":"IllegalSimOrMe","$v":"Qanunsuz SIM və ya ME"},{"$i":"InvalidParameter","$v":"Yanlış parametr"},{"$i":"ModeNotSupported","$v":"Rejim dəstəklənmir"},{"$i":"OpNotAllowedDuringVoiceCall","$v":"Əməliy səsli zəng zam ic verilmir"},{"$i":"PasswordIncorrect","$v":"Parol yanlışdır"},{"$i":"RadioNotAvailable","$v":"Radio not available"},{"$i":"RejectedByRemote","$v":"Uzaqdan rədd edildi"},{"$i":"RequestNotSupported","$v":"Sorğu dəstəklənmir"},{"$i":"ServiceIsDisabled","$v":"Xidmət qeyri-aktivdir"},{"$i":"ServiceIsEnabled","$v":"Xidmət aktivdir"},{"$i":"ServiceIsEnabledFor","$v":"Xidmət aktivdir, üçün:"},{"$i":"SimAbsent","$v":"SIM yoxdur"},{"$i":"SmsSendFailRetry","$v":"SMS send fail retry"},{"$i":"SsModifiedToDial","$v":"SS nömrə yığmaq üçün dəyişdirilmişdir"},{"$i":"SsModifiedToSs","$v":"SS SS üçün dəyişdirilmişdir"},{"$i":"SsModifiedToUssd","$v":"SS USSD üçün dəyişdirilmişdir"},{"$i":"SubscriptionNotAvailable","$v":"Abunəlik mövcud deyil"},{"$i":"SubscriptionNotSupported","$v":"Abunəlik dəstəklənmir"},{"$i":"UssdModifiedToDial","$v":"USSD nömrə yığmaq üçün dəyişdirilmişdir"},{"$i":"UssdModifiedToSs","$v":"USSD SS üçün dəyişdirilmişdir"},{"$i":"UssdModifiedToUssd","$v":"USSD USSD üçün dəyişdirilmişdir"},{"$i":"call-forwarding-async","$v":["Asinxron: ",{"t":"idOrVar","v":"async"}]},{"$i":"call-forwarding-data","$v":["Məlumat: ",{"t":"idOrVar","v":"data"}]},{"$i":"call-forwarding-error","$v":"Zəng yönləndirmə statusunu çıxararkən xəta baş verdi"},{"$i":"call-forwarding-fax","$v":["FAKS: ",{"t":"idOrVar","v":"fax"}]},{"$i":"call-forwarding-inactive","$v":"Qeyri-aktiv"},{"$i":"call-forwarding-packet","$v":["Paket: ",{"t":"idOrVar","v":"packet"}]},{"$i":"call-forwarding-pad","$v":["PAD: ",{"t":"idOrVar","v":"pad"}]},{"$i":"call-forwarding-sms","$v":["SMS: ",{"t":"idOrVar","v":"sms"}]},{"$i":"call-forwarding-status","$v":"Zəng yönləndirmə statusu"},{"$i":"call-forwarding-sync","$v":["Sinxron: ",{"t":"idOrVar","v":"sync"}]},{"$i":"call-forwarding-voice","$v":["Səs: ",{"t":"idOrVar","v":"voice"}]},{"$i":"emMmiError","$v":"Bağlantı problemi və ya etibarsız MMI kodu"},{"$i":"emMmiErrorBadPin","$v":"Daxil etdiyiniz köhnə PIN yanlışdır."},{"$i":"emMmiErrorBadPuk","$v":"Yazdığınız PUK səhvdir"},{"$i":"emMmiErrorEnablePin","$v":"Uğursuz oldu. SIM/RUIM LOCK aktiv edilsin"},{"$i":"emMmiErrorInvalidAction","$v":"Yanlış hərəkət"},{"$i":"emMmiErrorInvalidPin","$v":"4–8 rəqəmli PIN daxil et"},{"$i":"emMmiErrorInvalidScCode","$v":"Yanlış xidmət kodu"},{"$i":"emMmiErrorMismatchPin","$v":"Daxil etdiyiniz PIN-lər uyğun gəlmir"},{"$i":"emMmiErrorMmiFdn","$v":"Əməliy yal sabit nömrə yığımı nömrəl ilə məhdudlaş"},{"$i":"emMmiErrorNeedPuk2","$v":"SIM kartı blokdan çıxarmaq üçün PUK2 daxil et"},{"$i":"emMmiErrorNeedsPuk","$v":"SIM kartınız PUK-kilidləndi."},{"$i":"emMmiErrorNotSupported","$v":"Yanlış və ya Dəstəklənməyən MMI Code"},{"$i":"emMmiErrorPasswordIncorrect","$v":"Yanlış Parol"},{"$i":"emMmiErrorPinPukAttempts","$v":{"few":[{"t":"idOrVar","v":"n"}," təkrar cəhd qalır"],"many":[{"t":"idOrVar","v":"n"}," təkrar cəhd qalır"],"one":["Yal ",{"t":"idOrVar","v":"n"}," cəhd qal"],"other":[{"t":"idOrVar","v":"n"}," təkrar cəhd qalır"],"two":[{"t":"idOrVar","v":"n"}," təkrar cəhd qalır"]},"$x":[{"t":"idOrVar","v":"plural"},"n"]},{"$i":"emMmiErrorSimBlocked","$v":"Təkrar cəhdlərin maksimum sayı aşıldı. SIM bloklandı"},{"$i":"emMmiErrorStkCcSsDial","$v":"SS sorğusu DIAL sorğusu üçün dəyişdirilmişdir"},{"$i":"emMmiErrorStkCcSsSs","$v":"SS sorğusu yeni SS sorğusu üçün dəyişdirilmişdir"},{"$i":"emMmiErrorStkCcSsUssd","$v":"SS sorğ USSD sorğ üç dəyişdirildi"},{"$i":"emMmiErrorStkCcUssdDial","$v":"USSD sorğusu DIAL sorğusu üçün dəyişdirilmişdir"},{"$i":"emMmiErrorStkCcUssdSs","$v":"USSD sorğusu SS sorğusu üçün dəyişdirilmişdir"},{"$i":"emMmiErrorStkCcUssdUssd","$v":"USSD sorğusu yeni USSD sorğusu üçün dəyişdirilmişdir"},{"$i":"fihVersion","$v":"FIH Versiya"},{"$i":"imeiAndSvn","$v":"IMEI və SVN"},{"$i":"internalVersion","$v":"Daxili Versiya"},{"$i":"serviceClassData","$v":"Məlumat"},{"$i":"serviceClassDataAsync","$v":"Asinx"},{"$i":"serviceClassDataSync","$v":"Sinxronlaşdırma"},{"$i":"serviceClassPacket","$v":"Paket"},{"$i":"serviceClassVoice","$v":"Səs"},{"$i":"smClirDefaultOffNextCallOff","$v":"Zəngedənin ID-si məhdudlaşdırılmayanlara aid edilir. Növbəti zəng: Məhdudlaşdırılmır"},{"$i":"smClirDefaultOffNextCallOn","$v":"Zəngedənin ID-si məhdudlaşdırılmayanlara aid edilir. Növbəti zəng: Məhdudlaşdırılır"},{"$i":"smClirDefaultOnNextCallOff","$v":"Zəngedənin ID-si məhdudlaşdırılanlara aid edilir. Növbəti zəng: Məhdudlaşdırılmır"},{"$i":"smClirDefaultOnNextCallOn","$v":"Zənged ID məhd aid edilir. Növbəti zəng: Məhd"},{"$i":"smClirPermanent","$v":"Zəngedənin ID parametrini dəyişdirə bilməzsiniz"},{"$i":"smPin2Changed","$v":"PIN2 uğurla dəyişdi"},{"$i":"smPin2Unblocked","$v":"PIN2 uğurla blokdan açıldı"},{"$i":"smPinChanged","$v":"PIN uğurla dəyişdi"},{"$i":"smPinUnblocked","$v":"PIN uğurla blokdan açıldı"},{"$i":"smServiceDisabled","$v":"Xidmət qeyri-aktiv edildi"},{"$i":"smServiceEnabled","$v":"Xidmət aktiv edildi"},{"$i":"smServiceEnabledFor","$v":"Xidm akt edildi, üçün:"},{"$i":"smServiceErased","$v":"Silinmə uğurlu oldu"},{"$i":"smServiceInterrogated","$v":"Sorğu uğurlu oldu"},{"$i":"smServiceNotProvisioned","$v":"Xidm təmin edilmədi"},{"$i":"smServiceRegistered","$v":"Qeydiyyat uğurlu oldu"},{"$i":"another","$v":"Başqa"},{"$i":"current","$v":"Cari"},{"$i":"customTag","$v":"Xüsusi teq","placeholder":"Xüsusi teq"},{"$i":"faxHome","$v":"Faks ev"},{"$i":"faxOffice","$v":"Faks ofis"},{"$i":"faxOther","$v":"Faks digər"},{"$i":"itemWithLabel","$v":[{"t":"idOrVar","v":"label"},", ",{"t":"idOrVar","v":"item"}]},{"$i":"label","$v":"Etiket"},{"$i":"other","$v":"Digər"},{"$i":"tcl-customTag","$v":"Xüsusi teq"},{"$i":"dateTimeFormat_%c","$v":"%a %b %e %Y %I:%M:%S %p"},{"$i":"dateTimeFormat_%x","$v":"%m/%d/%Y"},{"$i":"days-ago-long","$v":{"few":[{"t":"idOrVar","v":"value"}," gün əvvəl"],"many":[{"t":"idOrVar","v":"value"}," gün əvvəl"],"one":"dünən","other":[{"t":"idOrVar","v":"value"}," gün əvvəl"],"two":[{"t":"idOrVar","v":"value"}," gün əvvəl"],"zero":"bu gün"},"$x":[{"t":"idOrVar","v":"plural"},"value"]},{"$i":"days-ago-short","$v":{"other":[{"t":"idOrVar","v":"value"},"g əvvəl"],"zero":"bu gün"},"$x":[{"t":"idOrVar","v":"plural"},"value"]},{"$i":"days-until-long","$v":{"few":[{"t":"idOrVar","v":"value"}," gündə"],"many":[{"t":"idOrVar","v":"value"}," gündə"],"one":"sabah","other":[{"t":"idOrVar","v":"value"}," gündə"],"two":[{"t":"idOrVar","v":"value"}," gündə"],"zero":"bu gün"},"$x":[{"t":"idOrVar","v":"plural"},"value"]},{"$i":"days-until-short","$v":{"other":[{"t":"idOrVar","v":"value"}," g-də"],"zero":"bu gün"},"$x":[{"t":"idOrVar","v":"plural"},"value"]},{"$i":"hours-ago-long","$v":{"few":[{"t":"idOrVar","v":"value"}," saat əvvəl"],"many":[{"t":"idOrVar","v":"value"}," saat əvvəl"],"one":"bir saat əvvəl","other":[{"t":"idOrVar","v":"value"}," saat əvvəl"],"two":[{"t":"idOrVar","v":"value"}," saat əvvəl"],"zero":"indicə"},"$x":[{"t":"idOrVar","v":"plural"},"value"]},{"$i":"hours-ago-short","$v":{"other":[{"t":"idOrVar","v":"value"},"s əvvəl"],"zero":"indicə"},"$x":[{"t":"idOrVar","v":"plural"},"value"]},{"$i":"hours-until-long","$v":{"few":[{"t":"idOrVar","v":"value"}," saatda"],"many":[{"t":"idOrVar","v":"value"}," saatda"],"one":"bir saatda","other":[{"t":"idOrVar","v":"value"}," saatda"],"two":[{"t":"idOrVar","v":"value"}," saatda"],"zero":"indi"},"$x":[{"t":"idOrVar","v":"plural"},"value"]},{"$i":"hours-until-short","$v":{"other":[{"t":"idOrVar","v":"value"}," s-da"],"zero":"indi"},"$x":[{"t":"idOrVar","v":"plural"},"value"]},{"$i":"incorrectDate","$v":"(yanlış tarix)"},{"$i":"minutes-ago-long","$v":{"few":[{"t":"idOrVar","v":"value"}," dəqiqə əvvəl"],"many":[{"t":"idOrVar","v":"value"}," dəqiqə əvvəl"],"one":"bir dəqiqə əvvəl","other":[{"t":"idOrVar","v":"value"}," dəqiqə əvvəl"],"two":[{"t":"idOrVar","v":"value"}," dəqiqə əvvəl"],"zero":"indicə"},"$x":[{"t":"idOrVar","v":"plural"},"value"]},{"$i":"minutes-ago-short","$v":{"other":[{"t":"idOrVar","v":"value"},"d əvvəl"],"zero":"indicə"},"$x":[{"t":"idOrVar","v":"plural"},"value"]},{"$i":"minutes-until-long","$v":{"few":[{"t":"idOrVar","v":"value"}," dəqiqədə"],"many":[{"t":"idOrVar","v":"value"}," dəqiqədə"],"one":"bir dəqiqədə","other":[{"t":"idOrVar","v":"value"}," dəqiqədə"],"two":[{"t":"idOrVar","v":"value"}," dəqiqədə"],"zero":"indi"},"$x":[{"t":"idOrVar","v":"plural"},"value"]},{"$i":"minutes-until-short","$v":{"other":[{"t":"idOrVar","v":"value"}," d-də"],"zero":"indi"},"$x":[{"t":"idOrVar","v":"plural"},"value"]},{"$i":"month-0-genitive","$v":"Yanvar"},{"$i":"month-0-long","$v":"Yanvar"},{"$i":"month-0-short","$v":"Yan"},{"$i":"month-1-genitive","$v":"Fevral"},{"$i":"month-1-long","$v":"Fevral"},{"$i":"month-1-short","$v":"Fev"},{"$i":"month-10-genitive","$v":"Noyabr"},{"$i":"month-10-long","$v":"Noyabr"},{"$i":"month-10-short","$v":"Noy"},{"$i":"month-11-genitive","$v":"Dekabr"},{"$i":"month-11-long","$v":"Dekabr"},{"$i":"month-11-short","$v":"Dek"},{"$i":"month-2-genitive","$v":"Mart"},{"$i":"month-2-long","$v":"Mart"},{"$i":"month-2-short","$v":"Mar"},{"$i":"month-3-genitive","$v":"Aprel"},{"$i":"month-3-long","$v":"Aprel"},{"$i":"month-3-short","$v":"Apr"},{"$i":"month-4-genitive","$v":"May"},{"$i":"month-4-long","$v":"May"},{"$i":"month-4-short","$v":"May"},{"$i":"month-5-genitive","$v":"İyun"},{"$i":"month-5-long","$v":"İyun"},{"$i":"month-5-short","$v":"İyun"},{"$i":"month-6-genitive","$v":"İyul"},{"$i":"month-6-long","$v":"İyul"},{"$i":"month-6-short","$v":"İyul"},{"$i":"month-7-genitive","$v":"Avqust"},{"$i":"month-7-long","$v":"Avqust"},{"$i":"month-7-short","$v":"Avq"},{"$i":"month-8-genitive","$v":"Sentyabr"},{"$i":"month-8-long","$v":"Sentyabr"},{"$i":"month-8-short","$v":"Sen"},{"$i":"month-9-genitive","$v":"Oktyabr"},{"$i":"month-9-long","$v":"Oktyabr"},{"$i":"month-9-short","$v":"Okt"},{"$i":"months-ago-long","$v":{"few":[{"t":"idOrVar","v":"value"}," ay əvvəl"],"many":[{"t":"idOrVar","v":"value"}," ay əvvəl"],"one":"sonuncu ay","other":[{"t":"idOrVar","v":"value"}," ay əvvəl"],"two":[{"t":"idOrVar","v":"value"}," ay əvvəl"],"zero":"bu ay"},"$x":[{"t":"idOrVar","v":"plural"},"value"]},{"$i":"months-until-long","$v":{"few":[{"t":"idOrVar","v":"value"}," ayda"],"many":[{"t":"idOrVar","v":"value"}," ayda"],"one":"növbəti ay","other":[{"t":"idOrVar","v":"value"}," ayda"],"two":[{"t":"idOrVar","v":"value"}," ayda"],"zero":"bu ay"},"$x":[{"t":"idOrVar","v":"plural"},"value"]},{"$i":"shortDateTimeFormat","$v":"%x %I:%M %p"},{"$i":"shortTimeFormat","$v":"%I:%M %p"},{"$i":"shortTimeFormat12","$v":"%I:%M %p"},{"$i":"shortTimeFormat24","$v":"%H:%M"},{"$i":"time_am","$v":"AM"},{"$i":"time_pm","$v":"PM"},{"$i":"weekday-0-long","$v":"Bazar"},{"$i":"weekday-0-short","$v":"Bazar"},{"$i":"weekday-1-long","$v":"Bazar ertəsi"},{"$i":"weekday-1-short","$v":"Bazar ertəsi"},{"$i":"weekday-2-long","$v":"Çərşənbə axşamı"},{"$i":"weekday-2-short","$v":"Çərşənbə axşamı"},{"$i":"weekday-3-long","$v":"Çərşənbə"},{"$i":"weekday-3-short","$v":"Çərşənbə"},{"$i":"weekday-4-long","$v":"Cümə axşamı"},{"$i":"weekday-4-short","$v":"Cümə axşamı"},{"$i":"weekday-5-long","$v":"Cümə"},{"$i":"weekday-5-short","$v":"Cüm"},{"$i":"weekday-6-long","$v":"Şənbə"},{"$i":"weekday-6-short","$v":"Şənbə"},{"$i":"weeks-ago-long","$v":{"few":[{"t":"idOrVar","v":"value"}," həftə əvvəl"],"many":[{"t":"idOrVar","v":"value"}," həftə əvvəl"],"one":"sonuncu həftə","other":[{"t":"idOrVar","v":"value"}," həftə əvvəl"],"two":[{"t":"idOrVar","v":"value"}," həftə əvvəl"],"zero":"bu həftə"},"$x":[{"t":"idOrVar","v":"plural"},"value"]},{"$i":"weeks-until-long","$v":{"few":[{"t":"idOrVar","v":"value"}," həftədə"],"many":[{"t":"idOrVar","v":"value"}," həftədə"],"one":"növbəti həftə","other":[{"t":"idOrVar","v":"value"}," həftədə"],"two":[{"t":"idOrVar","v":"value"}," həftədə"],"zero":"bu həftə"},"$x":[{"t":"idOrVar","v":"plural"},"value"]},{"$i":"years-ago-long","$v":{"few":[{"t":"idOrVar","v":"value"}," il əvvəl"],"many":[{"t":"idOrVar","v":"value"}," il əvvəl"],"one":"sonuncu il","other":[{"t":"idOrVar","v":"value"}," il əvvəl"],"two":[{"t":"idOrVar","v":"value"}," il əvvəl"],"zero":"bu il"},"$x":[{"t":"idOrVar","v":"plural"},"value"]},{"$i":"years-until-long","$v":{"few":[{"t":"idOrVar","v":"value"}," ildə"],"many":[{"t":"idOrVar","v":"value"}," ildə"],"one":"növbəti il","other":[{"t":"idOrVar","v":"value"}," ildə"],"two":[{"t":"idOrVar","v":"value"}," ildə"],"zero":"bu il"},"$x":[{"t":"idOrVar","v":"plural"},"value"]},{"$i":"dateTimeFormat_%X","$v":"%I:%M:%S %p"},{"$i":"weekStartsOnMonday","$v":"0"},{"$i":"firstDayOfTheWeek","$v":"1"}]