[{"$i":"clockDateFormat","$v":"%a, %e %b"},{"$i":"deviceIsUnlocked","$v":"Прылада заблакаваная"},{"$i":"simUnlockCodeAccepted","$v":"Код разблакіроўкі SIM-карты прыняты"},{"$i":"simUnlockCodeFailed","$v":"Памылка разблакіроўкі SIM-карты"},{"$i":"eccOnly","$v":"Толькі экстраныя выклікі"},{"$i":"emergencyCallsOnly","$v":"Толькі экстраныя выклікі"},{"$i":"lockedSim","$v":"Заблакаваная SIM-карта"},{"$i":"noService","$v":"Не абслугоўваецца"},{"$i":"noSimCard","$v":"Няма SIM-карткі"},{"$i":"searching","$v":"Ідзе пошук..."},{"$i":"airplane-mode","$v":"Рэжым \"У самалёце"},{"$i":"bluetooth","$v":"Bluetooth"},{"$i":"brightness","$v":"Яркасць"},{"$i":"calculator","$v":"Калькулятар"},{"$i":"camera","$v":"Камера"},{"$i":"cellular-data","$v":"Мабільны інтэрнэт"},{"$i":"confirm-to-uninstall-app","$v":["Выдаліць праграму ",{"t":"idOrVar","v":"appName"},"?"]},{"$i":"flashlight","$v":"Ліхтарык"},{"$i":"instant-settings","$v":"імгненныя настройкі"},{"$i":"off","$v":"Выкл"},{"$i":"on","$v":"Укл"},{"$i":"shortcuts","$v":"Спалуч. клавіш"},{"$i":"uninstall","$v":"Выдаліць"},{"$i":"volume","$v":"Гучнасць"},{"$i":"wifi","$v":"Wi-Fi"},{"$i":"percentage-number","$v":[{"t":"idOrVar","v":"number"},"%"]},{"$i":"all-apps","$v":"Усе праграмы"},{"$i":"scImei","$v":"IMEI"},{"$i":"scMeid","$v":"Ідэнтыфікатар мабільнага абсталявання (MEID)"},{"$i":"scUssd","$v":"USSD"},{"$i":"CallFailed","$v":"Памылка выкліку"},{"$i":"GenericFailure","$v":"Агульны збой"},{"$i":"add-smart-collections","$v":"Дадаць Smart-калекцыі"},{"$i":"add-to-existing-contact","$v":"Дад. да існ. кант."},{"$i":"alert-for-contacts-without-number","$v":"Няма наяўных кантактаў з нумарам тэлефона."},{"$i":"app-title","$v":"Мае праграмы"},{"$i":"app-uninstall","$v":[{"t":"idOrVar","v":"name"}," выдалены"]},{"$i":"assign","$v":"Прызначыць"},{"$i":"assign-speed-dial","$v":["Кантакт не быў дададзены на кнопку хуткага набору ",{"t":"idOrVar","v":"n"},". Прызначыць?"]},{"$i":"assign-voicemail","$v":"Нумар галасавой пошты не быў настроены."},{"$i":"call","$v":"Выклік"},{"$i":"callAirplaneModeMessage","$v":"Каб зрабіць выклік, трэба адключыць рэжым \"У самалёце\" у настройках."},{"$i":"callAirplaneModeTitle","$v":"Рэжым \"У самалёце\" уключаны"},{"$i":"cancel","$v":"Скасаваць"},{"$i":"change-wallpaper","$v":"Змяніць шпалеры"},{"$i":"clocks-updated","$v":"Гадзіннікі абноўлены"},{"$i":"confirmation","$v":"Пацверджанне"},{"$i":"contacts","$v":"Кантакты"},{"$i":"create-new-contact","$v":"Ствар. новы кант."},{"$i":"delete","$v":"Выдаліць"},{"$i":"delete-body","$v":[{"t":"idOrVar","v":"name"}," і ўсе даныя гэтага кантакту будуць выдалены."]},{"$i":"delete-title","$v":["Выдаліць ",{"t":"idOrVar","v":"name"}]},{"$i":"edit","$v":"Рэдагаваць"},{"$i":"edit-done","$v":"Гатова"},{"$i":"edit-group-header","$v":"Рэдагаваць групу"},{"$i":"edit-mode","$v":"Рэдагаваць"},{"$i":"emergency-call-error","$v":["Нумар ",{"t":"idOrVar","v":"number"}," не з'яўляецца экстраным."]},{"$i":"emergency-call-only","$v":"Толькі экстраны выклік"},{"$i":"emergencyDialogBodyBadNumber","$v":"Каб зрабіць выклік, тэлефон павінен быць падключаны да сеткі."},{"$i":"emergencyDialogBodyDeviceNotAccepted","$v":"Экстраныя выклікі не дазволены сеткай."},{"$i":"emergencyDialogTitle","$v":"Няма падключэння да сеткі"},{"$i":"fax-home","$v":"Хатні факс"},{"$i":"fax-office","$v":"Працоўны факс"},{"$i":"fax-other","$v":"Іншы факс"},{"$i":"fdnIsActiveMessage","$v":["Функцыя FDN (фіксаваны набор нумароў) уключана, і наступны нумар не знаходзіцца ў вашым спісе FDN: ",{"t":"idOrVar","v":"number"}]},{"$i":"fdnIsActiveTitle","$v":"FDN актыўна"},{"$i":"gaia-shortcut-app-updated","$v":"Праграма абноўлена"},{"$i":"grid-view","$v":"Прагляд сеткі"},{"$i":"home","$v":"Хатні"},{"$i":"homescreen-settings","$v":"Настройкі хатняга экрана"},{"$i":"invalidNumberToDialMessage","$v":"Нумар тэлефона, па якім вы званіце, несапраўдны."},{"$i":"invalidNumberToDialTitle","$v":"Няправільны нумар тэлефона"},{"$i":"list-view","$v":"Прагляд спісам"},{"$i":"longDateFormat","$v":"%A, %B %e"},{"$i":"menu","$v":"Меню"},{"$i":"message","$v":"Паведамленне"},{"$i":"mobile","$v":"Мабільны"},{"$i":"more","$v":"Яшчэ"},{"$i":"move","$v":"Перамясціць"},{"$i":"notifications","$v":"Заўвагі"},{"$i":"numberIsBusyMessage","$v":"Номер зараз заняты. Паўтарыце спробу пазней."},{"$i":"numberIsBusyTitle","$v":"Нумар заняты"},{"$i":"ok","$v":"ОК"},{"$i":"option-remove","$v":"Выдаліць з хуткага набору"},{"$i":"option-replace","$v":"Замяніць"},{"$i":"options","$v":"Опцыі"},{"$i":"otherConnectionInUseMessage","$v":"У вас актыўны выклік на іншым падлучэнні. Адначасова можна карыстацца толькі адным падлучэннем."},{"$i":"otherConnectionInUseTitle","$v":"Выкар. іншае падкл."},{"$i":"personal","$v":"Персанальны"},{"$i":"remove","$v":"Выдаліць"},{"$i":"remove-speed-dial","$v":["Напэўна хочаце выдаліць ",{"t":"idOrVar","v":"name"}," з хуткага набору?"]},{"$i":"replace","$v":"Замяніць"},{"$i":"replace-speed-dial","$v":["Напэўна хочаце замяніць ",{"t":"idOrVar","v":"name"}," назвай ",{"t":"idOrVar","v":"subName"}," ?"]},{"$i":"resume-download-action","$v":"Спампаваць"},{"$i":"resume-download-body","$v":["Хочаце спампаваць ",{"t":"idOrVar","v":"name"},"?"]},{"$i":"resume-download-title","$v":"Зноў пачаць спамп."},{"$i":"scCallBarring","$v":"Забарона выкліку"},{"$i":"scCallForwarding","$v":"Перанакіраванне выкліку"},{"$i":"scCallWaiting","$v":"Чаканне выкліку"},{"$i":"scClip","$v":"Ідэнтыфікатар уваходзячага абанента"},{"$i":"scClir","$v":"Ідэнтыф. вых. абанента"},{"$i":"scPin","$v":"Змена PIN"},{"$i":"scPin2","$v":"Змена PIN2"},{"$i":"scPuk","$v":"Разблакаваць PIN"},{"$i":"scPuk2","$v":"Разблакаваць PIN2"},{"$i":"scPwd","$v":"Змена пароля"},{"$i":"search-or-enter-address","placeholder":"Шукаць або ўвесці адрас"},{"$i":"select","$v":"Выбраць"},{"$i":"sending","$v":"Адпраўляецца…"},{"$i":"set","$v":"Настроіць"},{"$i":"settings","$v":"Настройкі"},{"$i":"single-view","$v":"Прагляд па адным"},{"$i":"skip","$v":"Прапусціць"},{"$i":"speed-dial","$v":"Хуткі набор"},{"$i":"speed-dial-empty","ariaLabel":[{"t":"idOrVar","v":"order"},", пуста"]},{"$i":"speed-dial-not-empty","ariaLabel":[{"t":"idOrVar","v":"order"},", ",{"t":"idOrVar","v":"name"}]},{"$i":"stop-download-action","$v":"Спыніць"},{"$i":"stop-download-body","$v":"Хочаце спыніць спампаванне, што яшчэ ідзе?"},{"$i":"stop-download-title","$v":["Спыніць ",{"t":"idOrVar","v":"name"}]},{"$i":"tcl-wallpaper-changed","$v":"Шпалера зменена"},{"$i":"video-call","$v":"Відэавыклік"},{"$i":"voicemail","$v":"Галасавая пошта"},{"$i":"work","$v":"Праца"},{"$i":"apps","$v":"Праграмы"},{"$i":"nocard-eccOnly","$v":"No SIM card-Emergency calls only"},{"$i":"unusablecard-eccOnly","$v":"Unusable SIM card-Emergency calls only"},{"$i":"apn-sim1","$v":"Настройкі APN — SIM1"},{"$i":"apn-sim2","$v":"Настройкі APN — SIM2"},{"$i":"apnConfigPrepay","$v":"Папярэдняя аплата"},{"$i":"apnConfigPostpay","$v":"Аплата з адтэрміноўкай"},{"$i":"apn-defaultconfig-message","$v":"Наладзьце, які паказваць тып APN"},{"$i":"apnDefaultConfig","$v":"Стандартная канфігурацыя APN"},{"$i":"without-sim-new","$v":[{"t":"idOrVar","v":"index"}]},{"$i":"with-sim-new","$v":[{"t":"idOrVar","v":"index"}," - ",{"t":"idOrVar","v":"carrier"}]},{"$i":"sim-with-index-and-carrier","$v":["SIM ",{"t":"idOrVar","v":"index"}," — ",{"t":"idOrVar","v":"carrier"}]},{"$i":"sim-without-carrier","$v":["SIM-картка ",{"t":"idOrVar","v":"index"}]},{"$i":"call-forwarding-voice-after-seconds","$v":["Голас: ",{"t":"idOrVar","v":"voice"}," праз ",{"t":"idOrVar","v":"timeSeconds"}," с"]},{"$i":"addNewNumber","$v":"Дадаць новы нумар"},{"$i":"addToExistingContact","$v":"Дад. да існ. кант."},{"$i":"all","$v":"Усе","ariaLabel":"Усе"},{"$i":"bluetooth-handsfree-device","$v":"Прылада з гарнітурай Bluetooth"},{"$i":"bluetoothOption","ariaLabel":"Bluetooth"},{"$i":"callDurationHours","$v":[{"t":"idOrVar","v":"h"},":",{"t":"idOrVar","v":"m"},":",{"t":"idOrVar","v":"s"}]},{"$i":"callDurationMinutes","$v":[{"t":"idOrVar","v":"m"},":",{"t":"idOrVar","v":"s"}]},{"$i":"callDurationTextFormatHours","$v":[{"t":"idOrVar","v":"h"}," гадз ",{"t":"idOrVar","v":"m"}," хв ",{"t":"idOrVar","v":"s"}," с"]},{"$i":"callDurationTextFormatMinutes","$v":[{"t":"idOrVar","v":"m"}," хв ",{"t":"idOrVar","v":"s"}," с"]},{"$i":"callDurationTextFormatSeconds","$v":[{"t":"idOrVar","v":"s"}," с"]},{"$i":"callEnded","$v":"Выклік скончаны"},{"$i":"callInformation","$v":"Інфармацыя аб выкліку"},{"$i":"callLog","$v":"Журнал выклікаў"},{"$i":"callLogEdit","title":"Рэдагаваць журнал выклікаў"},{"$i":"callLogEditDialog","ariaLabel":"Рэдагаваць дыялог журнала выклікаў"},{"$i":"caller-left-call","$v":["Карыстальнік ",{"t":"idOrVar","v":"caller"}," выйшаў з выкліку."]},{"$i":"calllog-all","$v":"Усе"},{"$i":"calllog-deselectAll","$v":"Адмяніць выбар усяго"},{"$i":"calllog-none","$v":"Няма"},{"$i":"calllog-selectAll","$v":"Выбраць усе"},{"$i":"canceled","$v":"Адменена"},{"$i":"clear-all-text","$v":"выдаліць увесь тэкст"},{"$i":"close","$v":"Закрыць"},{"$i":"composeEmail","ariaLabel":"Электронная пошта"},{"$i":"conferenceAddError","$v":"Немагчыма злучыць выклікі"},{"$i":"conferenceCall","$v":["Канферэнцыя (",{"t":"idOrVar","v":"n"},")"]},{"$i":"conferenceRemoveError","$v":"Немагчыма адлучыць выклікі"},{"$i":"confirm-deletion","$v":"Ачысціць выбраныя выклікі?"},{"$i":"connecting","$v":"Падлучаецца"},{"$i":"connectingEllipsis","$v":"Злучаецца…"},{"$i":"contactDetails","$v":"Дэталі кантакту"},{"$i":"createNewContact","$v":"Ствар. новы кантакт"},{"$i":"delete-n-log?","$v":{"few":["Выдаліць журналы: ",{"t":"idOrVar","v":"n"},"?"],"many":["Выдаліць журналы: ",{"t":"idOrVar","v":"n"},"?"],"one":"Выдаліць выбраны журнал?","other":["Выдаліць журналы: ",{"t":"idOrVar","v":"n"},"?"],"two":["Выдаліць журналы: ",{"t":"idOrVar","v":"n"},"?"],"zero":"Нічога не выбрана"},"$x":[{"t":"idOrVar","v":"plural"},"n"]},{"$i":"deselect","$v":"Адмяніць выбар"},{"$i":"dialed","$v":"Набрана"},{"$i":"dialer-prompt","$v":"Набярыце нумар або выберыце кантакт, каб дадаць да выкліку"},{"$i":"dialerAddContact","ariaLabel":"Дадаць кантакт"},{"$i":"dialerAddContactDialog","ariaLabel":"Дад. дыялог кант."},{"$i":"edit-selected","$v":{"few":["выбрана(",{"t":"idOrVar","v":"n"},")"],"many":["выбрана(",{"t":"idOrVar","v":"n"},")"],"one":["выбрана(",{"t":"idOrVar","v":"n"},")"],"other":["выбрана(",{"t":"idOrVar","v":"n"},")"],"two":["выбрана(",{"t":"idOrVar","v":"n"},")"]},"$x":[{"t":"idOrVar","v":"plural"},"n"]},{"$i":"emailDetail","ariaLabel":"Электронная пошта"},{"$i":"from-contact","$v":["Ад ",{"t":"idOrVar","v":"contact"}]},{"$i":"from-number","$v":["Ад ",{"t":"idOrVar","v":"number"}]},{"$i":"from-withheld-number","$v":"З невядомага нумара"},{"$i":"hangup-a11y-button","ariaLabel":"Павесіць слухаўку"},{"$i":"hide","$v":"Схаваць"},{"$i":"hideKeypad","ariaLabel":"Схаваць клавіятуру"},{"$i":"hold","ariaLabel":"Утрымліваць"},{"$i":"hours","$v":"гадзіны"},{"$i":"ignore","$v":"Ігнараваць выклік"},{"$i":"incoming","$v":"Уваходныя"},{"$i":"incoming-call","$v":"Уваходны выклік"},{"$i":"info-missed","$v":"Прапушчаныя"},{"$i":"keypad","ariaLabel":"Клавіятура"},{"$i":"log-item","$v":"Параметры"},{"$i":"makeCall","ariaLabel":"Зрабіць выклік"},{"$i":"merge","ariaLabel":"Зліць"},{"$i":"minutes","$v":"хвілін(-ы)"},{"$i":"missed","$v":"Прапушчаныя","ariaLabel":"Прапушчаныя"},{"$i":"missedCall","$v":"Прапушчаны выклік"},{"$i":"missedCallMultiSims","$v":["(SIM-карта ",{"t":"idOrVar","v":"n"},") прапушчаны выклік"]},{"$i":"mmi-error","$v":"Падчас адпраўкі паведамлення адбылася памылка"},{"$i":"mmi-notification-title-with-sim","$v":["(",{"t":"idOrVar","v":"sim"},") ",{"t":"idOrVar","v":"title"}]},{"$i":"mmi-session-expired","$v":"Час сесіі скончыўся"},{"$i":"mmi-successfully-sent","$v":"Паведамленне паспяхова адпраўлена"},{"$i":"mute","ariaLabel":"Выкл. мікрафон"},{"$i":"newCall","ariaLabel":"Новы выклік"},{"$i":"no-logs-msg-1","$v":"Няма запісаных выклікаў"},{"$i":"no-logs-msg-2","$v":"Пачаць зносіны"},{"$i":"no-logs-msg-3","$v":"Няма запісаных выклікаў"},{"$i":"no-logs-msg-4","$v":"Пачаць зносіны"},{"$i":"no-recent-numbers","$v":"У журнале выклікаў няма нядаўніх нумароў для набору."},{"$i":"onHoldOption","ariaLabel":"На ўтр."},{"$i":"outgoing","$v":"Зыходныя"},{"$i":"outgoing-call","$v":"Зыходны выклік"},{"$i":"phoneDetail","ariaLabel":"Тэлефон"},{"$i":"pickup-a11y-button","ariaLabel":"Падабраць"},{"$i":"received","$v":"Прынятыя"},{"$i":"receiver","$v":"Атрымальнік"},{"$i":"recents","ariaLabel":"Нядаўнія выклікі"},{"$i":"reply","$v":"Адказаць"},{"$i":"resume","$v":"Узнавіць","ariaLabel":"Узнавіць"},{"$i":"search-results","$v":"Вынікі пошуку"},{"$i":"seconds","$v":"секунды"},{"$i":"select-audio-sources","$v":"Выбраць крыніцы аўдыя"},{"$i":"send","$v":"Адправіць"},{"$i":"send-sms-button","ariaLabel":"SMS-паведамленне"},{"$i":"sendSms","$v":"Адправіць паведамленне"},{"$i":"separator","$v":","},{"$i":"sim-number","$v":["SIM-картка",{"t":"idOrVar","v":"n"}]},{"$i":"speaker","$v":"Дынамік"},{"$i":"speakerOption","ariaLabel":"Дынамік"},{"$i":"suggestionMatches","$v":{"few":["Супадзенняў з \"",{"t":"idOrVar","v":"matchNumber"},"\": ",{"t":"idOrVar","v":"n"}],"many":["Супадзенняў з \"",{"t":"idOrVar","v":"matchNumber"},"\": ",{"t":"idOrVar","v":"n"}],"one":[{"t":"idOrVar","v":"n"}," супадзенне з \"",{"t":"idOrVar","v":"matchNumber"}],"other":["Супадзенняў з \"",{"t":"idOrVar","v":"matchNumber"},"\": ",{"t":"idOrVar","v":"n"}],"two":["Супадзенняў з \"",{"t":"idOrVar","v":"matchNumber"},"\": ",{"t":"idOrVar","v":"n"}]},"$x":[{"t":"idOrVar","v":"plural"},"n"]},{"$i":"switch-calls","$v":"Памяняць выклікі"},{"$i":"tcl-assign","$v":"Прызначыць"},{"$i":"tcl-assign-speed-dial","$v":{"$o":["Кантакт не быў дададзены ў хуткі набор на кнопке \"",{"t":"idOrVar","v":"speedDial"},"\"<br></br>Прызначыць?"]}},{"$i":"tcl-call-log-delete-group-notification","$v":[{"t":"idOrVar","v":"n"}," элементы(-аў) выдалены(-а)"]},{"$i":"tcl-calllog-entry-removed-err-notification","$v":"Неагчыма выдаліць запіс у журналы выклікаў"},{"$i":"tcl-calllog-entry-removed-succ-notification","$v":"Запіс журналу выклікаў выдалена"},{"$i":"tcl-cancel","$v":"Скасаваць"},{"$i":"tcl-confirmation","$v":"Пацверджанне"},{"$i":"tcl-delete-log","$v":"Напэўна хочаце выдаліць выбраныя запісы з журнала выклікаў?"},{"$i":"tcl-dialer","$v":"Набіральнік"},{"$i":"tcl-edit-not-selected","$v":"выбрана(0)"},{"$i":"tcl-option-menu-call-log-edit","$v":"Рэдагаваць журнал выклікаў"},{"$i":"today","$v":"Сёння"},{"$i":"toggleKeypad","ariaLabel":"Пераключыць клавіятуру"},{"$i":"type-your-response","placeholder":"Напішыце адказ…"},{"$i":"unknown","$v":"Невяд."},{"$i":"unlock-a11y-button","ariaLabel":"Слайдэр"},{"$i":"ussd-services","$v":["Сэрвісы ",{"t":"idOrVar","v":"operator"}]},{"$i":"via-sim","$v":["праз SIM",{"t":"idOrVar","v":"n"}]},{"$i":"view-all","$v":"Глядзець усе"},{"$i":"wifi-calling","$v":"Выклікі па Wi-Fi"},{"$i":"withheld-number","$v":"Невяд."},{"$i":"yesterday","$v":"Учора"},{"$i":"SimPin2","$v":"Код PIN2 SIM-карткі"},{"$i":"SimPuk2","$v":"Код PUK2 SIM-карткі"},{"$i":"serviceClassFax","$v":"ФАКС"},{"$i":"serviceClassPad","$v":"PAD"},{"$i":"serviceClassSms","$v":"SMS"},{"$i":"DialModifiedToDial","$v":"Dial modified to dial"},{"$i":"DialModifiedToSs","$v":"Dial modified to SS"},{"$i":"DialModifiedToUssd","$v":"Dial modified to USSD"},{"$i":"FdnCheckFailure","$v":"Памылка праверкі FDN"},{"$i":"IllegalSimOrMe","$v":"Нелегальная SIM або ME"},{"$i":"InvalidParameter","$v":"Няправільны параметр"},{"$i":"ModeNotSupported","$v":"Рэжым не падтрымліваецца"},{"$i":"OpNotAllowedDuringVoiceCall","$v":"Апер. не дазв. у гал. выкл."},{"$i":"PasswordIncorrect","$v":"Няправільны пароль"},{"$i":"RadioNotAvailable","$v":"Radio not available"},{"$i":"RejectedByRemote","$v":"Адхілена аддал.карыст."},{"$i":"RequestNotSupported","$v":"Справаздача не падтрымліваецца"},{"$i":"ServiceIsDisabled","$v":"Сэрвіс адключаны"},{"$i":"ServiceIsEnabled","$v":"Сэрвіс уключаны"},{"$i":"ServiceIsEnabledFor","$v":"Сэрвіс уключаны для:"},{"$i":"SimAbsent","$v":"SIM-карткі няма"},{"$i":"SmsSendFailRetry","$v":"SMS send fail retry"},{"$i":"SsModifiedToDial","$v":"SS зменена на набор"},{"$i":"SsModifiedToSs","$v":"SS зменена на SS"},{"$i":"SsModifiedToUssd","$v":"SS зменена на USSD"},{"$i":"SubscriptionNotAvailable","$v":"Падпіска недаступна"},{"$i":"SubscriptionNotSupported","$v":"Падпіска не падтрымліваецца"},{"$i":"UssdModifiedToDial","$v":"USSD зменены на набор"},{"$i":"UssdModifiedToSs","$v":"USSD зменены на SS"},{"$i":"UssdModifiedToUssd","$v":"USSD зменены на USSD"},{"$i":"call-forwarding-async","$v":["Дэсінхранізаваны: ",{"t":"idOrVar","v":"async"}]},{"$i":"call-forwarding-data","$v":["Даныя: ",{"t":"idOrVar","v":"data"}]},{"$i":"call-forwarding-error","$v":"Падчас атрымання стану перанакіравання выкліку адбылася памылка"},{"$i":"call-forwarding-fax","$v":["ФАКС: ",{"t":"idOrVar","v":"fax"}]},{"$i":"call-forwarding-inactive","$v":"Неактыўны"},{"$i":"call-forwarding-packet","$v":["Пакет: ",{"t":"idOrVar","v":"packet"}]},{"$i":"call-forwarding-pad","$v":["PAD: ",{"t":"idOrVar","v":"pad"}]},{"$i":"call-forwarding-sms","$v":["SMS: ",{"t":"idOrVar","v":"sms"}]},{"$i":"call-forwarding-status","$v":"Статус перанакіравання выкліку"},{"$i":"call-forwarding-sync","$v":["Сінхронна: ",{"t":"idOrVar","v":"sync"}]},{"$i":"call-forwarding-voice","$v":["Голас: ",{"t":"idOrVar","v":"voice"}]},{"$i":"emMmiError","$v":"Праблема падлучэння або няправільны код MMI"},{"$i":"emMmiErrorBadPin","$v":"Стары PIN, які вы ўвялі, няправільны."},{"$i":"emMmiErrorBadPuk","$v":"Уведзены PUK няправільны"},{"$i":"emMmiErrorEnablePin","$v":"Беспаспяхова. Уключыць блакіраванне SIM/RUIM LOCK"},{"$i":"emMmiErrorInvalidAction","$v":"Несапраўднае дзеянне"},{"$i":"emMmiErrorInvalidPin","$v":"Увесці PIN з 4 або 8 лічбаў"},{"$i":"emMmiErrorInvalidScCode","$v":"Няправільны сэрвісны код"},{"$i":"emMmiErrorMismatchPin","$v":"PIN-коды, якія вы ўвялі, не супадаюць"},{"$i":"emMmiErrorMmiFdn","$v":"Апер. дазв. толькі для нум. фікс. наб."},{"$i":"emMmiErrorNeedPuk2","$v":"Увядзіце PUK2, каб разблакаваць SIM-карту"},{"$i":"emMmiErrorNeedsPuk","$v":"Ваша SIM-картка заблакіравана PUK-кодам"},{"$i":"emMmiErrorNotSupported","$v":"Код MMI няправільны або не падтрымліваецца"},{"$i":"emMmiErrorPasswordIncorrect","$v":"Няправільны пароль"},{"$i":"emMmiErrorPinPukAttempts","$v":{"few":["Засталося паўторных спроб: ",{"t":"idOrVar","v":"n"}],"many":["Засталося паўторных спроб: ",{"t":"idOrVar","v":"n"}],"one":["Заст. толькі ",{"t":"idOrVar","v":"n"}," спр."],"other":["Засталося паўторных спроб: ",{"t":"idOrVar","v":"n"}],"two":["Засталося паўторных спроб: ",{"t":"idOrVar","v":"n"}]},"$x":[{"t":"idOrVar","v":"plural"},"n"]},{"$i":"emMmiErrorSimBlocked","$v":"Перавышана максімальная колькасць паўторных спроб. SIM-картка заблакавана"},{"$i":"emMmiErrorStkCcSsDial","$v":"Запыт SS зменены на запыт НАБОРА"},{"$i":"emMmiErrorStkCcSsSs","$v":"Запыт SS зменены на новы запыт SS"},{"$i":"emMmiErrorStkCcSsUssd","$v":"Зап. SS змен. на зап. USSD"},{"$i":"emMmiErrorStkCcUssdDial","$v":"Запыт USSD зменены на запыт DIAL"},{"$i":"emMmiErrorStkCcUssdSs","$v":"Запыт USSD зменены на запыт SS"},{"$i":"emMmiErrorStkCcUssdUssd","$v":"Запыт USSD зменены на новы запыт USSD"},{"$i":"fihVersion","$v":"Версія FIH"},{"$i":"imeiAndSvn","$v":"IMEI і SVN"},{"$i":"internalVersion","$v":"Унутраная версія"},{"$i":"serviceClassData","$v":"Даныя"},{"$i":"serviceClassDataAsync","$v":"Дэсінхранізацыя"},{"$i":"serviceClassDataSync","$v":"Сінхранізацыя"},{"$i":"serviceClassPacket","$v":"Пакет"},{"$i":"serviceClassVoice","$v":"Галасавыя"},{"$i":"smClirDefaultOffNextCallOff","$v":"Стандартны ідэнтыфікатар абанента не абмежаваны. Наступны выклік: не абмежаваны"},{"$i":"smClirDefaultOffNextCallOn","$v":"Стандартны ідэнтыфікатар абанента не абмежаваны. Наступны выклік: абмежаваны"},{"$i":"smClirDefaultOnNextCallOff","$v":"Стандартны ідэнтыфікатар абанента абмежаваны. Наступны выклік: не абмежаваны"},{"$i":"smClirDefaultOnNextCallOn","$v":"Станд. ідэнт. абан. абмеж. Наст. вык: абмеж."},{"$i":"smClirPermanent","$v":"Вы не можаце мяняць настройкі ідэнтыфікатара абанента"},{"$i":"smPin2Changed","$v":"PIN2 паспяхова зменены"},{"$i":"smPin2Unblocked","$v":"PIN2 паспяхова разблак."},{"$i":"smPinChanged","$v":"PIN паспяхова зменены"},{"$i":"smPinUnblocked","$v":"PIN паспяхова разблак."},{"$i":"smServiceDisabled","$v":"Сэрвіс адключаны"},{"$i":"smServiceEnabled","$v":"Сэрвіс уключаны"},{"$i":"smServiceEnabledFor","$v":"Сэрвіс уключаны для:"},{"$i":"smServiceErased","$v":"Паспяхова выдалена"},{"$i":"smServiceInterrogated","$v":"Запыт паспяховы"},{"$i":"smServiceNotProvisioned","$v":"Сэрвіс не аказваецца"},{"$i":"smServiceRegistered","$v":"Рэгістрацыя паспяховая"},{"$i":"another","$v":"Іншы(-ая)"},{"$i":"current","$v":"Бягучы"},{"$i":"customTag","$v":"Карыстальніцкая ўкладка","placeholder":"Карыстальніцкая ўкладка"},{"$i":"faxHome","$v":"Хатні факс"},{"$i":"faxOffice","$v":"Працоўны факс"},{"$i":"faxOther","$v":"Іншы факс"},{"$i":"itemWithLabel","$v":[{"t":"idOrVar","v":"label"},", ",{"t":"idOrVar","v":"item"}]},{"$i":"label","$v":"Метка"},{"$i":"other","$v":"Іншае"},{"$i":"tcl-customTag","$v":"Карыстальніцкая ўкладка"},{"$i":"dateTimeFormat_%c","$v":"%a %b %e %Y %I:%M:%S %p"},{"$i":"dateTimeFormat_%x","$v":"%m/%d/%Y"},{"$i":"days-ago-long","$v":{"few":["Дзён таму: ",{"t":"idOrVar","v":"value"}],"many":["Дзён таму: ",{"t":"idOrVar","v":"value"}],"one":"учора","other":["Дзён таму: ",{"t":"idOrVar","v":"value"}],"two":["Дзён таму: ",{"t":"idOrVar","v":"value"}],"zero":"сёння"},"$x":[{"t":"idOrVar","v":"plural"},"n"]},{"$i":"days-ago-short","$v":{"other":[{"t":"idOrVar","v":"value"},"д таму"],"zero":"сёння"},"$x":[{"t":"idOrVar","v":"plural"},"n"]},{"$i":"days-until-long","$v":{"few":["праз ",{"t":"idOrVar","v":"value"}," дні(дзён)"],"many":["праз ",{"t":"idOrVar","v":"value"}," дні(дзён)"],"one":"заўтра","other":["праз ",{"t":"idOrVar","v":"value"}," дні(дзён)"],"two":["праз ",{"t":"idOrVar","v":"value"}," дні(дзён)"],"zero":"сёння"},"$x":[{"t":"idOrVar","v":"plural"},"n"]},{"$i":"days-until-short","$v":{"other":["праз ",{"t":"idOrVar","v":"value"},"д"],"zero":"сёння"},"$x":[{"t":"idOrVar","v":"plural"},"n"]},{"$i":"hours-ago-long","$v":{"few":["Гадзін таму: ",{"t":"idOrVar","v":"value"}],"many":["Гадзін таму: ",{"t":"idOrVar","v":"value"}],"one":"гадзіну таму","other":["Гадзін таму: ",{"t":"idOrVar","v":"value"}],"two":["Гадзін таму: ",{"t":"idOrVar","v":"value"}],"zero":"толькі цяпер"},"$x":[{"t":"idOrVar","v":"plural"},"n"]},{"$i":"hours-ago-short","$v":{"other":[{"t":"idOrVar","v":"value"},"гадз таму"],"zero":"толькі цяпер"},"$x":[{"t":"idOrVar","v":"plural"},"n"]},{"$i":"hours-until-long","$v":{"few":["праз ",{"t":"idOrVar","v":"value"}," гадзін(-ы)"],"many":["праз ",{"t":"idOrVar","v":"value"}," гадзін(-ы)"],"one":"праз гадзіну","other":["праз ",{"t":"idOrVar","v":"value"}," гадзін(-ы)"],"two":["праз ",{"t":"idOrVar","v":"value"}," гадзін(-ы)"],"zero":"цяпер"},"$x":[{"t":"idOrVar","v":"plural"},"n"]},{"$i":"hours-until-short","$v":{"other":["праз ",{"t":"idOrVar","v":"value"},"гадз"],"zero":"цяпер"},"$x":[{"t":"idOrVar","v":"plural"},"n"]},{"$i":"incorrectDate","$v":"(няправільная дата)"},{"$i":"minutes-ago-long","$v":{"few":["Хвілін таму: ",{"t":"idOrVar","v":"value"}],"many":["Хвілін таму: ",{"t":"idOrVar","v":"value"}],"one":"хвіліну таму","other":["Хвілін таму: ",{"t":"idOrVar","v":"value"}],"two":["Хвілін таму: ",{"t":"idOrVar","v":"value"}],"zero":"толькі цяпер"},"$x":[{"t":"idOrVar","v":"plural"},"n"]},{"$i":"minutes-ago-short","$v":{"other":[{"t":"idOrVar","v":"value"},"хв таму"],"zero":"толькі цяпер"},"$x":[{"t":"idOrVar","v":"plural"},"n"]},{"$i":"minutes-until-long","$v":{"few":["праз ",{"t":"idOrVar","v":"value"}," хвілін(-ы)"],"many":["праз ",{"t":"idOrVar","v":"value"}," хвілін(-ы)"],"one":"праз хвіліну","other":["праз ",{"t":"idOrVar","v":"value"}," хвілін(-ы)"],"two":["праз ",{"t":"idOrVar","v":"value"}," хвілін(-ы)"],"zero":"цяпер"},"$x":[{"t":"idOrVar","v":"plural"},"n"]},{"$i":"minutes-until-short","$v":{"other":["праз ",{"t":"idOrVar","v":"value"},"хв"],"zero":"цяпер"},"$x":[{"t":"idOrVar","v":"plural"},"n"]},{"$i":"month-0-genitive","$v":"Студзень"},{"$i":"month-0-long","$v":"Студзень"},{"$i":"month-0-short","$v":"Сту"},{"$i":"month-1-genitive","$v":"Люты"},{"$i":"month-1-long","$v":"Люты"},{"$i":"month-1-short","$v":"Лют"},{"$i":"month-10-genitive","$v":"Лістапад"},{"$i":"month-10-long","$v":"Лістапад"},{"$i":"month-10-short","$v":"Ліс"},{"$i":"month-11-genitive","$v":"Снежань"},{"$i":"month-11-long","$v":"Снежань"},{"$i":"month-11-short","$v":"Снж"},{"$i":"month-2-genitive","$v":"Сакавік"},{"$i":"month-2-long","$v":"Сакавік"},{"$i":"month-2-short","$v":"Сак"},{"$i":"month-3-genitive","$v":"Красавік"},{"$i":"month-3-long","$v":"Красавік"},{"$i":"month-3-short","$v":"Кра"},{"$i":"month-4-genitive","$v":"Май"},{"$i":"month-4-long","$v":"Май"},{"$i":"month-4-short","$v":"Май"},{"$i":"month-5-genitive","$v":"Чэрвень"},{"$i":"month-5-long","$v":"Чэрвень"},{"$i":"month-5-short","$v":"Чэр"},{"$i":"month-6-genitive","$v":"Ліпень"},{"$i":"month-6-long","$v":"Ліпень"},{"$i":"month-6-short","$v":"Ліп"},{"$i":"month-7-genitive","$v":"Жнівень"},{"$i":"month-7-long","$v":"Жнівень"},{"$i":"month-7-short","$v":"Жні"},{"$i":"month-8-genitive","$v":"Верасень"},{"$i":"month-8-long","$v":"Верасень"},{"$i":"month-8-short","$v":"Вер"},{"$i":"month-9-genitive","$v":"Кастрычнік"},{"$i":"month-9-long","$v":"Кастрычнік"},{"$i":"month-9-short","$v":"Кас"},{"$i":"months-ago-long","$v":{"few":["Месяцаў таму: ",{"t":"idOrVar","v":"value"}],"many":["Месяцаў таму: ",{"t":"idOrVar","v":"value"}],"one":"у мінулым месяцы","other":["Месяцаў таму: ",{"t":"idOrVar","v":"value"}],"two":["Месяцаў таму: ",{"t":"idOrVar","v":"value"}],"zero":"у гэтым месяцы"},"$x":[{"t":"idOrVar","v":"plural"},"n"]},{"$i":"months-until-long","$v":{"few":["праз ",{"t":"idOrVar","v":"value"}," месяц(-аў)"],"many":["праз ",{"t":"idOrVar","v":"value"}," месяц(-аў)"],"one":"у наступным месяцы","other":["праз ",{"t":"idOrVar","v":"value"}," месяц(-аў)"],"two":["праз ",{"t":"idOrVar","v":"value"}," месяц(-аў)"],"zero":"у гэтым месяцы"},"$x":[{"t":"idOrVar","v":"plural"},"n"]},{"$i":"shortDateTimeFormat","$v":"%x %I:%M %p"},{"$i":"shortTimeFormat","$v":"%I:%M %p"},{"$i":"shortTimeFormat12","$v":"%I:%M %p"},{"$i":"shortTimeFormat24","$v":"%H:%M"},{"$i":"time_am","$v":"Ран."},{"$i":"time_pm","$v":"PM"},{"$i":"weekday-0-long","$v":"Нядзеля"},{"$i":"weekday-0-short","$v":"Нядз"},{"$i":"weekday-1-long","$v":"Панядзелак"},{"$i":"weekday-1-short","$v":"Пан"},{"$i":"weekday-2-long","$v":"Аўторак"},{"$i":"weekday-2-short","$v":"Аўт"},{"$i":"weekday-3-long","$v":"Серада"},{"$i":"weekday-3-short","$v":"Сер"},{"$i":"weekday-4-long","$v":"Чацвер"},{"$i":"weekday-4-short","$v":"Чацв"},{"$i":"weekday-5-long","$v":"Пятніца"},{"$i":"weekday-5-short","$v":"Пят"},{"$i":"weekday-6-long","$v":"Субота"},{"$i":"weekday-6-short","$v":"Суб"},{"$i":"weeks-ago-long","$v":{"few":["Тыдняў таму: ",{"t":"idOrVar","v":"value"}],"many":["Тыдняў таму: ",{"t":"idOrVar","v":"value"}],"one":"на мінулым тыдні","other":["Тыдняў таму: ",{"t":"idOrVar","v":"value"}],"two":["Тыдняў таму: ",{"t":"idOrVar","v":"value"}],"zero":"на гэтым тыдні"},"$x":[{"t":"idOrVar","v":"plural"},"n"]},{"$i":"weeks-until-long","$v":{"few":["праз ",{"t":"idOrVar","v":"value"}," тыдні(-яў)"],"many":["праз ",{"t":"idOrVar","v":"value"}," тыдні(-яў)"],"one":"на наступным тыдні","other":["праз ",{"t":"idOrVar","v":"value"}," тыдні(-яў)"],"two":["праз ",{"t":"idOrVar","v":"value"}," тыдні(-яў)"],"zero":"на гэтым тыдні"},"$x":[{"t":"idOrVar","v":"plural"},"n"]},{"$i":"years-ago-long","$v":{"few":["Гадоў таму: ",{"t":"idOrVar","v":"value"}],"many":["Гадоў таму: ",{"t":"idOrVar","v":"value"}],"one":"у мінулым годзе","other":["Гадоў таму: ",{"t":"idOrVar","v":"value"}],"two":["Гадоў таму: ",{"t":"idOrVar","v":"value"}],"zero":"у гэтым годзе"},"$x":[{"t":"idOrVar","v":"plural"},"n"]},{"$i":"years-until-long","$v":{"few":["праз ",{"t":"idOrVar","v":"value"}," гады (год)"],"many":["праз ",{"t":"idOrVar","v":"value"}," гады (год)"],"one":"у наступным годзе","other":["праз ",{"t":"idOrVar","v":"value"}," гады (год)"],"two":["праз ",{"t":"idOrVar","v":"value"}," гады (год)"],"zero":"у гэтым годзе"},"$x":[{"t":"idOrVar","v":"plural"},"n"]},{"$i":"dateTimeFormat_%X","$v":"%I:%M:%S %p"},{"$i":"weekStartsOnMonday","$v":"0"},{"$i":"firstDayOfTheWeek","$v":"1"}]