[{"$i":"clockDateFormat","$v":"%a, %e %b"},{"$i":"deviceIsUnlocked","$v":"Устройството е отключено"},{"$i":"simUnlockCodeAccepted","$v":"Кодът за отключ. на SIM е приет"},{"$i":"simUnlockCodeFailed","$v":"Неуспешно отключ. на SIM"},{"$i":"eccOnly","$v":"Само спешни повиквания"},{"$i":"emergencyCallsOnly","$v":"Само спешни повиквания"},{"$i":"lockedSim","$v":"Закл. SIM"},{"$i":"noService","$v":"Няма покритие"},{"$i":"noSimCard","$v":"Няма SIM карта"},{"$i":"searching","$v":"Търсене…"},{"$i":"airplane-mode","$v":"Режим за самолет"},{"$i":"bluetooth","$v":"Bluetooth"},{"$i":"brightness","$v":"Яркост"},{"$i":"calculator","$v":"Калкулатор"},{"$i":"camera","$v":"Камера"},{"$i":"cellular-data","$v":"Мобилни данни"},{"$i":"confirm-to-uninstall-app","$v":["Деинсталиране на прил. ",{"t":"idOrVar","v":"appName"},"?"]},{"$i":"flashlight","$v":"Фенерче"},{"$i":"instant-settings","$v":"незабавни настройки"},{"$i":"off","$v":"Изключено"},{"$i":"on","$v":"Включено"},{"$i":"shortcuts","$v":"Бързи команди"},{"$i":"uninstall","$v":"Деинсталиране"},{"$i":"volume","$v":"Сила на звука"},{"$i":"wifi","$v":"Wi-Fi"},{"$i":"percentage-number","$v":[{"t":"idOrVar","v":"number"},"%"]},{"$i":"all-apps","$v":"Всички приложения"},{"$i":"scImei","$v":"IMEI"},{"$i":"scMeid","$v":"MEID"},{"$i":"scUssd","$v":"USSD"},{"$i":"CallFailed","$v":"Неусп. обаждане"},{"$i":"GenericFailure","$v":"Общ неуспех"},{"$i":"add-smart-collections","$v":"Добавяне на интел. колекции"},{"$i":"add-to-existing-contact","$v":"Добавяне към същ. контакт"},{"$i":"alert-for-contacts-without-number","$v":"Няма нал. контакти с тел. номер."},{"$i":"app-title","$v":"Моите приложения"},{"$i":"app-uninstall","$v":[{"t":"idOrVar","v":"name"}," беше деинсталиран"]},{"$i":"assign","$v":"Назначаване"},{"$i":"assign-speed-dial","$v":["Контактът не е добавен в бързо набиране на бутон ",{"t":"idOrVar","v":"n"},". Назначаване сега?"]},{"$i":"assign-voicemail","$v":"Номерът за гласова поща не е зададен."},{"$i":"call","$v":"Повикване"},{"$i":"callAirplaneModeMessage","$v":"За да се обадите, трябва да дезактивирате режима за самолет в настройките."},{"$i":"callAirplaneModeTitle","$v":"Режимът за самолет е акт."},{"$i":"cancel","$v":"Отмяна"},{"$i":"change-wallpaper","$v":"Промяна на тапет"},{"$i":"clocks-updated","$v":"Часовниците са актуализирани"},{"$i":"confirmation","$v":"Потвърждаване"},{"$i":"contacts","$v":"Контакти"},{"$i":"create-new-contact","$v":"Създ. нов контакт"},{"$i":"delete","$v":"Изтриване"},{"$i":"delete-body","$v":[{"t":"idOrVar","v":"name"}," и всички данни са изтрити."]},{"$i":"delete-title","$v":["Изтриване на ",{"t":"idOrVar","v":"name"}]},{"$i":"edit","$v":"Редакт."},{"$i":"edit-done","$v":"Готово"},{"$i":"edit-group-header","$v":"Редактиране на група"},{"$i":"edit-mode","$v":"Редактиране"},{"$i":"emergency-call-error","$v":[{"t":"idOrVar","v":"number"}," не е спешен номер."]},{"$i":"emergency-call-only","$v":"Само спешни повиквания"},{"$i":"emergencyDialogBodyBadNumber","$v":"За да се обадите, телефонът трябва да е свързан с мрежа."},{"$i":"emergencyDialogBodyDeviceNotAccepted","$v":"Спешните повиквания не са разрешени от мрежата."},{"$i":"emergencyDialogTitle","$v":"Няма връзка с мрежа"},{"$i":"fax-home","$v":"Факс в дома"},{"$i":"fax-office","$v":"Факс в офиса"},{"$i":"fax-other","$v":"Факс др."},{"$i":"fdnIsActiveMessage","$v":["FDN (фиксирани номера за набиране) се активират и следният номер не е в списъка ви с FDN: ",{"t":"idOrVar","v":"number"}]},{"$i":"fdnIsActiveTitle","$v":"Активни FDN"},{"$i":"gaia-shortcut-app-updated","$v":"Приложението е актуализирано"},{"$i":"grid-view","$v":"Изглед на решетка"},{"$i":"home","$v":"Домашен"},{"$i":"homescreen-settings","$v":"Настройки на нач. екран"},{"$i":"invalidNumberToDialMessage","$v":"Телефонният номер, който набирате, не е валиден."},{"$i":"invalidNumberToDialTitle","$v":"Невалиден тел. номер"},{"$i":"list-view","$v":"Спис. изглед"},{"$i":"longDateFormat","$v":"%A, %B %e"},{"$i":"menu","$v":"Меню"},{"$i":"message","$v":"Съобщение"},{"$i":"mobile","$v":"Мобилен"},{"$i":"more","$v":"Още"},{"$i":"move","$v":"Преместване"},{"$i":"notifications","$v":"Известия"},{"$i":"numberIsBusyMessage","$v":"Номерът в момента е зает. Опитайте отново по-късно."},{"$i":"numberIsBusyTitle","$v":"Номерът е зает"},{"$i":"ok","$v":"OK"},{"$i":"option-remove","$v":"Премах. от бързо набиране"},{"$i":"option-replace","$v":"Замяна"},{"$i":"options","$v":"Опции"},{"$i":"otherConnectionInUseMessage","$v":"Имате активно повикване на друга връзка. По едно и също време можете да използвате само една връзка."},{"$i":"otherConnectionInUseTitle","$v":"Изп. друга връзка"},{"$i":"personal","$v":"Лични"},{"$i":"remove","$v":"Премахване"},{"$i":"remove-speed-dial","$v":["Наистина ли искате да премахнете ",{"t":"idOrVar","v":"name"}," от бързото набиране?"]},{"$i":"replace","$v":"Замяна"},{"$i":"replace-speed-dial","$v":["Наистина ли искате да замените ",{"t":"idOrVar","v":"name"}," с ",{"t":"idOrVar","v":"subName"}," ?"]},{"$i":"resume-download-action","$v":"Изтегляне"},{"$i":"resume-download-body","$v":["Искате ли да изтеглите ",{"t":"idOrVar","v":"name"},"?"]},{"$i":"resume-download-title","$v":"Рестарт. на изтегляне"},{"$i":"scCallBarring","$v":"Блокиране повикв."},{"$i":"scCallForwarding","$v":"Прехвърл. на повикв."},{"$i":"scCallWaiting","$v":"Изчакване"},{"$i":"scClip","$v":"Вход. ИД на повикващ"},{"$i":"scClir","$v":"Изход. ИД на повикващ"},{"$i":"scPin","$v":"Промяна на PIN"},{"$i":"scPin2","$v":"Промяна на PIN2"},{"$i":"scPuk","$v":"Отблокиране на PIN"},{"$i":"scPuk2","$v":"Отблокиране на PIN2"},{"$i":"scPwd","$v":"Промяна на парола"},{"$i":"search-or-enter-address","placeholder":"Търс. или във. адрес"},{"$i":"select","$v":"Избор"},{"$i":"sending","$v":"Изпращане…"},{"$i":"set","$v":"Задаване"},{"$i":"settings","$v":"Настройки"},{"$i":"single-view","$v":"Един. изглед"},{"$i":"skip","$v":"Пропуск."},{"$i":"speed-dial","$v":"Бързо набиране"},{"$i":"speed-dial-empty","ariaLabel":[{"t":"idOrVar","v":"order"},", празно"]},{"$i":"speed-dial-not-empty","ariaLabel":[{"t":"idOrVar","v":"order"},", ",{"t":"idOrVar","v":"name"}]},{"$i":"stop-download-action","$v":"Спиране"},{"$i":"stop-download-body","$v":"Искате ли да спрете текущото изтегляне?"},{"$i":"stop-download-title","$v":["Спиране на ",{"t":"idOrVar","v":"name"}]},{"$i":"tcl-wallpaper-changed","$v":"Тапетът е променен"},{"$i":"video-call","$v":"Видеоразговор"},{"$i":"voicemail","$v":"Гласова поща"},{"$i":"work","$v":"Служебен"},{"$i":"apps","$v":"Приложения"},{"$i":"nocard-eccOnly","$v":"No SIM card-Emergency calls only"},{"$i":"unusablecard-eccOnly","$v":"Unusable SIM card-Emergency calls only"},{"$i":"apn-sim1","$v":"Настройки APN – SIM1"},{"$i":"apn-sim2","$v":"Настройки APN – SIM2"},{"$i":"apnConfigPrepay","$v":"Предв. плащане"},{"$i":"apnConfigPostpay","$v":"Заб. плащане"},{"$i":"apn-defaultconfig-message","$v":"Задайте кой вид APN да се показва"},{"$i":"apnDefaultConfig","$v":"APN конфиг. по подразб."},{"$i":"without-sim-new","$v":[{"t":"idOrVar","v":"index"}]},{"$i":"with-sim-new","$v":[{"t":"idOrVar","v":"index"}," - ",{"t":"idOrVar","v":"carrier"}]},{"$i":"sim-with-index-and-carrier","$v":["SIM ",{"t":"idOrVar","v":"index"}," – ",{"t":"idOrVar","v":"carrier"}]},{"$i":"sim-without-carrier","$v":["SIM ",{"t":"idOrVar","v":"index"}]},{"$i":"call-forwarding-voice-after-seconds","$v":["Глас.: ",{"t":"idOrVar","v":"voice"}," след ",{"t":"idOrVar","v":"timeSeconds"}," секунди"]},{"$i":"addNewNumber","$v":"Добавяне на нов номер"},{"$i":"addToExistingContact","$v":"Добавяне към същ. контакт"},{"$i":"all","$v":"Всички","ariaLabel":"Всички"},{"$i":"bluetooth-handsfree-device","$v":"Bluetooth устройство със свободни ръце"},{"$i":"bluetoothOption","ariaLabel":"Bluetooth"},{"$i":"callDurationHours","$v":[{"t":"idOrVar","v":"h"},":",{"t":"idOrVar","v":"m"},":",{"t":"idOrVar","v":"s"}]},{"$i":"callDurationMinutes","$v":[{"t":"idOrVar","v":"m"},":",{"t":"idOrVar","v":"s"}]},{"$i":"callDurationTextFormatHours","$v":[{"t":"idOrVar","v":"h"}," ч ",{"t":"idOrVar","v":"m"}," м ",{"t":"idOrVar","v":"s"}," с."]},{"$i":"callDurationTextFormatMinutes","$v":[{"t":"idOrVar","v":"m"}," м ",{"t":"idOrVar","v":"s"}," с"]},{"$i":"callDurationTextFormatSeconds","$v":[{"t":"idOrVar","v":"s"}," сек."]},{"$i":"callEnded","$v":"Край на повикването"},{"$i":"callInformation","$v":"Инф. за повик."},{"$i":"callLog","$v":"Дневник на повикванията"},{"$i":"callLogEdit","title":"Ред. на дневника на повикванията"},{"$i":"callLogEditDialog","ariaLabel":"Ред. на диалога на дн. на повикв."},{"$i":"caller-left-call","$v":[{"t":"idOrVar","v":"caller"}," напусна обаждането."]},{"$i":"calllog-all","$v":"Всички"},{"$i":"calllog-deselectAll","$v":"Размаркиране на всички"},{"$i":"calllog-none","$v":"Няма"},{"$i":"calllog-selectAll","$v":"Изберете всички"},{"$i":"canceled","$v":"Отменено"},{"$i":"clear-all-text","$v":"Изтриване на целия текст"},{"$i":"close","$v":"Затваряне"},{"$i":"composeEmail","ariaLabel":"Имейл"},{"$i":"conferenceAddError","$v":"Повикванията не могат да се слеят"},{"$i":"conferenceCall","$v":["Конферентен (",{"t":"idOrVar","v":"n"},")"]},{"$i":"conferenceRemoveError","$v":"Не може да се премахне сливането на повикванията"},{"$i":"confirm-deletion","$v":"Изтриване на избраните клетки?"},{"$i":"connecting","$v":"Свързване"},{"$i":"connectingEllipsis","$v":"Свързване…"},{"$i":"contactDetails","$v":"Подробности за контакт"},{"$i":"createNewContact","$v":"Създ. нов контакт"},{"$i":"delete-n-log?","$v":{"few":["Изтриване на ",{"t":"idOrVar","v":"n"}," дневника?"],"many":["Изтриване на ",{"t":"idOrVar","v":"n"}," дневника?"],"one":"Изтриване на избрания дневник?","other":["Изтриване на ",{"t":"idOrVar","v":"n"}," дневника?"],"two":["Изтриване на ",{"t":"idOrVar","v":"n"}," дневника?"],"zero":"Нищо не е избрано"},"$x":[{"t":"idOrVar","v":"plural"},"n"]},{"$i":"deselect","$v":"Размаркиране"},{"$i":"dialed","$v":"Набран"},{"$i":"dialer-prompt","$v":"Наберете номер или изберете контакт да добавите към обаждането"},{"$i":"dialerAddContact","ariaLabel":"Добавяне контакт"},{"$i":"dialerAddContactDialog","ariaLabel":"Доб. диал. за конт."},{"$i":"edit-selected","$v":{"few":["избрано(",{"t":"idOrVar","v":"n"},")"],"many":["избрано(",{"t":"idOrVar","v":"n"},")"],"one":["избрано(",{"t":"idOrVar","v":"n"},")"],"other":["избрано(",{"t":"idOrVar","v":"n"},")"],"two":["избрано(",{"t":"idOrVar","v":"n"},")"]},"$x":[{"t":"idOrVar","v":"plural"},"n"]},{"$i":"emailDetail","ariaLabel":"Имейл"},{"$i":"from-contact","$v":["От ",{"t":"idOrVar","v":"contact"}]},{"$i":"from-number","$v":["От ",{"t":"idOrVar","v":"number"}]},{"$i":"from-withheld-number","$v":"От непознат номер"},{"$i":"hangup-a11y-button","ariaLabel":"Затваряне"},{"$i":"hide","$v":"Скриване"},{"$i":"hideKeypad","ariaLabel":"Скриване на клавиат."},{"$i":"hold","ariaLabel":"На изчакване"},{"$i":"hours","$v":"часа"},{"$i":"ignore","$v":"Игнориране на повикване"},{"$i":"incoming","$v":"Входящо"},{"$i":"incoming-call","$v":"Вход. повикване"},{"$i":"info-missed","$v":"Пропуснати"},{"$i":"keypad","ariaLabel":"Клавиатура"},{"$i":"log-item","$v":"Опции"},{"$i":"makeCall","ariaLabel":"Напр. повикване"},{"$i":"merge","ariaLabel":"Сливане"},{"$i":"minutes","$v":"минути"},{"$i":"missed","$v":"Пропуснати","ariaLabel":"Пропуснати"},{"$i":"missedCall","$v":"Пропуснато повикване"},{"$i":"missedCallMultiSims","$v":["(SIM ",{"t":"idOrVar","v":"n"},") пропуснато пов."]},{"$i":"mmi-error","$v":"Възникна грешка при изпращане на съобщение"},{"$i":"mmi-notification-title-with-sim","$v":["(",{"t":"idOrVar","v":"sim"},") ",{"t":"idOrVar","v":"title"}]},{"$i":"mmi-session-expired","$v":"Сесията е изтекла"},{"$i":"mmi-successfully-sent","$v":"Съобщението е изпратено успешно"},{"$i":"mute","ariaLabel":"Без звук"},{"$i":"newCall","ariaLabel":"Ново повикване"},{"$i":"no-logs-msg-1","$v":"Няма записани повиквания"},{"$i":"no-logs-msg-2","$v":"Стартиране на комуник. сега"},{"$i":"no-logs-msg-3","$v":"Няма записани повиквания"},{"$i":"no-logs-msg-4","$v":"Стартиране на комуник. сега"},{"$i":"no-recent-numbers","$v":"Няма скорошни номера за набиране в дневниците."},{"$i":"onHoldOption","ariaLabel":"Зад."},{"$i":"outgoing","$v":"Изходящо"},{"$i":"outgoing-call","$v":"Изход. повикване"},{"$i":"phoneDetail","ariaLabel":"Телефон"},{"$i":"pickup-a11y-button","ariaLabel":"Вдигане"},{"$i":"received","$v":"Получени"},{"$i":"receiver","$v":"Получател"},{"$i":"recents","ariaLabel":"Скорошни повиквания"},{"$i":"reply","$v":"Отговор"},{"$i":"resume","$v":"Поднов.","ariaLabel":"Поднов."},{"$i":"search-results","$v":"Резултати от търсенето"},{"$i":"seconds","$v":"секунди"},{"$i":"select-audio-sources","$v":"Изберете аудио източници"},{"$i":"send","$v":"Изпращане"},{"$i":"send-sms-button","ariaLabel":"SMS"},{"$i":"sendSms","$v":"Изпрати съобщен."},{"$i":"separator","$v":","},{"$i":"sim-number","$v":["SIM",{"t":"idOrVar","v":"n"}]},{"$i":"speaker","$v":"Високоговорител"},{"$i":"speakerOption","ariaLabel":"Високоговорител"},{"$i":"suggestionMatches","$v":{"few":[{"t":"idOrVar","v":"n"}," съвпадения за „",{"t":"idOrVar","v":"matchNumber"},"“"],"many":[{"t":"idOrVar","v":"n"}," съвпадения за „",{"t":"idOrVar","v":"matchNumber"},"“"],"one":[{"t":"idOrVar","v":"n"}," съвпадение за „",{"t":"idOrVar","v":"matchNumber"},"“"],"other":[{"t":"idOrVar","v":"n"}," съвпадения за „",{"t":"idOrVar","v":"matchNumber"},"“"],"two":[{"t":"idOrVar","v":"n"}," съвпадения за „",{"t":"idOrVar","v":"matchNumber"},"“"]},"$x":[{"t":"idOrVar","v":"plural"},"n"]},{"$i":"switch-calls","$v":"Превкл. на повиквания"},{"$i":"tcl-assign","$v":"Назначаване"},{"$i":"tcl-assign-speed-dial","$v":{"$o":["К. не д. в б. \"",{"t":"idOrVar","v":"speedDial"},"\"<br></br>Н.?"]}},{"$i":"tcl-call-log-delete-group-notification","$v":[{"t":"idOrVar","v":"n"}," елемента са изтрити"]},{"$i":"tcl-calllog-entry-removed-err-notification","$v":"Записът от дн. на пов. не може да се прем."},{"$i":"tcl-calllog-entry-removed-succ-notification","$v":"Записът от дневника на повикв. е премахнат"},{"$i":"tcl-cancel","$v":"Отмяна"},{"$i":"tcl-confirmation","$v":"Потвърждаване"},{"$i":"tcl-delete-log","$v":"Наистина ли искате да изтриете избраните записи от дневника на повикванията?"},{"$i":"tcl-dialer","$v":"Набиране"},{"$i":"tcl-edit-not-selected","$v":"избрани(0)"},{"$i":"tcl-option-menu-call-log-edit","$v":"Ред. на дневника на повикванията"},{"$i":"today","$v":"Днес"},{"$i":"toggleKeypad","ariaLabel":"Клавиатура за превкл."},{"$i":"type-your-response","placeholder":"Напишете отговора си…"},{"$i":"unknown","$v":"Неизвестен"},{"$i":"unlock-a11y-button","ariaLabel":"Плъзгач"},{"$i":"ussd-services","$v":[{"t":"idOrVar","v":"operator"}," услуги"]},{"$i":"via-sim","$v":["чрез SIM",{"t":"idOrVar","v":"n"}]},{"$i":"view-all","$v":"Преглед на всички"},{"$i":"wifi-calling","$v":"Wi-Fi повикв."},{"$i":"withheld-number","$v":"Неизвестен"},{"$i":"yesterday","$v":"Вчера"},{"$i":"SimPin2","$v":"PIN2 за SIM"},{"$i":"SimPuk2","$v":"PUK2 за SIM"},{"$i":"serviceClassFax","$v":"ФАКС"},{"$i":"serviceClassPad","$v":"PAD"},{"$i":"serviceClassSms","$v":"SMS"},{"$i":"DialModifiedToDial","$v":"Dial modified to dial"},{"$i":"DialModifiedToSs","$v":"Dial modified to SS"},{"$i":"DialModifiedToUssd","$v":"Dial modified to USSD"},{"$i":"FdnCheckFailure","$v":"Неуспешна проверка на Fdn"},{"$i":"IllegalSimOrMe","$v":"Недопустими SIM или ME"},{"$i":"InvalidParameter","$v":"Невалиден параметър"},{"$i":"ModeNotSupported","$v":"Режимът не се поддържа"},{"$i":"OpNotAllowedDuringVoiceCall","$v":"Опер. не е разр. по време на глас. повик."},{"$i":"PasswordIncorrect","$v":"Паролата е неправилна"},{"$i":"RadioNotAvailable","$v":"Radio not available"},{"$i":"RejectedByRemote","$v":"Извадено с дистанц."},{"$i":"RequestNotSupported","$v":"Заявката не се поддържа"},{"$i":"ServiceIsDisabled","$v":"Услугата е изключена"},{"$i":"ServiceIsEnabled","$v":"Услугата е активирана"},{"$i":"ServiceIsEnabledFor","$v":"Услугата е активирана за:"},{"$i":"SimAbsent","$v":"SIM липсва"},{"$i":"SmsSendFailRetry","$v":"SMS send fail retry"},{"$i":"SsModifiedToDial","$v":"SS модиф. на набиране"},{"$i":"SsModifiedToSs","$v":"SS модиф. на SS"},{"$i":"SsModifiedToUssd","$v":"SS модиф. на USSD"},{"$i":"SubscriptionNotAvailable","$v":"Абонаментът не е достъпен"},{"$i":"SubscriptionNotSupported","$v":"Абонаментът не се поддържа"},{"$i":"UssdModifiedToDial","$v":"USSD мод. на наб."},{"$i":"UssdModifiedToSs","$v":"USSD модиф. на SS"},{"$i":"UssdModifiedToUssd","$v":"USSD модиф. на USSD"},{"$i":"call-forwarding-async","$v":["Асинхронизирано: ",{"t":"idOrVar","v":"async"}]},{"$i":"call-forwarding-data","$v":["Данни: ",{"t":"idOrVar","v":"data"}]},{"$i":"call-forwarding-error","$v":"Възникна грешка при извличане на съст. на прехв. на повикване"},{"$i":"call-forwarding-fax","$v":["ФАКС: ",{"t":"idOrVar","v":"fax"}]},{"$i":"call-forwarding-inactive","$v":"Неактивен"},{"$i":"call-forwarding-packet","$v":["Пакет: ",{"t":"idOrVar","v":"packet"}]},{"$i":"call-forwarding-pad","$v":["PAD: ",{"t":"idOrVar","v":"pad"}]},{"$i":"call-forwarding-sms","$v":["SMS: ",{"t":"idOrVar","v":"sms"}]},{"$i":"call-forwarding-status","$v":"Състояние на прехв. на повиквания"},{"$i":"call-forwarding-sync","$v":["Синхронно: ",{"t":"idOrVar","v":"sync"}]},{"$i":"call-forwarding-voice","$v":["Гласово съобщ.: ",{"t":"idOrVar","v":"voice"}]},{"$i":"emMmiError","$v":"Проблем при свързването или невалиден MMI код"},{"$i":"emMmiErrorBadPin","$v":"Старитят PIN, който сте въвели, е неправилен."},{"$i":"emMmiErrorBadPuk","$v":"PUK кодът, който сте въвели, е неправилен"},{"$i":"emMmiErrorEnablePin","$v":"Неуспешно. Активирайте SIM/RUIM ЗАКЛ."},{"$i":"emMmiErrorInvalidAction","$v":"Невалидно действие"},{"$i":"emMmiErrorInvalidPin","$v":"Въведете PIN, който е от 4 до 8 цифри"},{"$i":"emMmiErrorInvalidScCode","$v":"Невалиден код за услуга"},{"$i":"emMmiErrorMismatchPin","$v":"PIN кодовете, които сте въвели, не съвпадат"},{"$i":"emMmiErrorMmiFdn","$v":"Опер. е огран. само за фикс. номера за наб."},{"$i":"emMmiErrorNeedPuk2","$v":"Въведете PUK2, за да отблокирате SIM картата"},{"$i":"emMmiErrorNeedsPuk","$v":"SIM картата ви е заключена с PUK"},{"$i":"emMmiErrorNotSupported","$v":"Невалиден или неподдържан MMI код"},{"$i":"emMmiErrorPasswordIncorrect","$v":"Неправилна парола"},{"$i":"emMmiErrorPinPukAttempts","$v":{"few":["Остават ",{"t":"idOrVar","v":"n"}," повторни опита"],"many":["Остават ",{"t":"idOrVar","v":"n"}," повторни опита"],"one":["Остават само ",{"t":"idOrVar","v":"n"}," повт. опита"],"other":["Остават ",{"t":"idOrVar","v":"n"}," повторни опита"],"two":["Остават ",{"t":"idOrVar","v":"n"}," повторни опита"]},"$x":[{"t":"idOrVar","v":"plural"},"n"]},{"$i":"emMmiErrorSimBlocked","$v":"Надвишен е макс. брой повторни опити. SIM е блок."},{"$i":"emMmiErrorStkCcSsDial","$v":"SS заявка е модиф. на DIAL заявка"},{"$i":"emMmiErrorStkCcSsSs","$v":"SS заявка е модиф. на нова SS заявка"},{"$i":"emMmiErrorStkCcSsUssd","$v":"SS заявка е модиф. на USSD заявка"},{"$i":"emMmiErrorStkCcUssdDial","$v":"USSD заявка е модиф. на DIAL заявка"},{"$i":"emMmiErrorStkCcUssdSs","$v":"USSD заявка е модиф. на SS заявка"},{"$i":"emMmiErrorStkCcUssdUssd","$v":"USSD заявка е модиф. на нова USSD заявка"},{"$i":"fihVersion","$v":"Версия на FIH"},{"$i":"imeiAndSvn","$v":"IMEI and SVN"},{"$i":"internalVersion","$v":"Вътрешна версия"},{"$i":"serviceClassData","$v":"Данни"},{"$i":"serviceClassDataAsync","$v":"Асинхрон."},{"$i":"serviceClassDataSync","$v":"Синхронизиране"},{"$i":"serviceClassPacket","$v":"Пакет"},{"$i":"serviceClassVoice","$v":"Гласови съобщ."},{"$i":"smClirDefaultOffNextCallOff","$v":"ИД на повикващ по подр. не е ограничен. Следващо повикване: не е ограничен"},{"$i":"smClirDefaultOffNextCallOn","$v":"ИД на повикващ по подр. не е ограничен. Следващо повикване: ограничен"},{"$i":"smClirDefaultOnNextCallOff","$v":"ИД на повикващ по подр. е ограничен. Следващо повикване: не е ограничен"},{"$i":"smClirDefaultOnNextCallOn","$v":"ИД на повик. по подр. е огр.. Следв. повик.: огр."},{"$i":"smClirPermanent","$v":"Не можете да промените настройката за ИД на повикващ"},{"$i":"smPin2Changed","$v":"PIN2 е променен успешно"},{"$i":"smPin2Unblocked","$v":"PIN2 е отбл. усп."},{"$i":"smPinChanged","$v":"PIN е променен успешно"},{"$i":"smPinUnblocked","$v":"PIN отбл. усп."},{"$i":"smServiceDisabled","$v":"Услугата е била изключена"},{"$i":"smServiceEnabled","$v":"Услугата е активирана"},{"$i":"smServiceEnabledFor","$v":"Услугата беше активирана за:"},{"$i":"smServiceErased","$v":"Изтриването е успешно"},{"$i":"smServiceInterrogated","$v":"Заявката е успешна"},{"$i":"smServiceNotProvisioned","$v":"Услугата не е осигурена"},{"$i":"smServiceRegistered","$v":"Регистрацията е успешна"},{"$i":"another","$v":"Друг"},{"$i":"current","$v":"Текущи"},{"$i":"customTag","$v":"Персон. отбелязване","placeholder":"Персон. отбелязване"},{"$i":"faxHome","$v":"Факс в дома"},{"$i":"faxOffice","$v":"Факс в офиса"},{"$i":"faxOther","$v":"Факс др."},{"$i":"itemWithLabel","$v":[{"t":"idOrVar","v":"label"},", ",{"t":"idOrVar","v":"item"}]},{"$i":"label","$v":"Етикет"},{"$i":"other","$v":"Друг"},{"$i":"tcl-customTag","$v":"Персон. отбелязване"},{"$i":"dateTimeFormat_%c","$v":"%a %b %e %Y %I:%M:%S %p"},{"$i":"dateTimeFormat_%x","$v":"%m/%d/%Y"},{"$i":"days-ago-long","$v":{"few":["Преди ",{"t":"idOrVar","v":"value"}," дни"],"many":["Преди ",{"t":"idOrVar","v":"value"}," дни"],"one":"вчера","other":["Преди ",{"t":"idOrVar","v":"value"}," дни"],"two":["Преди ",{"t":"idOrVar","v":"value"}," дни"],"zero":"днес"},"$x":[{"t":"idOrVar","v":"plural"},"value"]},{"$i":"days-ago-short","$v":{"other":["Преди ",{"t":"idOrVar","v":"value"}," дни"],"zero":"днес"},"$x":[{"t":"idOrVar","v":"plural"},"value"]},{"$i":"days-until-long","$v":{"few":["след ",{"t":"idOrVar","v":"value"}," дни"],"many":["след ",{"t":"idOrVar","v":"value"}," дни"],"one":"утре","other":["след ",{"t":"idOrVar","v":"value"}," дни"],"two":["след ",{"t":"idOrVar","v":"value"}," дни"],"zero":"днес"},"$x":[{"t":"idOrVar","v":"plural"},"value"]},{"$i":"days-until-short","$v":{"other":["след ",{"t":"idOrVar","v":"value"},"д."],"zero":"днес"},"$x":[{"t":"idOrVar","v":"plural"},"value"]},{"$i":"hours-ago-long","$v":{"few":["Преди ",{"t":"idOrVar","v":"value"}," часа"],"many":["Преди ",{"t":"idOrVar","v":"value"}," часа"],"one":"преди час","other":["Преди ",{"t":"idOrVar","v":"value"}," часа"],"two":["Преди ",{"t":"idOrVar","v":"value"}," часа"],"zero":"точно сега"},"$x":[{"t":"idOrVar","v":"plural"},"value"]},{"$i":"hours-ago-short","$v":{"other":["Преди ",{"t":"idOrVar","v":"value"}," ч."],"zero":"точно сега"},"$x":[{"t":"idOrVar","v":"plural"},"value"]},{"$i":"hours-until-long","$v":{"few":["след ",{"t":"idOrVar","v":"value"}," часа"],"many":["след ",{"t":"idOrVar","v":"value"}," часа"],"one":"след час","other":["след ",{"t":"idOrVar","v":"value"}," часа"],"two":["след ",{"t":"idOrVar","v":"value"}," часа"],"zero":"сега"},"$x":[{"t":"idOrVar","v":"plural"},"value"]},{"$i":"hours-until-short","$v":{"other":["след ",{"t":"idOrVar","v":"value"},"ч."],"zero":"сега"},"$x":[{"t":"idOrVar","v":"plural"},"value"]},{"$i":"incorrectDate","$v":"(неправилна дата)"},{"$i":"minutes-ago-long","$v":{"few":["Преди ",{"t":"idOrVar","v":"value"}," минути"],"many":["Преди ",{"t":"idOrVar","v":"value"}," минути"],"one":"преди минута","other":["Преди ",{"t":"idOrVar","v":"value"}," минути"],"two":["Преди ",{"t":"idOrVar","v":"value"}," минути"],"zero":"точно сега"},"$x":[{"t":"idOrVar","v":"plural"},"value"]},{"$i":"minutes-ago-short","$v":{"other":["Преди ",{"t":"idOrVar","v":"value"}," мин."],"zero":"точно сега"},"$x":[{"t":"idOrVar","v":"plural"},"value"]},{"$i":"minutes-until-long","$v":{"few":["след ",{"t":"idOrVar","v":"value"}," минути"],"many":["след ",{"t":"idOrVar","v":"value"}," минути"],"one":"след минута","other":["след ",{"t":"idOrVar","v":"value"}," минути"],"two":["след ",{"t":"idOrVar","v":"value"}," минути"],"zero":"сега"},"$x":[{"t":"idOrVar","v":"plural"},"value"]},{"$i":"minutes-until-short","$v":{"other":["след ",{"t":"idOrVar","v":"value"},"м."],"zero":"сега"},"$x":[{"t":"idOrVar","v":"plural"},"value"]},{"$i":"month-0-genitive","$v":"Януари"},{"$i":"month-0-long","$v":"Януари"},{"$i":"month-0-short","$v":"ян"},{"$i":"month-1-genitive","$v":"Февруари"},{"$i":"month-1-long","$v":"Февруари"},{"$i":"month-1-short","$v":"фев"},{"$i":"month-10-genitive","$v":"Ноември"},{"$i":"month-10-long","$v":"Ноември"},{"$i":"month-10-short","$v":"ноем"},{"$i":"month-11-genitive","$v":"Декември"},{"$i":"month-11-long","$v":"Декември"},{"$i":"month-11-short","$v":"дек"},{"$i":"month-2-genitive","$v":"Март"},{"$i":"month-2-long","$v":"Март"},{"$i":"month-2-short","$v":"март"},{"$i":"month-3-genitive","$v":"Април"},{"$i":"month-3-long","$v":"Април"},{"$i":"month-3-short","$v":"апр"},{"$i":"month-4-genitive","$v":"май"},{"$i":"month-4-long","$v":"май"},{"$i":"month-4-short","$v":"май"},{"$i":"month-5-genitive","$v":"Юни"},{"$i":"month-5-long","$v":"Юни"},{"$i":"month-5-short","$v":"юни"},{"$i":"month-6-genitive","$v":"Юли"},{"$i":"month-6-long","$v":"Юли"},{"$i":"month-6-short","$v":"юли"},{"$i":"month-7-genitive","$v":"Август"},{"$i":"month-7-long","$v":"Август"},{"$i":"month-7-short","$v":"авг"},{"$i":"month-8-genitive","$v":"Септември"},{"$i":"month-8-long","$v":"Септември"},{"$i":"month-8-short","$v":"септ"},{"$i":"month-9-genitive","$v":"Октомври"},{"$i":"month-9-long","$v":"Октомври"},{"$i":"month-9-short","$v":"окт"},{"$i":"months-ago-long","$v":{"few":["Преди ",{"t":"idOrVar","v":"value"}," месеца"],"many":["Преди ",{"t":"idOrVar","v":"value"}," месеца"],"one":"последния месец","other":["Преди ",{"t":"idOrVar","v":"value"}," месеца"],"two":["Преди ",{"t":"idOrVar","v":"value"}," месеца"],"zero":"този месец"},"$x":[{"t":"idOrVar","v":"plural"},"value"]},{"$i":"months-until-long","$v":{"few":["след ",{"t":"idOrVar","v":"value"}," месеца"],"many":["след ",{"t":"idOrVar","v":"value"}," месеца"],"one":"следващия месец","other":["след ",{"t":"idOrVar","v":"value"}," месеца"],"two":["след ",{"t":"idOrVar","v":"value"}," месеца"],"zero":"този месец"},"$x":[{"t":"idOrVar","v":"plural"},"value"]},{"$i":"shortDateTimeFormat","$v":"%x %I:%M %p"},{"$i":"shortTimeFormat","$v":"%I:%M %p"},{"$i":"shortTimeFormat12","$v":"%I:%M %p"},{"$i":"shortTimeFormat24","$v":"%H:%M"},{"$i":"time_am","$v":"AM"},{"$i":"time_pm","$v":"PM"},{"$i":"weekday-0-long","$v":"Неделя"},{"$i":"weekday-0-short","$v":"нед"},{"$i":"weekday-1-long","$v":"Понеделник"},{"$i":"weekday-1-short","$v":"пон"},{"$i":"weekday-2-long","$v":"Вторник"},{"$i":"weekday-2-short","$v":"втор"},{"$i":"weekday-3-long","$v":"Сряда"},{"$i":"weekday-3-short","$v":"ср"},{"$i":"weekday-4-long","$v":"Четвъртък"},{"$i":"weekday-4-short","$v":"чт"},{"$i":"weekday-5-long","$v":"Петък"},{"$i":"weekday-5-short","$v":"пет"},{"$i":"weekday-6-long","$v":"Събота"},{"$i":"weekday-6-short","$v":"сб"},{"$i":"weeks-ago-long","$v":{"few":["Преди ",{"t":"idOrVar","v":"value"}," седмици"],"many":["Преди ",{"t":"idOrVar","v":"value"}," седмици"],"one":"последната седмица","other":["Преди ",{"t":"idOrVar","v":"value"}," седмици"],"two":["Преди ",{"t":"idOrVar","v":"value"}," седмици"],"zero":"тази седмица"},"$x":[{"t":"idOrVar","v":"plural"},"value"]},{"$i":"weeks-until-long","$v":{"few":["след ",{"t":"idOrVar","v":"value"}," седмици"],"many":["след ",{"t":"idOrVar","v":"value"}," седмици"],"one":"следващата седмица","other":["след ",{"t":"idOrVar","v":"value"}," седмици"],"two":["след ",{"t":"idOrVar","v":"value"}," седмици"],"zero":"тази седмица"},"$x":[{"t":"idOrVar","v":"plural"},"value"]},{"$i":"years-ago-long","$v":{"few":["Преди ",{"t":"idOrVar","v":"value"}," години"],"many":["Преди ",{"t":"idOrVar","v":"value"}," години"],"one":"последната година","other":["Преди ",{"t":"idOrVar","v":"value"}," години"],"two":["Преди ",{"t":"idOrVar","v":"value"}," години"],"zero":"тази година"},"$x":[{"t":"idOrVar","v":"plural"},"value"]},{"$i":"years-until-long","$v":{"few":["след ",{"t":"idOrVar","v":"value"}," години"],"many":["след ",{"t":"idOrVar","v":"value"}," години"],"one":"следващата година","other":["след ",{"t":"idOrVar","v":"value"}," години"],"two":["след ",{"t":"idOrVar","v":"value"}," години"],"zero":"тази година"},"$x":[{"t":"idOrVar","v":"plural"},"value"]},{"$i":"dateTimeFormat_%X","$v":"%I:%M:%S %p"},{"$i":"weekStartsOnMonday","$v":"0"},{"$i":"firstDayOfTheWeek","$v":"1"}]