[{"$i":"clockDateFormat","$v":"%a, %e %b"},{"$i":"deviceIsUnlocked","$v":"ডিভাইসটি আনলক করা আছে"},{"$i":"simUnlockCodeAccepted","$v":"সিম আনলক কোড গৃহীত হয়েছে"},{"$i":"simUnlockCodeFailed","$v":"সিম আনলক করতে অসফল"},{"$i":"eccOnly","$v":"শুধুমাত্র এমারজেন্সি কল"},{"$i":"emergencyCallsOnly","$v":"শুধুমাত্র জরুরি কল"},{"$i":"lockedSim","$v":"লক হওয়া SIM"},{"$i":"noService","$v":"কোনো পরিষেবা নেই"},{"$i":"noSimCard","$v":"কোনো SIM কার্ড নেই"},{"$i":"searching","$v":"ুসন্ধান করা হচ্ছে..."},{"$i":"airplane-mode","$v":"এয়ারপ্লেন মোড"},{"$i":"bluetooth","$v":"ব্লুটুথ"},{"$i":"brightness","$v":"স্ক্রীনের উজ্জ্বলতা"},{"$i":"calculator","$v":"ক্যালকুলেটর"},{"$i":"camera","$v":"ক্যামেরা"},{"$i":"cellular-data","$v":"সেলুলার ডেটা"},{"$i":"confirm-to-uninstall-app","$v":[{"t":"idOrVar","v":"appName"}," অ্যাপ আনইনস্টল করবেন ?"]},{"$i":"flashlight","$v":"ফ্ল্যাশলাইট"},{"$i":"instant-settings","$v":"তাত্ক্ষণিক সেটিংস"},{"$i":"off","$v":"অফ"},{"$i":"on","$v":"অন"},{"$i":"shortcuts","$v":"শর্টকাটস"},{"$i":"uninstall","$v":"আনইনস্টল করুন"},{"$i":"volume","$v":"ভলিউম"},{"$i":"wifi","$v":"WiFi"},{"$i":"percentage-number","$v":[{"t":"idOrVar","v":"number"},"%"]},{"$i":"all-apps","$v":"সব-অ্যাপ"},{"$i":"scImei","$v":"IMEI"},{"$i":"scMeid","$v":"MEID"},{"$i":"scUssd","$v":"USSD"},{"$i":"CallFailed","$v":"কল ব্যর্থ হয়েছে"},{"$i":"GenericFailure","$v":"প্রাথমিক ভাবে ব্যর্থতা"},{"$i":"add-smart-collections","$v":"স্মার্ট সংগ্রহগুলি যোগ করুন"},{"$i":"add-to-existing-contact","$v":"বিদ্যমান পরিচিতিতে যোগ করুন"},{"$i":"alert-for-contacts-without-number","$v":"কোনো কন্টাক্টের সাথে ফোন নম্বর উপলব্ধ নয় I"},{"$i":"app-title","$v":"আমার অ্যাপ"},{"$i":"app-uninstall","$v":[{"t":"idOrVar","v":"name"}," আনইনস্টল করা হয়েছে"]},{"$i":"assign","$v":"অ্যাসাইন করুন"},{"$i":"assign-speed-dial","$v":[{"t":"idOrVar","v":"n"}," বটনে একটি স্পীড ডায়াল হিসেবে পরিচিতি যোগ করা যায় নি। এখনই অ্যাসাইন করবেন ?"]},{"$i":"assign-voicemail","$v":"ভয়েস মেল নম্বর সেট করা হয়নি।"},{"$i":"call","$v":"কল"},{"$i":"callAirplaneModeMessage","$v":"ফোন করতে আপনাকে সেটিংসে এয়ারপ্লেন মোড অক্ষম করতে হবে।"},{"$i":"callAirplaneModeTitle","$v":"এয়ারপ্লেন মোড সক্রিয় করা হয়েছে"},{"$i":"cancel","$v":"বাতিল করুন"},{"$i":"change-wallpaper","$v":"ওয়ালপেপার পরিবর্তন করুন"},{"$i":"clocks-updated","$v":"ঘড়িগুলি আপডেট করা হয়েছে"},{"$i":"confirmation","$v":"নিশ্চিতকরণ"},{"$i":"contacts","$v":"পরিচিতি"},{"$i":"create-new-contact","$v":"নতুন পরিচিতি তৈরি করুন"},{"$i":"delete","$v":"মুছুন"},{"$i":"delete-body","$v":[{"t":"idOrVar","v":"name"}," এবং এর সমস্ত ডেটা মোছা হবে।"]},{"$i":"delete-title","$v":[{"t":"idOrVar","v":"name"}," মুছুন"]},{"$i":"edit","$v":"সম্পাদন করুন"},{"$i":"edit-done","$v":"সম্পন্ন"},{"$i":"edit-group-header","$v":"গ্রুপ সম্পাদনা করুন"},{"$i":"edit-mode","$v":"সম্পাদনা করুন"},{"$i":"emergency-call-error","$v":[{"t":"idOrVar","v":"number"}," জরুরি নম্বর নয়।"]},{"$i":"emergency-call-only","$v":"শুধুমাত্র জরুরি কল"},{"$i":"emergencyDialogBodyBadNumber","$v":"ফোন করতে ফোন অবশ্যই নেটওয়ার্কের সঙ্গে ফোন সংযুক্ত থাকতে হবে।"},{"$i":"emergencyDialogBodyDeviceNotAccepted","$v":"জরুরি কলগুলি নেটওয়ার্ক দ্বারা অনুমোদিত নয়।"},{"$i":"emergencyDialogTitle","$v":"নেটওয়ার্ক সংযোগ নেই"},{"$i":"fax-home","$v":"Fax হোম"},{"$i":"fax-office","$v":"Fax অফিস"},{"$i":"fax-other","$v":"Fax অন্যান্য"},{"$i":"fdnIsActiveMessage","$v":["FDN(ফিক্সড ডায়ালিং নম্বর) সক্রিয় করা হয়েছে এবং নিম্নলিখিত নম্বরটি আপনার FDN তালিকায় নেই: ",{"t":"idOrVar","v":"number"}]},{"$i":"fdnIsActiveTitle","$v":"FDN সক্রিয় আছে"},{"$i":"gaia-shortcut-app-updated","$v":"অ্যাপ আপডেট করা হয়েছে"},{"$i":"grid-view","$v":"গ্রিড ভিউ"},{"$i":"home","$v":"হোম"},{"$i":"homescreen-settings","$v":"হোমস্ক্রীন সেটিংস"},{"$i":"invalidNumberToDialMessage","$v":"আপনি যে ফোন নম্বরে কল করছেন সেটি বৈধ নয়।"},{"$i":"invalidNumberToDialTitle","$v":"অবৈধ ফোন নম্বর"},{"$i":"list-view","$v":"তালিকা দেখুন"},{"$i":"longDateFormat","$v":"%A, %B %e"},{"$i":"menu","$v":"মেন্যু"},{"$i":"message","$v":"বার্তা"},{"$i":"mobile","$v":"মোবাইল"},{"$i":"more","$v":"অধিক"},{"$i":"move","$v":"স্থানান্তরিত করুন"},{"$i":"notifications","$v":"নোটিশ"},{"$i":"numberIsBusyMessage","$v":"নম্বরটি এখন ব্যস্ত আছে। পরে আবার চেষ্টা করুন।"},{"$i":"numberIsBusyTitle","$v":"নম্বর ব্যস্ত আছে"},{"$i":"ok","$v":"ঠিক আছে"},{"$i":"option-remove","$v":"স্পীড ডায়াল থেকে সরান"},{"$i":"option-replace","$v":"বদল করুন"},{"$i":"options","$v":"বিকল্পগুলি"},{"$i":"otherConnectionInUseMessage","$v":"আপনি অন্য সংযোগে কল সক্রিয় করতে পারেন। আপনি একবারে একটি সংযোগ ব্যবহার করতে পারেন।"},{"$i":"otherConnectionInUseTitle","$v":"অন্য সংযোগ ব্যবহার করা হচ্ছে"},{"$i":"personal","$v":"ব্যক্তিগত"},{"$i":"remove","$v":"সরান"},{"$i":"remove-speed-dial","$v":["আপনি কি স্পীড ডায়াল থেকে ",{"t":"idOrVar","v":"name"},"-কে সরাতে চান ?"]},{"$i":"replace","$v":"বদল করুন"},{"$i":"replace-speed-dial","$v":["আপনি কি ",{"t":"idOrVar","v":"name"},"-কে ",{"t":"idOrVar","v":"subName"},"-এর সাথে বদল করতে চান?"]},{"$i":"resume-download-action","$v":"ডাউনলোড"},{"$i":"resume-download-body","$v":["আপনি কি ",{"t":"idOrVar","v":"name"}," ডাউনলোড করতে চান?"]},{"$i":"resume-download-title","$v":"ডাউনলোড পুনঃআরম্ভ করুন"},{"$i":"scCallBarring","$v":"কল নিষিদ্ধ"},{"$i":"scCallForwarding","$v":"কল ফরোয়ার্ডিং"},{"$i":"scCallWaiting","$v":"কল অপেক্ষমান"},{"$i":"scClip","$v":"ইনকামিং কলার ID"},{"$i":"scClir","$v":"আউটগোয়িং কলার ID"},{"$i":"scPin","$v":"পিন পরিবর্তন"},{"$i":"scPin2","$v":"পিন2 পরিবর্তন"},{"$i":"scPuk","$v":"পিন আনব্লক করুন"},{"$i":"scPuk2","$v":"পিন2 আনব্লক করুন"},{"$i":"scPwd","$v":"পাসওয়ার্ড পরিবর্তন"},{"$i":"search-or-enter-address","placeholder":"ঠিকানা অনুসন্ধান করুন বা লিখুন"},{"$i":"select","$v":"নির্বাচন করুন"},{"$i":"sending","$v":"পাঠানো হচ্ছে…"},{"$i":"set","$v":"সেট করুন"},{"$i":"settings","$v":"সেটিং"},{"$i":"single-view","$v":"একক দেখুন"},{"$i":"skip","$v":"স্কিপ"},{"$i":"speed-dial","$v":"স্পীড ডায়াল"},{"$i":"speed-dial-empty","ariaLabel":[{"t":"idOrVar","v":"order"},", খালি"]},{"$i":"speed-dial-not-empty","ariaLabel":[{"t":"idOrVar","v":"order"},", ",{"t":"idOrVar","v":"name"}]},{"$i":"stop-download-action","$v":"বন্ধ"},{"$i":"stop-download-body","$v":"আপনি কি চলতে থাকা ডাউনলোডটি থামাতে চান?"},{"$i":"stop-download-title","$v":[{"t":"idOrVar","v":"name"}," বন্ধ করুন"]},{"$i":"tcl-wallpaper-changed","$v":"ওয়ালপেপার পরিবর্তন করা হয়েছে"},{"$i":"video-call","$v":"ভিডিও কল"},{"$i":"voicemail","$v":"ভয়েসমেল"},{"$i":"work","$v":"ওয়ার্ক"},{"$i":"apps","$v":"অ্যাপ্স"},{"$i":"nocard-eccOnly","$v":"No SIM card-Emergency calls only"},{"$i":"unusablecard-eccOnly","$v":"Unusable SIM card-Emergency calls only"},{"$i":"apn-sim1","$v":"এ.পি.এন সেটিংস - সিম1"},{"$i":"apn-sim2","$v":"এ.পি.এন সেটিংস - সিম2"},{"$i":"apnConfigPrepay","$v":"প্রি-পে"},{"$i":"apnConfigPostpay","$v":"পোস্ট-পে"},{"$i":"apn-defaultconfig-message","$v":"কোন প্রকারের APN প্রদর্শন করা হবে তা সেট করুন"},{"$i":"apnDefaultConfig","$v":"APN ডিফল্ট কনফিগারেশন"},{"$i":"without-sim-new","$v":[{"t":"idOrVar","v":"index"}]},{"$i":"with-sim-new","$v":[{"t":"idOrVar","v":"index"}," - ",{"t":"idOrVar","v":"carrier"}]},{"$i":"sim-with-index-and-carrier","$v":["SIM ",{"t":"idOrVar","v":"index"}," - ",{"t":"idOrVar","v":"carrier"}]},{"$i":"sim-without-carrier","$v":["SIM ",{"t":"idOrVar","v":"index"}]},{"$i":"call-forwarding-voice-after-seconds","$v":["ভয়েস: ",{"t":"idOrVar","v":"voice"}," ",{"t":"idOrVar","v":"timeSeconds"}," সেকেন্ড পরে"]},{"$i":"addNewNumber","$v":"নতুন নম্বর যোগ করুন"},{"$i":"addToExistingContact","$v":"বিদ্যমান পরিচিতিতে যোগ করুন"},{"$i":"all","$v":"সব","ariaLabel":"সব"},{"$i":"bluetooth-handsfree-device","$v":"Bluetooth হ্যান্ডসফ্রি ডিভাইস"},{"$i":"bluetoothOption","ariaLabel":"Bluetooth"},{"$i":"callDurationHours","$v":[{"t":"idOrVar","v":"h"},":",{"t":"idOrVar","v":"m"},":",{"t":"idOrVar","v":"s"}]},{"$i":"callDurationMinutes","$v":[{"t":"idOrVar","v":"m"},":",{"t":"idOrVar","v":"s"}]},{"$i":"callDurationTextFormatHours","$v":[{"t":"idOrVar","v":"h"}," ঘঃ ",{"t":"idOrVar","v":"m"}," মিঃ ",{"t":"idOrVar","v":"s"}," সেঃ"]},{"$i":"callDurationTextFormatMinutes","$v":[{"t":"idOrVar","v":"m"}," মিঃ ",{"t":"idOrVar","v":"s"}," সেঃ"]},{"$i":"callDurationTextFormatSeconds","$v":[{"t":"idOrVar","v":"s"}," সেঃ"]},{"$i":"callEnded","$v":"কল সমাপ্ত হয়েছে"},{"$i":"callInformation","$v":"কলের তথ্য"},{"$i":"callLog","$v":"কল লগ"},{"$i":"callLogEdit","title":"কল লগ সম্পাদনা করুন"},{"$i":"callLogEditDialog","ariaLabel":"কল লগ ডায়লগ সম্পাদন করুন"},{"$i":"caller-left-call","$v":[{"t":"idOrVar","v":"caller"}," কল ছেড়ে বেড়িয়ে গেছেন।"]},{"$i":"calllog-all","$v":"সব"},{"$i":"calllog-deselectAll","$v":"সবগুলি নির্বাচনমুক্ত করুন"},{"$i":"calllog-none","$v":"কিছুই না"},{"$i":"calllog-selectAll","$v":"সমস্ত নির্বাচন করুন"},{"$i":"canceled","$v":"বাতিল হয়েছে"},{"$i":"clear-all-text","$v":"সমস্ত পাঠ্য পরিষ্কার করুন"},{"$i":"close","$v":"বন্ধ করুন"},{"$i":"composeEmail","ariaLabel":"ইমেল"},{"$i":"conferenceAddError","$v":"কল মার্জ করা যাবে না"},{"$i":"conferenceCall","$v":["কনফারেন্স (",{"t":"idOrVar","v":"n"},")"]},{"$i":"conferenceRemoveError","$v":"কল মার্জ করা যাবে না"},{"$i":"confirm-deletion","$v":"নির্বাচিত কলগুলি পরিস্কার করবেন?"},{"$i":"connecting","$v":"সংযুক্ত করা হচ্ছে"},{"$i":"connectingEllipsis","$v":"সংযোগ হচ্ছে…"},{"$i":"contactDetails","$v":"পরিচিতির ঠিকানা"},{"$i":"createNewContact","$v":"নতুন পরিচিতি তৈরি করুন"},{"$i":"delete-n-log?","$v":{"few":["টি লগ ",{"t":"idOrVar","v":"n"},"মুছবেন?"],"many":["টি লগ ",{"t":"idOrVar","v":"n"},"মুছবেন?"],"one":"নির্বাচিত লগ মুছবেন?","other":["টি লগ ",{"t":"idOrVar","v":"n"},"মুছবেন?"],"two":["টি লগ ",{"t":"idOrVar","v":"n"},"মুছবেন?"],"zero":"নির্বাচিত কিছুই"},"$x":[{"t":"idOrVar","v":"plural"},"n"]},{"$i":"deselect","$v":"অনির্বাচন করুন"},{"$i":"dialed","$v":"ডায়াল করা হয়েছে"},{"$i":"dialer-prompt","$v":"ফোন করার জন্য নম্বর ডায়াল করুন অথবা যোগ করার জন্য পরিচিতি নির্বাচন করুন"},{"$i":"dialerAddContact","ariaLabel":"পরিচিতি জুড়ুন"},{"$i":"dialerAddContactDialog","ariaLabel":"পরিচিতি ডায়লগ যোগ করুন"},{"$i":"edit-selected","$v":{"few":["নির্বাচিত(",{"t":"idOrVar","v":"n"},")"],"many":["নির্বাচিত(",{"t":"idOrVar","v":"n"},")"],"one":["নির্বাচিত(",{"t":"idOrVar","v":"n"},")"],"other":["নির্বাচিত(",{"t":"idOrVar","v":"n"},")"],"two":["নির্বাচিত(",{"t":"idOrVar","v":"n"},")"]},"$x":[{"t":"idOrVar","v":"plural"},"n"]},{"$i":"emailDetail","ariaLabel":"ইমেল"},{"$i":"from-contact","$v":["থেকে ",{"t":"idOrVar","v":"contact"}]},{"$i":"from-number","$v":["থেকে ",{"t":"idOrVar","v":"number"}]},{"$i":"from-withheld-number","$v":"অজানা নম্বর থেকে"},{"$i":"hangup-a11y-button","ariaLabel":"কেটে দিন"},{"$i":"hide","$v":"লুকান"},{"$i":"hideKeypad","ariaLabel":"কীপ্যাড লুকোন"},{"$i":"hold","ariaLabel":"ধরুন"},{"$i":"hours","$v":"ঘন্টা"},{"$i":"ignore","$v":"কল উপেক্ষা করুন"},{"$i":"incoming","$v":"আগত"},{"$i":"incoming-call","$v":"ইনকামিং কল"},{"$i":"info-missed","$v":"মিস করা"},{"$i":"keypad","ariaLabel":"কীপ্যাড"},{"$i":"log-item","$v":"বিকল্প"},{"$i":"makeCall","ariaLabel":"কল করুন"},{"$i":"merge","ariaLabel":"মার্জ করুন"},{"$i":"minutes","$v":"মিনিট"},{"$i":"missed","$v":"মিস করা","ariaLabel":"মিস করা"},{"$i":"missedCall","$v":"মিসড কল"},{"$i":"missedCallMultiSims","$v":["(SIM ",{"t":"idOrVar","v":"n"},") মিসড্ কল"]},{"$i":"mmi-error","$v":"বার্তা পাঠানোর করার সময়ে একটি ত্রুটি ঘটেছে।"},{"$i":"mmi-notification-title-with-sim","$v":["(",{"t":"idOrVar","v":"sim"},") ",{"t":"idOrVar","v":"title"}]},{"$i":"mmi-session-expired","$v":"সেশন উত্তীর্ণ"},{"$i":"mmi-successfully-sent","$v":"বার্তা সফলভাবে পাঠানো হয়েছে"},{"$i":"mute","ariaLabel":"নীরব"},{"$i":"newCall","ariaLabel":"নতুন কল"},{"$i":"no-logs-msg-1","$v":"কোন কল রেকর্ড করা হয়নি"},{"$i":"no-logs-msg-2","$v":"এখন যোগাযোগ করা শুরু করুন"},{"$i":"no-logs-msg-3","$v":"কোন কল রেকর্ড করা হয়নি"},{"$i":"no-logs-msg-4","$v":"এখন যোগাযোগ করা শুরু করুন"},{"$i":"no-recent-numbers","$v":"কল লগে ডায়াল করার মতো সাম্প্রতিক কোনো নম্বর নেই।"},{"$i":"onHoldOption","ariaLabel":"হোল্ডে"},{"$i":"outgoing","$v":"বহির্গামী"},{"$i":"outgoing-call","$v":"আউটগোয়িং কল"},{"$i":"phoneDetail","ariaLabel":"ফোন"},{"$i":"pickup-a11y-button","ariaLabel":"পিক আপ"},{"$i":"received","$v":"গৃহীত"},{"$i":"receiver","$v":"রিসিভার"},{"$i":"recents","ariaLabel":"সাম্প্রতিক কলগুলি"},{"$i":"reply","$v":"জবাব দিন"},{"$i":"resume","$v":"আবার শুরু করুন","ariaLabel":"আবার শুরু করুন"},{"$i":"search-results","$v":"অনুসন্ধান ফলাফল"},{"$i":"seconds","$v":"সেকেন্ড"},{"$i":"select-audio-sources","$v":"অডিওর উৎস বেছে নিন"},{"$i":"send","$v":"পাঠান"},{"$i":"send-sms-button","ariaLabel":"SMS"},{"$i":"sendSms","$v":"বার্তা পাঠান"},{"$i":"separator","$v":","},{"$i":"sim-number","$v":["SIM",{"t":"idOrVar","v":"n"}]},{"$i":"speaker","$v":"স্পীকার"},{"$i":"speakerOption","ariaLabel":"স্পীকার"},{"$i":"suggestionMatches","$v":{"few":[{"t":"idOrVar","v":"matchNumber"},"\" এর ",{"t":"idOrVar","v":"n"},"টি মিল"],"many":[{"t":"idOrVar","v":"matchNumber"},"\" এর ",{"t":"idOrVar","v":"n"},"টি মিল"],"one":[{"t":"idOrVar","v":"matchNumber"},"\" এর ",{"t":"idOrVar","v":"n"},"টি মিল"],"other":[{"t":"idOrVar","v":"matchNumber"},"\" এর ",{"t":"idOrVar","v":"n"},"টি মিল"],"two":[{"t":"idOrVar","v":"matchNumber"},"\" এর ",{"t":"idOrVar","v":"n"},"টি মিল"]},"$x":[{"t":"idOrVar","v":"plural"},"n"]},{"$i":"switch-calls","$v":"কল পাল্টান"},{"$i":"tcl-assign","$v":"নিয়োগ করুন"},{"$i":"tcl-assign-speed-dial","$v":{"$o":[{"t":"idOrVar","v":"speedDial"},"\"<br></br>বোতামে পরিচিতি স্পিড ডায়াল হিসেবে যোগ করা নেই, এখনই নিয়োজন করবেন?"]}},{"$i":"tcl-call-log-delete-group-notification","$v":[{"t":"idOrVar","v":"n"},"টি এন্ট্রি মোছা হয়েছে"]},{"$i":"tcl-calllog-entry-removed-err-notification","$v":"কল লগ এন্টি সরানো যাবে না"},{"$i":"tcl-calllog-entry-removed-succ-notification","$v":"কল লগের এন্ট্রি অপসারিত"},{"$i":"tcl-cancel","$v":"বাতিল করুন"},{"$i":"tcl-confirmation","$v":"নিশ্চিতকরণ"},{"$i":"tcl-delete-log","$v":"আপনি কি কল লগ থেকে বেছে নেওয়া এন্ট্রিগুলিকে মুছে ফেলার বিষয়ে নিশ্চিত?"},{"$i":"tcl-dialer","$v":"ডায়ালার"},{"$i":"tcl-edit-not-selected","$v":"নির্বাচিত (0)"},{"$i":"tcl-option-menu-call-log-edit","$v":"কল লগ সম্পাদনা করুন"},{"$i":"today","$v":"আজ"},{"$i":"toggleKeypad","ariaLabel":"কীপ্যাড টগল করুন"},{"$i":"type-your-response","placeholder":"আপনার মতামত টাইপ করুন..."},{"$i":"unknown","$v":"অজানা"},{"$i":"unlock-a11y-button","ariaLabel":"স্লাইডার"},{"$i":"ussd-services","$v":[{"t":"idOrVar","v":"operator"},"টি পরিষেবা"]},{"$i":"via-sim","$v":["SIM মারফত ",{"t":"idOrVar","v":"n"}]},{"$i":"view-all","$v":"সবগুলি দেখুন"},{"$i":"wifi-calling","$v":"Wi-Fi কলিং"},{"$i":"withheld-number","$v":"অজানা"},{"$i":"yesterday","$v":"গতকাল"},{"$i":"SimPin2","$v":"সিম পিন2"},{"$i":"SimPuk2","$v":"সিম PUK2"},{"$i":"serviceClassFax","$v":"FAX"},{"$i":"serviceClassPad","$v":"PAD"},{"$i":"serviceClassSms","$v":"SMS"},{"$i":"DialModifiedToDial","$v":"ডায়াল ডায়ালে পরিবর্তন করা হয়েছে"},{"$i":"DialModifiedToSs","$v":"ডায়াল SS-এ পরিবর্তন করা হয়েছে"},{"$i":"DialModifiedToUssd","$v":"ডায়াল USSD-এ পরিবর্তন করা হয়েছে"},{"$i":"FdnCheckFailure","$v":"Fdn ব্যর্থতা পরীক্ষা করুন"},{"$i":"IllegalSimOrMe","$v":"অবৈধ সিম বা ME"},{"$i":"InvalidParameter","$v":"অবৈধ প্যারামিটার"},{"$i":"ModeNotSupported","$v":"মোড সমর্থিত নয়"},{"$i":"OpNotAllowedDuringVoiceCall","$v":"ভয়েস কলের সময় অপারেশন অনুমোদিত নয়"},{"$i":"PasswordIncorrect","$v":"পাসওয়ার্ড ভুল"},{"$i":"RadioNotAvailable","$v":"রেডিও উপলব্ধ নয়"},{"$i":"RejectedByRemote","$v":"রিমোট দ্বারা প্রত্যাখাত"},{"$i":"RequestNotSupported","$v":"অনুরোধ সমর্থিত নয়"},{"$i":"ServiceIsDisabled","$v":"পরিষেবা অক্ষম আছে"},{"$i":"ServiceIsEnabled","$v":"পরিষেবা সক্ষম আছে"},{"$i":"ServiceIsEnabledFor","$v":"এর জন্য পরিষেবা সক্ষম আছে:"},{"$i":"SimAbsent","$v":"সিম অনুপস্থিত"},{"$i":"SmsSendFailRetry","$v":"SMS পাঠানো ব্যর্থ আবার চেষ্টা করুন"},{"$i":"SsModifiedToDial","$v":"SS, ডায়ালে পরিবর্তন করা হয়েছে"},{"$i":"SsModifiedToSs","$v":"SS, SSতে পরিবর্তন করা হয়েছে"},{"$i":"SsModifiedToUssd","$v":"SS, USSDতে পরিবর্তন করা হয়েছে"},{"$i":"SubscriptionNotAvailable","$v":"সদস্যতা উপলব্ধ নয়"},{"$i":"SubscriptionNotSupported","$v":"সদস্যতা সমর্থিত নয়"},{"$i":"UssdModifiedToDial","$v":"USSD, ডায়ালে পরিবর্তন করা হয়েছে"},{"$i":"UssdModifiedToSs","$v":"SS, USSD তে পরিবর্তন করা হয়েছে"},{"$i":"UssdModifiedToUssd","$v":"USSD, USSD তে পরিবর্তন করা হয়েছে"},{"$i":"call-forwarding-async","$v":["অ্যাসিন্ক্রোনাস: ",{"t":"idOrVar","v":"async"}]},{"$i":"call-forwarding-data","$v":["তথ্য: ",{"t":"idOrVar","v":"data"}]},{"$i":"call-forwarding-error","$v":"কল ফরোয়ার্ড স্থিতি পুনরুদ্ধার করার সময় একটি ত্রুটি হয়েছে"},{"$i":"call-forwarding-fax","$v":["FAX: ",{"t":"idOrVar","v":"fax"}]},{"$i":"call-forwarding-inactive","$v":"নিষ্ক্রিয়"},{"$i":"call-forwarding-packet","$v":["প্যাকেট: ",{"t":"idOrVar","v":"packet"}]},{"$i":"call-forwarding-pad","$v":["PAD: ",{"t":"idOrVar","v":"pad"}]},{"$i":"call-forwarding-sms","$v":["SMS: ",{"t":"idOrVar","v":"SMS"}]},{"$i":"call-forwarding-status","$v":"কল ফরোয়ার্ডিং স্থিতি"},{"$i":"call-forwarding-sync","$v":["সমকালীন: ",{"t":"idOrVar","v":"sync"}]},{"$i":"call-forwarding-voice","$v":["ভয়েস: ",{"t":"idOrVar","v":"voice"}]},{"$i":"emMmiError","$v":"সংযোগের সমস্যা বা অবৈধ MMI কোড"},{"$i":"emMmiErrorBadPin","$v":"আপনার টাইপ করা পুরানো পিনটি ঠিক নয়।"},{"$i":"emMmiErrorBadPuk","$v":"আপনার টাইপ করা PUKটি ভুল"},{"$i":"emMmiErrorEnablePin","$v":"অসফল. SIM/RUIM লক সক্ষম করুন"},{"$i":"emMmiErrorInvalidAction","$v":"অবৈধ অ্যাক্সন"},{"$i":"emMmiErrorInvalidPin","$v":"একটি 4 থেকে 8 সংখ্যার পিন টাইপ করুন।"},{"$i":"emMmiErrorInvalidScCode","$v":"অবৈধ পরিষেবা কোড"},{"$i":"emMmiErrorMismatchPin","$v":"আপনি যে পিন টাইপ করেছেন সেটি মেলেনি"},{"$i":"emMmiErrorMmiFdn","$v":"অপারেশন শুধুমাত্র স্থায়ী ডায়াল করার নম্বরগুলিতে সীমাবদ্ধ"},{"$i":"emMmiErrorNeedPuk2","$v":"সিম কার্ড আনব্লক করতে PUK2 টাইপ করুন"},{"$i":"emMmiErrorNeedsPuk","$v":"আপনার সিম কার্ডটি PUK-লকযুক্ত"},{"$i":"emMmiErrorNotSupported","$v":"অবৈধ বা অসমর্থিত MMI কোড"},{"$i":"emMmiErrorPasswordIncorrect","$v":"ভুল পাসওয়ার্ড"},{"$i":"emMmiErrorPinPukAttempts","$v":{"few":[{"t":"idOrVar","v":"n"},"টি পুনঃপ্রয়াস অবশিষ্ট আছে"],"many":[{"t":"idOrVar","v":"n"},"টি পুনঃপ্রয়াস অবশিষ্ট আছে"],"one":["আর মাত্র ",{"t":"idOrVar","v":"n"},"টি প্রচেষ্টা অবশিষ্ট"],"other":[{"t":"idOrVar","v":"n"},"টি পুনঃপ্রয়াস অবশিষ্ট আছে"],"two":[{"t":"idOrVar","v":"n"},"টি পুনঃপ্রয়াস অবশিষ্ট আছে"]},"$x":[{"t":"idOrVar","v":"plural"},"n"]},{"$i":"emMmiErrorSimBlocked","$v":"পুনপ্রচেষ্টার সর্বোচ্চ নম্বর পেরিয়ে গেছে। সিম অবরুদ্ধ করা হয়েছে"},{"$i":"emMmiErrorStkCcSsDial","$v":"SS অনুরোধ ডায়াল অনুরোধে পরিবর্তন করা হয়েছে"},{"$i":"emMmiErrorStkCcSsSs","$v":"SS অনুরোধ নতুন SS অনুরোধে পরিবর্তন করা হয়েছে"},{"$i":"emMmiErrorStkCcSsUssd","$v":"SS অনুরোধটিকে নতুন USSD অনুরোধে পরিবর্তন করা হয়েছে"},{"$i":"emMmiErrorStkCcUssdDial","$v":"USSD অনুরোধটিকে ডায়াল অনুরোধে পরিবর্তন করা হয়েছে৷"},{"$i":"emMmiErrorStkCcUssdSs","$v":"USSD অনুরোধটিকে SS অনুরোধে পরিবর্তন করা হয়েছে৷"},{"$i":"emMmiErrorStkCcUssdUssd","$v":"USSD অনুরোধটিকে নতুন USSD অনুরোধে পরিবর্তন করা হয়েছে৷"},{"$i":"fihVersion","$v":"FIH সংস্করণ"},{"$i":"imeiAndSvn","$v":"IMEI এবং SVN"},{"$i":"internalVersion","$v":"অভ্যন্তরীণ সংস্করণ"},{"$i":"serviceClassData","$v":"ডেটা"},{"$i":"serviceClassDataAsync","$v":"অ্যাসিং"},{"$i":"serviceClassDataSync","$v":"সিঙ্ক"},{"$i":"serviceClassPacket","$v":"প্যাকেট"},{"$i":"serviceClassVoice","$v":"ভয়েস"},{"$i":"smClirDefaultOffNextCallOff","$v":"কলার ID ডিফল্ট হিসাবে সীমাবদ্ধ নয়। পরবর্তী কল: সীমাবদ্ধ নয়"},{"$i":"smClirDefaultOffNextCallOn","$v":"কলার ID ডিফল্ট হিসাবে সীমাবদ্ধ নয়। পরবর্তী কল: সীমাবদ্ধ"},{"$i":"smClirDefaultOnNextCallOff","$v":"কলার ID ডিফল্ট হিসাবে সীমাবদ্ধ নয়। পরবর্তী কল: সীমাবদ্ধ নয়"},{"$i":"smClirDefaultOnNextCallOn","$v":"কলার ID ডিফল্ট হিসাবে সীমাবদ্ধ নয়। পরবর্তী কল: সীমাবদ্ধ"},{"$i":"smClirPermanent","$v":"আপনি কলার ID সেটিংস পরিবর্তন করতে পারবেন না"},{"$i":"smPin2Changed","$v":"পিন2 সফলভাবে পরিবর্তন করা হয়েছে"},{"$i":"smPin2Unblocked","$v":"পিন2 সফলভাবে অবরোধ মুক্ত করা হয়েছে"},{"$i":"smPinChanged","$v":"পিন সফলভাবে পরিবর্তন করা হয়েছে"},{"$i":"smPinUnblocked","$v":"পিন সফলভাবে আনলক করা হয়েছে"},{"$i":"smServiceDisabled","$v":"পরিষেবা অক্ষম করা হয়েছে"},{"$i":"smServiceEnabled","$v":"পরিষেবা সক্ষম আছে"},{"$i":"smServiceEnabledFor","$v":"এর জন্য পরিষেবার সক্ষম করা ছিল:"},{"$i":"smServiceErased","$v":"মুছে ফেলা সফল হয়েছে"},{"$i":"smServiceInterrogated","$v":"অনুরোধ সফল হয়েছে"},{"$i":"smServiceNotProvisioned","$v":"পরিষেবার প্রস্তুত করা হয় নি"},{"$i":"smServiceRegistered","$v":"নিবন্ধন সফল হয়েছে"},{"$i":"another","$v":"অন্য"},{"$i":"current","$v":"বর্তমান"},{"$i":"customTag","$v":"কাস্টম ট্যাগ","placeholder":"কাস্টম ট্যাগ"},{"$i":"faxHome","$v":"Fax হোম"},{"$i":"faxOffice","$v":"Fax অফিস"},{"$i":"faxOther","$v":"Fax অন্যান্য"},{"$i":"itemWithLabel","$v":[{"t":"idOrVar","v":"label"},", ",{"t":"idOrVar","v":"item"}]},{"$i":"label","$v":"লেবেল"},{"$i":"other","$v":"অন্যান্য"},{"$i":"tcl-customTag","$v":"কাস্টম ট্যাগ"},{"$i":"dateTimeFormat_%c","$v":"%a %b %e %Y %I:%M:%S %p"},{"$i":"dateTimeFormat_%x","$v":"%m/%d/%Y"},{"$i":"days-ago-long","$v":{"few":[{"t":"idOrVar","v":"value"}," দিন আগে"],"many":[{"t":"idOrVar","v":"value"}," দিন আগে"],"one":"গতকাল","other":[{"t":"idOrVar","v":"value"}," দিন আগে"],"two":[{"t":"idOrVar","v":"value"}," দিন আগে"],"zero":"আজ"},"$x":[{"t":"idOrVar","v":"plural"},"value"]},{"$i":"days-ago-short","$v":{"other":[{"t":"idOrVar","v":"value"},"দিন আগে"],"zero":"আজ"},"$x":[{"t":"idOrVar","v":"plural"},"value"]},{"$i":"days-until-long","$v":{"few":[{"t":"idOrVar","v":"value"}," দিনে"],"many":[{"t":"idOrVar","v":"value"}," দিনে"],"one":"আগামীকাল","other":[{"t":"idOrVar","v":"value"}," দিনে"],"two":[{"t":"idOrVar","v":"value"}," দিনে"],"zero":"আজ"},"$x":[{"t":"idOrVar","v":"plural"},"value"]},{"$i":"days-until-short","$v":{"other":[{"t":"idOrVar","v":"value"},"দিনে"],"zero":"আজ"},"$x":[{"t":"idOrVar","v":"plural"},"value"]},{"$i":"hours-ago-long","$v":{"few":[{"t":"idOrVar","v":"value"}," ঘন্টা আগে"],"many":[{"t":"idOrVar","v":"value"}," ঘন্টা আগে"],"one":"এক ঘন্টা আগে","other":[{"t":"idOrVar","v":"value"}," ঘন্টা আগে"],"two":[{"t":"idOrVar","v":"value"}," ঘন্টা আগে"],"zero":"এখনই"},"$x":[{"t":"idOrVar","v":"plural"},"value"]},{"$i":"hours-ago-short","$v":{"other":[{"t":"idOrVar","v":"value"},"ঘন্টা আগে"],"zero":"এখনই"},"$x":[{"t":"idOrVar","v":"plural"},"value"]},{"$i":"hours-until-long","$v":{"few":[{"t":"idOrVar","v":"value"}," ঘন্টায়"],"many":[{"t":"idOrVar","v":"value"}," ঘন্টায়"],"one":"এক ঘন্টায়","other":[{"t":"idOrVar","v":"value"}," ঘন্টায়"],"two":[{"t":"idOrVar","v":"value"}," ঘন্টায়"],"zero":"এখন"},"$x":[{"t":"idOrVar","v":"plural"},"value"]},{"$i":"hours-until-short","$v":{"other":[{"t":"idOrVar","v":"value"},"ঘন্টায়"],"zero":"এখন"},"$x":[{"t":"idOrVar","v":"plural"},"value"]},{"$i":"incorrectDate","$v":"(ভুল তারিখ)"},{"$i":"minutes-ago-long","$v":{"few":[{"t":"idOrVar","v":"value"}," মিনিট আগে"],"many":[{"t":"idOrVar","v":"value"}," মিনিট আগে"],"one":"এক মিনিট আগে","other":[{"t":"idOrVar","v":"value"}," মিনিট আগে"],"two":[{"t":"idOrVar","v":"value"}," মিনিট আগে"],"zero":"এখনই"},"$x":[{"t":"idOrVar","v":"plural"},"value"]},{"$i":"minutes-ago-short","$v":{"other":[{"t":"idOrVar","v":"value"},"মিনিট আগে"],"zero":"এখনই"},"$x":[{"t":"idOrVar","v":"plural"},"value"]},{"$i":"minutes-until-long","$v":{"few":[{"t":"idOrVar","v":"value"}," মিনিটে"],"many":[{"t":"idOrVar","v":"value"}," মিনিটে"],"one":"এক মিনিটে","other":[{"t":"idOrVar","v":"value"}," মিনিটে"],"two":[{"t":"idOrVar","v":"value"}," মিনিটে"],"zero":"এখন"},"$x":[{"t":"idOrVar","v":"plural"},"value"]},{"$i":"minutes-until-short","$v":{"other":[{"t":"idOrVar","v":"value"},"মাসে"],"zero":"এখন"},"$x":[{"t":"idOrVar","v":"plural"},"value"]},{"$i":"month-0-genitive","$v":"জানুয়ারি"},{"$i":"month-0-long","$v":"জানুয়ারি"},{"$i":"month-0-short","$v":"জানুয়ারী"},{"$i":"month-1-genitive","$v":"ফেব্রুয়ারি"},{"$i":"month-1-long","$v":"ফেব্রুয়ারি"},{"$i":"month-1-short","$v":"ফেব্রুয়ারি"},{"$i":"month-10-genitive","$v":"নভেম্বর"},{"$i":"month-10-long","$v":"নভেম্বর"},{"$i":"month-10-short","$v":"নভেম্বর"},{"$i":"month-11-genitive","$v":"ডিসেম্বর"},{"$i":"month-11-long","$v":"ডিসেম্বর"},{"$i":"month-11-short","$v":"ডিসেম্বর"},{"$i":"month-2-genitive","$v":"মার্চ"},{"$i":"month-2-long","$v":"মার্চ"},{"$i":"month-2-short","$v":"মার্চ"},{"$i":"month-3-genitive","$v":"এপ্রিল"},{"$i":"month-3-long","$v":"এপ্রিল"},{"$i":"month-3-short","$v":"এপ্রিল"},{"$i":"month-4-genitive","$v":"মে"},{"$i":"month-4-long","$v":"মে"},{"$i":"month-4-short","$v":"মে"},{"$i":"month-5-genitive","$v":"জুন"},{"$i":"month-5-long","$v":"জুন"},{"$i":"month-5-short","$v":"জুন"},{"$i":"month-6-genitive","$v":"জুলাই"},{"$i":"month-6-long","$v":"জুলাই"},{"$i":"month-6-short","$v":"জুলাই"},{"$i":"month-7-genitive","$v":"আগস্ট"},{"$i":"month-7-long","$v":"আগস্ট"},{"$i":"month-7-short","$v":"আগস্ট"},{"$i":"month-8-genitive","$v":"সেপ্টেম্বর"},{"$i":"month-8-long","$v":"সেপ্টেম্বর"},{"$i":"month-8-short","$v":"সেপ্টেম্বর"},{"$i":"month-9-genitive","$v":"অক্টোবর"},{"$i":"month-9-long","$v":"অক্টোবর"},{"$i":"month-9-short","$v":"অক্টোবর"},{"$i":"months-ago-long","$v":{"few":[{"t":"idOrVar","v":"value"}," মাস আগে"],"many":[{"t":"idOrVar","v":"value"}," মাস আগে"],"one":"গত মাস","other":[{"t":"idOrVar","v":"value"}," মাস আগে"],"two":[{"t":"idOrVar","v":"value"}," মাস আগে"],"zero":"এই মাস"},"$x":[{"t":"idOrVar","v":"plural"},"value"]},{"$i":"months-until-long","$v":{"few":[{"t":"idOrVar","v":"value"}," মাসে"],"many":[{"t":"idOrVar","v":"value"}," মাসে"],"one":"পরের মাস","other":[{"t":"idOrVar","v":"value"}," মাসে"],"two":[{"t":"idOrVar","v":"value"}," মাসে"],"zero":"এই মাস"},"$x":[{"t":"idOrVar","v":"plural"},"value"]},{"$i":"shortDateTimeFormat","$v":"%x %I:%M %p"},{"$i":"shortTimeFormat","$v":"%I:%M %p"},{"$i":"shortTimeFormat12","$v":"%I:%M %p"},{"$i":"shortTimeFormat24","$v":"%H:%M"},{"$i":"time_am","$v":"AM"},{"$i":"time_pm","$v":"PM"},{"$i":"weekday-0-long","$v":"রবিবার"},{"$i":"weekday-0-short","$v":"রবি"},{"$i":"weekday-1-long","$v":"সোমবার"},{"$i":"weekday-1-short","$v":"সোম"},{"$i":"weekday-2-long","$v":"মঙ্গলবার"},{"$i":"weekday-2-short","$v":"মঙ্গল"},{"$i":"weekday-3-long","$v":"বুধবার"},{"$i":"weekday-3-short","$v":"বুধ"},{"$i":"weekday-4-long","$v":"বৃহস্পতিবার"},{"$i":"weekday-4-short","$v":"বৃহস্পতি"},{"$i":"weekday-5-long","$v":"শুক্রবার"},{"$i":"weekday-5-short","$v":"শুক্র"},{"$i":"weekday-6-long","$v":"শনিবার"},{"$i":"weekday-6-short","$v":"শনি"},{"$i":"weeks-ago-long","$v":{"few":[{"t":"idOrVar","v":"value"}," সপ্তাহ আগে"],"many":[{"t":"idOrVar","v":"value"}," সপ্তাহ আগে"],"one":"গত সপ্তাহ","other":[{"t":"idOrVar","v":"value"}," সপ্তাহ আগে"],"two":[{"t":"idOrVar","v":"value"}," সপ্তাহ আগে"],"zero":"এই সপ্তাহ"},"$x":[{"t":"idOrVar","v":"plural"},"value"]},{"$i":"weeks-until-long","$v":{"few":[{"t":"idOrVar","v":"value"}," সপ্তাহে"],"many":[{"t":"idOrVar","v":"value"}," সপ্তাহে"],"one":"পরের সপ্তাহ","other":[{"t":"idOrVar","v":"value"}," সপ্তাহে"],"two":[{"t":"idOrVar","v":"value"}," সপ্তাহে"],"zero":"এই সপ্তাহ"},"$x":[{"t":"idOrVar","v":"plural"},"value"]},{"$i":"years-ago-long","$v":{"few":[{"t":"idOrVar","v":"value"}," বছর আগে"],"many":[{"t":"idOrVar","v":"value"}," বছর আগে"],"one":"গত বছর","other":[{"t":"idOrVar","v":"value"}," বছর আগে"],"two":[{"t":"idOrVar","v":"value"}," বছর আগে"],"zero":"এই বছর"},"$x":[{"t":"idOrVar","v":"plural"},"value"]},{"$i":"years-until-long","$v":{"few":[{"t":"idOrVar","v":"value"}," বছরে"],"many":[{"t":"idOrVar","v":"value"}," বছরে"],"one":"পরের বছর","other":[{"t":"idOrVar","v":"value"}," বছরে"],"two":[{"t":"idOrVar","v":"value"}," বছরে"],"zero":"এই বছর"},"$x":[{"t":"idOrVar","v":"plural"},"value"]},{"$i":"dateTimeFormat_%X","$v":"%I:%M:%S %p"},{"$i":"weekStartsOnMonday","$v":"0"},{"$i":"firstDayOfTheWeek","$v":"0"}]