[{"$i":"clockDateFormat","$v":"%a, %e %b"},{"$i":"deviceIsUnlocked","$v":"Uređaj je otključan"},{"$i":"simUnlockCodeAccepted","$v":"Kôd za otključavanje SIM-a je prihvaćen"},{"$i":"simUnlockCodeFailed","$v":"Neuspješno otključavanje SIM-a"},{"$i":"eccOnly","$v":"Samo hitni pozivi"},{"$i":"emergencyCallsOnly","$v":"Samo pozivi u hitnim slučajevima"},{"$i":"lockedSim","$v":"Zaključana SIM kartica"},{"$i":"noService","$v":"Nema usluge"},{"$i":"noSimCard","$v":"Nema SIM kartice"},{"$i":"searching","$v":"Pretraživanje..."},{"$i":"airplane-mode","$v":"Način rada u avionu"},{"$i":"bluetooth","$v":"Bluetooth"},{"$i":"brightness","$v":"Osvjetljenje"},{"$i":"calculator","$v":"Kalkulator"},{"$i":"camera","$v":"Fotoaparat"},{"$i":"cellular-data","$v":"Mobilni podaci"},{"$i":"confirm-to-uninstall-app","$v":["Deinstalirati aplikaciju ",{"t":"idOrVar","v":"appName"},"?"]},{"$i":"flashlight","$v":"Bat. lampa"},{"$i":"instant-settings","$v":"instant podešavanja"},{"$i":"off","$v":"Isklj."},{"$i":"on","$v":"Uklj."},{"$i":"shortcuts","$v":"Prečice"},{"$i":"uninstall","$v":"Deinstaliraj"},{"$i":"volume","$v":"Jačina zvuka"},{"$i":"wifi","$v":"Wi-Fi"},{"$i":"percentage-number","$v":[{"t":"idOrVar","v":"number"},"%"]},{"$i":"all-apps","$v":"Sve aplikacije"},{"$i":"scImei","$v":"IMEI"},{"$i":"scMeid","$v":"MEID"},{"$i":"scUssd","$v":"USSD"},{"$i":"CallFailed","$v":"Poziv nije uspio"},{"$i":"GenericFailure","$v":"Generički neuspjeh"},{"$i":"add-smart-collections","$v":"Dodaj pametne kolekcije"},{"$i":"add-to-existing-contact","$v":"Dodaj postojećem kontaktu"},{"$i":"alert-for-contacts-without-number","$v":"Nisu dostupni kontakti s brojevima telefona."},{"$i":"app-title","$v":"Moje aplikacije"},{"$i":"app-uninstall","$v":[{"t":"idOrVar","v":"name"}," je deinstaliran"]},{"$i":"assign","$v":"Dodijeli"},{"$i":"assign-speed-dial","$v":["Kontakt nije dodat u brzo biranje na ",{"t":"idOrVar","v":"n"},". Dodaj sada?"]},{"$i":"assign-voicemail","$v":"Broj govorne pošte nije postavljen."},{"$i":"call","$v":"Poziv"},{"$i":"callAirplaneModeMessage","$v":"Da biste uputili poziv, potrebno je onemogućiti režim u avionu u podešavanjima."},{"$i":"callAirplaneModeTitle","$v":"Režim u avionu aktiviran"},{"$i":"cancel","$v":"Otkaži"},{"$i":"change-wallpaper","$v":"Promijeni sliku pozadine"},{"$i":"clocks-updated","$v":"Satovi ažurirani"},{"$i":"confirmation","$v":"Potvrda"},{"$i":"contacts","$v":"Kontakti"},{"$i":"create-new-contact","$v":"Kreiraj novi kontakt"},{"$i":"delete","$v":"Izbriši"},{"$i":"delete-body","$v":[{"t":"idOrVar","v":"name"}," i svi njegovi/njeni podaci će biti izbrisani."]},{"$i":"delete-title","$v":["Izbriši ",{"t":"idOrVar","v":"name"}]},{"$i":"edit","$v":"Uredi"},{"$i":"edit-done","$v":"Završeno"},{"$i":"edit-group-header","$v":"Uredi grupu"},{"$i":"edit-mode","$v":"Uredi"},{"$i":"emergency-call-error","$v":[{"t":"idOrVar","v":"number"}," nije broj za hitne slučajeve."]},{"$i":"emergency-call-only","$v":"Samo pozivi u nuždi"},{"$i":"emergencyDialogBodyBadNumber","$v":"Da biste uputili poziv, telefon mora biti povezan na mrežu."},{"$i":"emergencyDialogBodyDeviceNotAccepted","$v":"Pozive u nuždi ne dozvoljava mreža."},{"$i":"emergencyDialogTitle","$v":"Nema internet veze"},{"$i":"fax-home","$v":"Kućni faks"},{"$i":"fax-office","$v":"Uredski faks"},{"$i":"fax-other","$v":"Drugi faks"},{"$i":"fdnIsActiveMessage","$v":["FDN (brojevi fiksnog biranja) je aktiviran i sljedeći broj nije na vašoj FDN listi: ",{"t":"idOrVar","v":"number"}]},{"$i":"fdnIsActiveTitle","$v":"FDN je aktiviran"},{"$i":"gaia-shortcut-app-updated","$v":"Aplikacija ažurirana"},{"$i":"grid-view","$v":"Prikaz koordinatne mreže"},{"$i":"home","$v":"Kućni"},{"$i":"homescreen-settings","$v":"Podešavanja početnog ekrana"},{"$i":"invalidNumberToDialMessage","$v":"Broj telefona koji zovete nije važeći."},{"$i":"invalidNumberToDialTitle","$v":"Nevažeći broj telefona"},{"$i":"list-view","$v":"Prikaz spiska"},{"$i":"longDateFormat","$v":"%A, %B %e"},{"$i":"menu","$v":"Meni"},{"$i":"message","$v":"Poruka"},{"$i":"mobile","$v":"Mobilni"},{"$i":"more","$v":"Više"},{"$i":"move","$v":"Premjesti"},{"$i":"notifications","$v":"Napomene"},{"$i":"numberIsBusyMessage","$v":"Broj je trenutno zauzet. Pokušajte ponovo kasnije."},{"$i":"numberIsBusyTitle","$v":"Broj je zauzet"},{"$i":"ok","$v":"OK"},{"$i":"option-remove","$v":"Ukloni iz brzog biranja"},{"$i":"option-replace","$v":"Zamij."},{"$i":"options","$v":"Opcije"},{"$i":"otherConnectionInUseMessage","$v":"Imate aktivan poziv na druoj vezi. Ne možete koristiti obje veze u isto vrijeme."},{"$i":"otherConnectionInUseTitle","$v":"Druga veza u upotrebi"},{"$i":"personal","$v":"Lično"},{"$i":"remove","$v":"Ukloni"},{"$i":"remove-speed-dial","$v":["Jeste li sigurni da želite ukloniti ",{"t":"idOrVar","v":"name"}," iz brzog biranja?"]},{"$i":"replace","$v":"Zamij."},{"$i":"replace-speed-dial","$v":["Jeste li sigurni da želite zamijeniti ",{"t":"idOrVar","v":"name"}," sa ",{"t":"idOrVar","v":"subName"}," ?"]},{"$i":"resume-download-action","$v":"Preuzmi"},{"$i":"resume-download-body","$v":["Želite li preuzeti ",{"t":"idOrVar","v":"name"},"?"]},{"$i":"resume-download-title","$v":"Restartuj preuzimanje"},{"$i":"scCallBarring","$v":"Zabrana poziva"},{"$i":"scCallForwarding","$v":"Preusmj. poz."},{"$i":"scCallWaiting","$v":"Poziv na ček"},{"$i":"scClip","$v":"ID pozivaoca"},{"$i":"scClir","$v":"ID odlaznog pozivaoca"},{"$i":"scPin","$v":"Promjena PIN koda"},{"$i":"scPin2","$v":"Promjena PIN2 koda"},{"$i":"scPuk","$v":"Deblokiraj PIN kôd"},{"$i":"scPuk2","$v":"Deblokiraj PIN2 kôd"},{"$i":"scPwd","$v":"Promjenjena lozinka"},{"$i":"search-or-enter-address","placeholder":"Traži ili unesi adresu"},{"$i":"select","$v":"Izaberi"},{"$i":"sending","$v":"Slanje…"},{"$i":"set","$v":"Postavi"},{"$i":"settings","$v":"Postavke"},{"$i":"single-view","$v":"Jednostruki prikaz"},{"$i":"skip","$v":"Preskoči"},{"$i":"speed-dial","$v":"Brzo biranje"},{"$i":"speed-dial-empty","ariaLabel":[{"t":"idOrVar","v":"order"},", prazno"]},{"$i":"speed-dial-not-empty","ariaLabel":[{"t":"idOrVar","v":"order"},", ",{"t":"idOrVar","v":"name"}]},{"$i":"stop-download-action","$v":"Zaustavi"},{"$i":"stop-download-body","$v":"Želite li zaustaviti preuzimanje u toku?"},{"$i":"stop-download-title","$v":["Zaustavi ",{"t":"idOrVar","v":"name"}]},{"$i":"tcl-wallpaper-changed","$v":"Pozadina promijenjena"},{"$i":"video-call","$v":"Video poziv"},{"$i":"voicemail","$v":"Govorna pošta"},{"$i":"work","$v":"Posao"},{"$i":"apps","$v":"Aplikacije"},{"$i":"nocard-eccOnly","$v":"No SIM card-Emergency calls only"},{"$i":"unusablecard-eccOnly","$v":"Unusable SIM card-Emergency calls only"},{"$i":"apn-sim1","$v":"APN postavke - SIM1"},{"$i":"apn-sim2","$v":"APN postavke - SIM2"},{"$i":"apnConfigPrepay","$v":"Pretplata"},{"$i":"apnConfigPostpay","$v":"Plaćanje po viđenju"},{"$i":"apn-defaultconfig-message","$v":"Postavite vrstu APN-a za prikaz"},{"$i":"apnDefaultConfig","$v":"Zadana konfiguracija APN-a"},{"$i":"without-sim-new","$v":[{"t":"idOrVar","v":"index"}]},{"$i":"with-sim-new","$v":[{"t":"idOrVar","v":"index"}," - ",{"t":"idOrVar","v":"carrier"}]},{"$i":"sim-with-index-and-carrier","$v":["SIM ",{"t":"idOrVar","v":"index"}," - ",{"t":"idOrVar","v":"carrier"}]},{"$i":"sim-without-carrier","$v":["SIM ",{"t":"idOrVar","v":"index"}]},{"$i":"call-forwarding-voice-after-seconds","$v":["Glas: ",{"t":"idOrVar","v":"voice"}," nakon ",{"t":"idOrVar","v":"timeSeconds"}," s"]},{"$i":"addNewNumber","$v":"Dodaj novi broj"},{"$i":"addToExistingContact","$v":"Dodaj postojećem kontaktu"},{"$i":"all","$v":"Sve","ariaLabel":"Sve"},{"$i":"bluetooth-handsfree-device","$v":"Bluetooth handsfree uređaj"},{"$i":"bluetoothOption","ariaLabel":"Bluetooth"},{"$i":"callDurationHours","$v":[{"t":"idOrVar","v":"h"},":",{"t":"idOrVar","v":"m"},":",{"t":"idOrVar","v":"s"}]},{"$i":"callDurationMinutes","$v":[{"t":"idOrVar","v":"m"},":",{"t":"idOrVar","v":"s"}]},{"$i":"callDurationTextFormatHours","$v":[{"t":"idOrVar","v":"h"}," h ",{"t":"idOrVar","v":"m"}," m ",{"t":"idOrVar","v":"s"}," s"]},{"$i":"callDurationTextFormatMinutes","$v":[{"t":"idOrVar","v":"m"}," m ",{"t":"idOrVar","v":"s"}," s"]},{"$i":"callDurationTextFormatSeconds","$v":[{"t":"idOrVar","v":"s"}," s"]},{"$i":"callEnded","$v":"Poziv završen"},{"$i":"callInformation","$v":"Informacije o pozivu"},{"$i":"callLog","$v":"Evidencija poziva"},{"$i":"callLogEdit","title":"Uredi evidenciju poziva"},{"$i":"callLogEditDialog","ariaLabel":"Uredi dijalog evidencije poziva"},{"$i":"caller-left-call","$v":[{"t":"idOrVar","v":"caller"}," je napustio poziv."]},{"$i":"calllog-all","$v":"Sve"},{"$i":"calllog-deselectAll","$v":"Poništi sve"},{"$i":"calllog-none","$v":"Nijedan"},{"$i":"calllog-selectAll","$v":"Odaberi sve"},{"$i":"canceled","$v":"Otkazano"},{"$i":"clear-all-text","$v":"Izbriši sav tekst"},{"$i":"close","$v":"Zatvori"},{"$i":"composeEmail","ariaLabel":"E-pošta"},{"$i":"conferenceAddError","$v":"Spajanje poziva nije uspjelo"},{"$i":"conferenceCall","$v":["Konferencija (",{"t":"idOrVar","v":"n"},")"]},{"$i":"conferenceRemoveError","$v":"Odvajanje poziva nije uspjelo"},{"$i":"confirm-deletion","$v":"Izvriši odabrane pozive?"},{"$i":"connecting","$v":"Povezivanje"},{"$i":"connectingEllipsis","$v":"Povezivanje…"},{"$i":"contactDetails","$v":"Informacije o kontaktu"},{"$i":"createNewContact","$v":"Kreiraj novi kontakt"},{"$i":"delete-n-log?","$v":{"few":["Izbriši ",{"t":"idOrVar","v":"n"}," evidencije poziva?"],"many":["Izbriši ",{"t":"idOrVar","v":"n"}," evidencije poziva?"],"one":"Izbriši odabranu evidenciju poziva?","other":["Izbriši ",{"t":"idOrVar","v":"n"}," evidencije poziva?"],"two":["Izbriši ",{"t":"idOrVar","v":"n"}," evidencije poziva?"],"zero":"Ništa nije izabrano"},"$x":[{"t":"idOrVar","v":"plural"},"n"]},{"$i":"deselect","$v":"Poništi odabir"},{"$i":"dialed","$v":"Birano"},{"$i":"dialer-prompt","$v":"Birajte broj ili izaberite kontakt koji će se pozvati"},{"$i":"dialerAddContact","ariaLabel":"Dodaj kontakt"},{"$i":"dialerAddContactDialog","ariaLabel":"Dodaj dijalog kontakta"},{"$i":"edit-selected","$v":{"few":["izabrano (",{"t":"idOrVar","v":"n"},")"],"many":["izabrano (",{"t":"idOrVar","v":"n"},")"],"one":["izabrano (",{"t":"idOrVar","v":"n"},")"],"other":["izabrano (",{"t":"idOrVar","v":"n"},")"],"two":["izabrano (",{"t":"idOrVar","v":"n"},")"]},"$x":[{"t":"idOrVar","v":"plural"},"n"]},{"$i":"emailDetail","ariaLabel":"E-pošta"},{"$i":"from-contact","$v":["Od ",{"t":"idOrVar","v":"contact"}]},{"$i":"from-number","$v":["Od ",{"t":"idOrVar","v":"number"}]},{"$i":"from-withheld-number","$v":"Od nepoznatog broja"},{"$i":"hangup-a11y-button","ariaLabel":"Prekini poziv"},{"$i":"hide","$v":"Sakrij"},{"$i":"hideKeypad","ariaLabel":"Sakrij tastaturu"},{"$i":"hold","ariaLabel":"Zadrži"},{"$i":"hours","$v":"sati"},{"$i":"ignore","$v":"Ignoriši poziv"},{"$i":"incoming","$v":"Dolazni"},{"$i":"incoming-call","$v":"Dolazni poziv"},{"$i":"info-missed","$v":"Propušteno"},{"$i":"keypad","ariaLabel":"Tastatura"},{"$i":"log-item","$v":"Opcije"},{"$i":"makeCall","ariaLabel":"Obavi poziv"},{"$i":"merge","ariaLabel":"Spoji"},{"$i":"minutes","$v":"minute"},{"$i":"missed","$v":"Propušteno","ariaLabel":"Propušteno"},{"$i":"missedCall","$v":"Propušteni poziv"},{"$i":"missedCallMultiSims","$v":["(SIM ",{"t":"idOrVar","v":"n"},") Propušten poziv"]},{"$i":"mmi-error","$v":"Došlo je do greške tokom slanja poruke"},{"$i":"mmi-notification-title-with-sim","$v":["(",{"t":"idOrVar","v":"sim"},") ",{"t":"idOrVar","v":"title"}]},{"$i":"mmi-session-expired","$v":"Sesija je istekla"},{"$i":"mmi-successfully-sent","$v":"Poruka uspješno poslata"},{"$i":"mute","ariaLabel":"Isključi zvuk"},{"$i":"newCall","ariaLabel":"Novi poziv"},{"$i":"no-logs-msg-1","$v":"Nema snimljenih poziva"},{"$i":"no-logs-msg-2","$v":"Počni komunikaciju sada"},{"$i":"no-logs-msg-3","$v":"Nema snimljenih poziva"},{"$i":"no-logs-msg-4","$v":"Počni komunikaciju sada"},{"$i":"no-recent-numbers","$v":"Nema nedavno korištenih brojeva u Evidenciji poziva koji bi se mogli birati."},{"$i":"onHoldOption","ariaLabel":"Na ček."},{"$i":"outgoing","$v":"Odlazni"},{"$i":"outgoing-call","$v":"Odlazni poziv"},{"$i":"phoneDetail","ariaLabel":"Telefon"},{"$i":"pickup-a11y-button","ariaLabel":"Podigni slušalicu"},{"$i":"received","$v":"Primljeno"},{"$i":"receiver","$v":"Prijemnik"},{"$i":"recents","ariaLabel":"Nedavni pozivi"},{"$i":"reply","$v":"Odgovori"},{"$i":"resume","$v":"Nastavi","ariaLabel":"Nastavi"},{"$i":"search-results","$v":"Rezultati pretrage"},{"$i":"seconds","$v":"sekunde"},{"$i":"select-audio-sources","$v":"Odaberi izvore zvuka"},{"$i":"send","$v":"Pošalji"},{"$i":"send-sms-button","ariaLabel":"SMS"},{"$i":"sendSms","$v":"Pošalji poruku"},{"$i":"separator","$v":","},{"$i":"sim-number","$v":["SIM",{"t":"idOrVar","v":"n"}]},{"$i":"speaker","$v":"Zvučnik"},{"$i":"speakerOption","ariaLabel":"Zvučnik"},{"$i":"suggestionMatches","$v":{"few":[{"t":"idOrVar","v":"n"}," podudaranja za „",{"t":"idOrVar","v":"matchNumber"},"“"],"many":[{"t":"idOrVar","v":"n"}," podudaranja za „",{"t":"idOrVar","v":"matchNumber"},"“"],"one":[{"t":"idOrVar","v":"n"}," podudaranje za „",{"t":"idOrVar","v":"matchNumber"},"“"],"other":[{"t":"idOrVar","v":"n"}," podudaranja za „",{"t":"idOrVar","v":"matchNumber"},"“"],"two":[{"t":"idOrVar","v":"n"}," podudaranja za „",{"t":"idOrVar","v":"matchNumber"},"“"]},"$x":[{"t":"idOrVar","v":"plural"},"n"]},{"$i":"switch-calls","$v":"Zamijeni pozive"},{"$i":"tcl-assign","$v":"Dodijeli"},{"$i":"tcl-assign-speed-dial","$v":{"$o":["Kontakt nije dodat u brzo biranje na \"",{"t":"idOrVar","v":"speedDial"},"\"<br></br>Dodaj sada?"]}},{"$i":"tcl-call-log-delete-group-notification","$v":[{"t":"idOrVar","v":"n"}," unosa je obrisano"]},{"$i":"tcl-calllog-entry-removed-err-notification","$v":"Nije moguće ukloniti unos iz Evidencije poziva"},{"$i":"tcl-calllog-entry-removed-succ-notification","$v":"Unos u evidenciju poziva uklonjen"},{"$i":"tcl-cancel","$v":"Otkaži"},{"$i":"tcl-confirmation","$v":"Potvrda"},{"$i":"tcl-delete-log","$v":"Jeste li sigurni da želite izbrisati izabrane unose iz evidencije poziva?"},{"$i":"tcl-dialer","$v":"Birač"},{"$i":"tcl-edit-not-selected","$v":"odabrano(0)"},{"$i":"tcl-option-menu-call-log-edit","$v":"Uredi evidenciju poziva"},{"$i":"today","$v":"Danas"},{"$i":"toggleKeypad","ariaLabel":"Uključi/isključi tastaturu"},{"$i":"type-your-response","placeholder":"Upiši svoj odgovor..."},{"$i":"unknown","$v":"Nepoznato"},{"$i":"unlock-a11y-button","ariaLabel":"Klizač"},{"$i":"ussd-services","$v":[{"t":"idOrVar","v":"operator"}," usluge"]},{"$i":"via-sim","$v":["putem SIM",{"t":"idOrVar","v":"n"}]},{"$i":"view-all","$v":"Prikaži sve"},{"$i":"wifi-calling","$v":"Wi-Fi pozivanje"},{"$i":"withheld-number","$v":"Nepoznato"},{"$i":"yesterday","$v":"Jučer"},{"$i":"SimPin2","$v":"SIM PIN2"},{"$i":"SimPuk2","$v":"SIM PUK2"},{"$i":"serviceClassFax","$v":"FAKS"},{"$i":"serviceClassPad","$v":"PAD"},{"$i":"serviceClassSms","$v":"SMS"},{"$i":"DialModifiedToDial","$v":"Dial modified to dial"},{"$i":"DialModifiedToSs","$v":"Dial modified to SS"},{"$i":"DialModifiedToUssd","$v":"Dial modified to USSD"},{"$i":"FdnCheckFailure","$v":"Neuspjela provjera Fdn-a"},{"$i":"IllegalSimOrMe","$v":"Nelegalna SIM ili ME"},{"$i":"InvalidParameter","$v":"Nevažeći parametar"},{"$i":"ModeNotSupported","$v":"Režim nije podržan"},{"$i":"OpNotAllowedDuringVoiceCall","$v":"Radnja nije dozvoljena tokom govornog poziva"},{"$i":"PasswordIncorrect","$v":"Netačna lozinka"},{"$i":"RadioNotAvailable","$v":"Radio not available"},{"$i":"RejectedByRemote","$v":"Odbačeno daljinski"},{"$i":"RequestNotSupported","$v":"Zahtjev nije podržan"},{"$i":"ServiceIsDisabled","$v":"Usluga je onemog."},{"$i":"ServiceIsEnabled","$v":"Usluga je omog."},{"$i":"ServiceIsEnabledFor","$v":"Usluga je omog. za:"},{"$i":"SimAbsent","$v":"Nema SIM kartice"},{"$i":"SmsSendFailRetry","$v":"Neuspješno ponovno slanje SMS poruke"},{"$i":"SsModifiedToDial","$v":"SS modificiran za zvanje"},{"$i":"SsModifiedToSs","$v":"SS modificiran za SS"},{"$i":"SsModifiedToUssd","$v":"SS modificiran za USSD"},{"$i":"SubscriptionNotAvailable","$v":"Pretplata nije dostupna"},{"$i":"SubscriptionNotSupported","$v":"Pretplata nije podržana"},{"$i":"UssdModifiedToDial","$v":"USSD modificiran za zvanje"},{"$i":"UssdModifiedToSs","$v":"USSD modificiran za SS"},{"$i":"UssdModifiedToUssd","$v":"USSD modificiran za USSD"},{"$i":"call-forwarding-async","$v":["Asinhroni: ",{"t":"idOrVar","v":"async"}]},{"$i":"call-forwarding-data","$v":["Podaci: ",{"t":"idOrVar","v":"data"}]},{"$i":"call-forwarding-error","$v":"Došlo je do greške tokom preuzimanja statusa proslijeđivanja poziva"},{"$i":"call-forwarding-fax","$v":["FAKS: ",{"t":"idOrVar","v":"fax"}]},{"$i":"call-forwarding-inactive","$v":"Neaktivno"},{"$i":"call-forwarding-packet","$v":["Paket: ",{"t":"idOrVar","v":"packet"}]},{"$i":"call-forwarding-pad","$v":["PAD: ",{"t":"idOrVar","v":"pad"}]},{"$i":"call-forwarding-sms","$v":["SMS: ",{"t":"idOrVar","v":"sms"}]},{"$i":"call-forwarding-status","$v":"Status preusmj. poziva"},{"$i":"call-forwarding-sync","$v":["Sinhroni: ",{"t":"idOrVar","v":"sync"}]},{"$i":"call-forwarding-voice","$v":["Glas: ",{"t":"idOrVar","v":"voice"}]},{"$i":"emMmiError","$v":"Probem sa povezivanjem ili nepravilan MMI kod"},{"$i":"emMmiErrorBadPin","$v":"Stari PIN kôd koji ste unijeli nije tačan."},{"$i":"emMmiErrorBadPuk","$v":"PUK kôd koji ste unijeli nije tačan"},{"$i":"emMmiErrorEnablePin","$v":"Neuspješno. Omogući SIM/RUIM LOCK"},{"$i":"emMmiErrorInvalidAction","$v":"Nevažeća akcija"},{"$i":"emMmiErrorInvalidPin","$v":"Unesi PIN koji sadrži od 4 do 8 brojeva"},{"$i":"emMmiErrorInvalidScCode","$v":"Nevažeći broj servisa"},{"$i":"emMmiErrorMismatchPin","$v":"PIN kodovi koje ste unijeli se ne poklapaju"},{"$i":"emMmiErrorMmiFdn","$v":"Radnja ograničena samo na brojeve za fiksno biranje"},{"$i":"emMmiErrorNeedPuk2","$v":"Unesi PUK2 da otključate SIM karticu"},{"$i":"emMmiErrorNeedsPuk","$v":"Vaša SIM kartica je zaključana PUK kodom"},{"$i":"emMmiErrorNotSupported","$v":"Nevažeći ili nepodržan MMI kôd"},{"$i":"emMmiErrorPasswordIncorrect","$v":"Netačna lozinka"},{"$i":"emMmiErrorPinPukAttempts","$v":{"few":[{"t":"idOrVar","v":"n"}," pokušaja ostalo"],"many":[{"t":"idOrVar","v":"n"}," pokušaja ostalo"],"one":["Preostao samo ",{"t":"idOrVar","v":"n"}," pokušaj"],"other":[{"t":"idOrVar","v":"n"}," pokušaja ostalo"],"two":[{"t":"idOrVar","v":"n"}," pokušaja ostalo"]},"$x":[{"t":"idOrVar","v":"plural"},"n"]},{"$i":"emMmiErrorSimBlocked","$v":"Dostignut je maksimalni broj pokušaja. SIM kartica blokirana."},{"$i":"emMmiErrorStkCcSsDial","$v":"SS zahtjev je modificiran za zahtjev ZVANJA"},{"$i":"emMmiErrorStkCcSsSs","$v":"SS zahtjev modificiran za novi SS zahtjev"},{"$i":"emMmiErrorStkCcSsUssd","$v":"SS zahtjev modificiran za USSD zahtjev"},{"$i":"emMmiErrorStkCcUssdDial","$v":"USSD zahtjev je modificiran za zahtjev ZVANJA"},{"$i":"emMmiErrorStkCcUssdSs","$v":"USSD zahtjev je modificiran za SS zahtjev"},{"$i":"emMmiErrorStkCcUssdUssd","$v":"USSD zahtjev je modificiran za novi USSD zahtjev"},{"$i":"fihVersion","$v":"FIH verzija"},{"$i":"imeiAndSvn","$v":"IMEI i SVN"},{"$i":"internalVersion","$v":"Interna verzija"},{"$i":"serviceClassData","$v":"Podaci"},{"$i":"serviceClassDataAsync","$v":"Async"},{"$i":"serviceClassDataSync","$v":"Sinhronizuj"},{"$i":"serviceClassPacket","$v":"Paket"},{"$i":"serviceClassVoice","$v":"Govor"},{"$i":"smClirDefaultOffNextCallOff","$v":"ID pozivatelja nije zabranjen. Sljedeći poziv: nije zabranjen"},{"$i":"smClirDefaultOffNextCallOn","$v":"ID pozivatelja nije zabranjen. Sljedeći poziv: zabranjen"},{"$i":"smClirDefaultOnNextCallOff","$v":"ID pozivatelja ograničen. Sljedeći poziv: nije ograničen"},{"$i":"smClirDefaultOnNextCallOn","$v":"ID pozivatelja zabranjen. Sljedeći poziv: zabranjen"},{"$i":"smClirPermanent","$v":"Možete promijeniti postavku ID pozivaoca"},{"$i":"smPin2Changed","$v":"PIN2 uspješno promijenjen"},{"$i":"smPin2Unblocked","$v":"PIN2 uspješno odblokiran"},{"$i":"smPinChanged","$v":"PIN uspješno promijenjen"},{"$i":"smPinUnblocked","$v":"PIN uspješno odblokiran"},{"$i":"smServiceDisabled","$v":"Usluga je onemogućena"},{"$i":"smServiceEnabled","$v":"Usluga je omog."},{"$i":"smServiceEnabledFor","$v":"Usluga je omog. za:"},{"$i":"smServiceErased","$v":"Brisanje uspješno"},{"$i":"smServiceInterrogated","$v":"Zahtjev uspješan"},{"$i":"smServiceNotProvisioned","$v":"Usluga nije obezbjeđena"},{"$i":"smServiceRegistered","$v":"Registracija uspješna"},{"$i":"another","$v":"Još jedna"},{"$i":"current","$v":"Trenutno"},{"$i":"customTag","$v":"Prilagođena oznaka","placeholder":"Prilagođena oznaka"},{"$i":"faxHome","$v":"Kućni faks"},{"$i":"faxOffice","$v":"Uredski faks"},{"$i":"faxOther","$v":"Drugi faks"},{"$i":"itemWithLabel","$v":[{"t":"idOrVar","v":"label"},", ",{"t":"idOrVar","v":"item"}]},{"$i":"label","$v":"Oznaka"},{"$i":"other","$v":"Ostalo"},{"$i":"tcl-customTag","$v":"Prilagođena oznaka"},{"$i":"dateTimeFormat_%c","$v":"%a %b %e %Y %I:%M:%S %p"},{"$i":"dateTimeFormat_%x","$v":"%m/%d/%Y"},{"$i":"days-ago-long","$v":{"few":["prije ",{"t":"idOrVar","v":"value"}," dana"],"many":["prije ",{"t":"idOrVar","v":"value"}," dana"],"one":"jučer","other":["prije ",{"t":"idOrVar","v":"value"}," dana"],"two":["prije ",{"t":"idOrVar","v":"value"}," dana"],"zero":"danas"},"$x":[{"t":"idOrVar","v":"plural"},"value"]},{"$i":"days-ago-short","$v":{"other":["Prije ",{"t":"idOrVar","v":"value"},"d"],"zero":"danas"},"$x":[{"t":"idOrVar","v":"plural"},"value"]},{"$i":"days-until-long","$v":{"few":["za ",{"t":"idOrVar","v":"value"}," dana"],"many":["za ",{"t":"idOrVar","v":"value"}," dana"],"one":"sutra","other":["za ",{"t":"idOrVar","v":"value"}," dana"],"two":["za ",{"t":"idOrVar","v":"value"}," dana"],"zero":"danas"},"$x":[{"t":"idOrVar","v":"plural"},"value"]},{"$i":"days-until-short","$v":{"other":["za ",{"t":"idOrVar","v":"value"},"d"],"zero":"danas"},"$x":[{"t":"idOrVar","v":"plural"},"value"]},{"$i":"hours-ago-long","$v":{"few":["Prije ",{"t":"idOrVar","v":"value"}," sata/i"],"many":["Prije ",{"t":"idOrVar","v":"value"}," sata/i"],"one":"prije sat vremena","other":["Prije ",{"t":"idOrVar","v":"value"}," sata/i"],"two":["Prije ",{"t":"idOrVar","v":"value"}," sata/i"],"zero":"sada"},"$x":[{"t":"idOrVar","v":"plural"},"value"]},{"$i":"hours-ago-short","$v":{"other":["Prije ",{"t":"idOrVar","v":"value"},"h"],"zero":"sada"},"$x":[{"t":"idOrVar","v":"plural"},"value"]},{"$i":"hours-until-long","$v":{"few":["za ",{"t":"idOrVar","v":"value"}," sati"],"many":["za ",{"t":"idOrVar","v":"value"}," sati"],"one":"za sat","other":["za ",{"t":"idOrVar","v":"value"}," sati"],"two":["za ",{"t":"idOrVar","v":"value"}," sati"],"zero":"sada"},"$x":[{"t":"idOrVar","v":"plural"},"value"]},{"$i":"hours-until-short","$v":{"other":["za ",{"t":"idOrVar","v":"value"},"s"],"zero":"sada"},"$x":[{"t":"idOrVar","v":"plural"},"value"]},{"$i":"incorrectDate","$v":"(netačan datum)"},{"$i":"minutes-ago-long","$v":{"few":["Prije ",{"t":"idOrVar","v":"value"}," minute/a"],"many":["Prije ",{"t":"idOrVar","v":"value"}," minute/a"],"one":"prije jedan minut","other":["Prije ",{"t":"idOrVar","v":"value"}," minute/a"],"two":["Prije ",{"t":"idOrVar","v":"value"}," minute/a"],"zero":"sada"},"$x":[{"t":"idOrVar","v":"plural"},"value"]},{"$i":"minutes-ago-short","$v":{"other":["Prije ",{"t":"idOrVar","v":"value"},"m"],"zero":"sada"},"$x":[{"t":"idOrVar","v":"plural"},"value"]},{"$i":"minutes-until-long","$v":{"few":["za ",{"t":"idOrVar","v":"value"}," minuta"],"many":["za ",{"t":"idOrVar","v":"value"}," minuta"],"one":"za minut","other":["za ",{"t":"idOrVar","v":"value"}," minuta"],"two":["za ",{"t":"idOrVar","v":"value"}," minuta"],"zero":"sada"},"$x":[{"t":"idOrVar","v":"plural"},"value"]},{"$i":"minutes-until-short","$v":{"other":["za ",{"t":"idOrVar","v":"value"},"m"],"zero":"sada"},"$x":[{"t":"idOrVar","v":"plural"},"value"]},{"$i":"month-0-genitive","$v":"Januar"},{"$i":"month-0-long","$v":"Januar"},{"$i":"month-0-short","$v":"Jan."},{"$i":"month-1-genitive","$v":"Februar"},{"$i":"month-1-long","$v":"Februar"},{"$i":"month-1-short","$v":"Feb."},{"$i":"month-10-genitive","$v":"Novembar"},{"$i":"month-10-long","$v":"Novembar"},{"$i":"month-10-short","$v":"Nov."},{"$i":"month-11-genitive","$v":"Decembar"},{"$i":"month-11-long","$v":"Decembar"},{"$i":"month-11-short","$v":"Dec."},{"$i":"month-2-genitive","$v":"Mart"},{"$i":"month-2-long","$v":"Mart"},{"$i":"month-2-short","$v":"Mart"},{"$i":"month-3-genitive","$v":"April"},{"$i":"month-3-long","$v":"April"},{"$i":"month-3-short","$v":"Apr."},{"$i":"month-4-genitive","$v":"Maj"},{"$i":"month-4-long","$v":"Maj"},{"$i":"month-4-short","$v":"Maj"},{"$i":"month-5-genitive","$v":"Juni"},{"$i":"month-5-long","$v":"Juni"},{"$i":"month-5-short","$v":"Juni"},{"$i":"month-6-genitive","$v":"Juli"},{"$i":"month-6-long","$v":"Juli"},{"$i":"month-6-short","$v":"Juli"},{"$i":"month-7-genitive","$v":"Avgust"},{"$i":"month-7-long","$v":"Avgust"},{"$i":"month-7-short","$v":"Avg."},{"$i":"month-8-genitive","$v":"Septembar"},{"$i":"month-8-long","$v":"Septembar"},{"$i":"month-8-short","$v":"Sep."},{"$i":"month-9-genitive","$v":"Oktobar"},{"$i":"month-9-long","$v":"Oktobar"},{"$i":"month-9-short","$v":"Okt."},{"$i":"months-ago-long","$v":{"few":["Prije ",{"t":"idOrVar","v":"value"}," mjeseca/i"],"many":["Prije ",{"t":"idOrVar","v":"value"}," mjeseca/i"],"one":"prošli mjesec","other":["Prije ",{"t":"idOrVar","v":"value"}," mjeseca/i"],"two":["Prije ",{"t":"idOrVar","v":"value"}," mjeseca/i"],"zero":"ovaj mjesec"},"$x":[{"t":"idOrVar","v":"plural"},"value"]},{"$i":"months-until-long","$v":{"few":["za ",{"t":"idOrVar","v":"value"}," mjeseci"],"many":["za ",{"t":"idOrVar","v":"value"}," mjeseci"],"one":"sljedeći mjesec","other":["za ",{"t":"idOrVar","v":"value"}," mjeseci"],"two":["za ",{"t":"idOrVar","v":"value"}," mjeseci"],"zero":"ovaj mjesec"},"$x":[{"t":"idOrVar","v":"plural"},"value"]},{"$i":"shortDateTimeFormat","$v":"%x %I:%M %p"},{"$i":"shortTimeFormat","$v":"%I:%M %p"},{"$i":"shortTimeFormat12","$v":"%I:%M %p"},{"$i":"shortTimeFormat24","$v":"%H:%M"},{"$i":"time_am","$v":"AM"},{"$i":"time_pm","$v":"PM"},{"$i":"weekday-0-long","$v":"Nedjelja"},{"$i":"weekday-0-short","$v":"Ned."},{"$i":"weekday-1-long","$v":"Ponedjeljak"},{"$i":"weekday-1-short","$v":"Pon."},{"$i":"weekday-2-long","$v":"Utorak"},{"$i":"weekday-2-short","$v":"Uto."},{"$i":"weekday-3-long","$v":"Srijeda"},{"$i":"weekday-3-short","$v":"Sri."},{"$i":"weekday-4-long","$v":"Četvrtak"},{"$i":"weekday-4-short","$v":"Čet."},{"$i":"weekday-5-long","$v":"Petak"},{"$i":"weekday-5-short","$v":"Pet."},{"$i":"weekday-6-long","$v":"Subota"},{"$i":"weekday-6-short","$v":"Sub."},{"$i":"weeks-ago-long","$v":{"few":["Prije ",{"t":"idOrVar","v":"value"}," sedmice/a"],"many":["Prije ",{"t":"idOrVar","v":"value"}," sedmice/a"],"one":"prošle sedmice","other":["Prije ",{"t":"idOrVar","v":"value"}," sedmice/a"],"two":["Prije ",{"t":"idOrVar","v":"value"}," sedmice/a"],"zero":"ova sedmica"},"$x":[{"t":"idOrVar","v":"plural"},"value"]},{"$i":"weeks-until-long","$v":{"few":["za ",{"t":"idOrVar","v":"value"}," sedmica"],"many":["za ",{"t":"idOrVar","v":"value"}," sedmica"],"one":"sljedeća sedmica","other":["za ",{"t":"idOrVar","v":"value"}," sedmica"],"two":["za ",{"t":"idOrVar","v":"value"}," sedmica"],"zero":"ova sedmica"},"$x":[{"t":"idOrVar","v":"plural"},"value"]},{"$i":"years-ago-long","$v":{"few":["Prije ",{"t":"idOrVar","v":"value"}," godine/a"],"many":["Prije ",{"t":"idOrVar","v":"value"}," godine/a"],"one":"prošle godine","other":["Prije ",{"t":"idOrVar","v":"value"}," godine/a"],"two":["Prije ",{"t":"idOrVar","v":"value"}," godine/a"],"zero":"ova godina"},"$x":[{"t":"idOrVar","v":"plural"},"value"]},{"$i":"years-until-long","$v":{"few":["za ",{"t":"idOrVar","v":"value"}," godina"],"many":["za ",{"t":"idOrVar","v":"value"}," godina"],"one":"sljedeća godina","other":["za ",{"t":"idOrVar","v":"value"}," godina"],"two":["za ",{"t":"idOrVar","v":"value"}," godina"],"zero":"ova godina"},"$x":[{"t":"idOrVar","v":"plural"},"value"]},{"$i":"dateTimeFormat_%X","$v":"%I:%M:%S %p"},{"$i":"weekStartsOnMonday","$v":"0"},{"$i":"firstDayOfTheWeek","$v":"0"}]