[{"$i":"clockDateFormat","$v":"%a, %e %b"},{"$i":"deviceIsUnlocked","$v":"Zařízení je odemknuté"},{"$i":"simUnlockCodeAccepted","$v":"Kód pro odemknutí SIM byl přijat"},{"$i":"simUnlockCodeFailed","$v":"SIM se nepodařilo odemknout"},{"$i":"eccOnly","$v":"Jen tísňová volání"},{"$i":"emergencyCallsOnly","$v":"Jen tísňová volání"},{"$i":"lockedSim","$v":"Uzamčená SIM karta"},{"$i":"noService","$v":"Žádná služba"},{"$i":"noSimCard","$v":"Žádná SIM karta"},{"$i":"searching","$v":"Hledání…"},{"$i":"airplane-mode","$v":"Režim Letadlo"},{"$i":"bluetooth","$v":"Bluetooth"},{"$i":"brightness","$v":"Jas"},{"$i":"calculator","$v":"Kalkulačka"},{"$i":"camera","$v":"Fotoaparát"},{"$i":"cellular-data","$v":"Mobilní data"},{"$i":"confirm-to-uninstall-app","$v":["Odinstalovat aplikaci ",{"t":"idOrVar","v":"appName"},"?"]},{"$i":"flashlight","$v":"Svítilna"},{"$i":"instant-settings","$v":"rychlá nastavení"},{"$i":"off","$v":"Vypnuto"},{"$i":"on","$v":"Zapnuto"},{"$i":"shortcuts","$v":"Zástupci"},{"$i":"uninstall","$v":"Odinstalovat"},{"$i":"volume","$v":"Hlasitost"},{"$i":"wifi","$v":"Wi-Fi"},{"$i":"percentage-number","$v":[{"t":"idOrVar","v":"number"}," %"]},{"$i":"all-apps","$v":"Všechny aplikace"},{"$i":"scImei","$v":"IMEI"},{"$i":"scMeid","$v":"MEID"},{"$i":"scUssd","$v":"USSD"},{"$i":"CallFailed","$v":"Hovor se nezdařil"},{"$i":"GenericFailure","$v":"Obecné selhání"},{"$i":"add-smart-collections","$v":"Přidat chytré kolekce"},{"$i":"add-to-existing-contact","$v":"Přidat ke stáv. kontaktu"},{"$i":"alert-for-contacts-without-number","$v":"Nejsou k dispozici žádné kontakty s telefonním číslem."},{"$i":"app-title","$v":"Moje aplikace"},{"$i":"app-uninstall","$v":["Aplikace ",{"t":"idOrVar","v":"name"}," byla odinstalována"]},{"$i":"assign","$v":"Přidělit"},{"$i":"assign-speed-dial","$v":["Kontakt nebyl přidán jako zrychlená volba na tlačítko ",{"t":"idOrVar","v":"n"},". Přiřadit?"]},{"$i":"assign-voicemail","$v":"Číslo hlas. schránky nebylo nastaveno."},{"$i":"call","$v":"Volat"},{"$i":"callAirplaneModeMessage","$v":"K uskutečnění hovoru je nutno v nastavení zakázat režim V letadle."},{"$i":"callAirplaneModeTitle","$v":"Režim Letadlo aktivován"},{"$i":"cancel","$v":"Zrušit"},{"$i":"change-wallpaper","$v":"Změnit tapetu"},{"$i":"clocks-updated","$v":"Hodiny aktualizovány"},{"$i":"confirmation","$v":"Potvrzení"},{"$i":"contacts","$v":"Kontakty"},{"$i":"create-new-contact","$v":"Vytvořit nový kontakt"},{"$i":"delete","$v":"Odstranit"},{"$i":"delete-body","$v":["Aplikace ",{"t":"idOrVar","v":"name"}," i všechna její data budou odstraněna."]},{"$i":"delete-title","$v":["Odstranit kontakt ",{"t":"idOrVar","v":"name"}]},{"$i":"edit","$v":"Upravit"},{"$i":"edit-done","$v":"Hotovo"},{"$i":"edit-group-header","$v":"Upravit skupinu"},{"$i":"edit-mode","$v":"Upravit"},{"$i":"emergency-call-error","$v":[{"t":"idOrVar","v":"number"}," není číslo tísňové linky."]},{"$i":"emergency-call-only","$v":"Pouze tísňový hovor"},{"$i":"emergencyDialogBodyBadNumber","$v":"K uskutečnění hovoru je nutno telefon připojit k síti."},{"$i":"emergencyDialogBodyDeviceNotAccepted","$v":"Síť tísňová volání neumožňuje."},{"$i":"emergencyDialogTitle","$v":"Žádné připojení k síti"},{"$i":"fax-home","$v":"Fax domů"},{"$i":"fax-office","$v":"Fax pracovní"},{"$i":"fax-other","$v":"Fax jiný"},{"$i":"fdnIsActiveMessage","$v":["Je aktivována funkce FDN (pevná vytáčecí čísla) a toto číslo není v seznam FDN: ",{"t":"idOrVar","v":"number"}]},{"$i":"fdnIsActiveTitle","$v":"FDN aktivní"},{"$i":"gaia-shortcut-app-updated","$v":"Aplik. aktualizována"},{"$i":"grid-view","$v":"Zobrazení v tabulce"},{"$i":"home","$v":"Domů"},{"$i":"homescreen-settings","$v":"Nastavení vých. obrazovky"},{"$i":"invalidNumberToDialMessage","$v":"Volané telefonní číslo není platné."},{"$i":"invalidNumberToDialTitle","$v":"Neplatné telefonní číslo"},{"$i":"list-view","$v":"Zobrazení v seznamu"},{"$i":"longDateFormat","$v":"%A, %B %e"},{"$i":"menu","$v":"Menu"},{"$i":"message","$v":"Zpráva"},{"$i":"mobile","$v":"Mobilní"},{"$i":"more","$v":"Více"},{"$i":"move","$v":"Přesunout"},{"$i":"notifications","$v":"Upozornění"},{"$i":"numberIsBusyMessage","$v":"Číslo je nyní obsazené. Zkuste to později znovu."},{"$i":"numberIsBusyTitle","$v":"Číslo je obsazeno"},{"$i":"ok","$v":"OK"},{"$i":"option-remove","$v":"Odebrat ze zrychl. volby"},{"$i":"option-replace","$v":"Nahradit"},{"$i":"options","$v":"Možnosti"},{"$i":"otherConnectionInUseMessage","$v":"Máte aktivní volání na dalším připojení. V jednom okamžiku lze použít jen jedno připojení."},{"$i":"otherConnectionInUseTitle","$v":"Používá se jiné připojení"},{"$i":"personal","$v":"Osobní"},{"$i":"remove","$v":"Odebrat"},{"$i":"remove-speed-dial","$v":["Opravdu chcete odebrat ",{"t":"idOrVar","v":"name"}," ze zrychlené volby?"]},{"$i":"replace","$v":"Nahradit"},{"$i":"replace-speed-dial","$v":["Opravdu chcete nahradit ",{"t":"idOrVar","v":"name"}," položkou ",{"t":"idOrVar","v":"subName"},"?"]},{"$i":"resume-download-action","$v":"Stáhnout"},{"$i":"resume-download-body","$v":["Chcete stáhnout aplikaci ",{"t":"idOrVar","v":"name"},"?"]},{"$i":"resume-download-title","$v":"Spustit stahování znovu"},{"$i":"scCallBarring","$v":"Blok. hovorů"},{"$i":"scCallForwarding","$v":"Přesměr. hovorů"},{"$i":"scCallWaiting","$v":"Ček. hovoru"},{"$i":"scClip","$v":"ID volajícího"},{"$i":"scClir","$v":"ID volajícího"},{"$i":"scPin","$v":"Změna kódu PIN"},{"$i":"scPin2","$v":"Změna PIN2"},{"$i":"scPuk","$v":"Odblokovat PIN"},{"$i":"scPuk2","$v":"Odblokovat PIN2"},{"$i":"scPwd","$v":"Změna hesla"},{"$i":"search-or-enter-address","placeholder":"Hledat nebo zadat adresu"},{"$i":"select","$v":"Vybrat"},{"$i":"sending","$v":"Odesílání…"},{"$i":"set","$v":"Nastavit"},{"$i":"settings","$v":"Nastavení"},{"$i":"single-view","$v":"Jednoduché zobrazení"},{"$i":"skip","$v":"Přeskočit"},{"$i":"speed-dial","$v":"Zrychl. volba"},{"$i":"speed-dial-empty","ariaLabel":[{"t":"idOrVar","v":"order"},", prázdné"]},{"$i":"speed-dial-not-empty","ariaLabel":[{"t":"idOrVar","v":"order"},", ",{"t":"idOrVar","v":"name"}]},{"$i":"stop-download-action","$v":"Zastavit"},{"$i":"stop-download-body","$v":"Chcete zastavit probíhající stahování?"},{"$i":"stop-download-title","$v":["Zastavit ",{"t":"idOrVar","v":"name"}]},{"$i":"tcl-wallpaper-changed","$v":"Tapeta změněna"},{"$i":"video-call","$v":"Videohovor"},{"$i":"voicemail","$v":"Hlas. pošta"},{"$i":"work","$v":"Práce"},{"$i":"apps","$v":"Aplikace"},{"$i":"nocard-eccOnly","$v":"No SIM card-Emergency calls only"},{"$i":"unusablecard-eccOnly","$v":"Unusable SIM card-Emergency calls only"},{"$i":"apn-sim1","$v":"Nastavení APN – SIM1"},{"$i":"apn-sim2","$v":"Nastavení APN – SIM2"},{"$i":"apnConfigPrepay","$v":"Zaplatit předem"},{"$i":"apnConfigPostpay","$v":"Zaplatit později"},{"$i":"apn-defaultconfig-message","$v":"Zvolte, který typ APN se má zobrazovat."},{"$i":"apnDefaultConfig","$v":"APN Default Config"},{"$i":"without-sim-new","$v":[{"t":"idOrVar","v":"index"}]},{"$i":"with-sim-new","$v":[{"t":"idOrVar","v":"index"}," – ",{"t":"idOrVar","v":"carrier"}]},{"$i":"sim-with-index-and-carrier","$v":["SIM ",{"t":"idOrVar","v":"index"}," – ",{"t":"idOrVar","v":"carrier"}]},{"$i":"sim-without-carrier","$v":["SIM ",{"t":"idOrVar","v":"index"}]},{"$i":"call-forwarding-voice-after-seconds","$v":["Hlas: ",{"t":"idOrVar","v":"voice"}," po ",{"t":"idOrVar","v":"timeSeconds"}," s"]},{"$i":"addNewNumber","$v":"Přidat nové číslo"},{"$i":"addToExistingContact","$v":"Přidat ke stáv. kontaktu"},{"$i":"all","$v":"Vše","ariaLabel":"Vše"},{"$i":"bluetooth-handsfree-device","$v":"Zařízení hands-free Bluetooth"},{"$i":"bluetoothOption","ariaLabel":"Bluetooth"},{"$i":"callDurationHours","$v":[{"t":"idOrVar","v":"h"},":",{"t":"idOrVar","v":"m"},":",{"t":"idOrVar","v":"s"}]},{"$i":"callDurationMinutes","$v":[{"t":"idOrVar","v":"m"},":",{"t":"idOrVar","v":"s"}]},{"$i":"callDurationTextFormatHours","$v":[{"t":"idOrVar","v":"h"}," h ",{"t":"idOrVar","v":"m"}," m ",{"t":"idOrVar","v":"s"}," s"]},{"$i":"callDurationTextFormatMinutes","$v":[{"t":"idOrVar","v":"m"}," m ",{"t":"idOrVar","v":"s"}," s"]},{"$i":"callDurationTextFormatSeconds","$v":[{"t":"idOrVar","v":"s"}," s"]},{"$i":"callEnded","$v":"Hovor ukončen"},{"$i":"callInformation","$v":"Info o volání"},{"$i":"callLog","$v":"Protokol volání"},{"$i":"callLogEdit","title":"Upravit protokol volání"},{"$i":"callLogEditDialog","ariaLabel":"Dialogové okno Upravit protokol volání"},{"$i":"caller-left-call","$v":[{"t":"idOrVar","v":"caller"}," opustil(a) hovor."]},{"$i":"calllog-all","$v":"Vše"},{"$i":"calllog-deselectAll","$v":"Zrušit výběr všeho"},{"$i":"calllog-none","$v":"Žádný"},{"$i":"calllog-selectAll","$v":"Vybrat vše"},{"$i":"canceled","$v":"Zrušeno"},{"$i":"clear-all-text","$v":"Vymaz. vešk. text"},{"$i":"close","$v":"Zavřít"},{"$i":"composeEmail","ariaLabel":"E-mail"},{"$i":"conferenceAddError","$v":"Volání nelze sloučit"},{"$i":"conferenceCall","$v":["Konference (",{"t":"idOrVar","v":"n"},")"]},{"$i":"conferenceRemoveError","$v":"Sloučení volání nelze zrušit"},{"$i":"confirm-deletion","$v":"Vymazat vybraná volání?"},{"$i":"connecting","$v":"Připojování"},{"$i":"connectingEllipsis","$v":"Připojování…"},{"$i":"contactDetails","$v":"Detaily kontaktu"},{"$i":"createNewContact","$v":"Vytvořit nový kontakt"},{"$i":"delete-n-log?","$v":{"few":["Odstranit protokoly (",{"t":"idOrVar","v":"n"},")?"],"many":["Odstranit protokoly (",{"t":"idOrVar","v":"n"},")?"],"one":"Odstranit vybraný protokol?","other":["Odstranit protokoly (",{"t":"idOrVar","v":"n"},")?"],"two":["Odstranit protokoly (",{"t":"idOrVar","v":"n"},")?"],"zero":"Nebylo nic vybráno"},"$x":[{"t":"idOrVar","v":"plural"},"n"]},{"$i":"deselect","$v":"Zrušit výběr"},{"$i":"dialed","$v":"Vytočeno"},{"$i":"dialer-prompt","$v":"Vytočte číslo nebo vyberte kontakt a přidejte ho do hovoru."},{"$i":"dialerAddContact","ariaLabel":"Přidat kontakt"},{"$i":"dialerAddContactDialog","ariaLabel":"Dialogové okno Přidat kontakt"},{"$i":"edit-selected","$v":{"few":["vybráno (",{"t":"idOrVar","v":"n"},")"],"many":["vybráno (",{"t":"idOrVar","v":"n"},")"],"one":["vybráno (",{"t":"idOrVar","v":"n"},")"],"other":["vybráno (",{"t":"idOrVar","v":"n"},")"],"two":["vybráno (",{"t":"idOrVar","v":"n"},")"]},"$x":[{"t":"idOrVar","v":"plural"},"n"]},{"$i":"emailDetail","ariaLabel":"E-mail"},{"$i":"from-contact","$v":["Od kontaktu ",{"t":"idOrVar","v":"contact"}]},{"$i":"from-number","$v":["Z čísla ",{"t":"idOrVar","v":"number"}]},{"$i":"from-withheld-number","$v":"Z neznámého čísla"},{"$i":"hangup-a11y-button","ariaLabel":"Zavěsit"},{"$i":"hide","$v":"Skrýt"},{"$i":"hideKeypad","ariaLabel":"Skrýt klávesnici"},{"$i":"hold","ariaLabel":"Přidržet"},{"$i":"hours","$v":"hod."},{"$i":"ignore","$v":"Ignorovat volání"},{"$i":"incoming","$v":"Příchozí"},{"$i":"incoming-call","$v":"Příchozí hovor"},{"$i":"info-missed","$v":"Nepřijaté"},{"$i":"keypad","ariaLabel":"Klávesnice"},{"$i":"log-item","$v":"Možnosti"},{"$i":"makeCall","ariaLabel":"Volat"},{"$i":"merge","ariaLabel":"Sloučit"},{"$i":"minutes","$v":"min."},{"$i":"missed","$v":"Nepřijaté","ariaLabel":"Nepřijaté"},{"$i":"missedCall","$v":"Zmeškaný hovor"},{"$i":"missedCallMultiSims","$v":["(SIM ",{"t":"idOrVar","v":"n"},") Zmeškaný hovor"]},{"$i":"mmi-error","$v":"Při odesílání zprávy došlo k chybě"},{"$i":"mmi-notification-title-with-sim","$v":["(",{"t":"idOrVar","v":"sim"},") ",{"t":"idOrVar","v":"title"}]},{"$i":"mmi-session-expired","$v":"Relace vypršela"},{"$i":"mmi-successfully-sent","$v":"Zpráva úspěšně odeslána"},{"$i":"mute","ariaLabel":"Ztlumit"},{"$i":"newCall","ariaLabel":"Nový hovor"},{"$i":"no-logs-msg-1","$v":"Žádné nahrané hovory"},{"$i":"no-logs-msg-2","$v":"Začít komunikovat"},{"$i":"no-logs-msg-3","$v":"Žádné nahrané hovory"},{"$i":"no-logs-msg-4","$v":"Začít komunikovat"},{"$i":"no-recent-numbers","$v":"V protokolech volání nejsou žádná nedávná čísla, která lze vytočit."},{"$i":"onHoldOption","ariaLabel":"Přidrž."},{"$i":"outgoing","$v":"Odchozí"},{"$i":"outgoing-call","$v":"Odchozí hovor"},{"$i":"phoneDetail","ariaLabel":"Telefon"},{"$i":"pickup-a11y-button","ariaLabel":"Zvednout"},{"$i":"received","$v":"Přijato"},{"$i":"receiver","$v":"Příjímač"},{"$i":"recents","ariaLabel":"Nedávné hovory"},{"$i":"reply","$v":"Odpovědět"},{"$i":"resume","$v":"Pokračovat","ariaLabel":"Pokračovat"},{"$i":"search-results","$v":"Výsledky hledání"},{"$i":"seconds","$v":"sekundy"},{"$i":"select-audio-sources","$v":"Vybrat zdroje zvuku"},{"$i":"send","$v":"Odeslat"},{"$i":"send-sms-button","ariaLabel":"SMS"},{"$i":"sendSms","$v":"Odeslat zprávu"},{"$i":"separator","$v":","},{"$i":"sim-number","$v":["SIM",{"t":"idOrVar","v":"n"}]},{"$i":"speaker","$v":"Reproduktor"},{"$i":"speakerOption","ariaLabel":"Reproduktor"},{"$i":"suggestionMatches","$v":{"few":["Počet shod pro výraz „",{"t":"idOrVar","v":"matchNumber"},"“: ",{"t":"idOrVar","v":"n"}],"many":["Počet shod pro výraz „",{"t":"idOrVar","v":"matchNumber"},"“: ",{"t":"idOrVar","v":"n"}],"one":["Počet shod pro výraz „",{"t":"idOrVar","v":"matchNumber"},"“: ",{"t":"idOrVar","v":"n"}],"other":["Počet shod pro výraz „",{"t":"idOrVar","v":"matchNumber"},"“: ",{"t":"idOrVar","v":"n"}],"two":["Počet shod pro výraz „",{"t":"idOrVar","v":"matchNumber"},"“: ",{"t":"idOrVar","v":"n"}]},"$x":[{"t":"idOrVar","v":"plural"},"n"]},{"$i":"switch-calls","$v":"Přepnout hovory"},{"$i":"tcl-assign","$v":"Přidělit"},{"$i":"tcl-assign-speed-dial","$v":{"$o":["Kontakt nebyl přidán jako zrychlená volba na tlačítko „",{"t":"idOrVar","v":"speedDial"},"“.<br></br>Přiřadit?"]}},{"$i":"tcl-call-log-delete-group-notification","$v":["Počet odstraněných položek: ",{"t":"idOrVar","v":"n"}]},{"$i":"tcl-calllog-entry-removed-err-notification","$v":"Položku protokolu volání nelze odebrat."},{"$i":"tcl-calllog-entry-removed-succ-notification","$v":"Položka protok. volání odebrána"},{"$i":"tcl-cancel","$v":"Zrušit"},{"$i":"tcl-confirmation","$v":"Potvrzení"},{"$i":"tcl-delete-log","$v":"Opravdu chcete odstranit z protokolu volání vybrané položky?"},{"$i":"tcl-dialer","$v":"Číselník"},{"$i":"tcl-edit-not-selected","$v":"vybráno (0)"},{"$i":"tcl-option-menu-call-log-edit","$v":"Upravit protokol volání"},{"$i":"today","$v":"Dnes"},{"$i":"toggleKeypad","ariaLabel":"Přepnout klávesnici"},{"$i":"type-your-response","placeholder":"Zadejte odpověď…"},{"$i":"unknown","$v":"Neznámé"},{"$i":"unlock-a11y-button","ariaLabel":"Posuvník"},{"$i":"ussd-services","$v":["Služby ",{"t":"idOrVar","v":"operator"}]},{"$i":"via-sim","$v":["přes SIM ",{"t":"idOrVar","v":"n"}]},{"$i":"view-all","$v":"Zobrazit vše"},{"$i":"wifi-calling","$v":"Wi-Fi volání"},{"$i":"withheld-number","$v":"Neznámé"},{"$i":"yesterday","$v":"Včera"},{"$i":"SimPin2","$v":"PIN2 SIM karty"},{"$i":"SimPuk2","$v":"PUK2 SIM karty"},{"$i":"serviceClassFax","$v":"FAX"},{"$i":"serviceClassPad","$v":"PAD"},{"$i":"serviceClassSms","$v":"SMS"},{"$i":"DialModifiedToDial","$v":"Dial modified to dial"},{"$i":"DialModifiedToSs","$v":"Dial modified to SS"},{"$i":"DialModifiedToUssd","$v":"Dial modified to USSD"},{"$i":"FdnCheckFailure","$v":"Kontrola Fdn se nezdařila"},{"$i":"IllegalSimOrMe","$v":"Neplatná SIM nebo ME"},{"$i":"InvalidParameter","$v":"Neplatný parametr"},{"$i":"ModeNotSupported","$v":"Režim nepodporován"},{"$i":"OpNotAllowedDuringVoiceCall","$v":"Operace nepovolena při hovoru"},{"$i":"PasswordIncorrect","$v":"Heslo je nesprávné"},{"$i":"RadioNotAvailable","$v":"Radio not available"},{"$i":"RejectedByRemote","$v":"Vzdáleně odmítnuto"},{"$i":"RequestNotSupported","$v":"Žádost není podporována"},{"$i":"ServiceIsDisabled","$v":"Služba je zakázaná"},{"$i":"ServiceIsEnabled","$v":"Služba je povolená"},{"$i":"ServiceIsEnabledFor","$v":"Služba je povolená pro:"},{"$i":"SimAbsent","$v":"SIM chybí"},{"$i":"SmsSendFailRetry","$v":"SMS send fail retry"},{"$i":"SsModifiedToDial","$v":"Kód SS změněn na vytáčení"},{"$i":"SsModifiedToSs","$v":"Kód SS změněn na SS"},{"$i":"SsModifiedToUssd","$v":"Kód SS změněn na USSD"},{"$i":"SubscriptionNotAvailable","$v":"Předplatné není dostupné"},{"$i":"SubscriptionNotSupported","$v":"Předplatné není podporováno"},{"$i":"UssdModifiedToDial","$v":"USSD změněno na vytáčení"},{"$i":"UssdModifiedToSs","$v":"USSD změněno na SS"},{"$i":"UssdModifiedToUssd","$v":"USSD změněno na USSD"},{"$i":"call-forwarding-async","$v":["Asynchronní: ",{"t":"idOrVar","v":"async"}]},{"$i":"call-forwarding-data","$v":["Data: ",{"t":"idOrVar","v":"data"}]},{"$i":"call-forwarding-error","$v":"Při načítání stavu přesměrování hovorů došlo k chybě"},{"$i":"call-forwarding-fax","$v":["FAX: ",{"t":"idOrVar","v":"fax"}]},{"$i":"call-forwarding-inactive","$v":"Neaktivní"},{"$i":"call-forwarding-packet","$v":["Paket: ",{"t":"idOrVar","v":"packet"}]},{"$i":"call-forwarding-pad","$v":["PAD: ",{"t":"idOrVar","v":"pad"}]},{"$i":"call-forwarding-sms","$v":["SMS: ",{"t":"idOrVar","v":"sms"}]},{"$i":"call-forwarding-status","$v":"Stav přesměr. hovorů"},{"$i":"call-forwarding-sync","$v":["Synchronní: ",{"t":"idOrVar","v":"sync"}]},{"$i":"call-forwarding-voice","$v":["Hlasové: ",{"t":"idOrVar","v":"voice"}]},{"$i":"emMmiError","$v":"Problém připojení nebo neplatný kód MMI"},{"$i":"emMmiErrorBadPin","$v":"Zadaný starý PIN je nesprávný."},{"$i":"emMmiErrorBadPuk","$v":"Zadaný PUK je nesprávný"},{"$i":"emMmiErrorEnablePin","$v":"Neúspěch. Povolte ZÁMEK SIM/RUIM"},{"$i":"emMmiErrorInvalidAction","$v":"Neplatná akce"},{"$i":"emMmiErrorInvalidPin","$v":"Zadejte kód PIN o délce 4 až 8 čísel"},{"$i":"emMmiErrorInvalidScCode","$v":"Neplatný kód služby"},{"$i":"emMmiErrorMismatchPin","$v":"Zadané PIN kódy se neshodují"},{"$i":"emMmiErrorMmiFdn","$v":"Lze volat jen na povolená čísla"},{"$i":"emMmiErrorNeedPuk2","$v":"Odblokujte kartu SIM zadáním kódu PUK2"},{"$i":"emMmiErrorNeedsPuk","$v":"SIM karta je uzamčená PUK kódem"},{"$i":"emMmiErrorNotSupported","$v":"Neplatný nebo nepodporovaný kód MMI"},{"$i":"emMmiErrorPasswordIncorrect","$v":"Nesprávné heslo"},{"$i":"emMmiErrorPinPukAttempts","$v":{"few":["Zbývá pokusů: ",{"t":"idOrVar","v":"n"}],"many":["Zbývá pokusů: ",{"t":"idOrVar","v":"n"}],"one":["Počet zbývajících pokusů: ",{"t":"idOrVar","v":"n"}],"other":["Zbývá pokusů: ",{"t":"idOrVar","v":"n"}],"two":["Zbývá pokusů: ",{"t":"idOrVar","v":"n"}]},"$x":[{"t":"idOrVar","v":"plural"},"n"]},{"$i":"emMmiErrorSimBlocked","$v":"Byl překročen max. počet opakovaných pokusů. SIM zablokována."},{"$i":"emMmiErrorStkCcSsDial","$v":"Žádost SS změněna na žádost VYTOČIT"},{"$i":"emMmiErrorStkCcSsSs","$v":"Žádost SS změněna na novou žádost SS"},{"$i":"emMmiErrorStkCcSsUssd","$v":"Žádost SS změněna na žádost USSD"},{"$i":"emMmiErrorStkCcUssdDial","$v":"Žádost USSD byla změněna na žádost VYTOČIT"},{"$i":"emMmiErrorStkCcUssdSs","$v":"Žádost USSD byla změněna na žádost SS"},{"$i":"emMmiErrorStkCcUssdUssd","$v":"Žádost USSD byla změněna na novou žádost USSD"},{"$i":"fihVersion","$v":"Verze FIH"},{"$i":"imeiAndSvn","$v":"IMEI a SVN"},{"$i":"internalVersion","$v":"Interní verze"},{"$i":"serviceClassData","$v":"Data"},{"$i":"serviceClassDataAsync","$v":"Asynchr."},{"$i":"serviceClassDataSync","$v":"Synchronizovat"},{"$i":"serviceClassPacket","$v":"Paket"},{"$i":"serviceClassVoice","$v":"Hlasové"},{"$i":"smClirDefaultOffNextCallOff","$v":"ID volajícího má výchozí hodnotu „neomezeno“. Další volání: Neomezeno"},{"$i":"smClirDefaultOffNextCallOn","$v":"ID volajícího má výchozí hodnotu „neomezeno“. Další volání: Omezeno"},{"$i":"smClirDefaultOnNextCallOff","$v":"ID volajícího má výchozí hodnotu „omezeno“. Další volání: Neomezeno"},{"$i":"smClirDefaultOnNextCallOn","$v":"ID volajícího má výchozí hodnotu „omezeno“. Další volání: Omezeno"},{"$i":"smClirPermanent","$v":"Nastavení ID volajícího nelze změnit"},{"$i":"smPin2Changed","$v":"PIN2 úspěšně změněn"},{"$i":"smPin2Unblocked","$v":"PIN2 úspěšně odblokován"},{"$i":"smPinChanged","$v":"PIN úspěšně změněn"},{"$i":"smPinUnblocked","$v":"PIN úspěšně odblokován"},{"$i":"smServiceDisabled","$v":"Služba byla zakázána"},{"$i":"smServiceEnabled","$v":"Služba byla povolena"},{"$i":"smServiceEnabledFor","$v":"Služba povolena pro:"},{"$i":"smServiceErased","$v":"Vymazání proběhlo úspěšně"},{"$i":"smServiceInterrogated","$v":"Žádost úspěšně zpracována"},{"$i":"smServiceNotProvisioned","$v":"Služba není zřízená"},{"$i":"smServiceRegistered","$v":"Registrace byla úspěšná"},{"$i":"another","$v":"Jiný"},{"$i":"current","$v":"Aktuální"},{"$i":"customTag","$v":"Vlastní štítek","placeholder":"Vlastní štítek"},{"$i":"faxHome","$v":"Fax domů"},{"$i":"faxOffice","$v":"Fax pracovní"},{"$i":"faxOther","$v":"Fax jiný"},{"$i":"itemWithLabel","$v":[{"t":"idOrVar","v":"label"},", ",{"t":"idOrVar","v":"item"}]},{"$i":"label","$v":"Štítek"},{"$i":"other","$v":"Jiné"},{"$i":"tcl-customTag","$v":"Vlastní štítek"},{"$i":"dateTimeFormat_%c","$v":"%a %b %e %Y %I:%M:%S %p"},{"$i":"dateTimeFormat_%x","$v":"%m/%d/%Y"},{"$i":"days-ago-long","$v":{"few":["před ",{"t":"idOrVar","v":"value"}," dny"],"many":["před ",{"t":"idOrVar","v":"value"}," dny"],"one":"včera","other":["před ",{"t":"idOrVar","v":"value"}," dny"],"two":["před ",{"t":"idOrVar","v":"value"}," dny"],"zero":"dnes"},"$x":[{"t":"idOrVar","v":"plural"},"value"]},{"$i":"days-ago-short","$v":{"other":["před ",{"t":"idOrVar","v":"value"}," d"],"zero":"dnes"},"$x":[{"t":"idOrVar","v":"plural"},"value"]},{"$i":"days-until-long","$v":{"few":["za ",{"t":"idOrVar","v":"value"}," dny/dní"],"many":["za ",{"t":"idOrVar","v":"value"}," dny/dní"],"one":"zítra","other":["za ",{"t":"idOrVar","v":"value"}," dny/dní"],"two":["za ",{"t":"idOrVar","v":"value"}," dny/dní"],"zero":"dnes"},"$x":[{"t":"idOrVar","v":"plural"},"value"]},{"$i":"days-until-short","$v":{"other":["za ",{"t":"idOrVar","v":"value"}," d"],"zero":"dnes"},"$x":[{"t":"idOrVar","v":"plural"},"value"]},{"$i":"hours-ago-long","$v":{"few":["před ",{"t":"idOrVar","v":"value"}," hodinami"],"many":["před ",{"t":"idOrVar","v":"value"}," hodinami"],"one":"před hodinou","other":["před ",{"t":"idOrVar","v":"value"}," hodinami"],"two":["před ",{"t":"idOrVar","v":"value"}," hodinami"],"zero":"právě teď"},"$x":[{"t":"idOrVar","v":"plural"},"value"]},{"$i":"hours-ago-short","$v":{"other":["před ",{"t":"idOrVar","v":"value"}," h"],"zero":"právě teď"},"$x":[{"t":"idOrVar","v":"plural"},"value"]},{"$i":"hours-until-long","$v":{"few":["za ",{"t":"idOrVar","v":"value"}," hod."],"many":["za ",{"t":"idOrVar","v":"value"}," hod."],"one":"za hodinu","other":["za ",{"t":"idOrVar","v":"value"}," hod."],"two":["za ",{"t":"idOrVar","v":"value"}," hod."],"zero":"nyní"},"$x":[{"t":"idOrVar","v":"plural"},"value"]},{"$i":"hours-until-short","$v":{"other":["za ",{"t":"idOrVar","v":"value"}," h"],"zero":"nyní"},"$x":[{"t":"idOrVar","v":"plural"},"value"]},{"$i":"incorrectDate","$v":"(nesprávné datum)"},{"$i":"minutes-ago-long","$v":{"few":["před ",{"t":"idOrVar","v":"value"}," minutami"],"many":["před ",{"t":"idOrVar","v":"value"}," minutami"],"one":"před minutou","other":["před ",{"t":"idOrVar","v":"value"}," minutami"],"two":["před ",{"t":"idOrVar","v":"value"}," minutami"],"zero":"právě teď"},"$x":[{"t":"idOrVar","v":"plural"},"value"]},{"$i":"minutes-ago-short","$v":{"other":["před ",{"t":"idOrVar","v":"value"}," m"],"zero":"právě teď"},"$x":[{"t":"idOrVar","v":"plural"},"value"]},{"$i":"minutes-until-long","$v":{"few":["za ",{"t":"idOrVar","v":"value"}," min."],"many":["za ",{"t":"idOrVar","v":"value"}," min."],"one":"za minutu","other":["za ",{"t":"idOrVar","v":"value"}," min."],"two":["za ",{"t":"idOrVar","v":"value"}," min."],"zero":"nyní"},"$x":[{"t":"idOrVar","v":"plural"},"value"]},{"$i":"minutes-until-short","$v":{"other":["za ",{"t":"idOrVar","v":"value"}," m"],"zero":"nyní"},"$x":[{"t":"idOrVar","v":"plural"},"value"]},{"$i":"month-0-genitive","$v":"Leden"},{"$i":"month-0-long","$v":"Leden"},{"$i":"month-0-short","$v":"Led"},{"$i":"month-1-genitive","$v":"Únor"},{"$i":"month-1-long","$v":"Únor"},{"$i":"month-1-short","$v":"Úno"},{"$i":"month-10-genitive","$v":"Listopad"},{"$i":"month-10-long","$v":"Listopad"},{"$i":"month-10-short","$v":"Lis"},{"$i":"month-11-genitive","$v":"Prosinec"},{"$i":"month-11-long","$v":"Prosinec"},{"$i":"month-11-short","$v":"Pro"},{"$i":"month-2-genitive","$v":"Březen"},{"$i":"month-2-long","$v":"Březen"},{"$i":"month-2-short","$v":"Bře"},{"$i":"month-3-genitive","$v":"Duben"},{"$i":"month-3-long","$v":"Duben"},{"$i":"month-3-short","$v":"Dub"},{"$i":"month-4-genitive","$v":"Květen"},{"$i":"month-4-long","$v":"Květen"},{"$i":"month-4-short","$v":"Kvě"},{"$i":"month-5-genitive","$v":"Červen"},{"$i":"month-5-long","$v":"Červen"},{"$i":"month-5-short","$v":"Čer"},{"$i":"month-6-genitive","$v":"Červenec"},{"$i":"month-6-long","$v":"Červenec"},{"$i":"month-6-short","$v":"Čvc"},{"$i":"month-7-genitive","$v":"Srpen"},{"$i":"month-7-long","$v":"Srpen"},{"$i":"month-7-short","$v":"Srp"},{"$i":"month-8-genitive","$v":"Září"},{"$i":"month-8-long","$v":"Září"},{"$i":"month-8-short","$v":"Zář"},{"$i":"month-9-genitive","$v":"Říjen"},{"$i":"month-9-long","$v":"Říjen"},{"$i":"month-9-short","$v":"Říj"},{"$i":"months-ago-long","$v":{"few":["před ",{"t":"idOrVar","v":"value"}," měsíci"],"many":["před ",{"t":"idOrVar","v":"value"}," měsíci"],"one":"poslední měsíc","other":["před ",{"t":"idOrVar","v":"value"}," měsíci"],"two":["před ",{"t":"idOrVar","v":"value"}," měsíci"],"zero":"tento měsíc"},"$x":[{"t":"idOrVar","v":"plural"},"value"]},{"$i":"months-until-long","$v":{"few":["za ",{"t":"idOrVar","v":"value"}," měsíce/měsíců"],"many":["za ",{"t":"idOrVar","v":"value"}," měsíce/měsíců"],"one":"příští měsíc","other":["za ",{"t":"idOrVar","v":"value"}," měsíce/měsíců"],"two":["za ",{"t":"idOrVar","v":"value"}," měsíce/měsíců"],"zero":"tento měsíc"},"$x":[{"t":"idOrVar","v":"plural"},"value"]},{"$i":"shortDateTimeFormat","$v":"%x %I:%M %p"},{"$i":"shortTimeFormat","$v":"%I:%M %p"},{"$i":"shortTimeFormat12","$v":"%I:%M %p"},{"$i":"shortTimeFormat24","$v":"%H:%M"},{"$i":"time_am","$v":"dop."},{"$i":"time_pm","$v":"odp."},{"$i":"weekday-0-long","$v":"Neděle"},{"$i":"weekday-0-short","$v":"Ne"},{"$i":"weekday-1-long","$v":"Pondělí"},{"$i":"weekday-1-short","$v":"Po"},{"$i":"weekday-2-long","$v":"Úterý"},{"$i":"weekday-2-short","$v":"Út"},{"$i":"weekday-3-long","$v":"Středa"},{"$i":"weekday-3-short","$v":"St"},{"$i":"weekday-4-long","$v":"Čtvrtek"},{"$i":"weekday-4-short","$v":"Čt"},{"$i":"weekday-5-long","$v":"Pátek"},{"$i":"weekday-5-short","$v":"Pá"},{"$i":"weekday-6-long","$v":"Sobota"},{"$i":"weekday-6-short","$v":"So"},{"$i":"weeks-ago-long","$v":{"few":["před ",{"t":"idOrVar","v":"value"}," týdny"],"many":["před ",{"t":"idOrVar","v":"value"}," týdny"],"one":"minulý týden","other":["před ",{"t":"idOrVar","v":"value"}," týdny"],"two":["před ",{"t":"idOrVar","v":"value"}," týdny"],"zero":"tento týden"},"$x":[{"t":"idOrVar","v":"plural"},"value"]},{"$i":"weeks-until-long","$v":{"few":["za ",{"t":"idOrVar","v":"value"}," týdny/týdnů"],"many":["za ",{"t":"idOrVar","v":"value"}," týdny/týdnů"],"one":"příští týden","other":["za ",{"t":"idOrVar","v":"value"}," týdny/týdnů"],"two":["za ",{"t":"idOrVar","v":"value"}," týdny/týdnů"],"zero":"tento týden"},"$x":[{"t":"idOrVar","v":"plural"},"value"]},{"$i":"years-ago-long","$v":{"few":["před ",{"t":"idOrVar","v":"value"}," lety"],"many":["před ",{"t":"idOrVar","v":"value"}," lety"],"one":"minulý rok","other":["před ",{"t":"idOrVar","v":"value"}," lety"],"two":["před ",{"t":"idOrVar","v":"value"}," lety"],"zero":"tento rok"},"$x":[{"t":"idOrVar","v":"plural"},"value"]},{"$i":"years-until-long","$v":{"few":["za ",{"t":"idOrVar","v":"value"}," roky/let"],"many":["za ",{"t":"idOrVar","v":"value"}," roky/let"],"one":"příští rok","other":["za ",{"t":"idOrVar","v":"value"}," roky/let"],"two":["za ",{"t":"idOrVar","v":"value"}," roky/let"],"zero":"tento rok"},"$x":[{"t":"idOrVar","v":"plural"},"value"]},{"$i":"dateTimeFormat_%X","$v":"%I:%M:%S %p"},{"$i":"weekStartsOnMonday","$v":"0"},{"$i":"firstDayOfTheWeek","$v":"1"}]