[{"$i":"clockDateFormat","$v":"%a, %e %b"},{"$i":"deviceIsUnlocked","$v":"Enheden er låst op"},{"$i":"simUnlockCodeAccepted","$v":"SIM-oplåsningskode accepteret"},{"$i":"simUnlockCodeFailed","$v":"SIM kunne ikke låses op"},{"$i":"eccOnly","$v":"Kun nødopkald"},{"$i":"emergencyCallsOnly","$v":"Kun nødopkald tilladt"},{"$i":"lockedSim","$v":"Lost SIM"},{"$i":"noService","$v":"Ingen tjeneste"},{"$i":"noSimCard","$v":"Intet SIM-kort"},{"$i":"searching","$v":"Søger…"},{"$i":"airplane-mode","$v":"Flytilstand"},{"$i":"bluetooth","$v":"Bluetooth"},{"$i":"brightness","$v":"Lysstyrke"},{"$i":"calculator","$v":"Regnemaskine"},{"$i":"camera","$v":"Kamera"},{"$i":"cellular-data","$v":"Mobildata"},{"$i":"confirm-to-uninstall-app","$v":["Afinstaller appen ",{"t":"idOrVar","v":"appName"},"?"]},{"$i":"flashlight","$v":"Lommelygte"},{"$i":"instant-settings","$v":"øjeblikkelige indstillinger"},{"$i":"off","$v":"Fra"},{"$i":"on","$v":"Til"},{"$i":"shortcuts","$v":"Genveje"},{"$i":"uninstall","$v":"Fjern installation"},{"$i":"volume","$v":"Volumen"},{"$i":"wifi","$v":"Wi-Fi"},{"$i":"percentage-number","$v":[{"t":"idOrVar","v":"number"}," %"]},{"$i":"all-apps","$v":"Kun store bogstaver"},{"$i":"scImei","$v":"IMEI"},{"$i":"scMeid","$v":"MEID"},{"$i":"scUssd","$v":"USSD"},{"$i":"CallFailed","$v":"Opkald mislykkedes"},{"$i":"GenericFailure","$v":"Generisk fejl"},{"$i":"add-smart-collections","$v":"Tilføj Smart Collections"},{"$i":"add-to-existing-contact","$v":"Føj til eksisterende kontakt"},{"$i":"alert-for-contacts-without-number","$v":"Der er ingen tilgængelige kontakter med telefonnummer."},{"$i":"app-title","$v":"Mine apps"},{"$i":"app-uninstall","$v":[{"t":"idOrVar","v":"name"}," blev afinstalleret"]},{"$i":"assign","$v":"Tildel"},{"$i":"assign-speed-dial","$v":["Kontakten blev ikke tilføjet som et hurtigkald på knappen ",{"t":"idOrVar","v":"n"},". Tildel nu?"]},{"$i":"assign-voicemail","$v":"Telefonsvarernummeret er ikke indstillet."},{"$i":"call","$v":"Opkald"},{"$i":"callAirplaneModeMessage","$v":"Hvis du vil foretage et opkald, skal du deaktivere flytilstand i Indstillinger."},{"$i":"callAirplaneModeTitle","$v":"Flytilstand aktiveret"},{"$i":"cancel","$v":"Annuller"},{"$i":"change-wallpaper","$v":"Skift baggrund"},{"$i":"clocks-updated","$v":"Ure er opdateret"},{"$i":"confirmation","$v":"Bekræftelse"},{"$i":"contacts","$v":"Kontakter"},{"$i":"create-new-contact","$v":"Opret ny kontakt"},{"$i":"delete","$v":"Slet"},{"$i":"delete-body","$v":[{"t":"idOrVar","v":"name"}," og alle dens data slettes."]},{"$i":"delete-title","$v":["Slet ",{"t":"idOrVar","v":"name"}]},{"$i":"edit","$v":"Rediger"},{"$i":"edit-done","$v":"Udført"},{"$i":"edit-group-header","$v":"Rediger gruppe"},{"$i":"edit-mode","$v":"Rediger"},{"$i":"emergency-call-error","$v":[{"t":"idOrVar","v":"number"}," er ikke et alarmnummer."]},{"$i":"emergency-call-only","$v":"Kun nødopkald"},{"$i":"emergencyDialogBodyBadNumber","$v":"Hvis du vil foretage et opkald, skal telefonen være forbundet til et netværk."},{"$i":"emergencyDialogBodyDeviceNotAccepted","$v":"Nødopkald er ikke tilladt af netværket."},{"$i":"emergencyDialogTitle","$v":"Ingen netværksforbindelse"},{"$i":"fax-home","$v":"Fax privat"},{"$i":"fax-office","$v":"Fax kontor"},{"$i":"fax-other","$v":"Fax andet"},{"$i":"fdnIsActiveMessage","$v":["Begrænsede numre er aktiveret, og følgende nummer er ikke på din liste over begrænsede numre: ",{"t":"idOrVar","v":"number"}]},{"$i":"fdnIsActiveTitle","$v":"Begrænsede numre aktiv"},{"$i":"gaia-shortcut-app-updated","$v":"App opdateret"},{"$i":"grid-view","$v":"Gittervisning"},{"$i":"home","$v":"Hjem"},{"$i":"homescreen-settings","$v":"Indstillinger for startskærm"},{"$i":"invalidNumberToDialMessage","$v":"Det telefonnummer, du ringer til, er ikke gyldigt."},{"$i":"invalidNumberToDialTitle","$v":"Ugyldigt telefonnummer"},{"$i":"list-view","$v":"Listevisning"},{"$i":"longDateFormat","$v":"%A, %B %e"},{"$i":"menu","$v":"Menu"},{"$i":"message","$v":"Besked"},{"$i":"mobile","$v":"Mobil"},{"$i":"more","$v":"Mere"},{"$i":"move","$v":"Flyt"},{"$i":"notifications","$v":"Meddelelser"},{"$i":"numberIsBusyMessage","$v":"Nummeret er optaget. Prøv igen senere."},{"$i":"numberIsBusyTitle","$v":"Nummeret er optaget"},{"$i":"ok","$v":"OK"},{"$i":"option-remove","$v":"Fjern fra hurtigkald"},{"$i":"option-replace","$v":"Erstat"},{"$i":"options","$v":"Valg"},{"$i":"otherConnectionInUseMessage","$v":"Du har et aktivt opkald på en anden forbindelse. Du kan kun bruge en forbindelse ad gangen."},{"$i":"otherConnectionInUseTitle","$v":"Anden forbindelse i brug"},{"$i":"personal","$v":"Personlig"},{"$i":"remove","$v":"Fjern"},{"$i":"remove-speed-dial","$v":["Er du sikker på, at du vil fjerne ",{"t":"idOrVar","v":"name"}," fra hurtigkald?"]},{"$i":"replace","$v":"Erstat"},{"$i":"replace-speed-dial","$v":["Er du sikker på, at du vil erstatte ",{"t":"idOrVar","v":"name"}," med ",{"t":"idOrVar","v":"subName"}," ?"]},{"$i":"resume-download-action","$v":"Overfør"},{"$i":"resume-download-body","$v":["Vil du downloade ",{"t":"idOrVar","v":"name"},"?"]},{"$i":"resume-download-title","$v":"Genstart download"},{"$i":"scCallBarring","$v":"Opkaldsspærring"},{"$i":"scCallForwarding","$v":"Omstilling"},{"$i":"scCallWaiting","$v":"Banke på"},{"$i":"scClip","$v":"Indgående opkalds-id"},{"$i":"scClir","$v":"Udgående opkalds-id"},{"$i":"scPin","$v":"PIN-ændring"},{"$i":"scPin2","$v":"PIN2-ændring"},{"$i":"scPuk","$v":"Fjern blokering af PIN"},{"$i":"scPuk2","$v":"Fjern blokering af PIN2"},{"$i":"scPwd","$v":"Adgangskode ændret"},{"$i":"search-or-enter-address","placeholder":"Søg eller angiv en adresse"},{"$i":"select","$v":"Vælg"},{"$i":"sending","$v":"Sender…"},{"$i":"set","$v":"Angiv"},{"$i":"settings","$v":"Indstillinger"},{"$i":"single-view","$v":"Enkelt visning"},{"$i":"skip","$v":"Ignorer"},{"$i":"speed-dial","$v":"Hurtigkald"},{"$i":"speed-dial-empty","ariaLabel":[{"t":"idOrVar","v":"order"},", tom"]},{"$i":"speed-dial-not-empty","ariaLabel":[{"t":"idOrVar","v":"order"},", ",{"t":"idOrVar","v":"name"}]},{"$i":"stop-download-action","$v":"Stop"},{"$i":"stop-download-body","$v":"Vil du afbryde den download, der er i gang?"},{"$i":"stop-download-title","$v":["Stop ",{"t":"idOrVar","v":"name"}]},{"$i":"tcl-wallpaper-changed","$v":"Baggrund ændret"},{"$i":"video-call","$v":"Videoopkald"},{"$i":"voicemail","$v":"Talebesked"},{"$i":"work","$v":"Arbejde"},{"$i":"apps","$v":"Apps"},{"$i":"nocard-eccOnly","$v":"No SIM card-Emergency calls only"},{"$i":"unusablecard-eccOnly","$v":"Unusable SIM card-Emergency calls only"},{"$i":"apn-sim1","$v":"APN-indstillinger - SIM1"},{"$i":"apn-sim2","$v":"APN-indstillinger - SIM2"},{"$i":"apnConfigPrepay","$v":"Forudbetal"},{"$i":"apnConfigPostpay","$v":"Efterbetal"},{"$i":"apn-defaultconfig-message","$v":"Angiv, hvilken type APN der skal vises"},{"$i":"apnDefaultConfig","$v":"APN-standardkonfig"},{"$i":"without-sim-new","$v":[{"t":"idOrVar","v":"index"}]},{"$i":"with-sim-new","$v":[{"t":"idOrVar","v":"index"}," - ",{"t":"idOrVar","v":"carrier"}]},{"$i":"sim-with-index-and-carrier","$v":["SIM ",{"t":"idOrVar","v":"index"}," - ",{"t":"idOrVar","v":"carrier"}]},{"$i":"sim-without-carrier","$v":["SIM ",{"t":"idOrVar","v":"index"}]},{"$i":"call-forwarding-voice-after-seconds","$v":["Tale: ",{"t":"idOrVar","v":"voice"}," efter ",{"t":"idOrVar","v":"timeSeconds"}," sekunder"]},{"$i":"addNewNumber","$v":"Tilføj nyt nummer"},{"$i":"addToExistingContact","$v":"Føj til eksisterende kontakt"},{"$i":"all","$v":"Alle","ariaLabel":"Alle"},{"$i":"bluetooth-handsfree-device","$v":"Håndfri Bluetooth-enhed"},{"$i":"bluetoothOption","ariaLabel":"Bluetooth"},{"$i":"callDurationHours","$v":[{"t":"idOrVar","v":"h"},":",{"t":"idOrVar","v":"m"},":",{"t":"idOrVar","v":"s"}]},{"$i":"callDurationMinutes","$v":[{"t":"idOrVar","v":"m"},":",{"t":"idOrVar","v":"s"}]},{"$i":"callDurationTextFormatHours","$v":[{"t":"idOrVar","v":"h"}," t ",{"t":"idOrVar","v":"m"}," m ",{"t":"idOrVar","v":"s"}," s"]},{"$i":"callDurationTextFormatMinutes","$v":[{"t":"idOrVar","v":"m"}," m ",{"t":"idOrVar","v":"s"}," s"]},{"$i":"callDurationTextFormatSeconds","$v":[{"t":"idOrVar","v":"s"}," s"]},{"$i":"callEnded","$v":"Opkaldet er afsluttet"},{"$i":"callInformation","$v":"Opkaldsoplysninger"},{"$i":"callLog","$v":"Opkaldslog"},{"$i":"callLogEdit","title":"Rediger opkaldslog"},{"$i":"callLogEditDialog","ariaLabel":"Rediger dialogboks for opkaldslog"},{"$i":"caller-left-call","$v":[{"t":"idOrVar","v":"caller"}," har forladt samtalen."]},{"$i":"calllog-all","$v":"Alle"},{"$i":"calllog-deselectAll","$v":"Fravælg alle"},{"$i":"calllog-none","$v":"Ingen"},{"$i":"calllog-selectAll","$v":"Vælg alle"},{"$i":"canceled","$v":"Annulleret"},{"$i":"clear-all-text","$v":"Ryd al tekst"},{"$i":"close","$v":"Luk"},{"$i":"composeEmail","ariaLabel":"E-mail"},{"$i":"conferenceAddError","$v":"Der kunne ikke tilføjes et nyt opkald"},{"$i":"conferenceCall","$v":["Konference (",{"t":"idOrVar","v":"n"},")"]},{"$i":"conferenceRemoveError","$v":"Opkaldene kunne ikke opdeles"},{"$i":"confirm-deletion","$v":"Ryd valgte opkald?"},{"$i":"connecting","$v":"Opretter forbindelse"},{"$i":"connectingEllipsis","$v":"Opretter forbindelse…"},{"$i":"contactDetails","$v":"Kontaktdetaljer"},{"$i":"createNewContact","$v":"Opret ny kontakt"},{"$i":"delete-n-log?","$v":{"few":["Slet ",{"t":"idOrVar","v":"n"}," logfiler?"],"many":["Slet ",{"t":"idOrVar","v":"n"}," logfiler?"],"one":"Slet den valgte log?","other":["Slet ",{"t":"idOrVar","v":"n"}," logfiler?"],"two":["Slet ",{"t":"idOrVar","v":"n"}," logfiler?"],"zero":"Intet er valgt"},"$x":[{"t":"idOrVar","v":"plural"},"n"]},{"$i":"deselect","$v":"Fravælg"},{"$i":"dialed","$v":"Ringet op"},{"$i":"dialer-prompt","$v":"Indtast nummer, eller vælg en kontakt, som skal føjes til opkaldet"},{"$i":"dialerAddContact","ariaLabel":"Tilføj kontakt"},{"$i":"dialerAddContactDialog","ariaLabel":"Tilføj dialogboks med kontakt"},{"$i":"edit-selected","$v":{"few":["valgt(",{"t":"idOrVar","v":"n"},")"],"many":["valgt(",{"t":"idOrVar","v":"n"},")"],"one":["valgt(",{"t":"idOrVar","v":"n"},")"],"other":["valgt(",{"t":"idOrVar","v":"n"},")"],"two":["valgt(",{"t":"idOrVar","v":"n"},")"]},"$x":[{"t":"idOrVar","v":"plural"},"n"]},{"$i":"emailDetail","ariaLabel":"E-mail"},{"$i":"from-contact","$v":["Fra ",{"t":"idOrVar","v":"contact"}]},{"$i":"from-number","$v":["Fra ",{"t":"idOrVar","v":"number"}]},{"$i":"from-withheld-number","$v":"Fra ukendt nummer"},{"$i":"hangup-a11y-button","ariaLabel":"Læg på"},{"$i":"hide","$v":"Skjul"},{"$i":"hideKeypad","ariaLabel":"Skjul tastatur"},{"$i":"hold","ariaLabel":"Parkér"},{"$i":"hours","$v":"timer"},{"$i":"ignore","$v":"Ignorer opkald"},{"$i":"incoming","$v":"Indgående"},{"$i":"incoming-call","$v":"Indgående opkald"},{"$i":"info-missed","$v":"Ubesvarede"},{"$i":"keypad","ariaLabel":"Tastatur"},{"$i":"log-item","$v":"Valg"},{"$i":"makeCall","ariaLabel":"Foretag opkald"},{"$i":"merge","ariaLabel":"Flet"},{"$i":"minutes","$v":"minutter"},{"$i":"missed","$v":"Ubesvarede","ariaLabel":"Ubesvarede"},{"$i":"missedCall","$v":"Ubesvaret opkald"},{"$i":"missedCallMultiSims","$v":["(SIM ",{"t":"idOrVar","v":"n"},") ubesvaret opkald"]},{"$i":"mmi-error","$v":"Der opstod fejl under afsendelse af meddelelsen"},{"$i":"mmi-notification-title-with-sim","$v":["(",{"t":"idOrVar","v":"sim"},") ",{"t":"idOrVar","v":"title"}]},{"$i":"mmi-session-expired","$v":"Session udløbet"},{"$i":"mmi-successfully-sent","$v":"Beskeden blev sendt"},{"$i":"mute","ariaLabel":"Lyd fra"},{"$i":"newCall","ariaLabel":"Nyt opkald"},{"$i":"no-logs-msg-1","$v":"Ingen opkald optaget"},{"$i":"no-logs-msg-2","$v":"Begynd at kommunikere nu"},{"$i":"no-logs-msg-3","$v":"Ingen opkald optaget"},{"$i":"no-logs-msg-4","$v":"Begynd at kommunikere nu"},{"$i":"no-recent-numbers","$v":"Der er ingen seneste numre i opkaldsloggene at ringe op."},{"$i":"onHoldOption","ariaLabel":"Parkeret"},{"$i":"outgoing","$v":"Udgående"},{"$i":"outgoing-call","$v":"Udgående opkald"},{"$i":"phoneDetail","ariaLabel":"Telefon"},{"$i":"pickup-a11y-button","ariaLabel":"Tag op"},{"$i":"received","$v":"Modtaget"},{"$i":"receiver","$v":"Modtager"},{"$i":"recents","ariaLabel":"Seneste opkald"},{"$i":"reply","$v":"Svar"},{"$i":"resume","$v":"Fortsæt","ariaLabel":"Fortsæt"},{"$i":"search-results","$v":"Søgeresultater"},{"$i":"seconds","$v":"sekunder"},{"$i":"select-audio-sources","$v":"Vælg lydkilder"},{"$i":"send","$v":"Send"},{"$i":"send-sms-button","ariaLabel":"Sms"},{"$i":"sendSms","$v":"Send besked"},{"$i":"separator","$v":","},{"$i":"sim-number","$v":["SIM",{"t":"idOrVar","v":"n"}]},{"$i":"speaker","$v":"Højttaler"},{"$i":"speakerOption","ariaLabel":"Højttaler"},{"$i":"suggestionMatches","$v":{"few":[{"t":"idOrVar","v":"n"}," matches for \"",{"t":"idOrVar","v":"matchNumber"}],"many":[{"t":"idOrVar","v":"n"}," matches for \"",{"t":"idOrVar","v":"matchNumber"}],"one":[{"t":"idOrVar","v":"n"}," match for \"",{"t":"idOrVar","v":"matchNumber"}],"other":[{"t":"idOrVar","v":"n"}," matches for \"",{"t":"idOrVar","v":"matchNumber"}],"two":[{"t":"idOrVar","v":"n"}," matches for \"",{"t":"idOrVar","v":"matchNumber"}]},"$x":[{"t":"idOrVar","v":"plural"},"n"]},{"$i":"switch-calls","$v":"Skift opkald"},{"$i":"tcl-assign","$v":"Tildel"},{"$i":"tcl-assign-speed-dial","$v":{"$o":["Kontakten blev ikke tilføjet som et hurtigkald på knappen \"",{"t":"idOrVar","v":"speedDial"},"\"<br></br>Tildel nu?"]}},{"$i":"tcl-call-log-delete-group-notification","$v":[{"t":"idOrVar","v":"n"}," poster blev slettet"]},{"$i":"tcl-calllog-entry-removed-err-notification","$v":"Kan ikke fjerne post i opkaldslog"},{"$i":"tcl-calllog-entry-removed-succ-notification","$v":"Post i opkaldslog fjernet"},{"$i":"tcl-cancel","$v":"Annuller"},{"$i":"tcl-confirmation","$v":"Bekræftelse"},{"$i":"tcl-delete-log","$v":"Er du sikker på, at du vil slette markerede poster fra opkaldsloggen?"},{"$i":"tcl-dialer","$v":"Opkald"},{"$i":"tcl-edit-not-selected","$v":"valgt(0)"},{"$i":"tcl-option-menu-call-log-edit","$v":"Rediger opkaldslog"},{"$i":"today","$v":"I dag"},{"$i":"toggleKeypad","ariaLabel":"Slå numerisk tastatur til og fra"},{"$i":"type-your-response","placeholder":"Skriv dit svar…"},{"$i":"unknown","$v":"Ukendt"},{"$i":"unlock-a11y-button","ariaLabel":"Skyder"},{"$i":"ussd-services","$v":[{"t":"idOrVar","v":"operator"},"-tjenester"]},{"$i":"via-sim","$v":["via SIM",{"t":"idOrVar","v":"n"}]},{"$i":"view-all","$v":"Vis alle"},{"$i":"wifi-calling","$v":"Wi-Fi-opkald"},{"$i":"withheld-number","$v":"Ukendt"},{"$i":"yesterday","$v":"I går"},{"$i":"SimPin2","$v":"SIM PIN2"},{"$i":"SimPuk2","$v":"SIM PUK2"},{"$i":"serviceClassFax","$v":"FAX"},{"$i":"serviceClassPad","$v":"PAD"},{"$i":"serviceClassSms","$v":"SMS"},{"$i":"DialModifiedToDial","$v":"Dial modified to dial"},{"$i":"DialModifiedToSs","$v":"Dial modified to SS"},{"$i":"DialModifiedToUssd","$v":"Dial modified to USSD"},{"$i":"FdnCheckFailure","$v":"Fejl under tjek af begrænsede numre"},{"$i":"IllegalSimOrMe","$v":"Ugyldigt SIM eller ME"},{"$i":"InvalidParameter","$v":"Ugyldig parameter"},{"$i":"ModeNotSupported","$v":"Tilstanden understøttes ikke"},{"$i":"OpNotAllowedDuringVoiceCall","$v":"Handlingen er ikke tilladt under taleopkald"},{"$i":"PasswordIncorrect","$v":"Adgangskode forkert"},{"$i":"RadioNotAvailable","$v":"Radio not available"},{"$i":"RejectedByRemote","$v":"Afvist fra ekstern enhed"},{"$i":"RequestNotSupported","$v":"Anmodning understøttes ikke"},{"$i":"ServiceIsDisabled","$v":"Tjenesten er deaktiveret"},{"$i":"ServiceIsEnabled","$v":"Tjenesten er aktiveret"},{"$i":"ServiceIsEnabledFor","$v":"Tjenesten er aktiveret for:"},{"$i":"SimAbsent","$v":"SIM fraværende"},{"$i":"SmsSendFailRetry","$v":"SMS send fail retry"},{"$i":"SsModifiedToDial","$v":"SS ændret til opkald"},{"$i":"SsModifiedToSs","$v":"SS ændret til SS"},{"$i":"SsModifiedToUssd","$v":"SS ændret til USSD"},{"$i":"SubscriptionNotAvailable","$v":"Abonnement ikke tilgængeligt"},{"$i":"SubscriptionNotSupported","$v":"Abonnement understøttes ikke"},{"$i":"UssdModifiedToDial","$v":"USSD ændret til opkald"},{"$i":"UssdModifiedToSs","$v":"USSD ændret til SS"},{"$i":"UssdModifiedToUssd","$v":"USSD ændret til USSD"},{"$i":"call-forwarding-async","$v":["Asynkron: ",{"t":"idOrVar","v":"async"}]},{"$i":"call-forwarding-data","$v":["Data: ",{"t":"idOrVar","v":"data"}]},{"$i":"call-forwarding-error","$v":"Der opstod fejl under hentning af status for omstilling"},{"$i":"call-forwarding-fax","$v":["FAX: ",{"t":"idOrVar","v":"fax"}]},{"$i":"call-forwarding-inactive","$v":"Inaktiv"},{"$i":"call-forwarding-packet","$v":["Pakke: ",{"t":"idOrVar","v":"packet"}]},{"$i":"call-forwarding-pad","$v":["PAD: ",{"t":"idOrVar","v":"pad"}]},{"$i":"call-forwarding-sms","$v":["SMS: ",{"t":"idOrVar","v":"sms"}]},{"$i":"call-forwarding-status","$v":"Status for omstilling"},{"$i":"call-forwarding-sync","$v":["Synkron: ",{"t":"idOrVar","v":"sync"}]},{"$i":"call-forwarding-voice","$v":["Tale: ",{"t":"idOrVar","v":"voice"}]},{"$i":"emMmiError","$v":"Forbindelsesproblem eller ugyldig MMI-kode"},{"$i":"emMmiErrorBadPin","$v":"Den gamle PIN-kode, du angav, er forkert."},{"$i":"emMmiErrorBadPuk","$v":"Den PUK-kode, du indtastede, er forkert."},{"$i":"emMmiErrorEnablePin","$v":"Ikke udført. Aktivér SIM/RUIM-LÅS"},{"$i":"emMmiErrorInvalidAction","$v":"Ugyldig handling"},{"$i":"emMmiErrorInvalidPin","$v":"Indtast en PIN-kode på 4 til 8 tal"},{"$i":"emMmiErrorInvalidScCode","$v":"Ugyldig servicekode"},{"$i":"emMmiErrorMismatchPin","$v":"De PIN-koder, du angav, er ikke ens"},{"$i":"emMmiErrorMmiFdn","$v":"Handlingen er begrænset til begrænsede numre"},{"$i":"emMmiErrorNeedPuk2","$v":"Indtast PUK2-kode for at fjerne blokering af SIM-kortet"},{"$i":"emMmiErrorNeedsPuk","$v":"Dit SIM-kort er PUK-låst"},{"$i":"emMmiErrorNotSupported","$v":"Ugyldig eller ikke-understøttet MMI-kode"},{"$i":"emMmiErrorPasswordIncorrect","$v":"Forkert adgangskode"},{"$i":"emMmiErrorPinPukAttempts","$v":{"few":[{"t":"idOrVar","v":"n"}," forsøg tilbage"],"many":[{"t":"idOrVar","v":"n"}," forsøg tilbage"],"one":["Kun ",{"t":"idOrVar","v":"n"}," forsøg tilbage"],"other":[{"t":"idOrVar","v":"n"}," forsøg tilbage"],"two":[{"t":"idOrVar","v":"n"}," forsøg tilbage"]},"$x":[{"t":"idOrVar","v":"plural"},"n"]},{"$i":"emMmiErrorSimBlocked","$v":"Maksimalt antal forsøg er overskredet. SIM blokeret"},{"$i":"emMmiErrorStkCcSsDial","$v":"SS-anmodning er ændret til DIAL-anmodning"},{"$i":"emMmiErrorStkCcSsSs","$v":"SS-anmodning er ændret til ny SS-anmodning"},{"$i":"emMmiErrorStkCcSsUssd","$v":"SS-anmodning er ændret til USSD-anmodning"},{"$i":"emMmiErrorStkCcUssdDial","$v":"USSD-anmodning er redigeret til DIAL-anmodning"},{"$i":"emMmiErrorStkCcUssdSs","$v":"USSD-anmodning er redigeret til SS-anmodning"},{"$i":"emMmiErrorStkCcUssdUssd","$v":"USSD-anmodning er ændret til ny USSD-anmodning"},{"$i":"fihVersion","$v":"FIH-version"},{"$i":"imeiAndSvn","$v":"IMEI og SVN"},{"$i":"internalVersion","$v":"Intern version"},{"$i":"serviceClassData","$v":"Data"},{"$i":"serviceClassDataAsync","$v":"Asynkron"},{"$i":"serviceClassDataSync","$v":"Synkroniser"},{"$i":"serviceClassPacket","$v":"Pakke"},{"$i":"serviceClassVoice","$v":"Tale"},{"$i":"smClirDefaultOffNextCallOff","$v":"Opkalds-id er som standard indstillet til ikke begrænset. Næste opkald: Ikke begrænset"},{"$i":"smClirDefaultOffNextCallOn","$v":"Opkalds-id er som standard indstillet til ikke begrænset. Næste opkald: Begrænset"},{"$i":"smClirDefaultOnNextCallOff","$v":"Opkalds-id er som standard indstillet til begrænset. Næste opkald: Ikke begrænset"},{"$i":"smClirDefaultOnNextCallOn","$v":"Opkalds-id er som standard indstillet til begrænset. Næste opkald: Begrænset"},{"$i":"smClirPermanent","$v":"Du kan ikke ændre indstillingen for opkalds-id"},{"$i":"smPin2Changed","$v":"PIN2 er ændret"},{"$i":"smPin2Unblocked","$v":"Blokering af PIN2 er fjernet"},{"$i":"smPinChanged","$v":"PIN er ændret"},{"$i":"smPinUnblocked","$v":"Blokering af PIN er fjernet"},{"$i":"smServiceDisabled","$v":"Tjenesten er deaktiveret"},{"$i":"smServiceEnabled","$v":"Tjeneste blev aktiveret"},{"$i":"smServiceEnabledFor","$v":"Tjeneste blev aktiveret for:"},{"$i":"smServiceErased","$v":"Sletningen blev udført"},{"$i":"smServiceInterrogated","$v":"Anmodningen lykkedes"},{"$i":"smServiceNotProvisioned","$v":"Tjenesten er ikke klargjort"},{"$i":"smServiceRegistered","$v":"Registrering blev udført"},{"$i":"another","$v":"En anden"},{"$i":"current","$v":"Aktuel"},{"$i":"customTag","$v":"Tilpas mærke","placeholder":"Tilpas mærke"},{"$i":"faxHome","$v":"Fax privat"},{"$i":"faxOffice","$v":"Fax kontor"},{"$i":"faxOther","$v":"Fax andet"},{"$i":"itemWithLabel","$v":[{"t":"idOrVar","v":"label"},", ",{"t":"idOrVar","v":"item"}]},{"$i":"label","$v":"Navn"},{"$i":"other","$v":"Andet"},{"$i":"tcl-customTag","$v":"Tilpas mærke"},{"$i":"dateTimeFormat_%c","$v":"%a %b %e %Y %I:%M:%S %p"},{"$i":"dateTimeFormat_%x","$v":"%m/%d/%Y"},{"$i":"days-ago-long","$v":{"few":[{"t":"idOrVar","v":"value"}," dage siden"],"many":[{"t":"idOrVar","v":"value"}," dage siden"],"one":"i går","other":[{"t":"idOrVar","v":"value"}," dage siden"],"two":[{"t":"idOrVar","v":"value"}," dage siden"],"zero":"i dag"},"$x":[{"t":"idOrVar","v":"plural"},"value"]},{"$i":"days-ago-short","$v":{"other":[{"t":"idOrVar","v":"value"},"d siden"],"zero":"i dag"},"$x":[{"t":"idOrVar","v":"plural"},"value"]},{"$i":"days-until-long","$v":{"few":["om ",{"t":"idOrVar","v":"value"}," dage"],"many":["om ",{"t":"idOrVar","v":"value"}," dage"],"one":"i morgen","other":["om ",{"t":"idOrVar","v":"value"}," dage"],"two":["om ",{"t":"idOrVar","v":"value"}," dage"],"zero":"i dag"},"$x":[{"t":"idOrVar","v":"plural"},"value"]},{"$i":"days-until-short","$v":{"other":["om ",{"t":"idOrVar","v":"value"},"d"],"zero":"i dag"},"$x":[{"t":"idOrVar","v":"plural"},"value"]},{"$i":"hours-ago-long","$v":{"few":[{"t":"idOrVar","v":"value"}," timer siden"],"many":[{"t":"idOrVar","v":"value"}," timer siden"],"one":"for en time siden","other":[{"t":"idOrVar","v":"value"}," timer siden"],"two":[{"t":"idOrVar","v":"value"}," timer siden"],"zero":"lige nu"},"$x":[{"t":"idOrVar","v":"plural"},"value"]},{"$i":"hours-ago-short","$v":{"other":[{"t":"idOrVar","v":"value"},"t siden"],"zero":"lige nu"},"$x":[{"t":"idOrVar","v":"plural"},"value"]},{"$i":"hours-until-long","$v":{"few":["om ",{"t":"idOrVar","v":"value"}," timer"],"many":["om ",{"t":"idOrVar","v":"value"}," timer"],"one":"om en time","other":["om ",{"t":"idOrVar","v":"value"}," timer"],"two":["om ",{"t":"idOrVar","v":"value"}," timer"],"zero":"nu"},"$x":[{"t":"idOrVar","v":"plural"},"value"]},{"$i":"hours-until-short","$v":{"other":["om ",{"t":"idOrVar","v":"value"},"t"],"zero":"nu"},"$x":[{"t":"idOrVar","v":"plural"},"value"]},{"$i":"incorrectDate","$v":"(forkert dato)"},{"$i":"minutes-ago-long","$v":{"few":[{"t":"idOrVar","v":"value"}," minutter siden"],"many":[{"t":"idOrVar","v":"value"}," minutter siden"],"one":"et minut siden","other":[{"t":"idOrVar","v":"value"}," minutter siden"],"two":[{"t":"idOrVar","v":"value"}," minutter siden"],"zero":"lige nu"},"$x":[{"t":"idOrVar","v":"plural"},"value"]},{"$i":"minutes-ago-short","$v":{"other":[{"t":"idOrVar","v":"value"},"m siden"],"zero":"lige nu"},"$x":[{"t":"idOrVar","v":"plural"},"value"]},{"$i":"minutes-until-long","$v":{"few":["om ",{"t":"idOrVar","v":"value"}," minutter"],"many":["om ",{"t":"idOrVar","v":"value"}," minutter"],"one":"om et minut","other":["om ",{"t":"idOrVar","v":"value"}," minutter"],"two":["om ",{"t":"idOrVar","v":"value"}," minutter"],"zero":"nu"},"$x":[{"t":"idOrVar","v":"plural"},"value"]},{"$i":"minutes-until-short","$v":{"other":["om ",{"t":"idOrVar","v":"value"},"m"],"zero":"nu"},"$x":[{"t":"idOrVar","v":"plural"},"value"]},{"$i":"month-0-genitive","$v":"Januar"},{"$i":"month-0-long","$v":"Januar"},{"$i":"month-0-short","$v":"Jan"},{"$i":"month-1-genitive","$v":"Februar"},{"$i":"month-1-long","$v":"Februar"},{"$i":"month-1-short","$v":"Feb"},{"$i":"month-10-genitive","$v":"November"},{"$i":"month-10-long","$v":"November"},{"$i":"month-10-short","$v":"Nov"},{"$i":"month-11-genitive","$v":"December"},{"$i":"month-11-long","$v":"December"},{"$i":"month-11-short","$v":"Dec"},{"$i":"month-2-genitive","$v":"Marts"},{"$i":"month-2-long","$v":"Marts"},{"$i":"month-2-short","$v":"Mar"},{"$i":"month-3-genitive","$v":"April"},{"$i":"month-3-long","$v":"April"},{"$i":"month-3-short","$v":"Apr"},{"$i":"month-4-genitive","$v":"Maj"},{"$i":"month-4-long","$v":"Maj"},{"$i":"month-4-short","$v":"Maj"},{"$i":"month-5-genitive","$v":"Juni"},{"$i":"month-5-long","$v":"Juni"},{"$i":"month-5-short","$v":"Jun"},{"$i":"month-6-genitive","$v":"Juli"},{"$i":"month-6-long","$v":"Juli"},{"$i":"month-6-short","$v":"Jul"},{"$i":"month-7-genitive","$v":"August"},{"$i":"month-7-long","$v":"August"},{"$i":"month-7-short","$v":"Aug"},{"$i":"month-8-genitive","$v":"September"},{"$i":"month-8-long","$v":"September"},{"$i":"month-8-short","$v":"Sep"},{"$i":"month-9-genitive","$v":"Oktober"},{"$i":"month-9-long","$v":"Oktober"},{"$i":"month-9-short","$v":"Okt"},{"$i":"months-ago-long","$v":{"few":[{"t":"idOrVar","v":"value"}," måneder siden"],"many":[{"t":"idOrVar","v":"value"}," måneder siden"],"one":"sidste måned","other":[{"t":"idOrVar","v":"value"}," måneder siden"],"two":[{"t":"idOrVar","v":"value"}," måneder siden"],"zero":"denne måned"},"$x":[{"t":"idOrVar","v":"plural"},"value"]},{"$i":"months-until-long","$v":{"few":["om ",{"t":"idOrVar","v":"value"}," måneder"],"many":["om ",{"t":"idOrVar","v":"value"}," måneder"],"one":"næste måned","other":["om ",{"t":"idOrVar","v":"value"}," måneder"],"two":["om ",{"t":"idOrVar","v":"value"}," måneder"],"zero":"denne måned"},"$x":[{"t":"idOrVar","v":"plural"},"value"]},{"$i":"shortDateTimeFormat","$v":"%x %I:%M %p"},{"$i":"shortTimeFormat","$v":"%I:%M %p"},{"$i":"shortTimeFormat12","$v":"%I:%M %p"},{"$i":"shortTimeFormat24","$v":"%H:%M"},{"$i":"time_am","$v":"AM"},{"$i":"time_pm","$v":"PM"},{"$i":"weekday-0-long","$v":"Søndag"},{"$i":"weekday-0-short","$v":"Søn"},{"$i":"weekday-1-long","$v":"Mandag"},{"$i":"weekday-1-short","$v":"Man"},{"$i":"weekday-2-long","$v":"Tirsdag"},{"$i":"weekday-2-short","$v":"Tir"},{"$i":"weekday-3-long","$v":"Onsdag"},{"$i":"weekday-3-short","$v":"Ons"},{"$i":"weekday-4-long","$v":"Torsdag"},{"$i":"weekday-4-short","$v":"Tor"},{"$i":"weekday-5-long","$v":"Fredag"},{"$i":"weekday-5-short","$v":"Fre"},{"$i":"weekday-6-long","$v":"Lørdag"},{"$i":"weekday-6-short","$v":"Lør"},{"$i":"weeks-ago-long","$v":{"few":[{"t":"idOrVar","v":"value"}," uger siden"],"many":[{"t":"idOrVar","v":"value"}," uger siden"],"one":"sidste uge","other":[{"t":"idOrVar","v":"value"}," uger siden"],"two":[{"t":"idOrVar","v":"value"}," uger siden"],"zero":"denne uge"},"$x":[{"t":"idOrVar","v":"plural"},"value"]},{"$i":"weeks-until-long","$v":{"few":["om ",{"t":"idOrVar","v":"value"}," uger"],"many":["om ",{"t":"idOrVar","v":"value"}," uger"],"one":"næste uge","other":["om ",{"t":"idOrVar","v":"value"}," uger"],"two":["om ",{"t":"idOrVar","v":"value"}," uger"],"zero":"denne uge"},"$x":[{"t":"idOrVar","v":"plural"},"value"]},{"$i":"years-ago-long","$v":{"few":[{"t":"idOrVar","v":"value"}," år siden"],"many":[{"t":"idOrVar","v":"value"}," år siden"],"one":"sidste år","other":[{"t":"idOrVar","v":"value"}," år siden"],"two":[{"t":"idOrVar","v":"value"}," år siden"],"zero":"i år"},"$x":[{"t":"idOrVar","v":"plural"},"value"]},{"$i":"years-until-long","$v":{"few":["om ",{"t":"idOrVar","v":"value"}," år"],"many":["om ",{"t":"idOrVar","v":"value"}," år"],"one":"næste år","other":["om ",{"t":"idOrVar","v":"value"}," år"],"two":["om ",{"t":"idOrVar","v":"value"}," år"],"zero":"i år"},"$x":[{"t":"idOrVar","v":"plural"},"value"]},{"$i":"dateTimeFormat_%X","$v":"%I:%M:%S %p"},{"$i":"weekStartsOnMonday","$v":"0"},{"$i":"firstDayOfTheWeek","$v":"1"}]