[{"$i":"clockDateFormat","$v":"%a, %e %b"},{"$i":"deviceIsUnlocked","$v":"Gerät entsperrt"},{"$i":"simUnlockCodeAccepted","$v":"SIM-Entsperrcode akzeptiert"},{"$i":"simUnlockCodeFailed","$v":"Super-Entsperrung fehlgeschlagen"},{"$i":"eccOnly","$v":"Nur Notruf"},{"$i":"emergencyCallsOnly","$v":"Nur Notrufe"},{"$i":"lockedSim","$v":"Gesperrte SIM"},{"$i":"noService","$v":"Kein Dienst"},{"$i":"noSimCard","$v":"Keine SIM-Karte"},{"$i":"searching","$v":"Suche läuft..."},{"$i":"airplane-mode","$v":"Flugmodus"},{"$i":"bluetooth","$v":"Bluetooth"},{"$i":"brightness","$v":"Helligkeit"},{"$i":"calculator","$v":"Rechner"},{"$i":"camera","$v":"Kamera"},{"$i":"cellular-data","$v":"Mobilfunkdaten"},{"$i":"confirm-to-uninstall-app","$v":[{"t":"idOrVar","v":"appName"}," deinstallieren?"]},{"$i":"flashlight","$v":"Taschenlampe"},{"$i":"instant-settings","$v":"Soforteinstellungen"},{"$i":"off","$v":"Aus"},{"$i":"on","$v":"Ein"},{"$i":"shortcuts","$v":"Verknüpfungen"},{"$i":"uninstall","$v":"Deinstallieren"},{"$i":"volume","$v":"Lautstärke"},{"$i":"wifi","$v":"WLAN"},{"$i":"percentage-number","$v":[{"t":"idOrVar","v":"number"},"%"]},{"$i":"all-apps","$v":"Alle Apps"},{"$i":"scImei","$v":"IMEI"},{"$i":"scMeid","$v":"MEID"},{"$i":"scUssd","$v":"USSD"},{"$i":"CallFailed","$v":"Anruf fehlgeschlagen"},{"$i":"GenericFailure","$v":"Allgemeiner Fehler"},{"$i":"add-smart-collections","$v":"Smart Collections hinzufügen"},{"$i":"add-to-existing-contact","$v":"Zu vorhandenem Kontakt hinzufügen"},{"$i":"alert-for-contacts-without-number","$v":"Keine Kontakte mit Telefonnummer verfügbar."},{"$i":"app-title","$v":"Meine Apps"},{"$i":"app-uninstall","$v":[{"t":"idOrVar","v":"name"}," wurde deinstalliert"]},{"$i":"assign","$v":"Zuweisen"},{"$i":"assign-speed-dial","$v":["Kontakt wurde nicht als Kurzwahl zu Taste ",{"t":"idOrVar","v":"n"}," hinzugefügt.Jetzt zuweisen?"]},{"$i":"assign-voicemail","$v":"Mailboxnummer wurde nicht festgelegt."},{"$i":"call","$v":"Anruf"},{"$i":"callAirplaneModeMessage","$v":"Um einen Anruf zu tätigen, müssen Sie den Flugmodus unter „Einstellungen“ deaktivieren."},{"$i":"callAirplaneModeTitle","$v":"Flugmodus aktiviert"},{"$i":"cancel","$v":"Abbrechen"},{"$i":"change-wallpaper","$v":"Hintergrund ändern"},{"$i":"clocks-updated","$v":"Uhren wurden aktualisiert"},{"$i":"confirmation","$v":"Bestätigung"},{"$i":"contacts","$v":"Kontakte"},{"$i":"create-new-contact","$v":"Neuen Kontakt erstellen"},{"$i":"delete","$v":"Löschen"},{"$i":"delete-body","$v":[{"t":"idOrVar","v":"name"}," und alle dazugehörigen Daten werden gelöscht."]},{"$i":"delete-title","$v":["Löschen ",{"t":"idOrVar","v":"name"}]},{"$i":"edit","$v":"Bearbeiten"},{"$i":"edit-done","$v":"Fertig"},{"$i":"edit-group-header","$v":"Gruppe ändern"},{"$i":"edit-mode","$v":"Bearbeiten"},{"$i":"emergency-call-error","$v":[{"t":"idOrVar","v":"number"}," ist keine Notrufnummer."]},{"$i":"emergency-call-only","$v":"Nur Notruf"},{"$i":"emergencyDialogBodyBadNumber","$v":"Um einen Anruf zu tätigen, muss das Telefon mit einem Netzwerk verbunden sein."},{"$i":"emergencyDialogBodyDeviceNotAccepted","$v":"Notrufe werden vom Netzwerk nicht gestattet."},{"$i":"emergencyDialogTitle","$v":"Keine Netzwerkverbindung"},{"$i":"fax-home","$v":"Fax (privat)"},{"$i":"fax-office","$v":"Fax (geschäftlich)"},{"$i":"fax-other","$v":"Weiteres Fax"},{"$i":"fdnIsActiveMessage","$v":["Rufnummernbeschränkung (Fixed Dialing Numbers, FDN) ist aktiviert und folgende Nummer ist nicht in Ihrer FDN-Liste enthalten: ",{"t":"idOrVar","v":"number"}]},{"$i":"fdnIsActiveTitle","$v":"Rufnummernbeschränkung aktiv"},{"$i":"gaia-shortcut-app-updated","$v":"App wurde aktualisiert"},{"$i":"grid-view","$v":"Rasteransicht"},{"$i":"home","$v":"Startbildschirm-Taste"},{"$i":"homescreen-settings","$v":"Startbildschirm-Einstellungen"},{"$i":"invalidNumberToDialMessage","$v":"Die von Ihnen gewählte Telefonnummer ist ungültig."},{"$i":"invalidNumberToDialTitle","$v":"Ungültige Telefonnummer"},{"$i":"list-view","$v":"Listenansicht"},{"$i":"longDateFormat","$v":"%A, %B %e"},{"$i":"menu","$v":"Menü"},{"$i":"message","$v":"Mitteilung"},{"$i":"mobile","$v":"Mobil"},{"$i":"more","$v":"Mehr"},{"$i":"move","$v":"Verschieben"},{"$i":"notifications","$v":"Hinweise"},{"$i":"numberIsBusyMessage","$v":"Die gewählte Rufnummer ist momentan besetzt. Versuchen Sie es später erneut."},{"$i":"numberIsBusyTitle","$v":"Rufnummer ist besetzt"},{"$i":"ok","$v":"OK"},{"$i":"option-remove","$v":"Aus Kurzwahl entfernen"},{"$i":"option-replace","$v":"Ersetzen"},{"$i":"options","$v":"Optionen"},{"$i":"otherConnectionInUseMessage","$v":"Sie haben einen aktiven Anruf auf einer anderen Verbindung. Sie können nur eine Verbindung zur Zeit verwenden."},{"$i":"otherConnectionInUseTitle","$v":"Andere Verbindung aktiv"},{"$i":"personal","$v":"Persönlich"},{"$i":"remove","$v":"Entfernen"},{"$i":"remove-speed-dial","$v":["Möchten Sie ",{"t":"idOrVar","v":"name"}," wirklich aus der Kurzwahl entfernen?"]},{"$i":"replace","$v":"Ersetzen"},{"$i":"replace-speed-dial","$v":["Möchten Sie ",{"t":"idOrVar","v":"name"}," wirklich durch ",{"t":"idOrVar","v":"subName"}," ersetzen?"]},{"$i":"resume-download-action","$v":"Download"},{"$i":"resume-download-body","$v":["Möchten Sie ",{"t":"idOrVar","v":"name"}," herunterladen?"]},{"$i":"resume-download-title","$v":"Download neu starten"},{"$i":"scCallBarring","$v":"Anrufsperre"},{"$i":"scCallForwarding","$v":"Rufumleitung"},{"$i":"scCallWaiting","$v":"Anklopfen"},{"$i":"scClip","$v":"Anrufer-ID bei eingehendem Anruf"},{"$i":"scClir","$v":"Anrufer-ID bei abgehendem Anruf"},{"$i":"scPin","$v":"PIN geändert"},{"$i":"scPin2","$v":"PIN2 geändert"},{"$i":"scPuk","$v":"PIN entsperren"},{"$i":"scPuk2","$v":"PIN2 entsperren"},{"$i":"scPwd","$v":"Passwort ändern"},{"$i":"search-or-enter-address","placeholder":"Adresse suchen oder eingeben"},{"$i":"select","$v":"Auswählen"},{"$i":"sending","$v":"Wird gesendet..."},{"$i":"set","$v":"Festlegen"},{"$i":"settings","$v":"Einstellungen"},{"$i":"single-view","$v":"Einzelansicht"},{"$i":"skip","$v":"Ohne"},{"$i":"speed-dial","$v":"Kurzwahl"},{"$i":"speed-dial-empty","ariaLabel":[{"t":"idOrVar","v":"order"},", leer"]},{"$i":"speed-dial-not-empty","ariaLabel":[{"t":"idOrVar","v":"order"},", ",{"t":"idOrVar","v":"name"}]},{"$i":"stop-download-action","$v":"Anhalten"},{"$i":"stop-download-body","$v":"Möchten Sie den aktuellen Download wirklich anhalten?"},{"$i":"stop-download-title","$v":[{"t":"idOrVar","v":"name"}," anhalten"]},{"$i":"tcl-wallpaper-changed","$v":"Hintergrund geändert"},{"$i":"video-call","$v":"Videoanruf"},{"$i":"voicemail","$v":"Mailbox"},{"$i":"work","$v":"Geschäftlich"},{"$i":"apps","$v":"Anwendungen"},{"$i":"nocard-eccOnly","$v":"No SIM card-Emergency calls only"},{"$i":"unusablecard-eccOnly","$v":"Unusable SIM card-Emergency calls only"},{"$i":"apn-sim1","$v":"APN-Einstellungen – SIM1"},{"$i":"apn-sim2","$v":"APN-Einstellungen – SIM2"},{"$i":"apnConfigPrepay","$v":"Prepaid"},{"$i":"apnConfigPostpay","$v":"Postpaid"},{"$i":"apn-defaultconfig-message","$v":"Gewünschten APN-Typ festlegen"},{"$i":"apnDefaultConfig","$v":"APN-Standardkonfiguration"},{"$i":"without-sim-new","$v":[{"t":"idOrVar","v":"index"}]},{"$i":"with-sim-new","$v":[{"t":"idOrVar","v":"index"}," - ",{"t":"idOrVar","v":"carrier"}]},{"$i":"sim-with-index-and-carrier","$v":["SIM ",{"t":"idOrVar","v":"index"}," – ",{"t":"idOrVar","v":"carrier"}]},{"$i":"sim-without-carrier","$v":["SIM ",{"t":"idOrVar","v":"index"}]},{"$i":"call-forwarding-voice-after-seconds","$v":["Spracheumleitung: ",{"t":"idOrVar","v":"voice"}," nach ",{"t":"idOrVar","v":"timeSeconds"}," Sekunden"]},{"$i":"addNewNumber","$v":"Neue Telefonnummer hinzufügen"},{"$i":"addToExistingContact","$v":"Zu vorhandenem Kontakt hinzufügen"},{"$i":"all","$v":"Alle","ariaLabel":"Alle"},{"$i":"bluetooth-handsfree-device","$v":"Bluetooth-Freisprechgerät"},{"$i":"bluetoothOption","ariaLabel":"Bluetooth"},{"$i":"callDurationHours","$v":[{"t":"idOrVar","v":"h"},":",{"t":"idOrVar","v":"m"},":",{"t":"idOrVar","v":"s"}]},{"$i":"callDurationMinutes","$v":[{"t":"idOrVar","v":"m"},":",{"t":"idOrVar","v":"s"}]},{"$i":"callDurationTextFormatHours","$v":[{"t":"idOrVar","v":"h"}," Std. ",{"t":"idOrVar","v":"m"}," Min. ",{"t":"idOrVar","v":"s"}," Sek."]},{"$i":"callDurationTextFormatMinutes","$v":[{"t":"idOrVar","v":"m"}," Min. ",{"t":"idOrVar","v":"s"}," Sek."]},{"$i":"callDurationTextFormatSeconds","$v":[{"t":"idOrVar","v":"s"}," Sek."]},{"$i":"callEnded","$v":"Anruf beendet"},{"$i":"callInformation","$v":"Informationen zum Anruf"},{"$i":"callLog","$v":"Anrufliste"},{"$i":"callLogEdit","title":"Anrufliste bearbeiten"},{"$i":"callLogEditDialog","ariaLabel":"Dialogfeld „Anrufliste bearbeiten“"},{"$i":"caller-left-call","$v":[{"t":"idOrVar","v":"number"}," hat den Anruf beendet."]},{"$i":"calllog-all","$v":"Alle"},{"$i":"calllog-deselectAll","$v":"Auswahl für alle aufheben"},{"$i":"calllog-none","$v":"Keiner"},{"$i":"calllog-selectAll","$v":"Alles auswählen"},{"$i":"canceled","$v":"Abgebrochen"},{"$i":"clear-all-text","$v":"Text löschen"},{"$i":"close","$v":"Schließen"},{"$i":"composeEmail","ariaLabel":"E-Mail"},{"$i":"conferenceAddError","$v":"Anrufe können nicht zusammengeführt werden"},{"$i":"conferenceCall","$v":["Konferenz (",{"t":"idOrVar","v":"n"},")"]},{"$i":"conferenceRemoveError","$v":"Anrufe können nicht getrennt werden"},{"$i":"confirm-deletion","$v":"Ausgewählte Anrufe löschen?"},{"$i":"connecting","$v":"Verbindung wird hergestellt..."},{"$i":"connectingEllipsis","$v":"Verbindung wird hergestellt..."},{"$i":"contactDetails","$v":"Kontaktdaten"},{"$i":"createNewContact","$v":"Neuen Kontakt erstellen"},{"$i":"delete-n-log?","$v":{"few":[{"t":"idOrVar","v":"n"}," Listen löschen?"],"many":[{"t":"idOrVar","v":"n"}," Listen löschen?"],"one":"Ausgewählte Liste löschen?","other":[{"t":"idOrVar","v":"n"}," Listen löschen?"],"two":[{"t":"idOrVar","v":"n"}," Listen löschen?"],"zero":"Nichts ausgewählt"},"$x":[{"t":"idOrVar","v":"plural"},"n"]},{"$i":"deselect","$v":"Auswahl aufheben"},{"$i":"dialed","$v":"Gewählt"},{"$i":"dialer-prompt","$v":"Nummer wählen oder einem Anruf hinzuzufügenden Kontakt auswählen"},{"$i":"dialerAddContact","ariaLabel":"Kontakt hinzufügen"},{"$i":"dialerAddContactDialog","ariaLabel":"Dialogfeld „Kontakt“ hinzufügen"},{"$i":"edit-selected","$v":{"few":["ausgewählt (",{"t":"idOrVar","v":"n"},")"],"many":["ausgewählt (",{"t":"idOrVar","v":"n"},")"],"one":["ausgewählt (",{"t":"idOrVar","v":"n"},")"],"other":["ausgewählt (",{"t":"idOrVar","v":"n"},")"],"two":["ausgewählt (",{"t":"idOrVar","v":"n"},")"]},"$x":[{"t":"idOrVar","v":"plural"},"n"]},{"$i":"emailDetail","ariaLabel":"E-Mail"},{"$i":"from-contact","$v":["Von ",{"t":"idOrVar","v":"contact"}]},{"$i":"from-number","$v":["Von ",{"t":"idOrVar","v":"number"}]},{"$i":"from-withheld-number","$v":"Von unbekannter Rufnummer"},{"$i":"hangup-a11y-button","ariaLabel":"Auflegen"},{"$i":"hide","$v":"Ausblenden"},{"$i":"hideKeypad","ariaLabel":"Tastatur ausblenden"},{"$i":"hold","ariaLabel":"Halten"},{"$i":"hours","$v":"Stunden"},{"$i":"ignore","$v":"Anruf ignorieren"},{"$i":"incoming","$v":"Eingehend"},{"$i":"incoming-call","$v":"Eingehender Anruf"},{"$i":"info-missed","$v":"Entgangen"},{"$i":"keypad","ariaLabel":"Tastatur"},{"$i":"log-item","$v":"Optionen"},{"$i":"makeCall","ariaLabel":"Anrufen"},{"$i":"merge","ariaLabel":"Zusammenführen"},{"$i":"minutes","$v":"Minuten"},{"$i":"missed","$v":"Entgangen","ariaLabel":"Entgangen"},{"$i":"missedCall","$v":"Entgangener Anruf"},{"$i":"missedCallMultiSims","$v":["(SIM ",{"t":"idOrVar","v":"n"},") Entgangener Anruf"]},{"$i":"mmi-error","$v":"Beim Senden der Mitteilung ist ein Fehler aufgetreten."},{"$i":"mmi-notification-title-with-sim","$v":["(",{"t":"idOrVar","v":"sim"},") ",{"t":"idOrVar","v":"title"}]},{"$i":"mmi-session-expired","$v":"Sitzung abgelaufen"},{"$i":"mmi-successfully-sent","$v":"Mitteilung wurde erfolgreich gesendet"},{"$i":"mute","ariaLabel":"Stummschalten"},{"$i":"newCall","ariaLabel":"Neuer Anruf"},{"$i":"no-logs-msg-1","$v":"Keine Anrufe aufgezeichnet"},{"$i":"no-logs-msg-2","$v":"Jetzt mit der Kommunikation beginnen"},{"$i":"no-logs-msg-3","$v":"Keine Anrufe aufgezeichnet"},{"$i":"no-logs-msg-4","$v":"Jetzt mit der Kommunikation beginnen"},{"$i":"no-recent-numbers","$v":"In der Anrufliste sind keine kürzlich gewählten Rufnummern enthalten."},{"$i":"onHoldOption","ariaLabel":"Wird gehalten..."},{"$i":"outgoing","$v":"Abgehend"},{"$i":"outgoing-call","$v":"Abgehender Anruf"},{"$i":"phoneDetail","ariaLabel":"Telefon"},{"$i":"pickup-a11y-button","ariaLabel":"Abheben"},{"$i":"received","$v":"Empfangen"},{"$i":"receiver","$v":"Empfänger"},{"$i":"recents","ariaLabel":"Letzte Anrufe"},{"$i":"reply","$v":"Antworten"},{"$i":"resume","$v":"Fortsetzen","ariaLabel":"Fortsetzen"},{"$i":"search-results","$v":"Suchergebnisse"},{"$i":"seconds","$v":"Sekunden"},{"$i":"select-audio-sources","$v":"Audioquellen auswählen"},{"$i":"send","$v":"Senden"},{"$i":"send-sms-button","ariaLabel":"SMS"},{"$i":"sendSms","$v":"Mitteilung senden"},{"$i":"separator","$v":","},{"$i":"sim-number","$v":["SIM",{"t":"idOrVar","v":"n"}]},{"$i":"speaker","$v":"Lautsprecher"},{"$i":"speakerOption","ariaLabel":"Lautsprecher"},{"$i":"suggestionMatches","$v":{"few":[{"t":"idOrVar","v":"n"}," Übereinstimmungen für „",{"t":"idOrVar","v":"matchNumber"},"“"],"many":[{"t":"idOrVar","v":"n"}," Übereinstimmungen für „",{"t":"idOrVar","v":"matchNumber"},"“"],"one":[{"t":"idOrVar","v":"n"}," Übereinstimmung für „",{"t":"idOrVar","v":"matchNumber"},"“"],"other":[{"t":"idOrVar","v":"n"}," Übereinstimmungen für „",{"t":"idOrVar","v":"matchNumber"},"“"],"two":[{"t":"idOrVar","v":"n"}," Übereinstimmungen für „",{"t":"idOrVar","v":"matchNumber"},"“"]},"$x":[{"t":"idOrVar","v":"plural"},"n"]},{"$i":"switch-calls","$v":"Anrufe wechseln"},{"$i":"tcl-assign","$v":"Zuweisen"},{"$i":"tcl-assign-speed-dial","$v":{"$o":["Kontakt wurde nicht als Kurzwahl zu Taste „",{"t":"idOrVar","v":"speedDial"},"“ hinzugefügt.<br><br>Jetzt zuweisen?"]}},{"$i":"tcl-call-log-delete-group-notification","$v":[{"t":"idOrVar","v":"n"}," Einträge wurden gelöscht"]},{"$i":"tcl-calllog-entry-removed-err-notification","$v":"Anruflisteneintrag kann nicht gelöscht werden"},{"$i":"tcl-calllog-entry-removed-succ-notification","$v":"Anruflisteneintrag gelöscht"},{"$i":"tcl-cancel","$v":"Abbrechen"},{"$i":"tcl-confirmation","$v":"Bestätigung"},{"$i":"tcl-delete-log","$v":"Möchten Sie die ausgewählten Einträge wirklich aus der Anrufliste löschen?"},{"$i":"tcl-dialer","$v":"Telefon"},{"$i":"tcl-edit-not-selected","$v":"ausgewählt(0)"},{"$i":"tcl-option-menu-call-log-edit","$v":"Anrufliste bearbeiten"},{"$i":"today","$v":"Heute"},{"$i":"toggleKeypad","ariaLabel":"Tastatur umschalten"},{"$i":"type-your-response","placeholder":"Antwort eingeben..."},{"$i":"unknown","$v":"Unbekannt"},{"$i":"unlock-a11y-button","ariaLabel":"Schieberegler"},{"$i":"ussd-services","$v":[{"t":"idOrVar","v":"operator"}," Dienste"]},{"$i":"via-sim","$v":["per SIM",{"t":"idOrVar","v":"n"}]},{"$i":"view-all","$v":"Alle anzeigen"},{"$i":"wifi-calling","$v":"Anrufe per WLAN"},{"$i":"withheld-number","$v":"Unbekannt"},{"$i":"yesterday","$v":"Gestern"},{"$i":"SimPin2","$v":"SIM-PIN2"},{"$i":"SimPuk2","$v":"SIM PUK2"},{"$i":"serviceClassFax","$v":"FAX"},{"$i":"serviceClassPad","$v":"PAD"},{"$i":"serviceClassSms","$v":"SMS"},{"$i":"DialModifiedToDial","$v":"Dial modified to dial"},{"$i":"DialModifiedToSs","$v":"Dial modified to SS"},{"$i":"DialModifiedToUssd","$v":"Dial modified to USSD"},{"$i":"FdnCheckFailure","$v":"Fehler bei Prüfung der Rufnummernbeschränkung"},{"$i":"IllegalSimOrMe","$v":"Ungültige SIM oder ME"},{"$i":"InvalidParameter","$v":"Ungültiger Parameter"},{"$i":"ModeNotSupported","$v":"Modus nicht unterstützt"},{"$i":"OpNotAllowedDuringVoiceCall","$v":"Vorgang bei Sprachanruf nicht zulässig"},{"$i":"PasswordIncorrect","$v":"Passwort nicht korrekt"},{"$i":"RadioNotAvailable","$v":"Radio nicht verfügbar"},{"$i":"RejectedByRemote","$v":"Per Fernzugriff abgelehnt"},{"$i":"RequestNotSupported","$v":"Anforderung nicht unterstützt"},{"$i":"ServiceIsDisabled","$v":"Dienst deaktiviert"},{"$i":"ServiceIsEnabled","$v":"Dienst aktiviert"},{"$i":"ServiceIsEnabledFor","$v":"Dienst aktiviert für:"},{"$i":"SimAbsent","$v":"SIM nicht vorhanden"},{"$i":"SmsSendFailRetry","$v":"Fehler beim Senden von SMS. Erneut versuchen?"},{"$i":"SsModifiedToDial","$v":"SS geändert in Wählen"},{"$i":"SsModifiedToSs","$v":"SS geändert in SS"},{"$i":"SsModifiedToUssd","$v":"SS geändert in USSD"},{"$i":"SubscriptionNotAvailable","$v":"Abonnement nicht verfügbar"},{"$i":"SubscriptionNotSupported","$v":"Abonnement nicht unterstützt"},{"$i":"UssdModifiedToDial","$v":"USSD geändert in Wählen"},{"$i":"UssdModifiedToSs","$v":"USSD geändert in SS"},{"$i":"UssdModifiedToUssd","$v":"USSD geändert in USSD"},{"$i":"call-forwarding-async","$v":["Nicht synchron: ",{"t":"idOrVar","v":"async"}]},{"$i":"call-forwarding-data","$v":["Daten: ",{"t":"idOrVar","v":"data"}]},{"$i":"call-forwarding-error","$v":"Beim Abrufen des Rufumleitungsstatus ist ein Fehler aufgetreten."},{"$i":"call-forwarding-fax","$v":["FAX: ",{"t":"idOrVar","v":"fax"}]},{"$i":"call-forwarding-inactive","$v":"Inaktiv"},{"$i":"call-forwarding-packet","$v":["Paket: ",{"t":"idOrVar","v":"packet"}]},{"$i":"call-forwarding-pad","$v":["PAD: ",{"t":"idOrVar","v":"pad"}]},{"$i":"call-forwarding-sms","$v":["SMS: ",{"t":"idOrVar","v":"sms"}]},{"$i":"call-forwarding-status","$v":"Rufumleitungsstatus"},{"$i":"call-forwarding-sync","$v":["Synchron: ",{"t":"idOrVar","v":"sync"}]},{"$i":"call-forwarding-voice","$v":["Stimme: ",{"t":"idOrVar","v":"voice"}]},{"$i":"emMmiError","$v":"Verbindungsproblem oder ungültiger MMI-Code"},{"$i":"emMmiErrorBadPin","$v":"Die eingegebene alte PIN ist nicht korrekt."},{"$i":"emMmiErrorBadPuk","$v":"Die eingegebene PUK ist nicht korrekt"},{"$i":"emMmiErrorEnablePin","$v":"Fehlgeschlagen. SIM-/RUIM-SPERRE aktivieren"},{"$i":"emMmiErrorInvalidAction","$v":"Ungültige Aktion"},{"$i":"emMmiErrorInvalidPin","$v":"Geben Sie eine PIN mit 4 bis 8 Ziffern ein."},{"$i":"emMmiErrorInvalidScCode","$v":"Ungültiger Servicecode"},{"$i":"emMmiErrorMismatchPin","$v":"Die eingegebenen PINs stimmen nicht überein."},{"$i":"emMmiErrorMmiFdn","$v":"Der Vorgang ist nur für Ihre zugelassenen Rufnummern möglich."},{"$i":"emMmiErrorNeedPuk2","$v":"Geben Sie zum Entsperren der SIM-Karte die PUK2 ein."},{"$i":"emMmiErrorNeedsPuk","$v":"Ihre SIM-Karte ist durch PUK gesperrt."},{"$i":"emMmiErrorNotSupported","$v":"Ungültiger oder nicht unterstützter MMI-Code"},{"$i":"emMmiErrorPasswordIncorrect","$v":"Falsches Passwort"},{"$i":"emMmiErrorPinPukAttempts","$v":{"few":[{"t":"idOrVar","v":"n"}," Wiederholungen verbleibend"],"many":[{"t":"idOrVar","v":"n"}," Wiederholungen verbleibend"],"one":["Nur ",{"t":"idOrVar","v":"n"}," Wiederholung verbleibend"],"other":[{"t":"idOrVar","v":"n"}," Wiederholungen verbleibend"],"two":[{"t":"idOrVar","v":"n"}," Wiederholungen verbleibend"]},"$x":[{"t":"idOrVar","v":"plural"},"n"]},{"$i":"emMmiErrorSimBlocked","$v":"Maximale Anzahl an Wiederholungen überschritten. SIM blockiert."},{"$i":"emMmiErrorStkCcSsDial","$v":"SS-Anforderung wird in DIAL-Anforderung geändert"},{"$i":"emMmiErrorStkCcSsSs","$v":"SS-Anforderung wird in neue SS-Anforderung geändert"},{"$i":"emMmiErrorStkCcSsUssd","$v":"SS-Anforderung wird in USSD-Anforderung geändert"},{"$i":"emMmiErrorStkCcUssdDial","$v":"USSD-Anforderung wird in DIAL-Anforderung geändert"},{"$i":"emMmiErrorStkCcUssdSs","$v":"USSD-Anforderung wird in SS-Anforderung geändert"},{"$i":"emMmiErrorStkCcUssdUssd","$v":"USSD-Anforderung wird in neue USSD-Anforderung geändert"},{"$i":"fihVersion","$v":"FIH-Version"},{"$i":"imeiAndSvn","$v":"IMEI und SVN"},{"$i":"internalVersion","$v":"Interne Version"},{"$i":"serviceClassData","$v":"Daten"},{"$i":"serviceClassDataAsync","$v":"Async"},{"$i":"serviceClassDataSync","$v":"Sync"},{"$i":"serviceClassPacket","$v":"Paket"},{"$i":"serviceClassVoice","$v":"Sprache"},{"$i":"smClirDefaultOffNextCallOff","$v":"Rufnummer wird standardmäßig angezeigt. Nächster Anruf: wird übertragen"},{"$i":"smClirDefaultOffNextCallOn","$v":"Rufnummer wird standardmäßig angezeigt. Nächster Anruf: ausgeblendet"},{"$i":"smClirDefaultOnNextCallOff","$v":"Rufnummer ist standardmäßig ausgeblendet. Nächster Anruf: wird übertragen"},{"$i":"smClirDefaultOnNextCallOn","$v":"Rufnummer ist standardmäßig ausgeblendet. Nächster Anruf: wird ausgeblendet"},{"$i":"smClirPermanent","$v":"Sie können die Einstellung für die Anrufer-ID nicht ändern."},{"$i":"smPin2Changed","$v":"PIN2 erfolgreich geändert"},{"$i":"smPin2Unblocked","$v":"PIN2 erfolgreich entsperrt"},{"$i":"smPinChanged","$v":"PIN erfolgreich geändert"},{"$i":"smPinUnblocked","$v":"PIN erfolgreich entsperrt"},{"$i":"smServiceDisabled","$v":"Dienst deaktiviert"},{"$i":"smServiceEnabled","$v":"Dienst aktiviert"},{"$i":"smServiceEnabledFor","$v":"Dienst aktiviert für:"},{"$i":"smServiceErased","$v":"Löschen erfolgreich"},{"$i":"smServiceInterrogated","$v":"Anforderung erfolgreich"},{"$i":"smServiceNotProvisioned","$v":"Dienst nicht bereitgestellt"},{"$i":"smServiceRegistered","$v":"Registrierung erfolgreich"},{"$i":"another","$v":"Weitere"},{"$i":"current","$v":"Aktuell"},{"$i":"customTag","$v":"Benutzerdefiniertes Tag","placeholder":"Benutzerdefiniertes Tag"},{"$i":"faxHome","$v":"Fax (privat)"},{"$i":"faxOffice","$v":"Fax (geschäftlich)"},{"$i":"faxOther","$v":"Weiteres Fax"},{"$i":"itemWithLabel","$v":[{"t":"idOrVar","v":"label"},", ",{"t":"idOrVar","v":"item"}]},{"$i":"label","$v":"Bezeichnung"},{"$i":"other","$v":"Andere"},{"$i":"tcl-customTag","$v":"Benutzerdefiniertes Tag"},{"$i":"dateTimeFormat_%c","$v":"%a %b %e %Y %I:%M:%S %p"},{"$i":"dateTimeFormat_%x","$v":"%m/%d/%Y"},{"$i":"days-ago-long","$v":{"few":["vor ",{"t":"idOrVar","v":"value"}," Tagen"],"many":["vor ",{"t":"idOrVar","v":"value"}," Tagen"],"one":"gestern","other":["vor ",{"t":"idOrVar","v":"value"}," Tagen"],"two":["vor ",{"t":"idOrVar","v":"value"}," Tagen"],"zero":"heute"},"$x":[{"t":"idOrVar","v":"plural"},"value"]},{"$i":"days-ago-short","$v":{"other":["vor ",{"t":"idOrVar","v":"value"}," Tag"],"zero":"heute"},"$x":[{"t":"idOrVar","v":"plural"},"value"]},{"$i":"days-until-long","$v":{"few":["in ",{"t":"idOrVar","v":"value"}," Tagen"],"many":["in ",{"t":"idOrVar","v":"value"}," Tagen"],"one":"morgen","other":["in ",{"t":"idOrVar","v":"value"}," Tagen"],"two":["in ",{"t":"idOrVar","v":"value"}," Tagen"],"zero":"heute"},"$x":[{"t":"idOrVar","v":"plural"},"value"]},{"$i":"days-until-short","$v":{"other":["in ",{"t":"idOrVar","v":"value"}," Tag"],"zero":"heute"},"$x":[{"t":"idOrVar","v":"plural"},"value"]},{"$i":"hours-ago-long","$v":{"few":["vor ",{"t":"idOrVar","v":"value"}," Stunden"],"many":["vor ",{"t":"idOrVar","v":"value"}," Stunden"],"one":"vor einer Stunde","other":["vor ",{"t":"idOrVar","v":"value"}," Stunden"],"two":["vor ",{"t":"idOrVar","v":"value"}," Stunden"],"zero":"genau jetzt"},"$x":[{"t":"idOrVar","v":"plural"},"value"]},{"$i":"hours-ago-short","$v":{"other":["vor ",{"t":"idOrVar","v":"value"}," Std."],"zero":"genau jetzt"},"$x":[{"t":"idOrVar","v":"plural"},"value"]},{"$i":"hours-until-long","$v":{"few":["in ",{"t":"idOrVar","v":"value"}," Stunden"],"many":["in ",{"t":"idOrVar","v":"value"}," Stunden"],"one":"in einer Stunde","other":["in ",{"t":"idOrVar","v":"value"}," Stunden"],"two":["in ",{"t":"idOrVar","v":"value"}," Stunden"],"zero":"jetzt"},"$x":[{"t":"idOrVar","v":"plural"},"value"]},{"$i":"hours-until-short","$v":{"other":["in ",{"t":"idOrVar","v":"value"}," Std."],"zero":"jetzt"},"$x":[{"t":"idOrVar","v":"plural"},"value"]},{"$i":"incorrectDate","$v":"(falsches Datum)"},{"$i":"minutes-ago-long","$v":{"few":["vor ",{"t":"idOrVar","v":"value"}," Minuten"],"many":["vor ",{"t":"idOrVar","v":"value"}," Minuten"],"one":"vor einer Minute","other":["vor ",{"t":"idOrVar","v":"value"}," Minuten"],"two":["vor ",{"t":"idOrVar","v":"value"}," Minuten"],"zero":"genau jetzt"},"$x":[{"t":"idOrVar","v":"plural"},"value"]},{"$i":"minutes-ago-short","$v":{"other":["vor ",{"t":"idOrVar","v":"value"}," Std."],"zero":"genau jetzt"},"$x":[{"t":"idOrVar","v":"plural"},"value"]},{"$i":"minutes-until-long","$v":{"few":["in ",{"t":"idOrVar","v":"value"}," Minuten"],"many":["in ",{"t":"idOrVar","v":"value"}," Minuten"],"one":"in einer Minute","other":["in ",{"t":"idOrVar","v":"value"}," Minuten"],"two":["in ",{"t":"idOrVar","v":"value"}," Minuten"],"zero":"jetzt"},"$x":[{"t":"idOrVar","v":"plural"},"value"]},{"$i":"minutes-until-short","$v":{"other":["in ",{"t":"idOrVar","v":"value"}," Min."],"zero":"jetzt"},"$x":[{"t":"idOrVar","v":"plural"},"value"]},{"$i":"month-0-genitive","$v":"Januar"},{"$i":"month-0-long","$v":"Januar"},{"$i":"month-0-short","$v":"Jan"},{"$i":"month-1-genitive","$v":"Februar"},{"$i":"month-1-long","$v":"Februar"},{"$i":"month-1-short","$v":"Feb"},{"$i":"month-10-genitive","$v":"November"},{"$i":"month-10-long","$v":"November"},{"$i":"month-10-short","$v":"Nov"},{"$i":"month-11-genitive","$v":"Dezember"},{"$i":"month-11-long","$v":"Dezember"},{"$i":"month-11-short","$v":"Dez"},{"$i":"month-2-genitive","$v":"März"},{"$i":"month-2-long","$v":"März"},{"$i":"month-2-short","$v":"Mär"},{"$i":"month-3-genitive","$v":"April"},{"$i":"month-3-long","$v":"April"},{"$i":"month-3-short","$v":"Apr"},{"$i":"month-4-genitive","$v":"Mai"},{"$i":"month-4-long","$v":"Mai"},{"$i":"month-4-short","$v":"Mai"},{"$i":"month-5-genitive","$v":"Juni"},{"$i":"month-5-long","$v":"Juni"},{"$i":"month-5-short","$v":"Jun"},{"$i":"month-6-genitive","$v":"Juli"},{"$i":"month-6-long","$v":"Juli"},{"$i":"month-6-short","$v":"Jul"},{"$i":"month-7-genitive","$v":"August"},{"$i":"month-7-long","$v":"August"},{"$i":"month-7-short","$v":"Aug"},{"$i":"month-8-genitive","$v":"September"},{"$i":"month-8-long","$v":"September"},{"$i":"month-8-short","$v":"Sep"},{"$i":"month-9-genitive","$v":"Oktober"},{"$i":"month-9-long","$v":"Oktober"},{"$i":"month-9-short","$v":"Okt"},{"$i":"months-ago-long","$v":{"few":["vor ",{"t":"idOrVar","v":"value"}," Monaten"],"many":["vor ",{"t":"idOrVar","v":"value"}," Monaten"],"one":"letzter Monat","other":["vor ",{"t":"idOrVar","v":"value"}," Monaten"],"two":["vor ",{"t":"idOrVar","v":"value"}," Monaten"],"zero":"diesen Monat"},"$x":[{"t":"idOrVar","v":"plural"},"value"]},{"$i":"months-until-long","$v":{"few":["in ",{"t":"idOrVar","v":"value"}," Monaten"],"many":["in ",{"t":"idOrVar","v":"value"}," Monaten"],"one":"im nächsten Monat","other":["in ",{"t":"idOrVar","v":"value"}," Monaten"],"two":["in ",{"t":"idOrVar","v":"value"}," Monaten"],"zero":"diesen Monat"},"$x":[{"t":"idOrVar","v":"plural"},"value"]},{"$i":"shortDateTimeFormat","$v":"%x %I:%M %p"},{"$i":"shortTimeFormat","$v":"%I:%M %p"},{"$i":"shortTimeFormat12","$v":"%I:%M %p"},{"$i":"shortTimeFormat24","$v":"%H:%M"},{"$i":"time_am","$v":"AM"},{"$i":"time_pm","$v":"PM"},{"$i":"weekday-0-long","$v":"Sonntag"},{"$i":"weekday-0-short","$v":"So"},{"$i":"weekday-1-long","$v":"Montag"},{"$i":"weekday-1-short","$v":"Mo"},{"$i":"weekday-2-long","$v":"Dienstag"},{"$i":"weekday-2-short","$v":"Di"},{"$i":"weekday-3-long","$v":"Mittwoch"},{"$i":"weekday-3-short","$v":"Mi"},{"$i":"weekday-4-long","$v":"Donnerstag"},{"$i":"weekday-4-short","$v":"Do"},{"$i":"weekday-5-long","$v":"Freitag"},{"$i":"weekday-5-short","$v":"Fr"},{"$i":"weekday-6-long","$v":"Samstag"},{"$i":"weekday-6-short","$v":"Sa"},{"$i":"weeks-ago-long","$v":{"few":["vor ",{"t":"idOrVar","v":"value"}," Wochen"],"many":["vor ",{"t":"idOrVar","v":"value"}," Wochen"],"one":"letzte Woche","other":["vor ",{"t":"idOrVar","v":"value"}," Wochen"],"two":["vor ",{"t":"idOrVar","v":"value"}," Wochen"],"zero":"diese Woche"},"$x":[{"t":"idOrVar","v":"plural"},"value"]},{"$i":"weeks-until-long","$v":{"few":["in ",{"t":"idOrVar","v":"value"}," Wochen"],"many":["in ",{"t":"idOrVar","v":"value"}," Wochen"],"one":"nächste Woche","other":["in ",{"t":"idOrVar","v":"value"}," Wochen"],"two":["in ",{"t":"idOrVar","v":"value"}," Wochen"],"zero":"diese Woche"},"$x":[{"t":"idOrVar","v":"plural"},"value"]},{"$i":"years-ago-long","$v":{"few":["vor ",{"t":"idOrVar","v":"value"}," Jahren"],"many":["vor ",{"t":"idOrVar","v":"value"}," Jahren"],"one":"letztes Jahr","other":["vor ",{"t":"idOrVar","v":"value"}," Jahren"],"two":["vor ",{"t":"idOrVar","v":"value"}," Jahren"],"zero":"dieses Jahr"},"$x":[{"t":"idOrVar","v":"plural"},"value"]},{"$i":"years-until-long","$v":{"few":["in ",{"t":"idOrVar","v":"value"}," Jahren"],"many":["in ",{"t":"idOrVar","v":"value"}," Jahren"],"one":"nächstes Jahr","other":["in ",{"t":"idOrVar","v":"value"}," Jahren"],"two":["in ",{"t":"idOrVar","v":"value"}," Jahren"],"zero":"dieses Jahr"},"$x":[{"t":"idOrVar","v":"plural"},"value"]},{"$i":"dateTimeFormat_%X","$v":"%I:%M:%S %p"},{"$i":"weekStartsOnMonday","$v":"0"},{"$i":"firstDayOfTheWeek","$v":"1"}]