[{"$i":"clockDateFormat","$v":"%a, %e %b"},{"$i":"deviceIsUnlocked","$v":"Η συσκευή είναι ξεκλειδωμένη"},{"$i":"simUnlockCodeAccepted","$v":"Ο κωδικός ξεκλειδώματος SIM έγινε δεκτός"},{"$i":"simUnlockCodeFailed","$v":"Επιτυχές ξεκλείδωμα SIM"},{"$i":"eccOnly","$v":"Μόνον επείγουσες κλήσεις"},{"$i":"emergencyCallsOnly","$v":"Μόνον επείγουσες κλήσεις"},{"$i":"lockedSim","$v":"Κλειδωμένη SIM"},{"$i":"noService","$v":"Καμία υπηρεσία"},{"$i":"noSimCard","$v":"Χωρίς κάρτα SIM"},{"$i":"searching","$v":"Αναζήτηση…"},{"$i":"airplane-mode","$v":"Λειτουργία πτήσης"},{"$i":"bluetooth","$v":"Bluetooth"},{"$i":"brightness","$v":"Φωτεινότητα"},{"$i":"calculator","$v":"Αριθμομηχανή"},{"$i":"camera","$v":"Κάμερα"},{"$i":"cellular-data","$v":"Δεδομένα κινητής τηλεφωνίας"},{"$i":"confirm-to-uninstall-app","$v":["Να απεγκατασταθεί η εφαρμογή ",{"t":"idOrVar","v":"appName"},";"]},{"$i":"flashlight","$v":"Φακός"},{"$i":"instant-settings","$v":"Άμεσες ρυθμίσεις"},{"$i":"off","$v":"Απενεργοποίηση"},{"$i":"on","$v":"Ενεργοποίηση"},{"$i":"shortcuts","$v":"Συντομεύσεις"},{"$i":"uninstall","$v":"Απεγκατάσταση"},{"$i":"volume","$v":"Ένταση"},{"$i":"wifi","$v":"Wi-Fi"},{"$i":"percentage-number","$v":[{"t":"idOrVar","v":"number"},"%"]},{"$i":"all-apps","$v":"Όλες οι εφαρμογές"},{"$i":"scImei","$v":"IMEI"},{"$i":"scMeid","$v":"MEID"},{"$i":"scUssd","$v":"USSD"},{"$i":"CallFailed","$v":"Η κλήση απέτυχε"},{"$i":"GenericFailure","$v":"Γενικό σφάλμα"},{"$i":"add-smart-collections","$v":"Προσθήκη έξυπνων συλλογών"},{"$i":"add-to-existing-contact","$v":"Προσθήκη σε υπάρχουσα επαφή"},{"$i":"alert-for-contacts-without-number","$v":"Δεν υπάρχουν διαθέσιμες επαφές με αριθμό τηλεφώνου."},{"$i":"app-title","$v":"Οι εφαρμογές μου"},{"$i":"app-uninstall","$v":["Η εγκατάσταση του ",{"t":"idOrVar","v":"name"}," καταργήθηκε"]},{"$i":"assign","$v":"Αντιστοίχιση"},{"$i":"assign-speed-dial","$v":["Η επαφή δεν προστέθηκε ως ταχεία κλήση στο κουμπί ",{"t":"idOrVar","v":"n"},". Αντιστοίχιση τώρα;"]},{"$i":"assign-voicemail","$v":"Δεν έχει οριστεί αριθμός τηλεφωνητή."},{"$i":"call","$v":"Κλήση"},{"$i":"callAirplaneModeMessage","$v":"Για πραγματοπ. κλήσεων, πρέπει να απενεργοποιήσετε τη λειτ. πτήσης στις ρυθμίσεις."},{"$i":"callAirplaneModeTitle","$v":"Λειτ. πτήσης ενεργοποιημένη"},{"$i":"cancel","$v":"Ακύρωση"},{"$i":"change-wallpaper","$v":"Αλλαγή ταπετσαρίας"},{"$i":"clocks-updated","$v":"Τα ρολόγια ενημερώθηκαν"},{"$i":"confirmation","$v":"Επιβεβαίωση"},{"$i":"contacts","$v":"Επαφές"},{"$i":"create-new-contact","$v":"Δημ. νέας επαφής"},{"$i":"delete","$v":"Διαγραφή"},{"$i":"delete-body","$v":["Το ",{"t":"idOrVar","v":"name"}," και όλα τα δεδομένα του θα διαγραφούν."]},{"$i":"delete-title","$v":["Διαγραφή του στοιχείου ",{"t":"idOrVar","v":"name"}]},{"$i":"edit","$v":"Επεξεργασία"},{"$i":"edit-done","$v":"Τέλος"},{"$i":"edit-group-header","$v":"Επεξεργασία ομάδας"},{"$i":"edit-mode","$v":"Επεξεργασία"},{"$i":"emergency-call-error","$v":["Το ",{"t":"idOrVar","v":"number"}," δεν είναι αριθμός επείγουσας κλήσης."]},{"$i":"emergency-call-only","$v":"Μόνο επείγουσα κλήση"},{"$i":"emergencyDialogBodyBadNumber","$v":"Για να πραγματοποιήσετε κλήσεις, το τηλέφωνο πρέπει να είναι συνδεδεμένο σε δίκτυο."},{"$i":"emergencyDialogBodyDeviceNotAccepted","$v":"Οι επείγουσες κλήσεις δεν επιτρέπονται από το δίκτυο."},{"$i":"emergencyDialogTitle","$v":"Χωρίς σύνδεση δικτύου"},{"$i":"fax-home","$v":"Φαξ οικίας"},{"$i":"fax-office","$v":"Φαξ γραφείου"},{"$i":"fax-other","$v":"Άλλο φαξ"},{"$i":"fdnIsActiveMessage","$v":["Η λειτουργία FDN (Αριθμοί επιτρεπτών κλήσεων) είναι ενεργοποιημένη και ο παρακάτω αριθμός δεν υπάρχει στον κατάλογο FDN: ",{"t":"idOrVar","v":"number"}]},{"$i":"fdnIsActiveTitle","$v":"Λειτουργία FDN ενεργή"},{"$i":"gaia-shortcut-app-updated","$v":"Η εφαρμογή ενημερώθηκε"},{"$i":"grid-view","$v":"Προβολή πλέγματος"},{"$i":"home","$v":"Σπίτι"},{"$i":"homescreen-settings","$v":"Ρυθμίσεις αρχικής οθόνης"},{"$i":"invalidNumberToDialMessage","$v":"Ο αριθμός τηλεφώνου που καλείτε δεν είναι έγκυρος."},{"$i":"invalidNumberToDialTitle","$v":"Μη έγκυρος αριθμός τηλεφώνου"},{"$i":"list-view","$v":"Προβολή λίστας"},{"$i":"longDateFormat","$v":"%A, %B %e"},{"$i":"menu","$v":"Μενού"},{"$i":"message","$v":"Μήνυμα"},{"$i":"mobile","$v":"Κινητό"},{"$i":"more","$v":"Περισσότερα"},{"$i":"move","$v":"Μετακίνηση"},{"$i":"notifications","$v":"Ειδοποιήσεις"},{"$i":"numberIsBusyMessage","$v":"Ο αριθμός είναι κατειλημμένος. Δοκιμάστε ξανά αργότερα."},{"$i":"numberIsBusyTitle","$v":"Αρ. κατειλημμένος"},{"$i":"ok","$v":"OK"},{"$i":"option-remove","$v":"Κατάργ. από αρ. ταχείας κλήσης"},{"$i":"option-replace","$v":"Αντικατάσταση"},{"$i":"options","$v":"Επιλογές"},{"$i":"otherConnectionInUseMessage","$v":"Υπάρχει ενεργή κλήση σε άλλη σύνδεση. Μπορείτε να χρησιμοποιείτε μόνο μία σύνδεση τη φορά."},{"$i":"otherConnectionInUseTitle","$v":"Χρησιμοπ. άλλη σύνδεση"},{"$i":"personal","$v":"Προσωπικό"},{"$i":"remove","$v":"Κατάργηση"},{"$i":"remove-speed-dial","$v":["Είστε βέβαιοι ότι θέλετε να αφαιρέσετε το ",{"t":"idOrVar","v":"name"}," από τους αρ. ταχείας κλήσης;"]},{"$i":"replace","$v":"Αντικατάσταση"},{"$i":"replace-speed-dial","$v":["Είστε βέβαιοι ότι θέλετε να αντικαταστήσετε το ",{"t":"idOrVar","v":"name"}," με το ",{"t":"idOrVar","v":"subName"},";"]},{"$i":"resume-download-action","$v":"Λήψη"},{"$i":"resume-download-body","$v":["Θέλετε να γίνει λήψη του ",{"t":"idOrVar","v":"name"},";"]},{"$i":"resume-download-title","$v":"Επανέναρξη λήψης"},{"$i":"scCallBarring","$v":"Φραγή κλήσεων"},{"$i":"scCallForwarding","$v":"Προώθηση κλήσεων"},{"$i":"scCallWaiting","$v":"Κλήση σε αναμονή"},{"$i":"scClip","$v":"Αναγνωριστικό καλούντα"},{"$i":"scClir","$v":"ID καλούντος εξερχ. κλ."},{"$i":"scPin","$v":"Αλλαγή PIN"},{"$i":"scPin2","$v":"Αλλαγή PIN2"},{"$i":"scPuk","$v":"Ξεμπλοκ. PIN"},{"$i":"scPuk2","$v":"Ξεμπλοκ. PIN2"},{"$i":"scPwd","$v":"Αλλαγή κωδ. πρόσβασης"},{"$i":"search-or-enter-address","placeholder":"Αναζ. ή εισαγ. διεύθυνσης"},{"$i":"select","$v":"Επιλογή"},{"$i":"sending","$v":"Αποστολή…"},{"$i":"set","$v":"Ορισμός"},{"$i":"settings","$v":"Ρυθμίσεις"},{"$i":"single-view","$v":"Μονή προβολή"},{"$i":"skip","$v":"Παράλειψη"},{"$i":"speed-dial","$v":"Ταχεία κλήση"},{"$i":"speed-dial-empty","ariaLabel":[{"t":"idOrVar","v":"order"},", κενό"]},{"$i":"speed-dial-not-empty","ariaLabel":[{"t":"idOrVar","v":"order"},", ",{"t":"idOrVar","v":"name"}]},{"$i":"stop-download-action","$v":"Διακοπή"},{"$i":"stop-download-body","$v":"Θέλετε να διακόψετε την τρέχουσα λήψη;"},{"$i":"stop-download-title","$v":["Διακοπή ",{"t":"idOrVar","v":"name"}]},{"$i":"tcl-wallpaper-changed","$v":"Η ταπετσαρία άλλαξε"},{"$i":"video-call","$v":"Κλήση βίντεο"},{"$i":"voicemail","$v":"Τηλεφωνητής"},{"$i":"work","$v":"Εργασία"},{"$i":"apps","$v":"Εφαρμογές"},{"$i":"nocard-eccOnly","$v":"No SIM card-Emergency calls only"},{"$i":"unusablecard-eccOnly","$v":"Unusable SIM card-Emergency calls only"},{"$i":"apn-sim1","$v":"Ρυθμίσεις APN - SIM1"},{"$i":"apn-sim2","$v":"Ρυθμίσεις APN - SIM2"},{"$i":"apnConfigPrepay","$v":"Προπληρωμή"},{"$i":"apnConfigPostpay","$v":"Πληρωμή εκ των υστέρων"},{"$i":"apn-defaultconfig-message","$v":"Επιλέξτε ποιος τύπος APN θα εμφανίζεται"},{"$i":"apnDefaultConfig","$v":"Προεπιλεγμένη διευθέτηση APN"},{"$i":"without-sim-new","$v":[{"t":"idOrVar","v":"index"}]},{"$i":"with-sim-new","$v":[{"t":"idOrVar","v":"index"}," - ",{"t":"idOrVar","v":"carrier"}]},{"$i":"sim-with-index-and-carrier","$v":["SIM ",{"t":"idOrVar","v":"index"}," - ",{"t":"idOrVar","v":"carrier"}]},{"$i":"sim-without-carrier","$v":["SIM ",{"t":"idOrVar","v":"index"}]},{"$i":"call-forwarding-voice-after-seconds","$v":["Φωνή: ",{"t":"idOrVar","v":"voice"}," μετά από ",{"t":"idOrVar","v":"timeSeconds"}," δευτερόλεπτα"]},{"$i":"addNewNumber","$v":"Προσθήκη νέου αριθμού"},{"$i":"addToExistingContact","$v":"Προσθήκη σε υπάρχουσα επαφή"},{"$i":"all","$v":"Όλα","ariaLabel":"Όλα"},{"$i":"bluetooth-handsfree-device","$v":"Συσκευή Bluetooth handsfree"},{"$i":"bluetoothOption","ariaLabel":"Bluetooth"},{"$i":"callDurationHours","$v":[{"t":"idOrVar","v":"h"},":",{"t":"idOrVar","v":"m"},":",{"t":"idOrVar","v":"s"}]},{"$i":"callDurationMinutes","$v":[{"t":"idOrVar","v":"m"},":",{"t":"idOrVar","v":"s"}]},{"$i":"callDurationTextFormatHours","$v":[{"t":"idOrVar","v":"h"}," ω ",{"t":"idOrVar","v":"m"}," λ ",{"t":"idOrVar","v":"s"}," δ"]},{"$i":"callDurationTextFormatMinutes","$v":[{"t":"idOrVar","v":"m"}," λ ",{"t":"idOrVar","v":"s"}," δ"]},{"$i":"callDurationTextFormatSeconds","$v":[{"t":"idOrVar","v":"s"}," δ"]},{"$i":"callEnded","$v":"Η κλήση τερματίστηκε"},{"$i":"callInformation","$v":"Πληροφορίες κλήσης"},{"$i":"callLog","$v":"Μητρώο κλήσεων"},{"$i":"callLogEdit","title":"Επεξ. μητρ. κλήσεων"},{"$i":"callLogEditDialog","ariaLabel":"Παράθυρο επεξεργασίας μητρώου κλήσεων"},{"$i":"caller-left-call","$v":["Ο καλών ",{"t":"idOrVar","v":"caller"}," διέκοψε την κλήση."]},{"$i":"calllog-all","$v":"Όλα"},{"$i":"calllog-deselectAll","$v":"Αναίρεση επιλογής όλων"},{"$i":"calllog-none","$v":"Κανένα"},{"$i":"calllog-selectAll","$v":"Επιλογή όλων"},{"$i":"canceled","$v":"Ακυρώθηκε"},{"$i":"clear-all-text","$v":"Εκκαθάριση όλου του κειμένου"},{"$i":"close","$v":"Κλείσιμο"},{"$i":"composeEmail","ariaLabel":"Email"},{"$i":"conferenceAddError","$v":"Αδυναμία συγχώνευσης κλήσεων"},{"$i":"conferenceCall","$v":["Διάσκεψη (",{"t":"idOrVar","v":"n"},")"]},{"$i":"conferenceRemoveError","$v":"Αδυναμία αναίρ. συγχών. κλήσεων"},{"$i":"confirm-deletion","$v":"Εκκαθάριση επιλεγμένων κλήσεων;"},{"$i":"connecting","$v":"Σύνδεση"},{"$i":"connectingEllipsis","$v":"Σύνδεση…"},{"$i":"contactDetails","$v":"Στοιχεία επαφής"},{"$i":"createNewContact","$v":"Δημιουργία νέας επαφής"},{"$i":"delete-n-log?","$v":{"few":["Να διαγραφούν τα ",{"t":"idOrVar","v":"n"}," αρχεία καταγραφής;"],"many":["Να διαγραφούν τα ",{"t":"idOrVar","v":"n"}," αρχεία καταγραφής;"],"one":"Διαγρ. επιλ. αρχ. καταγραφής;","other":["Να διαγραφούν τα ",{"t":"idOrVar","v":"n"}," αρχεία καταγραφής;"],"two":["Να διαγραφούν τα ",{"t":"idOrVar","v":"n"}," αρχεία καταγραφής;"],"zero":"Δεν επιλέχθηκε τίποτα"},"$x":[{"t":"idOrVar","v":"plural"},"n"]},{"$i":"deselect","$v":"Αναίρεση επιλογής"},{"$i":"dialed","$v":"Πραγματοποιημένες κλήσεις"},{"$i":"dialer-prompt","$v":"Κλήση αριθμού η επιλογή επαφής για προσθήκη σε κλήση"},{"$i":"dialerAddContact","ariaLabel":"Προσθήκη επαφής"},{"$i":"dialerAddContactDialog","ariaLabel":"Παράθυρο προσθήκης επαφής"},{"$i":"edit-selected","$v":{"few":["επιλέχθηκαν (",{"t":"idOrVar","v":"n"},")"],"many":["επιλέχθηκαν (",{"t":"idOrVar","v":"n"},")"],"one":["επιλέχθηκαν (",{"t":"idOrVar","v":"n"},")"],"other":["επιλέχθηκαν (",{"t":"idOrVar","v":"n"},")"],"two":["επιλέχθηκαν (",{"t":"idOrVar","v":"n"},")"]},"$x":[{"t":"idOrVar","v":"plural"},"n"]},{"$i":"emailDetail","ariaLabel":"Email"},{"$i":"from-contact","$v":["Από την επαφή ",{"t":"idOrVar","v":"contact"}]},{"$i":"from-number","$v":["Από τον αριθμό ",{"t":"idOrVar","v":"number"}]},{"$i":"from-withheld-number","$v":"Από άγνωστο αριθμό"},{"$i":"hangup-a11y-button","ariaLabel":"Τερματισμός κλήσης"},{"$i":"hide","$v":"Απόκρυψη"},{"$i":"hideKeypad","ariaLabel":"Απόκρυψη πληκτρολογίου"},{"$i":"hold","ariaLabel":"Αναμονή"},{"$i":"hours","$v":"ώρες"},{"$i":"ignore","$v":"Παράβλεψη κλήσης"},{"$i":"incoming","$v":"Εισερχόμενη"},{"$i":"incoming-call","$v":"Εισερχόμενη κλήση"},{"$i":"info-missed","$v":"Αναπάντητες"},{"$i":"keypad","ariaLabel":"Πληκτρολόγιο"},{"$i":"log-item","$v":"Επιλογές"},{"$i":"makeCall","ariaLabel":"Καλέστε"},{"$i":"merge","ariaLabel":"Συγχώνευση"},{"$i":"minutes","$v":"λεπτά"},{"$i":"missed","$v":"Αναπάντητες","ariaLabel":"Αναπάντητες"},{"$i":"missedCall","$v":"Αναπάντητη κλήση"},{"$i":"missedCallMultiSims","$v":["(SIM ",{"t":"idOrVar","v":"n"},") Αναπάντητη κλήση"]},{"$i":"mmi-error","$v":"Παρουσιάστηκε σφάλμα κατά την αποστολή του μηνύματος"},{"$i":"mmi-notification-title-with-sim","$v":["(",{"t":"idOrVar","v":"sim"},") ",{"t":"idOrVar","v":"title"}]},{"$i":"mmi-session-expired","$v":"Η περ. λειτ. έληξε"},{"$i":"mmi-successfully-sent","$v":"Το μήνυμα στάλθηκε με επιτυχία"},{"$i":"mute","ariaLabel":"Σίγαση"},{"$i":"newCall","ariaLabel":"Νέα κλήση"},{"$i":"no-logs-msg-1","$v":"Δεν έχουν καταγρ. κλήσεις"},{"$i":"no-logs-msg-2","$v":"Ξεκινήστε την επικοινωνία"},{"$i":"no-logs-msg-3","$v":"Δεν έχουν καταγρ. κλήσεις"},{"$i":"no-logs-msg-4","$v":"Ξεκινήστε την επικοινωνία"},{"$i":"no-recent-numbers","$v":"Δεν υπάρχουν πρόσφατοι αριθμοί στα αρχεία καταγραφής κλήσεων για κλήση."},{"$i":"onHoldOption","ariaLabel":"Σε αναμονή"},{"$i":"outgoing","$v":"Εξερχόμενες"},{"$i":"outgoing-call","$v":"Εξερχόμενη κλήση"},{"$i":"phoneDetail","ariaLabel":"Τηλέφωνο"},{"$i":"pickup-a11y-button","ariaLabel":"Συλλογή"},{"$i":"received","$v":"Ληφθείσες"},{"$i":"receiver","$v":"Δέκτης"},{"$i":"recents","ariaLabel":"Πρόσφατες κλήσεις"},{"$i":"reply","$v":"Απάντηση"},{"$i":"resume","$v":"Συνέχεια","ariaLabel":"Συνέχεια"},{"$i":"search-results","$v":"Αποτελ. αναζήτησης"},{"$i":"seconds","$v":"δευτερόλεπτα"},{"$i":"select-audio-sources","$v":"Επιλογή πηγών ήχου"},{"$i":"send","$v":"Αποστολή"},{"$i":"send-sms-button","ariaLabel":"SMS"},{"$i":"sendSms","$v":"Αποστολή μηνύματος"},{"$i":"separator","$v":","},{"$i":"sim-number","$v":["SIM",{"t":"idOrVar","v":"n"}]},{"$i":"speaker","$v":"Ηχείο"},{"$i":"speakerOption","ariaLabel":"Ηχείο"},{"$i":"suggestionMatches","$v":{"few":[{"t":"idOrVar","v":"n"}," αντιστοιχίες για \"",{"t":"idOrVar","v":"matchNumber"}],"many":[{"t":"idOrVar","v":"n"}," αντιστοιχίες για \"",{"t":"idOrVar","v":"matchNumber"}],"one":[{"t":"idOrVar","v":"n"}," αντιστοιχία για \"",{"t":"idOrVar","v":"matchNumber"}],"other":[{"t":"idOrVar","v":"n"}," αντιστοιχίες για \"",{"t":"idOrVar","v":"matchNumber"}],"two":[{"t":"idOrVar","v":"n"}," αντιστοιχίες για \"",{"t":"idOrVar","v":"matchNumber"}]},"$x":[{"t":"idOrVar","v":"plural"},"n"]},{"$i":"switch-calls","$v":"Εναλλαγή κλήσεων"},{"$i":"tcl-assign","$v":"Αντιστοίχιση"},{"$i":"tcl-assign-speed-dial","$v":{"$o":["Η επαφή δεν προστέθηκε ως ταχεία κλήση στο κουμπί \"",{"t":"idOrVar","v":"speedDial"},"\"<br></br>Αντιστοίχιση τώρα;"]}},{"$i":"tcl-call-log-delete-group-notification","$v":[{"t":"idOrVar","v":"n"}," καταχωρίσεις διαγράφηκαν"]},{"$i":"tcl-calllog-entry-removed-err-notification","$v":"Αδυναμία διαγραφής από το μητρώο κλήσεων"},{"$i":"tcl-calllog-entry-removed-succ-notification","$v":"Διαγράφηκε από το μητρώο κλήσεων"},{"$i":"tcl-cancel","$v":"Ακύρωση"},{"$i":"tcl-confirmation","$v":"Επιβεβαίωση"},{"$i":"tcl-delete-log","$v":"Είστε βέβαιοι ότι θέλετε να διαγράψετε τις επιλεγμένες καταχωρήσεις από το μητρώο κλήσεων;"},{"$i":"tcl-dialer","$v":"Εφαρμογή κλήσεων"},{"$i":"tcl-edit-not-selected","$v":"επιλέχθ. (0)"},{"$i":"tcl-option-menu-call-log-edit","$v":"Επεξ. μητρ. κλήσεων"},{"$i":"today","$v":"Σήμερα"},{"$i":"toggleKeypad","ariaLabel":"Εναλλ. πληκτρολογ."},{"$i":"type-your-response","placeholder":"Η απάντησή σας…"},{"$i":"unknown","$v":"Άγνωστο"},{"$i":"unlock-a11y-button","ariaLabel":"Ρυθμιστικό"},{"$i":"ussd-services","$v":["Υπηρεσίες ",{"t":"idOrVar","v":"operator"}]},{"$i":"via-sim","$v":["μέσω SIM",{"t":"idOrVar","v":"n"}]},{"$i":"view-all","$v":"Προβ. όλων"},{"$i":"wifi-calling","$v":"Κλήσεις Wi-Fi"},{"$i":"withheld-number","$v":"Άγνωστο"},{"$i":"yesterday","$v":"Χθες"},{"$i":"SimPin2","$v":"PIN2 SIM"},{"$i":"SimPuk2","$v":"PUK2 SIM"},{"$i":"serviceClassFax","$v":"ΦΑΞ"},{"$i":"serviceClassPad","$v":"PAD"},{"$i":"serviceClassSms","$v":"SMS"},{"$i":"DialModifiedToDial","$v":"Dial modified to dial"},{"$i":"DialModifiedToSs","$v":"Dial modified to SS"},{"$i":"DialModifiedToUssd","$v":"Dial modified to USSD"},{"$i":"FdnCheckFailure","$v":"Σφάλμα ελέγχου FDN"},{"$i":"IllegalSimOrMe","$v":"Μη έγκυρη SIM ή ME"},{"$i":"InvalidParameter","$v":"Μη έγκυρη παράμετρος"},{"$i":"ModeNotSupported","$v":"Μη υποστηρ. λειτουρ."},{"$i":"OpNotAllowedDuringVoiceCall","$v":"Δεν επιτρέπ. κατά τη διάρκ. κλήσης ομιλ."},{"$i":"PasswordIncorrect","$v":"Λάθος κωδ. πρόσβ."},{"$i":"RadioNotAvailable","$v":"Radio not available"},{"$i":"RejectedByRemote","$v":"Απορρ. από απομακρ. σύνδεση"},{"$i":"RequestNotSupported","$v":"Μη υποστηριζόμενο αίτημα"},{"$i":"ServiceIsDisabled","$v":"Η υπηρεσία είναι απενεργ."},{"$i":"ServiceIsEnabled","$v":"Η υπηρεσία είναι ενεργ."},{"$i":"ServiceIsEnabledFor","$v":"Η υπηρ. ενεργοπ. για:"},{"$i":"SimAbsent","$v":"Χωρίς SIM"},{"$i":"SmsSendFailRetry","$v":"Αποτυχ. αποστ. SMS. Επαν."},{"$i":"SsModifiedToDial","$v":"Αλλαγή SS σε κλήση"},{"$i":"SsModifiedToSs","$v":"Αλλαγή SS σε SS"},{"$i":"SsModifiedToUssd","$v":"Αλλαγή SS σε USSD"},{"$i":"SubscriptionNotAvailable","$v":"Η συνδρομή δεν είναι διαθέσιμη"},{"$i":"SubscriptionNotSupported","$v":"Η συνδρομή δεν υποστηρίζεται"},{"$i":"UssdModifiedToDial","$v":"Αλλαγή USSD σε κλήση"},{"$i":"UssdModifiedToSs","$v":"Αλλαγή USSD σε SS"},{"$i":"UssdModifiedToUssd","$v":"Αλλαγή USSD σε USSD"},{"$i":"call-forwarding-async","$v":["Ασύγχρονο: ",{"t":"idOrVar","v":"async"}]},{"$i":"call-forwarding-data","$v":["Δεδομένα: ",{"t":"idOrVar","v":"data"}]},{"$i":"call-forwarding-error","$v":"Παρουσιάστηκε σφάλμα κατά την ανάκτηση κατάστασης προώθησης κλήσεων"},{"$i":"call-forwarding-fax","$v":["ΦΑΞ: ",{"t":"idOrVar","v":"fax"}]},{"$i":"call-forwarding-inactive","$v":"Ανενεργός"},{"$i":"call-forwarding-packet","$v":["Πακέτο: ",{"t":"idOrVar","v":"packet"}]},{"$i":"call-forwarding-pad","$v":["PAD: ",{"t":"idOrVar","v":"pad"}]},{"$i":"call-forwarding-sms","$v":["SMS: ",{"t":"idOrVar","v":"sms"}]},{"$i":"call-forwarding-status","$v":"Κατάσταση προώθησης κλήσεων"},{"$i":"call-forwarding-sync","$v":["Σύγχρονη λειτουργία: ",{"t":"idOrVar","v":"sync"}]},{"$i":"call-forwarding-voice","$v":["Φωνητ.: ",{"t":"idOrVar","v":"voice"}]},{"$i":"emMmiError","$v":"Πρόβλημα σύνδεσης ή μη έγκυρος κωδικός MMI"},{"$i":"emMmiErrorBadPin","$v":"Το παλιό PIN που πληκτρολογήσατε είναι εσφαλμένο."},{"$i":"emMmiErrorBadPuk","$v":"Το PUK που πληκτρολογήσατε είναι εσφαλμένο"},{"$i":"emMmiErrorEnablePin","$v":"Μη επιτυχής. Ενεργοποίηση ΚΛΕΙΔΩΜΑΤΟΣ SIM/RUIM"},{"$i":"emMmiErrorInvalidAction","$v":"Μη έγκυρη ενέργεια"},{"$i":"emMmiErrorInvalidPin","$v":"Εισαγάγετε PIN με 4 έως 8 αριθμούς"},{"$i":"emMmiErrorInvalidScCode","$v":"Μη έγκυρος κωδικός υπηρεσίας"},{"$i":"emMmiErrorMismatchPin","$v":"Οι κωδικοί PIN που πληκτρολογήσατε δεν συμφωνούν"},{"$i":"emMmiErrorMmiFdn","$v":"Η λειτ. περιορίζεται μόνο σε αριθμ. επιτρεπ. κλήσ."},{"$i":"emMmiErrorNeedPuk2","$v":"Εισαγ. το PUK2 για να ξεμπλοκ. την κάρτα SIM"},{"$i":"emMmiErrorNeedsPuk","$v":"Η κάρτα SIM έχει κλείδωμα PUK"},{"$i":"emMmiErrorNotSupported","$v":"Μη έγκυρος ή μη υποστηριζόμενος κωδικός MMI"},{"$i":"emMmiErrorPasswordIncorrect","$v":"Εσφαλμένος κωδικός πρόσβασης"},{"$i":"emMmiErrorPinPukAttempts","$v":{"few":["Απομένουν ",{"t":"idOrVar","v":"n"}," προσπάθειες"],"many":["Απομένουν ",{"t":"idOrVar","v":"n"}," προσπάθειες"],"one":["Μένει μόνο ",{"t":"idOrVar","v":"n"}," προσπάθεια"],"other":["Απομένουν ",{"t":"idOrVar","v":"n"}," προσπάθειες"],"two":["Απομένουν ",{"t":"idOrVar","v":"n"}," προσπάθειες"]},"$x":[{"t":"idOrVar","v":"plural"},"n"]},{"$i":"emMmiErrorSimBlocked","$v":"Έχετε υπερβεί τον μέγιστο αριθμό επαναλήψεων. Η SIM μπλοκαρίστηκε"},{"$i":"emMmiErrorStkCcSsDial","$v":"Το αίτημα SS άλλαξε σε αίτημα DIAL"},{"$i":"emMmiErrorStkCcSsSs","$v":"Το αίτημα SS άλλαξε σε αίτημα νέου SS"},{"$i":"emMmiErrorStkCcSsUssd","$v":"Το αίτημα SS άλλαξε σε αίτημα USSD"},{"$i":"emMmiErrorStkCcUssdDial","$v":"Το αίτημα USSD άλλαξε σε αίτημα DIAL"},{"$i":"emMmiErrorStkCcUssdSs","$v":"Το αίτημα USSD άλλαξε σε αίτημα SS"},{"$i":"emMmiErrorStkCcUssdUssd","$v":"Το αίτημα USSD άλλαξε σε αίτημα νέου USSD"},{"$i":"fihVersion","$v":"Έκδοση FIH"},{"$i":"imeiAndSvn","$v":"IMEI και SVN"},{"$i":"internalVersion","$v":"Εσωτερική έκδοση"},{"$i":"serviceClassData","$v":"Δεδομένα"},{"$i":"serviceClassDataAsync","$v":"Ασύγχρονο"},{"$i":"serviceClassDataSync","$v":"Συγχρονισμός"},{"$i":"serviceClassPacket","$v":"Πακέτο"},{"$i":"serviceClassVoice","$v":"Ομιλία"},{"$i":"smClirDefaultOffNextCallOff","$v":"Το προεπιλ. αναγνωριστικό καλούντα είναι \"μη περιορισμένος\". Επόμενη κλήση: Μη περιορισμένος"},{"$i":"smClirDefaultOffNextCallOn","$v":"Το προεπιλ. αναγνωρ. καλούντα είναι \"μη περιορισμένος\". Επόμενη κλήση: Περιορισμένος"},{"$i":"smClirDefaultOnNextCallOff","$v":"Το προεπιλ. αναγνωρ. καλούντα είναι \"περιορισμένος\". Επόμενη κλήση: Μη περιορισμένος"},{"$i":"smClirDefaultOnNextCallOn","$v":"Το προεπιλ. αναγνωρ. καλούντα είναι \"περιορισμένος\". Επόμενη κλήση: Περιορισμένος"},{"$i":"smClirPermanent","$v":"Μπορείτε να αλλάξετε τη ρύθμιση αναγνώρισης καλούντα"},{"$i":"smPin2Changed","$v":"Επιτυχής αλλαγή PIN2"},{"$i":"smPin2Unblocked","$v":"Το PIN2 ξεμπλοκαρίστηκε"},{"$i":"smPinChanged","$v":"Επιτυχής αλλαγή PIN"},{"$i":"smPinUnblocked","$v":"Το PIN ξεμπλοκαρίστηκε"},{"$i":"smServiceDisabled","$v":"Η υπηρεσία έχει απενεργοποιηθεί"},{"$i":"smServiceEnabled","$v":"Η υπηρ. ενεργοπ."},{"$i":"smServiceEnabledFor","$v":"Η υπηρ. ενεργοπ. για:"},{"$i":"smServiceErased","$v":"Η διαγραφή ήταν επιτυχής"},{"$i":"smServiceInterrogated","$v":"Το αίτημα υποβλήθηκε επιτυχώς"},{"$i":"smServiceNotProvisioned","$v":"Η υπηρ. δεν έχει προετοιμ."},{"$i":"smServiceRegistered","$v":"Η εγγραφή ήταν επιτυχής"},{"$i":"another","$v":"Άλλο"},{"$i":"current","$v":"Τρέχον"},{"$i":"customTag","$v":"Προσαρμοσμένη ετικέτα","placeholder":"Προσαρμοσμένη ετικέτα"},{"$i":"faxHome","$v":"Φαξ οικίας"},{"$i":"faxOffice","$v":"Φαξ γραφείου"},{"$i":"faxOther","$v":"Άλλο φαξ"},{"$i":"itemWithLabel","$v":[{"t":"idOrVar","v":"label"},", ",{"t":"idOrVar","v":"item"}]},{"$i":"label","$v":"Ετικέτα"},{"$i":"other","$v":"Άλλο"},{"$i":"tcl-customTag","$v":"Προσαρμοσμένη ετικέτα"},{"$i":"dateTimeFormat_%c","$v":"%a %b %e %Y %I:%M:%S %p"},{"$i":"dateTimeFormat_%x","$v":"%m/%d/%Y"},{"$i":"days-ago-long","$v":{"few":[{"t":"idOrVar","v":"value"}," ημέρες πριν"],"many":[{"t":"idOrVar","v":"value"}," ημέρες πριν"],"one":"χθες","other":[{"t":"idOrVar","v":"value"}," ημέρες πριν"],"two":[{"t":"idOrVar","v":"value"}," ημέρες πριν"],"zero":"σήμερα"},"$x":[{"t":"idOrVar","v":"plural"},"value"]},{"$i":"days-ago-short","$v":{"other":[{"t":"idOrVar","v":"value"}," ημ. πριν"],"zero":"σήμερα"},"$x":[{"t":"idOrVar","v":"plural"},"value"]},{"$i":"days-until-long","$v":{"few":["σε ",{"t":"idOrVar","v":"value"}," ημέρες"],"many":["σε ",{"t":"idOrVar","v":"value"}," ημέρες"],"one":"αύριο","other":["σε ",{"t":"idOrVar","v":"value"}," ημέρες"],"two":["σε ",{"t":"idOrVar","v":"value"}," ημέρες"],"zero":"σήμερα"},"$x":[{"t":"idOrVar","v":"plural"},"value"]},{"$i":"days-until-short","$v":{"other":["σε ",{"t":"idOrVar","v":"value"}," ημ."],"zero":"σήμερα"},"$x":[{"t":"idOrVar","v":"plural"},"value"]},{"$i":"hours-ago-long","$v":{"few":[{"t":"idOrVar","v":"value"}," ώρες πριν"],"many":[{"t":"idOrVar","v":"value"}," ώρες πριν"],"one":"πριν από μία ώρα","other":[{"t":"idOrVar","v":"value"}," ώρες πριν"],"two":[{"t":"idOrVar","v":"value"}," ώρες πριν"],"zero":"μόλις τώρα"},"$x":[{"t":"idOrVar","v":"plural"},"value"]},{"$i":"hours-ago-short","$v":{"other":[{"t":"idOrVar","v":"value"}," ώρες πριν"],"zero":"μόλις τώρα"},"$x":[{"t":"idOrVar","v":"plural"},"value"]},{"$i":"hours-until-long","$v":{"few":["σε ",{"t":"idOrVar","v":"value"}," ώρες"],"many":["σε ",{"t":"idOrVar","v":"value"}," ώρες"],"one":"σε μια ώρα","other":["σε ",{"t":"idOrVar","v":"value"}," ώρες"],"two":["σε ",{"t":"idOrVar","v":"value"}," ώρες"],"zero":"τώρα"},"$x":[{"t":"idOrVar","v":"plural"},"value"]},{"$i":"hours-until-short","$v":{"other":["σε ",{"t":"idOrVar","v":"value"}," ώρ."],"zero":"τώρα"},"$x":[{"t":"idOrVar","v":"plural"},"value"]},{"$i":"incorrectDate","$v":"(εσφαλμένη ημερομηνία)"},{"$i":"minutes-ago-long","$v":{"few":[{"t":"idOrVar","v":"value"}," λεπτά πριν"],"many":[{"t":"idOrVar","v":"value"}," λεπτά πριν"],"one":"ένα λεπτό πριν","other":[{"t":"idOrVar","v":"value"}," λεπτά πριν"],"two":[{"t":"idOrVar","v":"value"}," λεπτά πριν"],"zero":"μόλις τώρα"},"$x":[{"t":"idOrVar","v":"plural"},"value"]},{"$i":"minutes-ago-short","$v":{"other":[{"t":"idOrVar","v":"value"}," μήνα πριν"],"zero":"μόλις τώρα"},"$x":[{"t":"idOrVar","v":"plural"},"value"]},{"$i":"minutes-until-long","$v":{"few":["σε ",{"t":"idOrVar","v":"value"}," λεπτά"],"many":["σε ",{"t":"idOrVar","v":"value"}," λεπτά"],"one":"σε ένα λεπτό","other":["σε ",{"t":"idOrVar","v":"value"}," λεπτά"],"two":["σε ",{"t":"idOrVar","v":"value"}," λεπτά"],"zero":"τώρα"},"$x":[{"t":"idOrVar","v":"plural"},"value"]},{"$i":"minutes-until-short","$v":{"other":["σε ",{"t":"idOrVar","v":"value"}," λεπτ."],"zero":"τώρα"},"$x":[{"t":"idOrVar","v":"plural"},"value"]},{"$i":"month-0-genitive","$v":"Ιανουάριος"},{"$i":"month-0-long","$v":"Ιανουάριος"},{"$i":"month-0-short","$v":"Ιαν"},{"$i":"month-1-genitive","$v":"Φεβρουάριος"},{"$i":"month-1-long","$v":"Φεβρουάριος"},{"$i":"month-1-short","$v":"Φεβ"},{"$i":"month-10-genitive","$v":"Νοέμβριος"},{"$i":"month-10-long","$v":"Νοέμβριος"},{"$i":"month-10-short","$v":"Νοέ"},{"$i":"month-11-genitive","$v":"Δεκέμβριος"},{"$i":"month-11-long","$v":"Δεκέμβριος"},{"$i":"month-11-short","$v":"Δεκ"},{"$i":"month-2-genitive","$v":"Μάρτιος"},{"$i":"month-2-long","$v":"Μάρτιος"},{"$i":"month-2-short","$v":"Μάρ"},{"$i":"month-3-genitive","$v":"Απρίλιος"},{"$i":"month-3-long","$v":"Απρίλιος"},{"$i":"month-3-short","$v":"Απρ"},{"$i":"month-4-genitive","$v":"Μάι"},{"$i":"month-4-long","$v":"Μάιος"},{"$i":"month-4-short","$v":"Μάι"},{"$i":"month-5-genitive","$v":"Ιούνιος"},{"$i":"month-5-long","$v":"Ιούνιος"},{"$i":"month-5-short","$v":"Ιούν"},{"$i":"month-6-genitive","$v":"Ιούλιος"},{"$i":"month-6-long","$v":"Ιούλιος"},{"$i":"month-6-short","$v":"Ιούλ"},{"$i":"month-7-genitive","$v":"Αύγουστος"},{"$i":"month-7-long","$v":"Αύγουστος"},{"$i":"month-7-short","$v":"Αύγ"},{"$i":"month-8-genitive","$v":"Σεπτέμβριος"},{"$i":"month-8-long","$v":"Σεπτέμβριος"},{"$i":"month-8-short","$v":"Σεπ"},{"$i":"month-9-genitive","$v":"Οκτώβριος"},{"$i":"month-9-long","$v":"Οκτώβριος"},{"$i":"month-9-short","$v":"Οκτ"},{"$i":"months-ago-long","$v":{"few":[{"t":"idOrVar","v":"value"}," μήνες πριν"],"many":[{"t":"idOrVar","v":"value"}," μήνες πριν"],"one":"τελευταίος μήνας","other":[{"t":"idOrVar","v":"value"}," μήνες πριν"],"two":[{"t":"idOrVar","v":"value"}," μήνες πριν"],"zero":"αυτόν τον μήνα"},"$x":[{"t":"idOrVar","v":"plural"},"value"]},{"$i":"months-until-long","$v":{"few":["σε ",{"t":"idOrVar","v":"value"}," μήνες"],"many":["σε ",{"t":"idOrVar","v":"value"}," μήνες"],"one":"επόμενος μήνας","other":["σε ",{"t":"idOrVar","v":"value"}," μήνες"],"two":["σε ",{"t":"idOrVar","v":"value"}," μήνες"],"zero":"αυτόν τον μήνα"},"$x":[{"t":"idOrVar","v":"plural"},"value"]},{"$i":"shortDateTimeFormat","$v":"%x %I:%M %p"},{"$i":"shortTimeFormat","$v":"%I:%M %p"},{"$i":"shortTimeFormat12","$v":"%I:%M %p"},{"$i":"shortTimeFormat24","$v":"%H:%M"},{"$i":"time_am","$v":"ΠΜ"},{"$i":"time_pm","$v":"ΜΜ"},{"$i":"weekday-0-long","$v":"Κυριακή"},{"$i":"weekday-0-short","$v":"Κυρ"},{"$i":"weekday-1-long","$v":"Δευτέρα"},{"$i":"weekday-1-short","$v":"Δευ"},{"$i":"weekday-2-long","$v":"Τρίτη"},{"$i":"weekday-2-short","$v":"Τρ"},{"$i":"weekday-3-long","$v":"Τετάρτη"},{"$i":"weekday-3-short","$v":"Τετ"},{"$i":"weekday-4-long","$v":"Πέμπτη"},{"$i":"weekday-4-short","$v":"Πέμ"},{"$i":"weekday-5-long","$v":"Παρασκευή"},{"$i":"weekday-5-short","$v":"Παρ"},{"$i":"weekday-6-long","$v":"Σάββατο"},{"$i":"weekday-6-short","$v":"Σάβ"},{"$i":"weeks-ago-long","$v":{"few":[{"t":"idOrVar","v":"value"}," εβδομάδες πριν"],"many":[{"t":"idOrVar","v":"value"}," εβδομάδες πριν"],"one":"προηγούμενη εβδομάδα","other":[{"t":"idOrVar","v":"value"}," εβδομάδες πριν"],"two":[{"t":"idOrVar","v":"value"}," εβδομάδες πριν"],"zero":"αυτήν την εβδομάδα"},"$x":[{"t":"idOrVar","v":"plural"},"value"]},{"$i":"weeks-until-long","$v":{"few":["σε ",{"t":"idOrVar","v":"value"}," εβδομάδες"],"many":["σε ",{"t":"idOrVar","v":"value"}," εβδομάδες"],"one":"επόμενη εβδομάδα","other":["σε ",{"t":"idOrVar","v":"value"}," εβδομάδες"],"two":["σε ",{"t":"idOrVar","v":"value"}," εβδομάδες"],"zero":"αυτήν την εβδομάδα"},"$x":[{"t":"idOrVar","v":"plural"},"value"]},{"$i":"years-ago-long","$v":{"few":[{"t":"idOrVar","v":"value"}," έτη πριν"],"many":[{"t":"idOrVar","v":"value"}," έτη πριν"],"one":"προηγούμενο έτος","other":[{"t":"idOrVar","v":"value"}," έτη πριν"],"two":[{"t":"idOrVar","v":"value"}," έτη πριν"],"zero":"αυτό το έτος"},"$x":[{"t":"idOrVar","v":"plural"},"value"]},{"$i":"years-until-long","$v":{"few":["σε ",{"t":"idOrVar","v":"value"}," έτη"],"many":["σε ",{"t":"idOrVar","v":"value"}," έτη"],"one":"επόμενο έτος","other":["σε ",{"t":"idOrVar","v":"value"}," έτη"],"two":["σε ",{"t":"idOrVar","v":"value"}," έτη"],"zero":"αυτό το έτος"},"$x":[{"t":"idOrVar","v":"plural"},"value"]},{"$i":"dateTimeFormat_%X","$v":"%I:%M:%S %p"},{"$i":"weekStartsOnMonday","$v":"0"},{"$i":"firstDayOfTheWeek","$v":"1"}]