[{"$i":"clockDateFormat","$v":"%a, %e %b"},{"$i":"deviceIsUnlocked","$v":"Device is unlocked"},{"$i":"simUnlockCodeAccepted","$v":"SIM unlock code accepted"},{"$i":"simUnlockCodeFailed","$v":"SIM unlock unsuccessful"},{"$i":"eccOnly","$v":"Emergency calls only"},{"$i":"emergencyCallsOnly","$v":"Emergency calls only"},{"$i":"lockedSim","$v":"Locked SIM"},{"$i":"noService","$v":"No Service"},{"$i":"noSimCard","$v":"No SIM card"},{"$i":"searching","$v":"Searching…"},{"$i":"airplane-mode","$v":"Airplane Mode"},{"$i":"bluetooth","$v":"Bluetooth"},{"$i":"brightness","$v":"Brightness"},{"$i":"calculator","$v":"Calculator"},{"$i":"camera","$v":"Camera"},{"$i":"cellular-data","$v":"Cellular Data"},{"$i":"confirm-to-uninstall-app","$v":["Uninstall ",{"t":"idOrVar","v":"appName"}," app?"]},{"$i":"flashlight","$v":"Flashlight"},{"$i":"instant-settings","$v":"instant settings"},{"$i":"off","$v":"Off"},{"$i":"on","$v":"On"},{"$i":"shortcuts","$v":"Shortcuts"},{"$i":"uninstall","$v":"Uninstall"},{"$i":"volume","$v":"Volume"},{"$i":"wifi","$v":"Wi-Fi"},{"$i":"percentage-number","$v":[{"t":"idOrVar","v":"number"},"%"]},{"$i":"all-apps","$v":"All-apps"},{"$i":"scImei","$v":"IMEI"},{"$i":"scMeid","$v":"MEID"},{"$i":"scUssd","$v":"USSD"},{"$i":"CallFailed","$v":"Call failed"},{"$i":"GenericFailure","$v":"Generic failure"},{"$i":"add-smart-collections","$v":"Add Smart Collections"},{"$i":"add-to-existing-contact","$v":"Add to existing contact"},{"$i":"alert-for-contacts-without-number","$v":"There is no contacts with phone number available."},{"$i":"app-title","$v":"My Apps"},{"$i":"app-uninstall","$v":[{"t":"idOrVar","v":"name"}," was uninstalled"]},{"$i":"assign","$v":"Assign"},{"$i":"assign-speed-dial","$v":["Contact was not added as speed dial on button ",{"t":"idOrVar","v":"n"},". Assign now ?"]},{"$i":"assign-voicemail","$v":"Voice Mail number has not been set."},{"$i":"call","$v":"Call"},{"$i":"callAirplaneModeMessage","$v":"To make a call you need to disable airplane mode in settings."},{"$i":"callAirplaneModeTitle","$v":"Airplane mode activated"},{"$i":"cancel","$v":"Cancel"},{"$i":"change-wallpaper","$v":"Change Wallpaper"},{"$i":"clocks-updated","$v":"Clocks updated"},{"$i":"confirmation","$v":"Confirmation"},{"$i":"contacts","$v":"Contacts"},{"$i":"create-new-contact","$v":"Create new contact"},{"$i":"delete","$v":"Delete"},{"$i":"delete-body","$v":[{"t":"idOrVar","v":"name"}," and all of its data will be deleted."]},{"$i":"delete-title","$v":["Delete ",{"t":"idOrVar","v":"name"}]},{"$i":"edit","$v":"Edit"},{"$i":"edit-done","$v":"Done"},{"$i":"edit-group-header","$v":"Edit group"},{"$i":"edit-mode","$v":"Edit"},{"$i":"emergency-call-error","$v":[{"t":"idOrVar","v":"number"}," is not an emergency number."]},{"$i":"emergency-call-only","$v":"Emergency Call Only"},{"$i":"emergencyDialogBodyBadNumber","$v":"To make a call, the phone must be connected to a network."},{"$i":"emergencyDialogBodyDeviceNotAccepted","$v":"Emergency calls are not allowed by the network."},{"$i":"emergencyDialogTitle","$v":"No network connection"},{"$i":"fax-home","$v":"Fax home"},{"$i":"fax-office","$v":"Fax office"},{"$i":"fax-other","$v":"Fax other"},{"$i":"fdnIsActiveMessage","$v":["FDN (Fixed Dialing Numbers) is activated and the following number is not in your FDN list: ",{"t":"idOrVar","v":"number"}]},{"$i":"fdnIsActiveTitle","$v":"FDN active"},{"$i":"gaia-shortcut-app-updated","$v":"App Updated"},{"$i":"grid-view","$v":"Grid View"},{"$i":"home","$v":"Home"},{"$i":"homescreen-settings","$v":"Homescreen Settings"},{"$i":"invalidNumberToDialMessage","$v":"The phone number you are calling is not valid."},{"$i":"invalidNumberToDialTitle","$v":"Invalid phone number"},{"$i":"list-view","$v":"List View"},{"$i":"longDateFormat","$v":"%A, %B %e"},{"$i":"menu","$v":"Menu"},{"$i":"message","$v":"Message"},{"$i":"mobile","$v":"Mobile"},{"$i":"more","$v":"More"},{"$i":"move","$v":"Move"},{"$i":"notifications","$v":"Notifications"},{"$i":"numberIsBusyMessage","$v":"The number is currently busy. Please try again later."},{"$i":"numberIsBusyTitle","$v":"Number is busy"},{"$i":"ok","$v":"OK"},{"$i":"option-remove","$v":"Remove from Speed Dial"},{"$i":"option-replace","$v":"Replace"},{"$i":"options","$v":"Options"},{"$i":"otherConnectionInUseMessage","$v":"You have an active call on another connection. You can only use one connection at a time."},{"$i":"otherConnectionInUseTitle","$v":"Other connection in use"},{"$i":"personal","$v":"Personal"},{"$i":"remove","$v":"Remove"},{"$i":"remove-speed-dial","$v":["Are you sure you want to remove ",{"t":"idOrVar","v":"name"}," from Speed Dial ?"]},{"$i":"replace","$v":"Replace"},{"$i":"replace-speed-dial","$v":["Are you sure you want to replace ",{"t":"idOrVar","v":"name"}," with ",{"t":"idOrVar","v":"subName"}," ?"]},{"$i":"resume-download-action","$v":"Download"},{"$i":"resume-download-body","$v":["Do you want to download ",{"t":"idOrVar","v":"name"},"?"]},{"$i":"resume-download-title","$v":"Restart Download"},{"$i":"scCallBarring","$v":"Call barring"},{"$i":"scCallForwarding","$v":"Call forwarding"},{"$i":"scCallWaiting","$v":"Call waiting"},{"$i":"scClip","$v":"Incoming Caller ID"},{"$i":"scClir","$v":"Outgoing Caller ID"},{"$i":"scPin","$v":"PIN change"},{"$i":"scPin2","$v":"PIN2 change"},{"$i":"scPuk","$v":"Unblock PIN"},{"$i":"scPuk2","$v":"Unblock PIN2"},{"$i":"scPwd","$v":"Password change"},{"$i":"search-or-enter-address","placeholder":"Search or enter address"},{"$i":"select","$v":"Select"},{"$i":"sending","$v":"Sending…"},{"$i":"set","$v":"Set"},{"$i":"settings","$v":"Settings"},{"$i":"single-view","$v":"Single View"},{"$i":"skip","$v":"Skip"},{"$i":"speed-dial","$v":"Speed Dial"},{"$i":"speed-dial-empty","ariaLabel":[{"t":"idOrVar","v":"order"},", empty"]},{"$i":"speed-dial-not-empty","ariaLabel":[{"t":"idOrVar","v":"order"},", ",{"t":"idOrVar","v":"name"}]},{"$i":"stop-download-action","$v":"Stop"},{"$i":"stop-download-body","$v":"Do you want to stop the download in progress?"},{"$i":"stop-download-title","$v":["Stop ",{"t":"idOrVar","v":"name"}]},{"$i":"tcl-wallpaper-changed","$v":"Wallpaper changed"},{"$i":"video-call","$v":"Video call"},{"$i":"voicemail","$v":"Voicemail"},{"$i":"work","$v":"Work"},{"$i":"apps","$v":"Apps"},{"$i":"nocard-eccOnly","$v":"No SIM card-Emergency calls only"},{"$i":"unusablecard-eccOnly","$v":"Unusable SIM card-Emergency calls only"},{"$i":"apn-sim1","$v":"APN Settings - SIM1"},{"$i":"apn-sim2","$v":"APN Settings - SIM2"},{"$i":"apnConfigPrepay","$v":"PAYG WAP"},{"$i":"apnConfigPostpay","$v":"Contract WAP"},{"$i":"apn-defaultconfig-message","$v":"Set which type of APN to show"},{"$i":"apnDefaultConfig","$v":"APN Default Config"},{"$i":"without-sim-new","$v":[{"t":"idOrVar","v":"index"}]},{"$i":"with-sim-new","$v":[{"t":"idOrVar","v":"index"}," - ",{"t":"idOrVar","v":"carrier"}]},{"$i":"sim-with-index-and-carrier","$v":["SIM ",{"t":"idOrVar","v":"index"}," - ",{"t":"idOrVar","v":"carrier"}]},{"$i":"sim-without-carrier","$v":["SIM ",{"t":"idOrVar","v":"index"}]},{"$i":"call-forwarding-voice-after-seconds","$v":["Voice: ",{"t":"idOrVar","v":"voice"}," after ",{"t":"idOrVar","v":"timeSeconds"}," seconds"]},{"$i":"addNewNumber","$v":"Add new number"},{"$i":"addToExistingContact","$v":"Add to existing contact"},{"$i":"all","$v":"All","ariaLabel":"All"},{"$i":"bluetooth-handsfree-device","$v":"Bluetooth handsfree device"},{"$i":"bluetoothOption","ariaLabel":"Bluetooth"},{"$i":"callDurationHours","$v":[{"t":"idOrVar","v":"h"},":",{"t":"idOrVar","v":"m"},":",{"t":"idOrVar","v":"s"}]},{"$i":"callDurationMinutes","$v":[{"t":"idOrVar","v":"m"},":",{"t":"idOrVar","v":"s"}]},{"$i":"callDurationTextFormatHours","$v":[{"t":"idOrVar","v":"h"}," h ",{"t":"idOrVar","v":"m"}," m ",{"t":"idOrVar","v":"s"}," s"]},{"$i":"callDurationTextFormatMinutes","$v":[{"t":"idOrVar","v":"m"}," m ",{"t":"idOrVar","v":"s"}," s"]},{"$i":"callDurationTextFormatSeconds","$v":[{"t":"idOrVar","v":"s"}," s"]},{"$i":"callEnded","$v":"Call Ended"},{"$i":"callInformation","$v":"Call Information"},{"$i":"callLog","$v":"Call log"},{"$i":"callLogEdit","title":"Edit call log"},{"$i":"callLogEditDialog","ariaLabel":"Edit call log dialog"},{"$i":"caller-left-call","$v":[{"t":"idOrVar","v":"caller"}," has left the call."]},{"$i":"calllog-all","$v":"All"},{"$i":"calllog-deselectAll","$v":"Deselect All"},{"$i":"calllog-none","$v":"None"},{"$i":"calllog-selectAll","$v":"Select All"},{"$i":"canceled","$v":"Canceled"},{"$i":"clear-all-text","$v":"Clear all text"},{"$i":"close","$v":"Close"},{"$i":"composeEmail","ariaLabel":"Email"},{"$i":"conferenceAddError","$v":"Unable to merge calls"},{"$i":"conferenceCall","$v":["Conference (",{"t":"idOrVar","v":"n"},")"]},{"$i":"conferenceRemoveError","$v":"Unable to unmerge calls"},{"$i":"confirm-deletion","$v":"Clear selected calls?"},{"$i":"connecting","$v":"Connecting"},{"$i":"connectingEllipsis","$v":"Connecting…"},{"$i":"contactDetails","$v":"Contact details"},{"$i":"createNewContact","$v":"Create new contact"},{"$i":"delete-n-log?","$v":{"few":["Delete ",{"t":"idOrVar","v":"n"}," logs?"],"many":["Delete ",{"t":"idOrVar","v":"n"}," logs?"],"one":"Delete selected log?","other":["Delete ",{"t":"idOrVar","v":"n"}," logs?"],"two":["Delete ",{"t":"idOrVar","v":"n"}," logs?"],"zero":"Nothing selected"},"$x":[{"t":"idOrVar","v":"plural"},"n"]},{"$i":"deselect","$v":"Deselect"},{"$i":"dialed","$v":"Dialed"},{"$i":"dialer-prompt","$v":"Dial number or select contact to add to call"},{"$i":"dialerAddContact","ariaLabel":"Add contact"},{"$i":"dialerAddContactDialog","ariaLabel":"Add Contact Dialog"},{"$i":"edit-selected","$v":{"few":["selected(",{"t":"idOrVar","v":"n"},")"],"many":["selected(",{"t":"idOrVar","v":"n"},")"],"one":["selected(",{"t":"idOrVar","v":"n"},")"],"other":["selected(",{"t":"idOrVar","v":"n"},")"],"two":["selected(",{"t":"idOrVar","v":"n"},")"]},"$x":[{"t":"idOrVar","v":"plural"},"n"]},{"$i":"emailDetail","ariaLabel":"Email"},{"$i":"from-contact","$v":["From ",{"t":"idOrVar","v":"contact"}]},{"$i":"from-number","$v":["From ",{"t":"idOrVar","v":"number"}]},{"$i":"from-withheld-number","$v":"From unknown number"},{"$i":"hangup-a11y-button","ariaLabel":"Hang Up"},{"$i":"hide","$v":"Hide"},{"$i":"hideKeypad","ariaLabel":"Hide keypad"},{"$i":"hold","ariaLabel":"Hold"},{"$i":"hours","$v":"hours"},{"$i":"ignore","$v":"Ignore Call"},{"$i":"incoming","$v":"Incoming"},{"$i":"incoming-call","$v":"Incoming call"},{"$i":"info-missed","$v":"Missed"},{"$i":"keypad","ariaLabel":"Keypad"},{"$i":"log-item","$v":"Options"},{"$i":"makeCall","ariaLabel":"Make call"},{"$i":"merge","ariaLabel":"Merge"},{"$i":"minutes","$v":"minutes"},{"$i":"missed","$v":"Missed","ariaLabel":"Missed"},{"$i":"missedCall","$v":"Missed call"},{"$i":"missedCallMultiSims","$v":["(SIM ",{"t":"idOrVar","v":"n"},") Missed call"]},{"$i":"mmi-error","$v":"An error occurred while sending the message"},{"$i":"mmi-notification-title-with-sim","$v":["(",{"t":"idOrVar","v":"sim"},") ",{"t":"idOrVar","v":"title"}]},{"$i":"mmi-session-expired","$v":"Session expired"},{"$i":"mmi-successfully-sent","$v":"Message successfully sent"},{"$i":"mute","ariaLabel":"Mute"},{"$i":"newCall","ariaLabel":"New call"},{"$i":"no-logs-msg-1","$v":"No calls recorded"},{"$i":"no-logs-msg-2","$v":"Start communicating now"},{"$i":"no-logs-msg-3","$v":"No calls recorded"},{"$i":"no-logs-msg-4","$v":"Start communicating now"},{"$i":"no-recent-numbers","$v":"There is no recent numbers in the Call Logs to dial."},{"$i":"onHoldOption","ariaLabel":"On hold"},{"$i":"outgoing","$v":"Outgoing"},{"$i":"outgoing-call","$v":"Outgoing call"},{"$i":"phoneDetail","ariaLabel":"Phone"},{"$i":"pickup-a11y-button","ariaLabel":"Pick up"},{"$i":"received","$v":"Received"},{"$i":"receiver","$v":"Receiver"},{"$i":"recents","ariaLabel":"Recent calls"},{"$i":"reply","$v":"Reply"},{"$i":"resume","$v":"Resume","ariaLabel":"Resume"},{"$i":"search-results","$v":"Search Results"},{"$i":"seconds","$v":"seconds"},{"$i":"select-audio-sources","$v":"Select audio sources"},{"$i":"send","$v":"Send"},{"$i":"send-sms-button","ariaLabel":"SMS"},{"$i":"sendSms","$v":"Send Message"},{"$i":"separator","$v":","},{"$i":"sim-number","$v":["SIM",{"t":"idOrVar","v":"n"}]},{"$i":"speaker","$v":"Speaker"},{"$i":"speakerOption","ariaLabel":"Speaker"},{"$i":"suggestionMatches","$v":{"few":[{"t":"idOrVar","v":"n"}," matches for \"",{"t":"idOrVar","v":"matchNumber"}],"many":[{"t":"idOrVar","v":"n"}," matches for \"",{"t":"idOrVar","v":"matchNumber"}],"one":[{"t":"idOrVar","v":"n"}," match for \"",{"t":"idOrVar","v":"matchNumber"}],"other":[{"t":"idOrVar","v":"n"}," matches for \"",{"t":"idOrVar","v":"matchNumber"}],"two":[{"t":"idOrVar","v":"n"}," matches for \"",{"t":"idOrVar","v":"matchNumber"}]},"$x":[{"t":"idOrVar","v":"plural"},"n"]},{"$i":"switch-calls","$v":"Switch calls"},{"$i":"tcl-assign","$v":"Assign"},{"$i":"tcl-assign-speed-dial","$v":{"$o":["Contact was not added as a Speed Dial on button \"",{"t":"idOrVar","v":"speedDial"},"\"<br><br>Assign now?"]}},{"$i":"tcl-call-log-delete-group-notification","$v":[{"t":"idOrVar","v":"n"}," entries were deleted"]},{"$i":"tcl-calllog-entry-removed-err-notification","$v":"Can not remove Call Log entry"},{"$i":"tcl-calllog-entry-removed-succ-notification","$v":"Call Log entry removed"},{"$i":"tcl-cancel","$v":"Cancel"},{"$i":"tcl-confirmation","$v":"Confirmation"},{"$i":"tcl-delete-log","$v":"Are you sure you want to delete selected entries from the Call Log?"},{"$i":"tcl-dialer","$v":"Dialer"},{"$i":"tcl-edit-not-selected","$v":"selected(0)"},{"$i":"tcl-option-menu-call-log-edit","$v":"Edit Call log"},{"$i":"today","$v":"Today"},{"$i":"toggleKeypad","ariaLabel":"Toggle keypad"},{"$i":"type-your-response","placeholder":"Type your response…"},{"$i":"unknown","$v":"Unknown"},{"$i":"unlock-a11y-button","ariaLabel":"Slider"},{"$i":"ussd-services","$v":[{"t":"idOrVar","v":"operator"}," services"]},{"$i":"via-sim","$v":["via SIM",{"t":"idOrVar","v":"n"}]},{"$i":"view-all","$v":"View all"},{"$i":"wifi-calling","$v":"Wi-Fi calling"},{"$i":"withheld-number","$v":"Unknown"},{"$i":"yesterday","$v":"Yesterday"},{"$i":"SimPin2","$v":"SIM PIN2"},{"$i":"SimPuk2","$v":"SIM PUK2"},{"$i":"serviceClassFax","$v":"FAX"},{"$i":"serviceClassPad","$v":"PAD"},{"$i":"serviceClassSms","$v":"SMS"},{"$i":"DialModifiedToDial","$v":"Dial modified to dial"},{"$i":"DialModifiedToSs","$v":"Dial modified to SS"},{"$i":"DialModifiedToUssd","$v":"Dial modified to USSD"},{"$i":"FdnCheckFailure","$v":"Fdn check failure"},{"$i":"IllegalSimOrMe","$v":"Illegal SIM or ME"},{"$i":"InvalidParameter","$v":"Invalid parameter"},{"$i":"ModeNotSupported","$v":"Mode not supported"},{"$i":"OpNotAllowedDuringVoiceCall","$v":"Operation not allowed during voice call"},{"$i":"PasswordIncorrect","$v":"Password incorrect"},{"$i":"RadioNotAvailable","$v":"Radio not available"},{"$i":"RejectedByRemote","$v":"Rejected by remote"},{"$i":"RequestNotSupported","$v":"Request not supported"},{"$i":"ServiceIsDisabled","$v":"Service is disabled"},{"$i":"ServiceIsEnabled","$v":"Service is enabled"},{"$i":"ServiceIsEnabledFor","$v":"Service is enabled for:"},{"$i":"SimAbsent","$v":"SIM absent"},{"$i":"SmsSendFailRetry","$v":"SMS send fail retry"},{"$i":"SsModifiedToDial","$v":"SS modified to dial"},{"$i":"SsModifiedToSs","$v":"SS modified to SS"},{"$i":"SsModifiedToUssd","$v":"SS modified to USSD"},{"$i":"SubscriptionNotAvailable","$v":"Subscription not available"},{"$i":"SubscriptionNotSupported","$v":"Subscription not supported"},{"$i":"UssdModifiedToDial","$v":"USSD modified to dial"},{"$i":"UssdModifiedToSs","$v":"USSD modified to SS"},{"$i":"UssdModifiedToUssd","$v":"USSD modified to USSD"},{"$i":"call-forwarding-async","$v":["Asynchronous: ",{"t":"idOrVar","v":"async"}]},{"$i":"call-forwarding-data","$v":["Data: ",{"t":"idOrVar","v":"data"}]},{"$i":"call-forwarding-error","$v":"An error occurred while retrieving call forwarding status"},{"$i":"call-forwarding-fax","$v":["FAX: ",{"t":"idOrVar","v":"fax"}]},{"$i":"call-forwarding-inactive","$v":"Inactive"},{"$i":"call-forwarding-packet","$v":["Packet: ",{"t":"idOrVar","v":"packet"}]},{"$i":"call-forwarding-pad","$v":["PAD: ",{"t":"idOrVar","v":"pad"}]},{"$i":"call-forwarding-sms","$v":["SMS: ",{"t":"idOrVar","v":"sms"}]},{"$i":"call-forwarding-status","$v":"Call forwarding status"},{"$i":"call-forwarding-sync","$v":["Synchronous: ",{"t":"idOrVar","v":"sync"}]},{"$i":"call-forwarding-voice","$v":["Voice: ",{"t":"idOrVar","v":"voice"}]},{"$i":"emMmiError","$v":"Connection problem or invalid MMI code"},{"$i":"emMmiErrorBadPin","$v":"The old PIN you typed is not correct."},{"$i":"emMmiErrorBadPuk","$v":"The PUK you typed is not correct"},{"$i":"emMmiErrorEnablePin","$v":"Unsuccessful. Enable SIM/RUIM LOCK"},{"$i":"emMmiErrorInvalidAction","$v":"Invalid action"},{"$i":"emMmiErrorInvalidPin","$v":"Type a PIN that is 4 to 8 numbers"},{"$i":"emMmiErrorInvalidScCode","$v":"Invalid service code"},{"$i":"emMmiErrorMismatchPin","$v":"The PINs you typed do not match"},{"$i":"emMmiErrorMmiFdn","$v":"Operation is restricted to fixed dialing numbers only"},{"$i":"emMmiErrorNeedPuk2","$v":"Type PUK2 to unblock SIM card"},{"$i":"emMmiErrorNeedsPuk","$v":"Your SIM card is PUK-locked"},{"$i":"emMmiErrorNotSupported","$v":"Invalid or Unsupported MMI Code"},{"$i":"emMmiErrorPasswordIncorrect","$v":"Incorrect Password"},{"$i":"emMmiErrorPinPukAttempts","$v":{"few":[{"t":"idOrVar","v":"n"}," retries left"],"many":[{"t":"idOrVar","v":"n"}," retries left"],"one":["Only ",{"t":"idOrVar","v":"n"}," retry left"],"other":[{"t":"idOrVar","v":"n"}," retries left"],"two":[{"t":"idOrVar","v":"n"}," retries left"]},"$x":[{"t":"idOrVar","v":"plural"},"n"]},{"$i":"emMmiErrorSimBlocked","$v":"Maximum number of retries exceeded. SIM blocked"},{"$i":"emMmiErrorStkCcSsDial","$v":"SS request is modified to DIAL request"},{"$i":"emMmiErrorStkCcSsSs","$v":"SS request is modified to new SS request"},{"$i":"emMmiErrorStkCcSsUssd","$v":"SS request is modified to USSD request"},{"$i":"emMmiErrorStkCcUssdDial","$v":"USSD request is modified to DIAL request"},{"$i":"emMmiErrorStkCcUssdSs","$v":"USSD request is modified to SS request"},{"$i":"emMmiErrorStkCcUssdUssd","$v":"USSD request is modified to new USSD request"},{"$i":"fihVersion","$v":"FIH Version"},{"$i":"imeiAndSvn","$v":"IMEI and SVN"},{"$i":"internalVersion","$v":"Internal Version"},{"$i":"serviceClassData","$v":"Data"},{"$i":"serviceClassDataAsync","$v":"Async"},{"$i":"serviceClassDataSync","$v":"Sync"},{"$i":"serviceClassPacket","$v":"Packet"},{"$i":"serviceClassVoice","$v":"Voice"},{"$i":"smClirDefaultOffNextCallOff","$v":"Caller ID defaults to not restricted. Next call: Not restricted"},{"$i":"smClirDefaultOffNextCallOn","$v":"Caller ID defaults to not restricted. Next call: Restricted"},{"$i":"smClirDefaultOnNextCallOff","$v":"Caller ID defaults to restricted. Next call: Not restricted"},{"$i":"smClirDefaultOnNextCallOn","$v":"Caller ID defaults to restricted. Next call: Restricted"},{"$i":"smClirPermanent","$v":"You can not change the caller ID setting"},{"$i":"smPin2Changed","$v":"PIN2 successfully changed"},{"$i":"smPin2Unblocked","$v":"PIN2 successfully unblocked"},{"$i":"smPinChanged","$v":"PIN successfully changed"},{"$i":"smPinUnblocked","$v":"PIN successfully unblocked"},{"$i":"smServiceDisabled","$v":"Service has been disabled"},{"$i":"smServiceEnabled","$v":"Service was enabled"},{"$i":"smServiceEnabledFor","$v":"Service was enabled for:"},{"$i":"smServiceErased","$v":"Erasure was successful"},{"$i":"smServiceInterrogated","$v":"Request was successful"},{"$i":"smServiceNotProvisioned","$v":"Service not provisioned"},{"$i":"smServiceRegistered","$v":"Registration was successful"},{"$i":"another","$v":"Another"},{"$i":"current","$v":"Current"},{"$i":"customTag","$v":"Custom tag","placeholder":"Custom tag"},{"$i":"faxHome","$v":"Fax home"},{"$i":"faxOffice","$v":"Fax office"},{"$i":"faxOther","$v":"Fax other"},{"$i":"itemWithLabel","$v":[{"t":"idOrVar","v":"label"},", ",{"t":"idOrVar","v":"item"}]},{"$i":"label","$v":"Label"},{"$i":"other","$v":"Other"},{"$i":"tcl-customTag","$v":"Custom tag"},{"$i":"dateTimeFormat_%c","$v":"%a %b %e %Y %I:%M:%S %p"},{"$i":"dateTimeFormat_%x","$v":"%m/%d/%Y"},{"$i":"days-ago-long","$v":{"few":[{"t":"idOrVar","v":"value"}," days ago"],"many":[{"t":"idOrVar","v":"value"}," days ago"],"one":"yesterday","other":[{"t":"idOrVar","v":"value"}," days ago"],"two":[{"t":"idOrVar","v":"value"}," days ago"],"zero":"today"},"$x":[{"t":"idOrVar","v":"plural"},"value"]},{"$i":"days-ago-short","$v":{"other":[{"t":"idOrVar","v":"value"},"d ago"],"zero":"today"},"$x":[{"t":"idOrVar","v":"plural"},"value"]},{"$i":"days-until-long","$v":{"few":["in ",{"t":"idOrVar","v":"value"}," days"],"many":["in ",{"t":"idOrVar","v":"value"}," days"],"one":"tomorrow","other":["in ",{"t":"idOrVar","v":"value"}," days"],"two":["in ",{"t":"idOrVar","v":"value"}," days"],"zero":"today"},"$x":[{"t":"idOrVar","v":"plural"},"value"]},{"$i":"days-until-short","$v":{"other":["in ",{"t":"idOrVar","v":"value"},"d"],"zero":"today"},"$x":[{"t":"idOrVar","v":"plural"},"value"]},{"$i":"hours-ago-long","$v":{"few":[{"t":"idOrVar","v":"value"}," hours ago"],"many":[{"t":"idOrVar","v":"value"}," hours ago"],"one":"an hour ago","other":[{"t":"idOrVar","v":"value"}," hours ago"],"two":[{"t":"idOrVar","v":"value"}," hours ago"],"zero":"just now"},"$x":[{"t":"idOrVar","v":"plural"},"value"]},{"$i":"hours-ago-short","$v":{"other":[{"t":"idOrVar","v":"value"},"h ago"],"zero":"just now"},"$x":[{"t":"idOrVar","v":"plural"},"value"]},{"$i":"hours-until-long","$v":{"few":["in ",{"t":"idOrVar","v":"value"}," hours"],"many":["in ",{"t":"idOrVar","v":"value"}," hours"],"one":"in an hour","other":["in ",{"t":"idOrVar","v":"value"}," hours"],"two":["in ",{"t":"idOrVar","v":"value"}," hours"],"zero":"now"},"$x":[{"t":"idOrVar","v":"plural"},"value"]},{"$i":"hours-until-short","$v":{"other":["in ",{"t":"idOrVar","v":"value"},"h"],"zero":"now"},"$x":[{"t":"idOrVar","v":"plural"},"value"]},{"$i":"incorrectDate","$v":"(incorrect date)"},{"$i":"minutes-ago-long","$v":{"few":[{"t":"idOrVar","v":"value"}," minutes ago"],"many":[{"t":"idOrVar","v":"value"}," minutes ago"],"one":"a minute ago","other":[{"t":"idOrVar","v":"value"}," minutes ago"],"two":[{"t":"idOrVar","v":"value"}," minutes ago"],"zero":"just now"},"$x":[{"t":"idOrVar","v":"plural"},"value"]},{"$i":"minutes-ago-short","$v":{"other":[{"t":"idOrVar","v":"value"},"m ago"],"zero":"just now"},"$x":[{"t":"idOrVar","v":"plural"},"value"]},{"$i":"minutes-until-long","$v":{"few":["in ",{"t":"idOrVar","v":"value"}," minutes"],"many":["in ",{"t":"idOrVar","v":"value"}," minutes"],"one":"in a minute","other":["in ",{"t":"idOrVar","v":"value"}," minutes"],"two":["in ",{"t":"idOrVar","v":"value"}," minutes"],"zero":"now"},"$x":[{"t":"idOrVar","v":"plural"},"value"]},{"$i":"minutes-until-short","$v":{"other":["in ",{"t":"idOrVar","v":"value"},"m"],"zero":"now"},"$x":[{"t":"idOrVar","v":"plural"},"value"]},{"$i":"month-0-genitive","$v":"January"},{"$i":"month-0-long","$v":"January"},{"$i":"month-0-short","$v":"Jan"},{"$i":"month-1-genitive","$v":"February"},{"$i":"month-1-long","$v":"February"},{"$i":"month-1-short","$v":"Feb"},{"$i":"month-10-genitive","$v":"November"},{"$i":"month-10-long","$v":"November"},{"$i":"month-10-short","$v":"Nov"},{"$i":"month-11-genitive","$v":"December"},{"$i":"month-11-long","$v":"December"},{"$i":"month-11-short","$v":"Dec"},{"$i":"month-2-genitive","$v":"March"},{"$i":"month-2-long","$v":"March"},{"$i":"month-2-short","$v":"Mar"},{"$i":"month-3-genitive","$v":"April"},{"$i":"month-3-long","$v":"April"},{"$i":"month-3-short","$v":"Apr"},{"$i":"month-4-genitive","$v":"May"},{"$i":"month-4-long","$v":"May"},{"$i":"month-4-short","$v":"May"},{"$i":"month-5-genitive","$v":"June"},{"$i":"month-5-long","$v":"June"},{"$i":"month-5-short","$v":"Jun"},{"$i":"month-6-genitive","$v":"July"},{"$i":"month-6-long","$v":"July"},{"$i":"month-6-short","$v":"Jul"},{"$i":"month-7-genitive","$v":"August"},{"$i":"month-7-long","$v":"August"},{"$i":"month-7-short","$v":"Aug"},{"$i":"month-8-genitive","$v":"September"},{"$i":"month-8-long","$v":"September"},{"$i":"month-8-short","$v":"Sep"},{"$i":"month-9-genitive","$v":"October"},{"$i":"month-9-long","$v":"October"},{"$i":"month-9-short","$v":"Oct"},{"$i":"months-ago-long","$v":{"few":[{"t":"idOrVar","v":"value"}," months ago"],"many":[{"t":"idOrVar","v":"value"}," months ago"],"one":"last month","other":[{"t":"idOrVar","v":"value"}," months ago"],"two":[{"t":"idOrVar","v":"value"}," months ago"],"zero":"this month"},"$x":[{"t":"idOrVar","v":"plural"},"value"]},{"$i":"months-until-long","$v":{"few":["in ",{"t":"idOrVar","v":"value"}," months"],"many":["in ",{"t":"idOrVar","v":"value"}," months"],"one":"next month","other":["in ",{"t":"idOrVar","v":"value"}," months"],"two":["in ",{"t":"idOrVar","v":"value"}," months"],"zero":"this month"},"$x":[{"t":"idOrVar","v":"plural"},"value"]},{"$i":"shortDateTimeFormat","$v":"%x %I:%M %p"},{"$i":"shortTimeFormat","$v":"%I:%M %p"},{"$i":"shortTimeFormat12","$v":"%I:%M %p"},{"$i":"shortTimeFormat24","$v":"%H:%M"},{"$i":"time_am","$v":"AM"},{"$i":"time_pm","$v":"PM"},{"$i":"weekday-0-long","$v":"Sunday"},{"$i":"weekday-0-short","$v":"Sun"},{"$i":"weekday-1-long","$v":"Monday"},{"$i":"weekday-1-short","$v":"Mon"},{"$i":"weekday-2-long","$v":"Tuesday"},{"$i":"weekday-2-short","$v":"Tue"},{"$i":"weekday-3-long","$v":"Wednesday"},{"$i":"weekday-3-short","$v":"Wed"},{"$i":"weekday-4-long","$v":"Thursday"},{"$i":"weekday-4-short","$v":"Thu"},{"$i":"weekday-5-long","$v":"Friday"},{"$i":"weekday-5-short","$v":"Fri"},{"$i":"weekday-6-long","$v":"Saturday"},{"$i":"weekday-6-short","$v":"Sat"},{"$i":"weeks-ago-long","$v":{"few":[{"t":"idOrVar","v":"value"}," weeks ago"],"many":[{"t":"idOrVar","v":"value"}," weeks ago"],"one":"last week","other":[{"t":"idOrVar","v":"value"}," weeks ago"],"two":[{"t":"idOrVar","v":"value"}," weeks ago"],"zero":"this week"},"$x":[{"t":"idOrVar","v":"plural"},"value"]},{"$i":"weeks-until-long","$v":{"few":["in ",{"t":"idOrVar","v":"value"}," weeks"],"many":["in ",{"t":"idOrVar","v":"value"}," weeks"],"one":"next week","other":["in ",{"t":"idOrVar","v":"value"}," weeks"],"two":["in ",{"t":"idOrVar","v":"value"}," weeks"],"zero":"this week"},"$x":[{"t":"idOrVar","v":"plural"},"value"]},{"$i":"years-ago-long","$v":{"few":[{"t":"idOrVar","v":"value"}," years ago"],"many":[{"t":"idOrVar","v":"value"}," years ago"],"one":"last year","other":[{"t":"idOrVar","v":"value"}," years ago"],"two":[{"t":"idOrVar","v":"value"}," years ago"],"zero":"this year"},"$x":[{"t":"idOrVar","v":"plural"},"value"]},{"$i":"years-until-long","$v":{"few":["in ",{"t":"idOrVar","v":"value"}," years"],"many":["in ",{"t":"idOrVar","v":"value"}," years"],"one":"next year","other":["in ",{"t":"idOrVar","v":"value"}," years"],"two":["in ",{"t":"idOrVar","v":"value"}," years"],"zero":"this year"},"$x":[{"t":"idOrVar","v":"plural"},"value"]},{"$i":"dateTimeFormat_%X","$v":"%I:%M:%S %p"},{"$i":"weekStartsOnMonday","$v":"0"},{"$i":"firstDayOfTheWeek","$v":"0"}]
