[{"$i":"clockDateFormat","$v":"%a, %e %b"},{"$i":"deviceIsUnlocked","$v":"El dispositivo está desbloqueado."},{"$i":"simUnlockCodeAccepted","$v":"Se ha aceptado el código de desbloqueo de la SIM."},{"$i":"simUnlockCodeFailed","$v":"No se ha podido desbloquear la SIM."},{"$i":"eccOnly","$v":"Solo llamadas de emergencia"},{"$i":"emergencyCallsOnly","$v":"Solamente llamadas de emergencia"},{"$i":"lockedSim","$v":"SIM bloqueada"},{"$i":"noService","$v":"Sin servicio"},{"$i":"noSimCard","$v":"Sin tarjeta SIM"},{"$i":"searching","$v":"Buscandoâ€¦"},{"$i":"airplane-mode","$v":"Modo avión"},{"$i":"bluetooth","$v":"Bluetooth"},{"$i":"brightness","$v":"Brillo"},{"$i":"calculator","$v":"Calculadora"},{"$i":"camera","$v":"Cámara"},{"$i":"cellular-data","$v":"Datos móviles"},{"$i":"confirm-to-uninstall-app","$v":["¿Desea desinstalar la aplicación ",{"t":"idOrVar","v":"appName"},"?"]},{"$i":"flashlight","$v":"Linterna"},{"$i":"instant-settings","$v":"ajustes instantáneos"},{"$i":"off","$v":"Apagado"},{"$i":"on","$v":"Encendido"},{"$i":"shortcuts","$v":"Atajos"},{"$i":"uninstall","$v":"Desinstalar"},{"$i":"volume","$v":"Volumen"},{"$i":"wifi","$v":"Wi-Fi"},{"$i":"percentage-number","$v":[{"t":"idOrVar","v":"number"},"%"]},{"$i":"all-apps","$v":"Todas las aplicaciones"},{"$i":"scImei","$v":"IMEI"},{"$i":"scMeid","$v":"MEID"},{"$i":"scUssd","$v":"USSD"},{"$i":"CallFailed","$v":"Error de llamada"},{"$i":"GenericFailure","$v":"Falla genérica"},{"$i":"add-smart-collections","$v":"Añadir Colecciones inteligentes"},{"$i":"add-to-existing-contact","$v":"Añadir a contacto existente"},{"$i":"alert-for-contacts-without-number","$v":"Ningún contacto tiene el número de teléfono disponible."},{"$i":"app-title","$v":"Mis aplicaciones"},{"$i":"app-uninstall","$v":[{"t":"idOrVar","v":"name"}," fue desinstalado"]},{"$i":"assign","$v":"Asignar"},{"$i":"assign-speed-dial","$v":["El contacto no se añadió como marcación rápida en el botón ",{"t":"idOrVar","v":"n"},". ¿Desea asignarlo ahora?"]},{"$i":"assign-voicemail","$v":"El número del buzón de voz no se ha configurado."},{"$i":"call","$v":"llamada"},{"$i":"callAirplaneModeMessage","$v":"Para realizar una llamada precisa deshabilitar el modo de avión en ajustes."},{"$i":"callAirplaneModeTitle","$v":"Modo de avión activado"},{"$i":"cancel","$v":"Cancelar"},{"$i":"change-wallpaper","$v":"Cambiar fondo"},{"$i":"clocks-updated","$v":"Relojes actualizados"},{"$i":"confirmation","$v":"Confirmación"},{"$i":"contacts","$v":"Contactos"},{"$i":"create-new-contact","$v":"Crear contacto nuevo"},{"$i":"delete","$v":"Eliminar"},{"$i":"delete-body","$v":[{"t":"idOrVar","v":"name"}," y todos los datos serán eliminados."]},{"$i":"delete-title","$v":["Eliminar ",{"t":"idOrVar","v":"name"}]},{"$i":"edit","$v":"Editar"},{"$i":"edit-done","$v":"Listo"},{"$i":"edit-group-header","$v":"Editar grupo"},{"$i":"edit-mode","$v":"Editar"},{"$i":"emergency-call-error","$v":[{"t":"idOrVar","v":"number"}," no es un número de emergencia."]},{"$i":"emergency-call-only","$v":"Solamente Llamada de Emergencia"},{"$i":"emergencyDialogBodyBadNumber","$v":"Para realizar una llamada, el teléfono debe estar conectado a la red."},{"$i":"emergencyDialogBodyDeviceNotAccepted","$v":"Las llamadas de emergencia no son permitidas por la red."},{"$i":"emergencyDialogTitle","$v":"Sin conexión de red"},{"$i":"fax-home","$v":"Fax de casa"},{"$i":"fax-office","$v":"Fax de la oficina"},{"$i":"fax-other","$v":"Otro fax"},{"$i":"fdnIsActiveMessage","$v":["Se activa FDN (Números de discado fijos) y el número siguiente aparece en su lista FDN: ",{"t":"idOrVar","v":"number"}]},{"$i":"fdnIsActiveTitle","$v":"FDN activo"},{"$i":"gaia-shortcut-app-updated","$v":"Aplicación actualizada"},{"$i":"grid-view","$v":"Vista cuadrícula"},{"$i":"home","$v":"Hogar"},{"$i":"homescreen-settings","$v":"Ajustes de pantalla de inicio"},{"$i":"invalidNumberToDialMessage","$v":"El número de teléfono al que está llamando no es válido."},{"$i":"invalidNumberToDialTitle","$v":"Número de teléfono inválido"},{"$i":"list-view","$v":"Vista de lista"},{"$i":"longDateFormat","$v":"%A, %B %e"},{"$i":"menu","$v":"Menú"},{"$i":"message","$v":"Mensaje"},{"$i":"mobile","$v":"Móvil"},{"$i":"more","$v":"Más"},{"$i":"move","$v":"Mover"},{"$i":"notifications","$v":"Avisos"},{"$i":"numberIsBusyMessage","$v":"El número está ahora ocupado. Inténtelo de nuevo más tarde."},{"$i":"numberIsBusyTitle","$v":"Número ocupado"},{"$i":"ok","$v":"Aceptar"},{"$i":"option-remove","$v":"Quitar de la marcación rápida"},{"$i":"option-replace","$v":"Reemplazar"},{"$i":"options","$v":"Opciones"},{"$i":"otherConnectionInUseMessage","$v":"Tiene una llamada activa en otra conexión. Solo puede usar una conexión a la vez."},{"$i":"otherConnectionInUseTitle","$v":"Otra conexión en uso"},{"$i":"personal","$v":"Personal"},{"$i":"remove","$v":"Quitar"},{"$i":"remove-speed-dial","$v":["¿Seguro que desea quitar ",{"t":"idOrVar","v":"name"}," de la marcación rápida?"]},{"$i":"replace","$v":"Reemplazar"},{"$i":"replace-speed-dial","$v":["¿Seguro que desea reemplazar ",{"t":"idOrVar","v":"name"}," por ",{"t":"idOrVar","v":"subName"},"?"]},{"$i":"resume-download-action","$v":"Descargar"},{"$i":"resume-download-body","$v":["¿Desea descargar ",{"t":"idOrVar","v":"name"},"?"]},{"$i":"resume-download-title","$v":"Reiniciar Descarga"},{"$i":"scCallBarring","$v":"Restricción de llamadas"},{"$i":"scCallForwarding","$v":"Reenvío de llamada"},{"$i":"scCallWaiting","$v":"Llamada en espera"},{"$i":"scClip","$v":"Identificador de llamada entrante"},{"$i":"scClir","$v":"Identificador de llamada saliente"},{"$i":"scPin","$v":"Cambio de PIN"},{"$i":"scPin2","$v":"Cambio de PIN2"},{"$i":"scPuk","$v":"Desbloquear PIN"},{"$i":"scPuk2","$v":"Desbloquear PIN2"},{"$i":"scPwd","$v":"Cambio de contraseña"},{"$i":"search-or-enter-address","placeholder":"Buscar o ingresar dirección"},{"$i":"select","$v":"Seleccionar"},{"$i":"sending","$v":"Enviandoâ€¦"},{"$i":"set","$v":"Establecer"},{"$i":"settings","$v":"Ajustes"},{"$i":"single-view","$v":"Vista única"},{"$i":"skip","$v":"Omitir"},{"$i":"speed-dial","$v":"Discado rápido"},{"$i":"speed-dial-empty","ariaLabel":[{"t":"idOrVar","v":"order"},", vacío"]},{"$i":"speed-dial-not-empty","ariaLabel":[{"t":"idOrVar","v":"order"},", ",{"t":"idOrVar","v":"name"}]},{"$i":"stop-download-action","$v":"Detener"},{"$i":"stop-download-body","$v":"¿Desea detener la descarga en curso?"},{"$i":"stop-download-title","$v":["Detener ",{"t":"idOrVar","v":"name"}]},{"$i":"tcl-wallpaper-changed","$v":"Fondo cambiado"},{"$i":"video-call","$v":"Videollamada"},{"$i":"voicemail","$v":"Correo de voz"},{"$i":"work","$v":"Trabajo"},{"$i":"apps","$v":"Aplicaciones"},{"$i":"nocard-eccOnly","$v":"No SIM card-Emergency calls only"},{"$i":"unusablecard-eccOnly","$v":"Unusable SIM card-Emergency calls only"},{"$i":"apn-sim1","$v":"Ajustes de APN - SIM1"},{"$i":"apn-sim2","$v":"Ajustes de APN - SIM2"},{"$i":"apnConfigPrepay","$v":"Prepago"},{"$i":"apnConfigPostpay","$v":"Pospago"},{"$i":"apn-defaultconfig-message","$v":"Establecer el tipo de APN a mostrar"},{"$i":"apnDefaultConfig","$v":"Config. predeterminada de APN"},{"$i":"without-sim-new","$v":[{"t":"idOrVar","v":"index"}]},{"$i":"with-sim-new","$v":[{"t":"idOrVar","v":"index"}," - ",{"t":"idOrVar","v":"carrier"}]},{"$i":"sim-with-index-and-carrier","$v":["SIM ",{"t":"idOrVar","v":"index"}," - ",{"t":"idOrVar","v":"carrier"}]},{"$i":"sim-without-carrier","$v":["SIM ",{"t":"idOrVar","v":"index"}]},{"$i":"call-forwarding-voice-after-seconds","$v":["Voz: ",{"t":"idOrVar","v":"voice"}," tras ",{"t":"idOrVar","v":"timeSeconds"}," segundos"]},{"$i":"addNewNumber","$v":"Añadir número nuevo"},{"$i":"addToExistingContact","$v":"Añadir a contacto existente"},{"$i":"all","$v":"Todos","ariaLabel":"Todos"},{"$i":"bluetooth-handsfree-device","$v":"Dispositivo Bluetooth manos libres"},{"$i":"bluetoothOption","ariaLabel":"Bluetooth"},{"$i":"callDurationHours","$v":[{"t":"idOrVar","v":"h"},":",{"t":"idOrVar","v":"m"},":",{"t":"idOrVar","v":"s"}]},{"$i":"callDurationMinutes","$v":[{"t":"idOrVar","v":"m"},":",{"t":"idOrVar","v":"s"}]},{"$i":"callDurationTextFormatHours","$v":[{"t":"idOrVar","v":"h"}," h ",{"t":"idOrVar","v":"m"}," m ",{"t":"idOrVar","v":"s"}," s"]},{"$i":"callDurationTextFormatMinutes","$v":[{"t":"idOrVar","v":"m"}," m ",{"t":"idOrVar","v":"s"}," s"]},{"$i":"callDurationTextFormatSeconds","$v":[{"t":"idOrVar","v":"s"}," s"]},{"$i":"callEnded","$v":"Llamada finalizada"},{"$i":"callInformation","$v":"Información de llamada"},{"$i":"callLog","$v":"Registro de llamadas"},{"$i":"callLogEdit","title":"Editar registro de llamadas"},{"$i":"callLogEditDialog","ariaLabel":"Editar diálogo de registro de llamadas"},{"$i":"caller-left-call","$v":[{"t":"idOrVar","v":"caller"}," ha abandonado el llamado."]},{"$i":"calllog-all","$v":"Todas"},{"$i":"calllog-deselectAll","$v":"Deseleccionar todo"},{"$i":"calllog-none","$v":"Ninguna"},{"$i":"calllog-selectAll","$v":"Seleccionar todo"},{"$i":"canceled","$v":"Cancelado"},{"$i":"clear-all-text","$v":"Borrar todo el texto"},{"$i":"close","$v":"Cerrar"},{"$i":"composeEmail","ariaLabel":"Correo electrónico"},{"$i":"conferenceAddError","$v":"No se pueden fusionar los llamados."},{"$i":"conferenceCall","$v":["Conferencia (",{"t":"idOrVar","v":"n"},")"]},{"$i":"conferenceRemoveError","$v":"No se pueden separar los llamados."},{"$i":"confirm-deletion","$v":"¿Borrar llamadas seleccionadas?"},{"$i":"connecting","$v":"Conectando"},{"$i":"connectingEllipsis","$v":"Conectandoâ€¦"},{"$i":"contactDetails","$v":"Detalles de contacto"},{"$i":"createNewContact","$v":"Crear contacto nuevo"},{"$i":"delete-n-log?","$v":{"few":["¿Eliminar ",{"t":"idOrVar","v":"n"}," registros?"],"many":["¿Eliminar ",{"t":"idOrVar","v":"n"}," registros?"],"one":"¿Eliminar registro seleccionado?","other":["¿Eliminar ",{"t":"idOrVar","v":"n"}," registros?"],"two":["¿Eliminar ",{"t":"idOrVar","v":"n"}," registros?"],"zero":"Nada seleccionado"},"$x":[{"t":"idOrVar","v":"plural"},"n"]},{"$i":"deselect","$v":"Deseleccionar"},{"$i":"dialed","$v":"Realizadas"},{"$i":"dialer-prompt","$v":"Marcar número o seleccionar contacto para añadir a llamada"},{"$i":"dialerAddContact","ariaLabel":"Añadir contacto"},{"$i":"dialerAddContactDialog","ariaLabel":"Añadir Diálogo de contacto"},{"$i":"edit-selected","$v":{"few":["seleccionado(",{"t":"idOrVar","v":"n"},")"],"many":["seleccionado(",{"t":"idOrVar","v":"n"},")"],"one":["seleccionado(",{"t":"idOrVar","v":"n"},")"],"other":["seleccionado(",{"t":"idOrVar","v":"n"},")"],"two":["seleccionado(",{"t":"idOrVar","v":"n"},")"]},"$x":[{"t":"idOrVar","v":"plural"},"n"]},{"$i":"emailDetail","ariaLabel":"Correo electrónico"},{"$i":"from-contact","$v":["Desde ",{"t":"idOrVar","v":"contact"}]},{"$i":"from-number","$v":["Desde ",{"t":"idOrVar","v":"number"}]},{"$i":"from-withheld-number","$v":"Desde número retenido"},{"$i":"hangup-a11y-button","ariaLabel":"Colgar"},{"$i":"hide","$v":"Ocultar"},{"$i":"hideKeypad","ariaLabel":"Ocultar teclado"},{"$i":"hold","ariaLabel":"Espera"},{"$i":"hours","$v":"horas"},{"$i":"ignore","$v":"Ignorar llamada"},{"$i":"incoming","$v":"Entrante"},{"$i":"incoming-call","$v":"Llamada entrante"},{"$i":"info-missed","$v":"Perdida"},{"$i":"keypad","ariaLabel":"Teclado"},{"$i":"log-item","$v":"Opciones"},{"$i":"makeCall","ariaLabel":"Realizar llamada"},{"$i":"merge","ariaLabel":"Fusionar"},{"$i":"minutes","$v":"minutos"},{"$i":"missed","$v":"Perdida","ariaLabel":"Perdida"},{"$i":"missedCall","$v":"Llamada perdida"},{"$i":"missedCallMultiSims","$v":["(SIM ",{"t":"idOrVar","v":"n"},") Llamada perdida"]},{"$i":"mmi-error","$v":"Ocurrió un error mientras se enviaba el mensaje"},{"$i":"mmi-notification-title-with-sim","$v":["(",{"t":"idOrVar","v":"sim"},") ",{"t":"idOrVar","v":"title"}]},{"$i":"mmi-session-expired","$v":"Caducó la sesión"},{"$i":"mmi-successfully-sent","$v":"Mensaje enviado con éxito"},{"$i":"mute","ariaLabel":"Silenciar"},{"$i":"newCall","ariaLabel":"Llamada nueva"},{"$i":"no-logs-msg-1","$v":"No se registraron llamadas"},{"$i":"no-logs-msg-2","$v":"Comenzar comunicación ahora"},{"$i":"no-logs-msg-3","$v":"No se registraron llamadas"},{"$i":"no-logs-msg-4","$v":"Comenzar comunicación ahora"},{"$i":"no-recent-numbers","$v":"No hay números recientes para marcar en los registros de llamadas."},{"$i":"onHoldOption","ariaLabel":"En espera"},{"$i":"outgoing","$v":"Saliente"},{"$i":"outgoing-call","$v":"Llamada en curso"},{"$i":"phoneDetail","ariaLabel":"Teléfono"},{"$i":"pickup-a11y-button","ariaLabel":"Recoger"},{"$i":"received","$v":"Recibidas"},{"$i":"receiver","$v":"Receptor"},{"$i":"recents","ariaLabel":"Llamadas recientes"},{"$i":"reply","$v":"Responder"},{"$i":"resume","$v":"Reiniciar","ariaLabel":"Reiniciar"},{"$i":"search-results","$v":"Buscar resultados"},{"$i":"seconds","$v":"segundos"},{"$i":"select-audio-sources","$v":"Seleccionar fuentes de audio"},{"$i":"send","$v":"Enviar"},{"$i":"send-sms-button","ariaLabel":"SMS"},{"$i":"sendSms","$v":"Enviar mensaje"},{"$i":"separator","$v":","},{"$i":"sim-number","$v":["SIM",{"t":"idOrVar","v":"n"}]},{"$i":"speaker","$v":"Altavoz"},{"$i":"speakerOption","ariaLabel":"Altavoz"},{"$i":"suggestionMatches","$v":{"few":[{"t":"idOrVar","v":"n"}," concordancia para \"",{"t":"idOrVar","v":"matchNumber"}],"many":[{"t":"idOrVar","v":"n"}," concordancia para \"",{"t":"idOrVar","v":"matchNumber"}],"one":[{"t":"idOrVar","v":"n"}," concordancia para \"",{"t":"idOrVar","v":"matchNumber"}],"other":[{"t":"idOrVar","v":"n"}," concordancia para \"",{"t":"idOrVar","v":"matchNumber"}],"two":[{"t":"idOrVar","v":"n"}," concordancia para \"",{"t":"idOrVar","v":"matchNumber"}]},"$x":[{"t":"idOrVar","v":"plural"},"n"]},{"$i":"switch-calls","$v":"Intercambiar llamadas"},{"$i":"tcl-assign","$v":"Asignar"},{"$i":"tcl-assign-speed-dial","$v":{"$o":["El contacto no se añadió como Discado rápido en el botón \"",{"t":"idOrVar","v":"speedDial"},"\"<br><br>¿Asignar ahora?"]}},{"$i":"tcl-call-log-delete-group-notification","$v":[{"t":"idOrVar","v":"n"}," entradas eliminadas"]},{"$i":"tcl-calllog-entry-removed-err-notification","$v":"Llamada no eliminada de la entrada del Registro de llamadas"},{"$i":"tcl-calllog-entry-removed-succ-notification","$v":"Entrada eliminada del Registro de llamadas"},{"$i":"tcl-cancel","$v":"Cancelar"},{"$i":"tcl-confirmation","$v":"Confirmación"},{"$i":"tcl-delete-log","$v":"¿Está seguro que desea eliminar las entradas seleccionadas del Registro de llamadas?"},{"$i":"tcl-dialer","$v":"Marcador"},{"$i":"tcl-edit-not-selected","$v":"seleccionado(0)"},{"$i":"tcl-option-menu-call-log-edit","$v":"Editar Registro de llamadas"},{"$i":"today","$v":"Hoy"},{"$i":"toggleKeypad","ariaLabel":"Alternar teclado"},{"$i":"type-your-response","placeholder":"Ingresar su respuestaâ€¦"},{"$i":"unknown","$v":"Desconocida"},{"$i":"unlock-a11y-button","ariaLabel":"control deslizante"},{"$i":"ussd-services","$v":[{"t":"idOrVar","v":"operator"}," servicios"]},{"$i":"via-sim","$v":["a través de SIM",{"t":"idOrVar","v":"n"}]},{"$i":"view-all","$v":"Ver todo"},{"$i":"wifi-calling","$v":"Llamada de Wi-Fi"},{"$i":"withheld-number","$v":"Número retenido"},{"$i":"yesterday","$v":"Ayer"},{"$i":"SimPin2","$v":"SIM PIN2"},{"$i":"SimPuk2","$v":"SIM PUK2"},{"$i":"serviceClassFax","$v":"FAX"},{"$i":"serviceClassPad","$v":"PAD"},{"$i":"serviceClassSms","$v":"SMS"},{"$i":"DialModifiedToDial","$v":"Discado modificado a discado"},{"$i":"DialModifiedToSs","$v":"Discado modificado a SS"},{"$i":"DialModifiedToUssd","$v":"Discado modificado a USSD"},{"$i":"FdnCheckFailure","$v":"Falla comprobación Fdn"},{"$i":"IllegalSimOrMe","$v":"SIM o ME ilegal"},{"$i":"InvalidParameter","$v":"Parámetro inválido"},{"$i":"ModeNotSupported","$v":"Modo no admitido"},{"$i":"OpNotAllowedDuringVoiceCall","$v":"Operación no permitida durante la llamada de voz"},{"$i":"PasswordIncorrect","$v":"Contraseña incorrecta"},{"$i":"RadioNotAvailable","$v":"Radio no disponible"},{"$i":"RejectedByRemote","$v":"Rechazado por remoto"},{"$i":"RequestNotSupported","$v":"Solicitud no admitida"},{"$i":"ServiceIsDisabled","$v":"El servicio está deshabilitado"},{"$i":"ServiceIsEnabled","$v":"El servicio no está habilitado"},{"$i":"ServiceIsEnabledFor","$v":"El servicio está habilitado para:"},{"$i":"SimAbsent","$v":"SIM ausente"},{"$i":"SmsSendFailRetry","$v":"Reintento fallo enviar SMS"},{"$i":"SsModifiedToDial","$v":"SS modificado a discado"},{"$i":"SsModifiedToSs","$v":"SS modificado a SS"},{"$i":"SsModifiedToUssd","$v":"SS modificado a USSD"},{"$i":"SubscriptionNotAvailable","$v":"Suscripción no disponible"},{"$i":"SubscriptionNotSupported","$v":"Suscripción no admitida"},{"$i":"UssdModifiedToDial","$v":"USSD modificado a discado"},{"$i":"UssdModifiedToSs","$v":"USSD modificado a USSD"},{"$i":"UssdModifiedToUssd","$v":"USSD modificado a USSD"},{"$i":"call-forwarding-async","$v":["Asincrónico: ",{"t":"idOrVar","v":"async"}]},{"$i":"call-forwarding-data","$v":["Datos: ",{"t":"idOrVar","v":"data"}]},{"$i":"call-forwarding-error","$v":"Ocurrió un error mientras se recuperaba el estado de reenvío de llamada"},{"$i":"call-forwarding-fax","$v":["FAX: ",{"t":"idOrVar","v":"fax"}]},{"$i":"call-forwarding-inactive","$v":"Inactivo"},{"$i":"call-forwarding-packet","$v":["Paquete: ",{"t":"idOrVar","v":"packet"}]},{"$i":"call-forwarding-pad","$v":["PAD: ",{"t":"idOrVar","v":"pad"}]},{"$i":"call-forwarding-sms","$v":["SMS: ",{"t":"idOrVar","v":"sms"}]},{"$i":"call-forwarding-status","$v":"Estado de reenvío de llamada"},{"$i":"call-forwarding-sync","$v":["Sincrónico: ",{"t":"idOrVar","v":"sync"}]},{"$i":"call-forwarding-voice","$v":["Voz: ",{"t":"idOrVar","v":"voice"}]},{"$i":"emMmiError","$v":"Problema de conexión o código MMI inválido"},{"$i":"emMmiErrorBadPin","$v":"El PIN antiguo que ingresó no es correcto"},{"$i":"emMmiErrorBadPuk","$v":"El PUK que ingresó no es correcto"},{"$i":"emMmiErrorEnablePin","$v":"No exitoso. Habilitar BLOQUEO SIM/RUIM"},{"$i":"emMmiErrorInvalidAction","$v":"Acción inválida"},{"$i":"emMmiErrorInvalidPin","$v":"Ingresar un PIN que tenga de 4 a 8 números"},{"$i":"emMmiErrorInvalidScCode","$v":"Código de servicio inválido"},{"$i":"emMmiErrorMismatchPin","$v":"Los PIN que ingresó no concuerdan"},{"$i":"emMmiErrorMmiFdn","$v":"La operación se restringe a números de discado fijos solamente"},{"$i":"emMmiErrorNeedPuk2","$v":"Ingresar PUK2 para desbloquear tarjeta SIM"},{"$i":"emMmiErrorNeedsPuk","$v":"Su tarjeta SIM está bloqueada con PUK"},{"$i":"emMmiErrorNotSupported","$v":"Código MMI inválido o no admitido"},{"$i":"emMmiErrorPasswordIncorrect","$v":"Contraseña incorrecta"},{"$i":"emMmiErrorPinPukAttempts","$v":{"few":["Quedan ",{"t":"idOrVar","v":"n"}," reintentos"],"many":["Quedan ",{"t":"idOrVar","v":"n"}," reintentos"],"one":["Solamente queda ",{"t":"idOrVar","v":"n"}," reintento"],"other":["Quedan ",{"t":"idOrVar","v":"n"}," reintentos"],"two":["Quedan ",{"t":"idOrVar","v":"n"}," reintentos"]},"$x":[{"t":"idOrVar","v":"plural"},"n"]},{"$i":"emMmiErrorSimBlocked","$v":"Se excedió el número máximo de reintentos. SIM bloqueado"},{"$i":"emMmiErrorStkCcSsDial","$v":"La solicitud SS se modifica para la solicitud DISCADO"},{"$i":"emMmiErrorStkCcSsSs","$v":"La solicitud SS se modifica para la solicitud SS nueva"},{"$i":"emMmiErrorStkCcSsUssd","$v":"La solicitud SS se modifica para la solicitud USSD"},{"$i":"emMmiErrorStkCcUssdDial","$v":"La solicitud USSD se modifica para la solicitud DISCADO"},{"$i":"emMmiErrorStkCcUssdSs","$v":"La solicitud USSD se modifica para la solicitud SS"},{"$i":"emMmiErrorStkCcUssdUssd","$v":"La solicitud USSD se modifica para la solicitud USSD nueva"},{"$i":"fihVersion","$v":"Versión FIH"},{"$i":"imeiAndSvn","$v":"IMEI y SVN"},{"$i":"internalVersion","$v":"Versión interna"},{"$i":"serviceClassData","$v":"Datos"},{"$i":"serviceClassDataAsync","$v":"Asinc"},{"$i":"serviceClassDataSync","$v":"Sinc"},{"$i":"serviceClassPacket","$v":"Paquete"},{"$i":"serviceClassVoice","$v":"Voz"},{"$i":"smClirDefaultOffNextCallOff","$v":"Predeterminado de identificación de llamada a no restringirse. Próxima llamada: No restringido"},{"$i":"smClirDefaultOffNextCallOn","$v":"Predeterminado de identificación de llamada a no restringirse. Próxima llamada: Restringida"},{"$i":"smClirDefaultOnNextCallOff","$v":"Predeterminados de identificación de llamada a restringirse. Próxima llamada: No restringido"},{"$i":"smClirDefaultOnNextCallOn","$v":"Predeterminados de identificación de llamada a restringirse. Próxima llamada: Restringida"},{"$i":"smClirPermanent","$v":"Usted no puede cambiar el ajuste de la identificación de la llamada"},{"$i":"smPin2Changed","$v":"PIN2 cambiado con éxito"},{"$i":"smPin2Unblocked","$v":"PIN2 desbloqueado con éxito"},{"$i":"smPinChanged","$v":"PIN cambiado con éxito"},{"$i":"smPinUnblocked","$v":"PIN desbloqueado con éxito"},{"$i":"smServiceDisabled","$v":"El servicio ha sido deshabilitado"},{"$i":"smServiceEnabled","$v":"Servicio no habilitado"},{"$i":"smServiceEnabledFor","$v":"Servicio no habilitado para:"},{"$i":"smServiceErased","$v":"Borrado no exitoso"},{"$i":"smServiceInterrogated","$v":"Solicitud no exitosa"},{"$i":"smServiceNotProvisioned","$v":"Servicio no provisto"},{"$i":"smServiceRegistered","$v":"Registro no exitoso"},{"$i":"another","$v":"Otro"},{"$i":"current","$v":"Actual"},{"$i":"customTag","$v":"Etiqueta personalizada","placeholder":"Etiqueta personalizada"},{"$i":"faxHome","$v":"Fax personal"},{"$i":"faxOffice","$v":"Fax de oficina"},{"$i":"faxOther","$v":"Otro fax"},{"$i":"itemWithLabel","$v":[{"t":"idOrVar","v":"label"},", ",{"t":"idOrVar","v":"item"}]},{"$i":"label","$v":"Etiqueta"},{"$i":"other","$v":"Otros"},{"$i":"tcl-customTag","$v":"Etiqueta personalizada"},{"$i":"dateTimeFormat_%c","$v":"%a %b %e %Y %I:%M:%S %p"},{"$i":"dateTimeFormat_%x","$v":"%d/%m/%Y"},{"$i":"days-ago-long","$v":{"few":["hace ",{"t":"idOrVar","v":"value"}," días"],"many":["hace ",{"t":"idOrVar","v":"value"}," días"],"one":"ayer","other":["hace ",{"t":"idOrVar","v":"value"}," días"],"two":["hace ",{"t":"idOrVar","v":"value"}," días"],"zero":"hoy"},"$x":[{"t":"idOrVar","v":"plural"},"value"]},{"$i":"days-ago-short","$v":{"other":["hace ",{"t":"idOrVar","v":"value"},"d"],"zero":"hoy"},"$x":[{"t":"idOrVar","v":"plural"},"value"]},{"$i":"days-until-long","$v":{"few":["en ",{"t":"idOrVar","v":"value"}," días"],"many":["en ",{"t":"idOrVar","v":"value"}," días"],"one":"mañana","other":["en ",{"t":"idOrVar","v":"value"}," días"],"two":["en ",{"t":"idOrVar","v":"value"}," días"],"zero":"hoy"},"$x":[{"t":"idOrVar","v":"plural"},"value"]},{"$i":"days-until-short","$v":{"other":["en ",{"t":"idOrVar","v":"value"},"d"],"zero":"hoy"},"$x":[{"t":"idOrVar","v":"plural"},"value"]},{"$i":"hours-ago-long","$v":{"few":["hace ",{"t":"idOrVar","v":"value"}," horas"],"many":["hace ",{"t":"idOrVar","v":"value"}," horas"],"one":"hace una hora","other":["hace ",{"t":"idOrVar","v":"value"}," horas"],"two":["hace ",{"t":"idOrVar","v":"value"}," horas"],"zero":"recién"},"$x":[{"t":"idOrVar","v":"plural"},"value"]},{"$i":"hours-ago-short","$v":{"other":["hace ",{"t":"idOrVar","v":"value"},"h"],"zero":"recién"},"$x":[{"t":"idOrVar","v":"plural"},"value"]},{"$i":"hours-until-long","$v":{"few":["en ",{"t":"idOrVar","v":"value"}," horas"],"many":["en ",{"t":"idOrVar","v":"value"}," horas"],"one":"en una hora","other":["en ",{"t":"idOrVar","v":"value"}," horas"],"two":["en ",{"t":"idOrVar","v":"value"}," horas"],"zero":"ahora"},"$x":[{"t":"idOrVar","v":"plural"},"value"]},{"$i":"hours-until-short","$v":{"other":["en ",{"t":"idOrVar","v":"value"},"h"],"zero":"ahora"},"$x":[{"t":"idOrVar","v":"plural"},"value"]},{"$i":"incorrectDate","$v":"(fecha incorrecta)"},{"$i":"minutes-ago-long","$v":{"few":["hace ",{"t":"idOrVar","v":"value"}," minutos"],"many":["hace ",{"t":"idOrVar","v":"value"}," minutos"],"one":"hace un minuto","other":["hace ",{"t":"idOrVar","v":"value"}," minutos"],"two":["hace ",{"t":"idOrVar","v":"value"}," minutos"],"zero":"recién"},"$x":[{"t":"idOrVar","v":"plural"},"value"]},{"$i":"minutes-ago-short","$v":{"other":["hace ",{"t":"idOrVar","v":"value"},"m"],"zero":"recién"},"$x":[{"t":"idOrVar","v":"plural"},"value"]},{"$i":"minutes-until-long","$v":{"few":["en ",{"t":"idOrVar","v":"value"}," minutos"],"many":["en ",{"t":"idOrVar","v":"value"}," minutos"],"one":"en un minuto","other":["en ",{"t":"idOrVar","v":"value"}," minutos"],"two":["en ",{"t":"idOrVar","v":"value"}," minutos"],"zero":"ahora"},"$x":[{"t":"idOrVar","v":"plural"},"value"]},{"$i":"minutes-until-short","$v":{"other":["en ",{"t":"idOrVar","v":"value"},"m"],"zero":"ahora"},"$x":[{"t":"idOrVar","v":"plural"},"value"]},{"$i":"month-0-genitive","$v":"Enero"},{"$i":"month-0-long","$v":"Enero"},{"$i":"month-0-short","$v":"Ene"},{"$i":"month-1-genitive","$v":"Febrero"},{"$i":"month-1-long","$v":"Febrero"},{"$i":"month-1-short","$v":"Feb"},{"$i":"month-10-genitive","$v":"Noviembre"},{"$i":"month-10-long","$v":"Noviembre"},{"$i":"month-10-short","$v":"Nov"},{"$i":"month-11-genitive","$v":"Diciembre"},{"$i":"month-11-long","$v":"Diciembre"},{"$i":"month-11-short","$v":"Dec"},{"$i":"month-2-genitive","$v":"Marzo"},{"$i":"month-2-long","$v":"Marzo"},{"$i":"month-2-short","$v":"Mar"},{"$i":"month-3-genitive","$v":"Abril"},{"$i":"month-3-long","$v":"Abril"},{"$i":"month-3-short","$v":"Abr"},{"$i":"month-4-genitive","$v":"Mayo"},{"$i":"month-4-long","$v":"Mayo"},{"$i":"month-4-short","$v":"May"},{"$i":"month-5-genitive","$v":"Junio"},{"$i":"month-5-long","$v":"Junio"},{"$i":"month-5-short","$v":"Jun"},{"$i":"month-6-genitive","$v":"Julio"},{"$i":"month-6-long","$v":"Julio"},{"$i":"month-6-short","$v":"Jul"},{"$i":"month-7-genitive","$v":"Agosto"},{"$i":"month-7-long","$v":"Agosto"},{"$i":"month-7-short","$v":"Ago"},{"$i":"month-8-genitive","$v":"Septiembre"},{"$i":"month-8-long","$v":"Septiembre"},{"$i":"month-8-short","$v":"Sep"},{"$i":"month-9-genitive","$v":"Octubre"},{"$i":"month-9-long","$v":"Octubre"},{"$i":"month-9-short","$v":"Oct"},{"$i":"months-ago-long","$v":{"few":["hace ",{"t":"idOrVar","v":"value"}," meses"],"many":["hace ",{"t":"idOrVar","v":"value"}," meses"],"one":"el último mes","other":["hace ",{"t":"idOrVar","v":"value"}," meses"],"two":["hace ",{"t":"idOrVar","v":"value"}," meses"],"zero":"este mes"},"$x":[{"t":"idOrVar","v":"plural"},"value"]},{"$i":"months-until-long","$v":{"few":["en ",{"t":"idOrVar","v":"value"}," meses"],"many":["en ",{"t":"idOrVar","v":"value"}," meses"],"one":"el próximo mes","other":["en ",{"t":"idOrVar","v":"value"}," meses"],"two":["en ",{"t":"idOrVar","v":"value"}," meses"],"zero":"este mes"},"$x":[{"t":"idOrVar","v":"plural"},"value"]},{"$i":"shortDateTimeFormat","$v":"%x %I:%M %p"},{"$i":"shortTimeFormat","$v":"%I:%M %p"},{"$i":"shortTimeFormat12","$v":"%I:%M %p"},{"$i":"shortTimeFormat24","$v":"%H:%M"},{"$i":"time_am","$v":"AM"},{"$i":"time_pm","$v":"PM"},{"$i":"weekday-0-long","$v":"Domingo"},{"$i":"weekday-0-short","$v":"dom."},{"$i":"weekday-1-long","$v":"Lunes"},{"$i":"weekday-1-short","$v":"lun."},{"$i":"weekday-2-long","$v":"Martes"},{"$i":"weekday-2-short","$v":"mar."},{"$i":"weekday-3-long","$v":"Miércoles"},{"$i":"weekday-3-short","$v":"mié."},{"$i":"weekday-4-long","$v":"Jueves"},{"$i":"weekday-4-short","$v":"jue."},{"$i":"weekday-5-long","$v":"Viernes"},{"$i":"weekday-5-short","$v":"vie."},{"$i":"weekday-6-long","$v":"Sábado"},{"$i":"weekday-6-short","$v":"sáb."},{"$i":"weeks-ago-long","$v":{"few":["hace ",{"t":"idOrVar","v":"value"}," semanas"],"many":["hace ",{"t":"idOrVar","v":"value"}," semanas"],"one":"la semana pasada","other":["hace ",{"t":"idOrVar","v":"value"}," semanas"],"two":["hace ",{"t":"idOrVar","v":"value"}," semanas"],"zero":"esta semana"},"$x":[{"t":"idOrVar","v":"plural"},"value"]},{"$i":"weeks-until-long","$v":{"few":["en ",{"t":"idOrVar","v":"value"}," semanas"],"many":["en ",{"t":"idOrVar","v":"value"}," semanas"],"one":"la semana que viene","other":["en ",{"t":"idOrVar","v":"value"}," semanas"],"two":["en ",{"t":"idOrVar","v":"value"}," semanas"],"zero":"esta semana"},"$x":[{"t":"idOrVar","v":"plural"},"value"]},{"$i":"years-ago-long","$v":{"few":["hace ",{"t":"idOrVar","v":"value"}," años"],"many":["hace ",{"t":"idOrVar","v":"value"}," años"],"one":"el año pasado","other":["hace ",{"t":"idOrVar","v":"value"}," años"],"two":["hace ",{"t":"idOrVar","v":"value"}," años"],"zero":"este año"},"$x":[{"t":"idOrVar","v":"plural"},"value"]},{"$i":"years-until-long","$v":{"few":["en ",{"t":"idOrVar","v":"value"}," años"],"many":["en ",{"t":"idOrVar","v":"value"}," años"],"one":"el próximo año","other":["en ",{"t":"idOrVar","v":"value"}," años"],"two":["en ",{"t":"idOrVar","v":"value"}," años"],"zero":"este año"},"$x":[{"t":"idOrVar","v":"plural"},"value"]},{"$i":"dateTimeFormat_%X","$v":"%I:%M:%S %p"},{"$i":"weekStartsOnMonday","$v":"0"},{"$i":"firstDayOfTheWeek","$v":"1"}]