[{"$i":"clockDateFormat","$v":"%a, %e %b"},{"$i":"deviceIsUnlocked","$v":"Seade on lukustamata"},{"$i":"simUnlockCodeAccepted","$v":"SIM-i avamise kood vastu võetud"},{"$i":"simUnlockCodeFailed","$v":"SIM-i avamine nurjus"},{"$i":"eccOnly","$v":"Ainult hädaabikõned"},{"$i":"emergencyCallsOnly","$v":"Ainult hädaabikõned"},{"$i":"lockedSim","$v":"Lukustatud SIM"},{"$i":"noService","$v":"Teenus puudub"},{"$i":"noSimCard","$v":"SIM-kaarti pole"},{"$i":"searching","$v":"Otsimine…"},{"$i":"airplane-mode","$v":"Lennurežiim"},{"$i":"bluetooth","$v":"Bluetooth"},{"$i":"brightness","$v":"Eredus"},{"$i":"calculator","$v":"Kalkulaator"},{"$i":"camera","$v":"Kaamera"},{"$i":"cellular-data","$v":"Mobiilne andmeside"},{"$i":"confirm-to-uninstall-app","$v":["Kas desinstallida rakendus ",{"t":"idOrVar","v":"appName"},"?"]},{"$i":"flashlight","$v":"Taskulamp"},{"$i":"instant-settings","$v":"kiirsätted"},{"$i":"off","$v":"Väljas"},{"$i":"on","$v":"Sees"},{"$i":"shortcuts","$v":"Otseteed"},{"$i":"uninstall","$v":"Desinstalli"},{"$i":"volume","$v":"Helitugevus"},{"$i":"wifi","$v":"Wi-Fi"},{"$i":"percentage-number","$v":[{"t":"idOrVar","v":"number"},"%"]},{"$i":"all-apps","$v":"Kõigi rakenduste"},{"$i":"scImei","$v":"IMEI"},{"$i":"scMeid","$v":"MEID"},{"$i":"scUssd","$v":"USSD"},{"$i":"CallFailed","$v":"Kõne nurjus"},{"$i":"GenericFailure","$v":"Üldine rike"},{"$i":"add-smart-collections","$v":"Lisa arukad kogud"},{"$i":"add-to-existing-contact","$v":"Lisa olemasolevasse kontakti"},{"$i":"alert-for-contacts-without-number","$v":"Telefoninumbriga kontakte pole saadaval."},{"$i":"app-title","$v":"Minu rakendused"},{"$i":"app-uninstall","$v":[{"t":"idOrVar","v":"name"}," desinstalliti"]},{"$i":"assign","$v":"Määra"},{"$i":"assign-speed-dial","$v":["Kontakti ei lisatud kiirvalikuna nupule ",{"t":"idOrVar","v":"n"},". Kas määrata nüüd?"]},{"$i":"assign-voicemail","$v":"Tavakõneposti number pole määratud."},{"$i":"call","$v":"Helistamine"},{"$i":"callAirplaneModeMessage","$v":"Helistamiseks peate seadistustes lennurežiimi keelama."},{"$i":"callAirplaneModeTitle","$v":"Lennurežiim on aktiveeritud"},{"$i":"cancel","$v":"Tühista"},{"$i":"change-wallpaper","$v":"Taustpildi muutmine"},{"$i":"clocks-updated","$v":"Kellad on värskendatud"},{"$i":"confirmation","$v":"Kinnitus"},{"$i":"contacts","$v":"Kontaktid"},{"$i":"create-new-contact","$v":"Looge uus kontakt"},{"$i":"delete","$v":"Kustuta"},{"$i":"delete-body","$v":[{"t":"idOrVar","v":"name"}," ja kõik selle andmed kustutatakse."]},{"$i":"delete-title","$v":["Kustuta ",{"t":"idOrVar","v":"name"}]},{"$i":"edit","$v":"Muuda"},{"$i":"edit-done","$v":"Valmis"},{"$i":"edit-group-header","$v":"Redigeeri rühma"},{"$i":"edit-mode","$v":"Redigeeri"},{"$i":"emergency-call-error","$v":[{"t":"idOrVar","v":"number"}," ei ole hädaabinumber."]},{"$i":"emergency-call-only","$v":"Ainult hädaabikõne"},{"$i":"emergencyDialogBodyBadNumber","$v":"Helistamiseks peab telefon olema võrku ühendatud."},{"$i":"emergencyDialogBodyDeviceNotAccepted","$v":"Hädaabikõned pole võrgus lubatud."},{"$i":"emergencyDialogTitle","$v":"Võrguühendust pole"},{"$i":"fax-home","$v":"Kodufaks"},{"$i":"fax-office","$v":"Kontorifaks"},{"$i":"fax-other","$v":"Muu faks"},{"$i":"fdnIsActiveMessage","$v":["FDN (määratud numbrid) on aktiveeritud ja järgmist numbrit pole teie FDN-i nimekirjas: ",{"t":"idOrVar","v":"number"}]},{"$i":"fdnIsActiveTitle","$v":"FDN on aktiivne"},{"$i":"gaia-shortcut-app-updated","$v":"Rakendus on värskendatud"},{"$i":"grid-view","$v":"Pildivaade"},{"$i":"home","$v":"Kodu"},{"$i":"homescreen-settings","$v":"Avakuva seaded"},{"$i":"invalidNumberToDialMessage","$v":"Telefoninumber, millele helistate, ei ole kehtiv."},{"$i":"invalidNumberToDialTitle","$v":"Vale telefoninumber"},{"$i":"list-view","$v":"Loendivaade"},{"$i":"longDateFormat","$v":"%A, %B %e"},{"$i":"menu","$v":"Menüü"},{"$i":"message","$v":"Sõnum"},{"$i":"mobile","$v":"Mobiil"},{"$i":"more","$v":"Veel"},{"$i":"move","$v":"Teisalda"},{"$i":"notifications","$v":"Teated"},{"$i":"numberIsBusyMessage","$v":"Number on hetkel hõivatud. Proovige hiljem uuesti."},{"$i":"numberIsBusyTitle","$v":"Number on hõivatud"},{"$i":"ok","$v":"OK"},{"$i":"option-remove","$v":"Eemalda kiirvalimisest"},{"$i":"option-replace","$v":"Asenda"},{"$i":"options","$v":"Valikud"},{"$i":"otherConnectionInUseMessage","$v":"Teil on aktiivne kõne teisel ühendusel. Saate kasutada ainult ühte ühendust korraga."},{"$i":"otherConnectionInUseTitle","$v":"Kasutatav muu ühendus"},{"$i":"personal","$v":"Isiklik"},{"$i":"remove","$v":"Eemalda"},{"$i":"remove-speed-dial","$v":["Kas soovite kontakti ",{"t":"idOrVar","v":"name"}," kindlasti kiirvalimisest eemaldada?"]},{"$i":"replace","$v":"Asenda"},{"$i":"replace-speed-dial","$v":["Kas soovite kindlasti kontakti ",{"t":"idOrVar","v":"name"}," kontaktiga ",{"t":"idOrVar","v":"subName"}," asendada?"]},{"$i":"resume-download-action","$v":"Allalaadimine"},{"$i":"resume-download-body","$v":["Kas soovite laadida alla rakenduse ",{"t":"idOrVar","v":"name"},"?"]},{"$i":"resume-download-title","$v":"Taaskäiv. allalaad."},{"$i":"scCallBarring","$v":"Kõnepiirang"},{"$i":"scCallForwarding","$v":"Kõne suunamine"},{"$i":"scCallWaiting","$v":"Koputus"},{"$i":"scClip","$v":"Sissehelistaja ID"},{"$i":"scClir","$v":"Väljahelistaja ID"},{"$i":"scPin","$v":"PIN-koodi muutmine"},{"$i":"scPin2","$v":"PIN2 muutmine"},{"$i":"scPuk","$v":"PIN-koodi blokeeringu tühistamine"},{"$i":"scPuk2","$v":"PIN2-koodi blokeeringu tühistamine"},{"$i":"scPwd","$v":"Parooli muutmine"},{"$i":"search-or-enter-address","placeholder":"Aadressi ots./sisest."},{"$i":"select","$v":"Vali"},{"$i":"sending","$v":"Saatmine…"},{"$i":"set","$v":"Määra"},{"$i":"settings","$v":"Seaded"},{"$i":"single-view","$v":"Ühes vaates"},{"$i":"skip","$v":"Jäta vahele"},{"$i":"speed-dial","$v":"Kiirvalimine"},{"$i":"speed-dial-empty","ariaLabel":[{"t":"idOrVar","v":"order"},", tühi"]},{"$i":"speed-dial-not-empty","ariaLabel":[{"t":"idOrVar","v":"order"},", ",{"t":"idOrVar","v":"name"}]},{"$i":"stop-download-action","$v":"Peata"},{"$i":"stop-download-body","$v":"Kas soovite poolelioleva allalaadimise peatada?"},{"$i":"stop-download-title","$v":["Peata ",{"t":"idOrVar","v":"name"}]},{"$i":"tcl-wallpaper-changed","$v":"Taustpilt on muutunud"},{"$i":"video-call","$v":"Videokõne"},{"$i":"voicemail","$v":"Tavakõneteade"},{"$i":"work","$v":"Tööl"},{"$i":"apps","$v":"Rakendused"},{"$i":"nocard-eccOnly","$v":"No SIM card-Emergency calls only"},{"$i":"unusablecard-eccOnly","$v":"Unusable SIM card-Emergency calls only"},{"$i":"apn-sim1","$v":"APN-seaded – SIM1"},{"$i":"apn-sim2","$v":"APN-seaded – SIM2"},{"$i":"apnConfigPrepay","$v":"Ettemaks"},{"$i":"apnConfigPostpay","$v":"Järelmaks"},{"$i":"apn-defaultconfig-message","$v":"Määrake APN-i kuvamistüüp"},{"$i":"apnDefaultConfig","$v":"APN-i vaikeseadistus"},{"$i":"without-sim-new","$v":[{"t":"idOrVar","v":"index"}]},{"$i":"with-sim-new","$v":[{"t":"idOrVar","v":"index"}," – ",{"t":"idOrVar","v":"carrier"}]},{"$i":"sim-with-index-and-carrier","$v":["SIM ",{"t":"idOrVar","v":"index"}," – ",{"t":"idOrVar","v":"carrier"}]},{"$i":"sim-without-carrier","$v":["SIM ",{"t":"idOrVar","v":"index"}]},{"$i":"call-forwarding-voice-after-seconds","$v":["Häälkõne: ",{"t":"idOrVar","v":"voice"}," pärast ",{"t":"idOrVar","v":"timeSeconds"}," sekundit"]},{"$i":"addNewNumber","$v":"Lisa uus number"},{"$i":"addToExistingContact","$v":"Lisa olemasolevasse kontakti"},{"$i":"all","$v":"Kõik","ariaLabel":"Kõik"},{"$i":"bluetooth-handsfree-device","$v":"Bluetooth-vabakäeseade"},{"$i":"bluetoothOption","ariaLabel":"Bluetooth"},{"$i":"callDurationHours","$v":[{"t":"idOrVar","v":"h"},":",{"t":"idOrVar","v":"m"},":",{"t":"idOrVar","v":"s"}]},{"$i":"callDurationMinutes","$v":[{"t":"idOrVar","v":"m"},":",{"t":"idOrVar","v":"s"}]},{"$i":"callDurationTextFormatHours","$v":[{"t":"idOrVar","v":"h"}," h ",{"t":"idOrVar","v":"m"}," m ",{"t":"idOrVar","v":"s"}," s"]},{"$i":"callDurationTextFormatMinutes","$v":[{"t":"idOrVar","v":"m"}," m ",{"t":"idOrVar","v":"s"}," s"]},{"$i":"callDurationTextFormatSeconds","$v":[{"t":"idOrVar","v":"s"}," s"]},{"$i":"callEnded","$v":"Kõne on lõpetatud"},{"$i":"callInformation","$v":"Kõneteave"},{"$i":"callLog","$v":"Kõnelogi"},{"$i":"callLogEdit","title":"Redigeeri kõnelogi"},{"$i":"callLogEditDialog","ariaLabel":"Kõnelogi redigeerimise dialoog"},{"$i":"caller-left-call","$v":[{"t":"idOrVar","v":"caller"}," on kõne lõpetanud."]},{"$i":"calllog-all","$v":"Kõik"},{"$i":"calllog-deselectAll","$v":"Eemalda kõigilt valik"},{"$i":"calllog-none","$v":"Puudub"},{"$i":"calllog-selectAll","$v":"Valige kõik"},{"$i":"canceled","$v":"Tühistatud"},{"$i":"clear-all-text","$v":"Kustuta kogu tekst"},{"$i":"close","$v":"Sulge"},{"$i":"composeEmail","ariaLabel":"E-post"},{"$i":"conferenceAddError","$v":"Kõnesid pole võimalik mestida"},{"$i":"conferenceCall","$v":["Konverents (",{"t":"idOrVar","v":"n"},")"]},{"$i":"conferenceRemoveError","$v":"Kõnede lahutamine pole võimalik"},{"$i":"confirm-deletion","$v":"Kas kustutada valitud kõned?"},{"$i":"connecting","$v":"Ühendamine"},{"$i":"connectingEllipsis","$v":"Ühendamine…"},{"$i":"contactDetails","$v":"Kontakti andmed"},{"$i":"createNewContact","$v":"Looge uus kontakt"},{"$i":"delete-n-log?","$v":{"few":["Kas kustutada ",{"t":"idOrVar","v":"n"}," logi?"],"many":["Kas kustutada ",{"t":"idOrVar","v":"n"}," logi?"],"one":"Kas kustutada valitud logi?","other":["Kas kustutada ",{"t":"idOrVar","v":"n"}," logi?"],"two":["Kas kustutada ",{"t":"idOrVar","v":"n"}," logi?"],"zero":"Midagi pole valitud"},"$x":[{"t":"idOrVar","v":"plural"},"n"]},{"$i":"deselect","$v":"Tühista valik"},{"$i":"dialed","$v":"Valitud"},{"$i":"dialer-prompt","$v":"Valige number või valige kõnele lisatav kontakt"},{"$i":"dialerAddContact","ariaLabel":"Lisa kontakt"},{"$i":"dialerAddContactDialog","ariaLabel":"Kontakti lisamise dialoog"},{"$i":"edit-selected","$v":{"few":["valitud(",{"t":"idOrVar","v":"n"},")"],"many":["valitud(",{"t":"idOrVar","v":"n"},")"],"one":["valitud(",{"t":"idOrVar","v":"n"},")"],"other":["valitud(",{"t":"idOrVar","v":"n"},")"],"two":["valitud(",{"t":"idOrVar","v":"n"},")"]},"$x":[{"t":"idOrVar","v":"plural"},"n"]},{"$i":"emailDetail","ariaLabel":"E-post"},{"$i":"from-contact","$v":["Saatja: ",{"t":"idOrVar","v":"contact"}]},{"$i":"from-number","$v":["Saatja: ",{"t":"idOrVar","v":"number"}]},{"$i":"from-withheld-number","$v":"Tundmatult numbrilt"},{"$i":"hangup-a11y-button","ariaLabel":"Katkesta kõne"},{"$i":"hide","$v":"Peida"},{"$i":"hideKeypad","ariaLabel":"Peida klahvistik"},{"$i":"hold","ariaLabel":"Ootele"},{"$i":"hours","$v":"tundi"},{"$i":"ignore","$v":"Eira kõnet"},{"$i":"incoming","$v":"Sissetulev"},{"$i":"incoming-call","$v":"Sissetulev kõne"},{"$i":"info-missed","$v":"Vastamata"},{"$i":"keypad","ariaLabel":"Klahvid"},{"$i":"log-item","$v":"Valikud"},{"$i":"makeCall","ariaLabel":"Helista"},{"$i":"merge","ariaLabel":"Ühenda"},{"$i":"minutes","$v":"minutit"},{"$i":"missed","$v":"Vastamata","ariaLabel":"Vastamata"},{"$i":"missedCall","$v":"Vastamata kõne"},{"$i":"missedCallMultiSims","$v":["(SIM ",{"t":"idOrVar","v":"n"},") Vastamata kõne"]},{"$i":"mmi-error","$v":"Sõnumi saatmisel ilmnes viga"},{"$i":"mmi-notification-title-with-sim","$v":["(",{"t":"idOrVar","v":"sim"},") ",{"t":"idOrVar","v":"title"}]},{"$i":"mmi-session-expired","$v":"Seanss on aegunud"},{"$i":"mmi-successfully-sent","$v":"Sõnum on edukalt saadetud"},{"$i":"mute","ariaLabel":"Heli välja"},{"$i":"newCall","ariaLabel":"Uus kõne"},{"$i":"no-logs-msg-1","$v":"Kõnesid pole salvestatud"},{"$i":"no-logs-msg-2","$v":"Alustage suhtlemist"},{"$i":"no-logs-msg-3","$v":"Kõnesid pole salvestatud"},{"$i":"no-logs-msg-4","$v":"Alustage suhtlemist"},{"$i":"no-recent-numbers","$v":"Kõnelogides pole hiljutisi numbreid."},{"$i":"onHoldOption","ariaLabel":"Ootel"},{"$i":"outgoing","$v":"Väljuv"},{"$i":"outgoing-call","$v":"Väljuvad kõned"},{"$i":"phoneDetail","ariaLabel":"Telefon"},{"$i":"pickup-a11y-button","ariaLabel":"Vastuvõtmine"},{"$i":"received","$v":"Vastu võetud"},{"$i":"receiver","$v":"Vastuvõtja"},{"$i":"recents","ariaLabel":"Viimased kõned"},{"$i":"reply","$v":"Vasta"},{"$i":"resume","$v":"Jätka","ariaLabel":"Jätka"},{"$i":"search-results","$v":"Otsingutulemused"},{"$i":"seconds","$v":"sekundit"},{"$i":"select-audio-sources","$v":"Valige heliallikad"},{"$i":"send","$v":"Saada"},{"$i":"send-sms-button","ariaLabel":"SMS"},{"$i":"sendSms","$v":"Saada sõnum"},{"$i":"separator","$v":","},{"$i":"sim-number","$v":["SIM",{"t":"idOrVar","v":"n"}]},{"$i":"speaker","$v":"Kõlar"},{"$i":"speakerOption","ariaLabel":"Kõlar"},{"$i":"suggestionMatches","$v":{"few":[{"t":"idOrVar","v":"n"}," vastet numbrile ",{"t":"idOrVar","v":"matchNumber"}],"many":[{"t":"idOrVar","v":"n"}," vastet numbrile ",{"t":"idOrVar","v":"matchNumber"}],"one":[{"t":"idOrVar","v":"n"}," vaste numbrile ",{"t":"idOrVar","v":"matchNumber"}],"other":[{"t":"idOrVar","v":"n"}," vastet numbrile ",{"t":"idOrVar","v":"matchNumber"}],"two":[{"t":"idOrVar","v":"n"}," vastet numbrile ",{"t":"idOrVar","v":"matchNumber"}]},"$x":[{"t":"idOrVar","v":"plural"},"n"]},{"$i":"switch-calls","$v":"Lülita kõned ümber"},{"$i":"tcl-assign","$v":"Määra"},{"$i":"tcl-assign-speed-dial","$v":{"$o":["Kontakti ei lisatud kiirvalimisklahvile ",{"t":"idOrVar","v":"speedDial"},"<br></br>Kas määrata?"]}},{"$i":"tcl-call-log-delete-group-notification","$v":[{"t":"idOrVar","v":"n"}," sissekannet kustutati"]},{"$i":"tcl-calllog-entry-removed-err-notification","$v":"Kõnelogi kirjet ei saa eemaldada"},{"$i":"tcl-calllog-entry-removed-succ-notification","$v":"Kõnelogi kirje on eemaldatud"},{"$i":"tcl-cancel","$v":"Tühista"},{"$i":"tcl-confirmation","$v":"Kinnitus"},{"$i":"tcl-delete-log","$v":"Kas soovite valitud kirjed kindlasti kõnelogist kustutada?"},{"$i":"tcl-dialer","$v":"Numbrivalija"},{"$i":"tcl-edit-not-selected","$v":"valitud(0)"},{"$i":"tcl-option-menu-call-log-edit","$v":"Redigeeri kõnelogi"},{"$i":"today","$v":"Täna"},{"$i":"toggleKeypad","ariaLabel":"Lülitage klahvistik ümber"},{"$i":"type-your-response","placeholder":"Kirjutage vastus..."},{"$i":"unknown","$v":"Tundmatu"},{"$i":"unlock-a11y-button","ariaLabel":"Liugur"},{"$i":"ussd-services","$v":["Pakkuja ",{"t":"idOrVar","v":"operator"}," teenused"]},{"$i":"via-sim","$v":["SIM-kaardi ",{"t":"idOrVar","v":"n"}," kaudu"]},{"$i":"view-all","$v":"Kuva kõik"},{"$i":"wifi-calling","$v":"Wi-Fi helistamine"},{"$i":"withheld-number","$v":"Tundmatu"},{"$i":"yesterday","$v":"Eile"},{"$i":"SimPin2","$v":"SIM-i PIN2"},{"$i":"SimPuk2","$v":"SIM-i PUK2"},{"$i":"serviceClassFax","$v":"FAKS"},{"$i":"serviceClassPad","$v":"PAD"},{"$i":"serviceClassSms","$v":"SMS"},{"$i":"DialModifiedToDial","$v":"Dial modified to dial"},{"$i":"DialModifiedToSs","$v":"Dial modified to SS"},{"$i":"DialModifiedToUssd","$v":"Dial modified to USSD"},{"$i":"FdnCheckFailure","$v":"FDNi kontrollimise nurjumine"},{"$i":"IllegalSimOrMe","$v":"Ebaseaduslik SIM või ME"},{"$i":"InvalidParameter","$v":"Vale parameeter"},{"$i":"ModeNotSupported","$v":"Režiimi ei toetata"},{"$i":"OpNotAllowedDuringVoiceCall","$v":"Tavakõne ajal ei ole toiming lubatud"},{"$i":"PasswordIncorrect","$v":"Parool on vale"},{"$i":"RadioNotAvailable","$v":"Radio not available"},{"$i":"RejectedByRemote","$v":"Puldiga tagasi lük."},{"$i":"RequestNotSupported","$v":"Taotlust ei toetata"},{"$i":"ServiceIsDisabled","$v":"Teenus on keelatud"},{"$i":"ServiceIsEnabled","$v":"Teenus on lubatud"},{"$i":"ServiceIsEnabledFor","$v":"Teenus on lubatud:"},{"$i":"SimAbsent","$v":"SIM puudub"},{"$i":"SmsSendFailRetry","$v":"SMSi saatm. nurj. proov. uuesti"},{"$i":"SsModifiedToDial","$v":"SS muudetud numbrit valima"},{"$i":"SsModifiedToSs","$v":"SS muudetud SS-iks"},{"$i":"SsModifiedToUssd","$v":"SS muudetud USSD-ks"},{"$i":"SubscriptionNotAvailable","$v":"Tellimus pole saadaval"},{"$i":"SubscriptionNotSupported","$v":"Tellimust ei toetata"},{"$i":"UssdModifiedToDial","$v":"USSD muud. nr. valima"},{"$i":"UssdModifiedToSs","$v":"USSD muudetud SS-iks"},{"$i":"UssdModifiedToUssd","$v":"USSD muudetud USSD-ks"},{"$i":"call-forwarding-async","$v":["Asünkroonne: ",{"t":"idOrVar","v":"async"}]},{"$i":"call-forwarding-data","$v":["Andmed: ",{"t":"idOrVar","v":"data"}]},{"$i":"call-forwarding-error","$v":"Kõne suunamise oleku toomisel ilmnes viga"},{"$i":"call-forwarding-fax","$v":["FAKS: ",{"t":"idOrVar","v":"fax"}]},{"$i":"call-forwarding-inactive","$v":"Passiivne"},{"$i":"call-forwarding-packet","$v":["Pakett: ",{"t":"idOrVar","v":"packet"}]},{"$i":"call-forwarding-pad","$v":["PAD: ",{"t":"idOrVar","v":"pad"}]},{"$i":"call-forwarding-sms","$v":["SMS: ",{"t":"idOrVar","v":"sms"}]},{"$i":"call-forwarding-status","$v":"Kõne suunamise olek"},{"$i":"call-forwarding-sync","$v":["Sünkroonne: ",{"t":"idOrVar","v":"sync"}]},{"$i":"call-forwarding-voice","$v":["Hääl: ",{"t":"idOrVar","v":"voice"}]},{"$i":"emMmiError","$v":"Ühenduse probleem või vale MMI-kood"},{"$i":"emMmiErrorBadPin","$v":"Sisestatud vana PIN on vale."},{"$i":"emMmiErrorBadPuk","$v":"Sisestatud PUK-kood on vale"},{"$i":"emMmiErrorEnablePin","$v":"Ebaõnnestus. Luba SIM/RUIM LUKK"},{"$i":"emMmiErrorInvalidAction","$v":"Vale toiming"},{"$i":"emMmiErrorInvalidPin","$v":"Sisestage 4–8-kohaline PIN-kood"},{"$i":"emMmiErrorInvalidScCode","$v":"Vale teenusekood"},{"$i":"emMmiErrorMismatchPin","$v":"Sisestatud PIN-koodid ei ühti"},{"$i":"emMmiErrorMmiFdn","$v":"Toiming on piiratud ainult lubatud valiknr-ga"},{"$i":"emMmiErrorNeedPuk2","$v":"Sisestage SIM-kaardi blokeeringu eemaldamiseks PUK2-kood"},{"$i":"emMmiErrorNeedsPuk","$v":"Teie SIM-kaart on PUK-lukustatud"},{"$i":"emMmiErrorNotSupported","$v":"Vale või toetuseta MMI-kood"},{"$i":"emMmiErrorPasswordIncorrect","$v":"Vale parool"},{"$i":"emMmiErrorPinPukAttempts","$v":{"few":[{"t":"idOrVar","v":"n"}," katset järel"],"many":[{"t":"idOrVar","v":"n"}," katset järel"],"one":["Ainult ",{"t":"idOrVar","v":"n"}," katse veel"],"other":[{"t":"idOrVar","v":"n"}," katset järel"],"two":[{"t":"idOrVar","v":"n"}," katset järel"]},"$x":[{"t":"idOrVar","v":"plural"},"n"]},{"$i":"emMmiErrorSimBlocked","$v":"Maksimaalne katsete arv on ületatud. SIM-kaart on blokeeritud"},{"$i":"emMmiErrorStkCcSsDial","$v":"SS-päring on muudetud DIAL-päringuks"},{"$i":"emMmiErrorStkCcSsSs","$v":"SS-päring muud. uueks SS-päringuks"},{"$i":"emMmiErrorStkCcSsUssd","$v":"SS-päring muud. USSD-päringuks"},{"$i":"emMmiErrorStkCcUssdDial","$v":"USSD-päring on muudetud DIAL-päringuks"},{"$i":"emMmiErrorStkCcUssdSs","$v":"USSD-päring on muudetud SS-päringuks"},{"$i":"emMmiErrorStkCcUssdUssd","$v":"USSD-päring on muudetud uueks USSD-päringuks"},{"$i":"fihVersion","$v":"FIH-i versioon"},{"$i":"imeiAndSvn","$v":"IMEI ja SVN"},{"$i":"internalVersion","$v":"Rahvusvaheline versioon"},{"$i":"serviceClassData","$v":"Andmed"},{"$i":"serviceClassDataAsync","$v":"Async"},{"$i":"serviceClassDataSync","$v":"Sünkrooni"},{"$i":"serviceClassPacket","$v":"Pakett"},{"$i":"serviceClassVoice","$v":"Helisalvestised"},{"$i":"smClirDefaultOffNextCallOff","$v":"Helistaja ID vaikeväärtus on piiramata. Järgmine kõne: piiramata"},{"$i":"smClirDefaultOffNextCallOn","$v":"Helistaja ID vaikeväärtus on piiramata. Järgmine kõne: piiratud"},{"$i":"smClirDefaultOnNextCallOff","$v":"Helistaja ID vaikeväärtus on piiratud. Järgmine kõne: piiramata"},{"$i":"smClirDefaultOnNextCallOn","$v":"Helistaja ID vaikev. piiratud. Järgm. kõne: piiratud"},{"$i":"smClirPermanent","$v":"Te ei saa helistaja ID seadet muuta"},{"$i":"smPin2Changed","$v":"PIN2 on edukalt muudetud"},{"$i":"smPin2Unblocked","$v":"PIN2 blok. tühistatud"},{"$i":"smPinChanged","$v":"PIN edukalt muudetud"},{"$i":"smPinUnblocked","$v":"PIN-i blok. tühistatud"},{"$i":"smServiceDisabled","$v":"Teenus on keelatud"},{"$i":"smServiceEnabled","$v":"Teenus oli lubatud"},{"$i":"smServiceEnabledFor","$v":"Teenus oli lubatud järgmisele:"},{"$i":"smServiceErased","$v":"Kustutamine õnnestus"},{"$i":"smServiceInterrogated","$v":"Taotlus oli edukas"},{"$i":"smServiceNotProvisioned","$v":"Teenust ei ole ette nähtud"},{"$i":"smServiceRegistered","$v":"Registreerimine oli edukas"},{"$i":"another","$v":"Teine"},{"$i":"current","$v":"Praegune"},{"$i":"customTag","$v":"Kohandatud silt","placeholder":"Kohandatud silt"},{"$i":"faxHome","$v":"Kodufaks"},{"$i":"faxOffice","$v":"Kontorifaks"},{"$i":"faxOther","$v":"Muu faks"},{"$i":"itemWithLabel","$v":[{"t":"idOrVar","v":"label"},", ",{"t":"idOrVar","v":"item"}]},{"$i":"label","$v":"Silt"},{"$i":"other","$v":"Muu"},{"$i":"tcl-customTag","$v":"Kohandatud silt"},{"$i":"dateTimeFormat_%c","$v":"%a %b %e %Y %I:%M:%S %p"},{"$i":"dateTimeFormat_%x","$v":"%m/%d/%Y"},{"$i":"days-ago-long","$v":{"few":[{"t":"idOrVar","v":"value"}," päeva tagasi"],"many":[{"t":"idOrVar","v":"value"}," päeva tagasi"],"one":"eile","other":[{"t":"idOrVar","v":"value"}," päeva tagasi"],"two":[{"t":"idOrVar","v":"value"}," päeva tagasi"],"zero":"täna"},"$x":[{"t":"idOrVar","v":"plural"},"value"]},{"$i":"days-ago-short","$v":{"other":[{"t":"idOrVar","v":"value"}," p tagasi"],"zero":"täna"},"$x":[{"t":"idOrVar","v":"plural"},"value"]},{"$i":"days-until-long","$v":{"few":[{"t":"idOrVar","v":"value"}," päeva pärast"],"many":[{"t":"idOrVar","v":"value"}," päeva pärast"],"one":"homme","other":[{"t":"idOrVar","v":"value"}," päeva pärast"],"two":[{"t":"idOrVar","v":"value"}," päeva pärast"],"zero":"täna"},"$x":[{"t":"idOrVar","v":"plural"},"value"]},{"$i":"days-until-short","$v":{"other":[{"t":"idOrVar","v":"value"},"p pärast"],"zero":"täna"},"$x":[{"t":"idOrVar","v":"plural"},"value"]},{"$i":"hours-ago-long","$v":{"few":[{"t":"idOrVar","v":"value"}," tundi tagasi"],"many":[{"t":"idOrVar","v":"value"}," tundi tagasi"],"one":"tund aega tagasi","other":[{"t":"idOrVar","v":"value"}," tundi tagasi"],"two":[{"t":"idOrVar","v":"value"}," tundi tagasi"],"zero":"just nüüd"},"$x":[{"t":"idOrVar","v":"plural"},"value"]},{"$i":"hours-ago-short","$v":{"other":[{"t":"idOrVar","v":"value"}," h tagasi"],"zero":"just nüüd"},"$x":[{"t":"idOrVar","v":"plural"},"value"]},{"$i":"hours-until-long","$v":{"few":[{"t":"idOrVar","v":"value"}," tunni pärast"],"many":[{"t":"idOrVar","v":"value"}," tunni pärast"],"one":"tunni pärast","other":[{"t":"idOrVar","v":"value"}," tunni pärast"],"two":[{"t":"idOrVar","v":"value"}," tunni pärast"],"zero":"kohe"},"$x":[{"t":"idOrVar","v":"plural"},"value"]},{"$i":"hours-until-short","$v":{"other":[{"t":"idOrVar","v":"value"},"h pärast"],"zero":"kohe"},"$x":[{"t":"idOrVar","v":"plural"},"value"]},{"$i":"incorrectDate","$v":"(vale kuupäev)"},{"$i":"minutes-ago-long","$v":{"few":[{"t":"idOrVar","v":"value"}," minutit tagasi"],"many":[{"t":"idOrVar","v":"value"}," minutit tagasi"],"one":"üks minut tagasi","other":[{"t":"idOrVar","v":"value"}," minutit tagasi"],"two":[{"t":"idOrVar","v":"value"}," minutit tagasi"],"zero":"just nüüd"},"$x":[{"t":"idOrVar","v":"plural"},"value"]},{"$i":"minutes-ago-short","$v":{"other":[{"t":"idOrVar","v":"value"}," m tagasi"],"zero":"just nüüd"},"$x":[{"t":"idOrVar","v":"plural"},"value"]},{"$i":"minutes-until-long","$v":{"few":[{"t":"idOrVar","v":"value"}," minuti pärast"],"many":[{"t":"idOrVar","v":"value"}," minuti pärast"],"one":"minuti pärast","other":[{"t":"idOrVar","v":"value"}," minuti pärast"],"two":[{"t":"idOrVar","v":"value"}," minuti pärast"],"zero":"kohe"},"$x":[{"t":"idOrVar","v":"plural"},"value"]},{"$i":"minutes-until-short","$v":{"other":[{"t":"idOrVar","v":"value"}," min pärast"],"zero":"kohe"},"$x":[{"t":"idOrVar","v":"plural"},"value"]},{"$i":"month-0-genitive","$v":"Jaanuar"},{"$i":"month-0-long","$v":"Jaanuar"},{"$i":"month-0-short","$v":"jaan"},{"$i":"month-1-genitive","$v":"Veebruar"},{"$i":"month-1-long","$v":"Veebruar"},{"$i":"month-1-short","$v":"veebr"},{"$i":"month-10-genitive","$v":"November"},{"$i":"month-10-long","$v":"November"},{"$i":"month-10-short","$v":"nov"},{"$i":"month-11-genitive","$v":"Detsember"},{"$i":"month-11-long","$v":"Detsember"},{"$i":"month-11-short","$v":"dets"},{"$i":"month-2-genitive","$v":"Märts"},{"$i":"month-2-long","$v":"Märts"},{"$i":"month-2-short","$v":"märts"},{"$i":"month-3-genitive","$v":"Aprill"},{"$i":"month-3-long","$v":"Aprill"},{"$i":"month-3-short","$v":"apr"},{"$i":"month-4-genitive","$v":"Mai"},{"$i":"month-4-long","$v":"Mai"},{"$i":"month-4-short","$v":"Mai"},{"$i":"month-5-genitive","$v":"Juuni"},{"$i":"month-5-long","$v":"Juuni"},{"$i":"month-5-short","$v":"juuni"},{"$i":"month-6-genitive","$v":"Juuli"},{"$i":"month-6-long","$v":"Juuli"},{"$i":"month-6-short","$v":"juuli"},{"$i":"month-7-genitive","$v":"August"},{"$i":"month-7-long","$v":"August"},{"$i":"month-7-short","$v":"aug"},{"$i":"month-8-genitive","$v":"September"},{"$i":"month-8-long","$v":"September"},{"$i":"month-8-short","$v":"sept"},{"$i":"month-9-genitive","$v":"Oktoober"},{"$i":"month-9-long","$v":"Oktoober"},{"$i":"month-9-short","$v":"okt"},{"$i":"months-ago-long","$v":{"few":[{"t":"idOrVar","v":"value"}," kuud tagasi"],"many":[{"t":"idOrVar","v":"value"}," kuud tagasi"],"one":"eelmine kuu","other":[{"t":"idOrVar","v":"value"}," kuud tagasi"],"two":[{"t":"idOrVar","v":"value"}," kuud tagasi"],"zero":"see kuu"},"$x":[{"t":"idOrVar","v":"plural"},"value"]},{"$i":"months-until-long","$v":{"few":[{"t":"idOrVar","v":"value"}," kuu pärast"],"many":[{"t":"idOrVar","v":"value"}," kuu pärast"],"one":"järgmine kuu","other":[{"t":"idOrVar","v":"value"}," kuu pärast"],"two":[{"t":"idOrVar","v":"value"}," kuu pärast"],"zero":"see kuu"},"$x":[{"t":"idOrVar","v":"plural"},"value"]},{"$i":"shortDateTimeFormat","$v":"%x %I:%M %p"},{"$i":"shortTimeFormat","$v":"%I:%M %p"},{"$i":"shortTimeFormat12","$v":"%I:%M %p"},{"$i":"shortTimeFormat24","$v":"%H:%M"},{"$i":"time_am","$v":"AM"},{"$i":"time_pm","$v":"PM"},{"$i":"weekday-0-long","$v":"Pühapäev"},{"$i":"weekday-0-short","$v":"P"},{"$i":"weekday-1-long","$v":"Esmaspäev"},{"$i":"weekday-1-short","$v":"E"},{"$i":"weekday-2-long","$v":"Teisipäev"},{"$i":"weekday-2-short","$v":"T"},{"$i":"weekday-3-long","$v":"Kolmapäev"},{"$i":"weekday-3-short","$v":"K"},{"$i":"weekday-4-long","$v":"Neljapäev"},{"$i":"weekday-4-short","$v":"N"},{"$i":"weekday-5-long","$v":"Reede"},{"$i":"weekday-5-short","$v":"R"},{"$i":"weekday-6-long","$v":"Laupäev"},{"$i":"weekday-6-short","$v":"L"},{"$i":"weeks-ago-long","$v":{"few":[{"t":"idOrVar","v":"value"}," nädalat tagasi"],"many":[{"t":"idOrVar","v":"value"}," nädalat tagasi"],"one":"eelmine nädal","other":[{"t":"idOrVar","v":"value"}," nädalat tagasi"],"two":[{"t":"idOrVar","v":"value"}," nädalat tagasi"],"zero":"sel nädalal"},"$x":[{"t":"idOrVar","v":"plural"},"value"]},{"$i":"weeks-until-long","$v":{"few":[{"t":"idOrVar","v":"value"}," nädala pärast"],"many":[{"t":"idOrVar","v":"value"}," nädala pärast"],"one":"järgmine nädal","other":[{"t":"idOrVar","v":"value"}," nädala pärast"],"two":[{"t":"idOrVar","v":"value"}," nädala pärast"],"zero":"sel nädalal"},"$x":[{"t":"idOrVar","v":"plural"},"value"]},{"$i":"years-ago-long","$v":{"few":[{"t":"idOrVar","v":"value"}," aastat tagasi"],"many":[{"t":"idOrVar","v":"value"}," aastat tagasi"],"one":"eelmine aasta","other":[{"t":"idOrVar","v":"value"}," aastat tagasi"],"two":[{"t":"idOrVar","v":"value"}," aastat tagasi"],"zero":"see aasta"},"$x":[{"t":"idOrVar","v":"plural"},"value"]},{"$i":"years-until-long","$v":{"few":[{"t":"idOrVar","v":"value"}," aasta pärast"],"many":[{"t":"idOrVar","v":"value"}," aasta pärast"],"one":"järgmine aasta","other":[{"t":"idOrVar","v":"value"}," aasta pärast"],"two":[{"t":"idOrVar","v":"value"}," aasta pärast"],"zero":"see aasta"},"$x":[{"t":"idOrVar","v":"plural"},"value"]},{"$i":"dateTimeFormat_%X","$v":"%I:%M:%S %p"},{"$i":"weekStartsOnMonday","$v":"0"},{"$i":"firstDayOfTheWeek","$v":"1"}]