[{"$i":"clockDateFormat","$v":"%a, %e %b"},{"$i":"deviceIsUnlocked","$v":"قفل دستگاه باز است."},{"$i":"simUnlockCodeAccepted","$v":"کد باز کردن قفل سیم پذیرفته شد"},{"$i":"simUnlockCodeFailed","$v":"باز کردن قفل سيم انجام نشد"},{"$i":"eccOnly","$v":"فقط تماس های اضطراری"},{"$i":"emergencyCallsOnly","$v":"فقط تماس های اضطراری"},{"$i":"lockedSim","$v":"سیم قفل شده"},{"$i":"noService","$v":"بدون سرویس"},{"$i":"noSimCard","$v":"سیم کارت وجود ندارد"},{"$i":"searching","$v":"در حال جستجو..."},{"$i":"airplane-mode","$v":"حالت هواپیما"},{"$i":"bluetooth","$v":"Bluetooth"},{"$i":"brightness","$v":"روشنايی"},{"$i":"calculator","$v":"ماشین حساب"},{"$i":"camera","$v":"دوربين"},{"$i":"cellular-data","$v":"داده تلفن همراه"},{"$i":"confirm-to-uninstall-app","$v":["برنامه ",{"t":"idOrVar","v":"appName"}," حذف شود؟"]},{"$i":"flashlight","$v":"چراغ قوه"},{"$i":"instant-settings","$v":"تنظیمات فوری"},{"$i":"off","$v":"خاموش"},{"$i":"on","$v":"روشن"},{"$i":"shortcuts","$v":"میانبرها"},{"$i":"uninstall","$v":"حذف"},{"$i":"volume","$v":"ميزان صدا"},{"$i":"wifi","$v":"Wi-Fi"},{"$i":"percentage-number","$v":[{"t":"idOrVar","v":"number"},"%"]},{"$i":"all-apps","$v":"همه برنامه ها"},{"$i":"scImei","$v":"IMEI"},{"$i":"scMeid","$v":"MEID"},{"$i":"scUssd","$v":"USSD"},{"$i":"CallFailed","$v":"تماس برقرار نشد"},{"$i":"GenericFailure","$v":"خطاي عمومي"},{"$i":"add-smart-collections","$v":"افزودن مجموعه های هوشمند"},{"$i":"add-to-existing-contact","$v":"افزودن به مخاطب موجود"},{"$i":"alert-for-contacts-without-number","$v":"مخاطبی با شماره تلفن وجود ندارد."},{"$i":"app-title","$v":"برنامه های من"},{"$i":"app-uninstall","$v":[{"t":"idOrVar","v":"name"}," حذف شد"]},{"$i":"assign","$v":"اختصاص دادن"},{"$i":"assign-speed-dial","$v":["مخاطب به عنوان یک شماره گیری سریع بر روی دکمه ",{"t":"idOrVar","v":"n"}," اضافه نشد. اکنون تخصیص داده شود؟"]},{"$i":"assign-voicemail","$v":"شماره پست صوتی تنظیم نشده است."},{"$i":"call","$v":"تماس"},{"$i":"callAirplaneModeMessage","$v":"برای برقراری تماس، لازم است حالت هواپیما را از قسمت تنظیمات غیرفعال کنید."},{"$i":"callAirplaneModeTitle","$v":"حالت هواپیما فعال شد"},{"$i":"cancel","$v":"لغو کردن"},{"$i":"change-wallpaper","$v":"تغییر تصویر زمینه"},{"$i":"clocks-updated","$v":"ساعت ها به روزرسانی شدند"},{"$i":"confirmation","$v":"تأييد"},{"$i":"contacts","$v":"مخاطبین"},{"$i":"create-new-contact","$v":"ایجاد مخاطب جدید"},{"$i":"delete","$v":"حذف"},{"$i":"delete-body","$v":[{"t":"idOrVar","v":"name"}," و تمام داده های آن حذف خواهد شد."]},{"$i":"delete-title","$v":["حذف ",{"t":"idOrVar","v":"name"}]},{"$i":"edit","$v":"ویرایش"},{"$i":"edit-done","$v":"انجام شد"},{"$i":"edit-group-header","$v":"ویرایش گروه"},{"$i":"edit-mode","$v":"ویرایش"},{"$i":"emergency-call-error","$v":[{"t":"idOrVar","v":"number"}," یک شماره اضطراری نیست."]},{"$i":"emergency-call-only","$v":"فقط تماس اضطراری"},{"$i":"emergencyDialogBodyBadNumber","$v":"برای برقراری یک تماس، تلفن باید به یک شبکه وصل باشد."},{"$i":"emergencyDialogBodyDeviceNotAccepted","$v":"تماس های اضطراری از طرف شبکه مجاز نیستند."},{"$i":"emergencyDialogTitle","$v":"بدون اتصال شبکه"},{"$i":"fax-home","$v":"فاکس خانه"},{"$i":"fax-office","$v":"فاکس اداره"},{"$i":"fax-other","$v":"فاکس دیگر"},{"$i":"fdnIsActiveMessage","$v":["FDN (شماره های شماره گیری ثابت) فعال شد و شماره زیر در لیست FDN موجود نیست: ",{"t":"idOrVar","v":"number"}]},{"$i":"fdnIsActiveTitle","$v":"FDN فعال"},{"$i":"gaia-shortcut-app-updated","$v":"برنامه به روزرسانی شد"},{"$i":"grid-view","$v":"نمای شبکه"},{"$i":"home","$v":"صفحه اصلی"},{"$i":"homescreen-settings","$v":"تنظیمات صفحه اصلی"},{"$i":"invalidNumberToDialMessage","$v":"شماره تلفنی که با آن تماس می گیرید معتبر نیست."},{"$i":"invalidNumberToDialTitle","$v":"شماره تلفن نامعتبر"},{"$i":"list-view","$v":"نمای لیست"},{"$i":"longDateFormat","$v":"%A، %B %e"},{"$i":"menu","$v":"منو"},{"$i":"message","$v":"پيام"},{"$i":"mobile","$v":"تلفن همراه"},{"$i":"more","$v":"بيشتر"},{"$i":"move","$v":"انتقال"},{"$i":"notifications","$v":"اعلامیه ها"},{"$i":"numberIsBusyMessage","$v":"شماره در حال حاضر مشغول است. لطفاً بعداً دوباره امتحان کنید."},{"$i":"numberIsBusyTitle","$v":"شماره مشغول است"},{"$i":"ok","$v":"تأیید"},{"$i":"option-remove","$v":"حذف از شماره گیری سریع"},{"$i":"option-replace","$v":"جایگزینی"},{"$i":"options","$v":"گزینه ها"},{"$i":"otherConnectionInUseMessage","$v":"یک تماس فعال در اتصال دیگر دارید. هر بار فقط می توانید از یک اتصال استفاده کنید."},{"$i":"otherConnectionInUseTitle","$v":"اتصال دیگر در حال استفاده است"},{"$i":"personal","$v":"شخصی"},{"$i":"remove","$v":"حذف"},{"$i":"remove-speed-dial","$v":["مطمئنيد می خواهيد ",{"t":"idOrVar","v":"name"}," را از شماره گيری سريع حذف کنيد؟"]},{"$i":"replace","$v":"جایگزینی"},{"$i":"replace-speed-dial","$v":["مطمئنید می خواهید ",{"t":"idOrVar","v":"name"}," را با ",{"t":"idOrVar","v":"subName"}," جایگزین کنید؟"]},{"$i":"resume-download-action","$v":"دانلود"},{"$i":"resume-download-body","$v":["می خواهید ",{"t":"idOrVar","v":"name"}," را دانلود کنید؟"]},{"$i":"resume-download-title","$v":"راه اندازی دانلود"},{"$i":"scCallBarring","$v":"انسداد تماس"},{"$i":"scCallForwarding","$v":"ارسال تماس"},{"$i":"scCallWaiting","$v":"انتظار تماس"},{"$i":"scClip","$v":"شناسه تماس گیرنده ورودی"},{"$i":"scClir","$v":"شناسه تماس گیرنده خروجی"},{"$i":"scPin","$v":"تغییر PIN"},{"$i":"scPin2","$v":"تغيير پين 2"},{"$i":"scPuk","$v":"پين غيرمسدود"},{"$i":"scPuk2","$v":"پين 2 غيرمسدود"},{"$i":"scPwd","$v":"تغییر رمز عبور"},{"$i":"search-or-enter-address","placeholder":"جستجو یا وارد کردن آدرس"},{"$i":"select","$v":"انتخاب"},{"$i":"sending","$v":"در حال ارسال..."},{"$i":"set","$v":"تنظيم"},{"$i":"settings","$v":"تنظیمات"},{"$i":"single-view","$v":"نمای تکی"},{"$i":"skip","$v":"رد شدن"},{"$i":"speed-dial","$v":"شماره گيری سريع"},{"$i":"speed-dial-empty","ariaLabel":[{"t":"idOrVar","v":"order"},"، خالی"]},{"$i":"speed-dial-not-empty","ariaLabel":[{"t":"idOrVar","v":"order"},"، ",{"t":"idOrVar","v":"name"}]},{"$i":"stop-download-action","$v":"توقف"},{"$i":"stop-download-body","$v":"می خواهید دانلود در حال انجام را متوقف کنید؟"},{"$i":"stop-download-title","$v":["توقف ",{"t":"idOrVar","v":"name"}]},{"$i":"tcl-wallpaper-changed","$v":"تصویر زمینه تغییر کرد"},{"$i":"video-call","$v":"تماس ویدیویی"},{"$i":"voicemail","$v":"پست صوتی"},{"$i":"work","$v":"کار"},{"$i":"apps","$v":"برنامه ها"},{"$i":"nocard-eccOnly","$v":"No SIM card-Emergency calls only"},{"$i":"unusablecard-eccOnly","$v":"Unusable SIM card-Emergency calls only"},{"$i":"apn-sim1","$v":"تنظیمات APN - سیم1"},{"$i":"apn-sim2","$v":"تنظیمات APN - سیم2"},{"$i":"apnConfigPrepay","$v":"پیش پرداخت"},{"$i":"apnConfigPostpay","$v":"پس پرداخت"},{"$i":"apn-defaultconfig-message","$v":"نوع APN برای نمایش را انتخاب کنید"},{"$i":"apnDefaultConfig","$v":"پیکربندی پیش فرض APN"},{"$i":"without-sim-new","$v":[{"t":"idOrVar","v":"index"}]},{"$i":"with-sim-new","$v":[{"t":"idOrVar","v":"index"}," - ",{"t":"idOrVar","v":"carrier"}]},{"$i":"sim-with-index-and-carrier","$v":["سیم ",{"t":"idOrVar","v":"index"}," - ",{"t":"idOrVar","v":"carrier"}]},{"$i":"sim-without-carrier","$v":["سیم ",{"t":"idOrVar","v":"index"}]},{"$i":"call-forwarding-voice-after-seconds","$v":["صدا: ",{"t":"idOrVar","v":"voice"}," بعد از ",{"t":"idOrVar","v":"timeSeconds"}," ثانیه"]},{"$i":"addNewNumber","$v":"افزودن شماره جدید"},{"$i":"addToExistingContact","$v":"افزودن به مخاطب موجود"},{"$i":"all","$v":"همه","ariaLabel":"همه"},{"$i":"bluetooth-handsfree-device","$v":"دستگاه هندزفری Bluetooth"},{"$i":"bluetoothOption","ariaLabel":"Bluetooth"},{"$i":"callDurationHours","$v":[{"t":"idOrVar","v":"h"},":",{"t":"idOrVar","v":"m"},":",{"t":"idOrVar","v":"s"}]},{"$i":"callDurationMinutes","$v":[{"t":"idOrVar","v":"m"},":",{"t":"idOrVar","v":"s"}]},{"$i":"callDurationTextFormatHours","$v":[{"t":"idOrVar","v":"h"}," ساعت ",{"t":"idOrVar","v":"m"}," دقیقه ",{"t":"idOrVar","v":"s"}," ثانیه"]},{"$i":"callDurationTextFormatMinutes","$v":[{"t":"idOrVar","v":"m"}," دقیقه ",{"t":"idOrVar","v":"s"}," ثانیه"]},{"$i":"callDurationTextFormatSeconds","$v":[{"t":"idOrVar","v":"s"}," ثانیه"]},{"$i":"callEnded","$v":"تماس پایان یافت"},{"$i":"callInformation","$v":"اطلاعات تماس"},{"$i":"callLog","$v":"آمار تماس"},{"$i":"callLogEdit","title":"ویرایش آمار تماس"},{"$i":"callLogEditDialog","ariaLabel":"کادر گفتگوی ویرایش آمار تماس"},{"$i":"caller-left-call","$v":[{"t":"idOrVar","v":"caller"}," تماس را ترک کرده است."]},{"$i":"calllog-all","$v":"همه"},{"$i":"calllog-deselectAll","$v":"لغو انتخاب همه"},{"$i":"calllog-none","$v":"هيچكدام"},{"$i":"calllog-selectAll","$v":"انتخاب همه"},{"$i":"canceled","$v":"لغو شد"},{"$i":"clear-all-text","$v":"پاک کردن همه متن"},{"$i":"close","$v":"بستن"},{"$i":"composeEmail","ariaLabel":"ایمیل"},{"$i":"conferenceAddError","$v":"نمی توانید تماس ها را ادغام کنید"},{"$i":"conferenceCall","$v":["کنفرانس (",{"t":"idOrVar","v":"n"},")"]},{"$i":"conferenceRemoveError","$v":"نمی توانید تماس ها را لغو ادغام کنید"},{"$i":"confirm-deletion","$v":"پاک کردن تماس های انتخابی؟"},{"$i":"connecting","$v":"در حال اتصال"},{"$i":"connectingEllipsis","$v":"در حال اتصال..."},{"$i":"contactDetails","$v":"جزئیات مخاطب"},{"$i":"createNewContact","$v":"ایجاد مخاطب جدید"},{"$i":"delete-n-log?","$v":{"few":["حذف ",{"t":"idOrVar","v":"n"}," آمار؟"],"many":["حذف ",{"t":"idOrVar","v":"n"}," آمار؟"],"one":"حذف آمار انتخابی؟","other":["حذف ",{"t":"idOrVar","v":"n"}," آمار؟"],"two":["حذف ",{"t":"idOrVar","v":"n"}," آمار؟"],"zero":"موردی انتخاب نشد"},"$x":[{"t":"idOrVar","v":"plural"},"n"]},{"$i":"deselect","$v":"عدم انتخاب"},{"$i":"dialed","$v":"شماره گیری شد"},{"$i":"dialer-prompt","$v":"شماره را شماره گیری کرده یا مخاطب را برای افزودن به تماس انتخاب کنید"},{"$i":"dialerAddContact","ariaLabel":"افزودن مخاطب"},{"$i":"dialerAddContactDialog","ariaLabel":"افزودن گفتگوی مخاطب"},{"$i":"edit-selected","$v":{"few":["(",{"t":"idOrVar","v":"n"},") انتخابی"],"many":["(",{"t":"idOrVar","v":"n"},") انتخابی"],"one":["(",{"t":"idOrVar","v":"n"},") انتخابی"],"other":["(",{"t":"idOrVar","v":"n"},") انتخابی"],"two":["(",{"t":"idOrVar","v":"n"},") انتخابی"]},"$x":[{"t":"idOrVar","v":"plural"},"n"]},{"$i":"emailDetail","ariaLabel":"ایمیل"},{"$i":"from-contact","$v":["از ",{"t":"idOrVar","v":"contact"}]},{"$i":"from-number","$v":["از ",{"t":"idOrVar","v":"number"}]},{"$i":"from-withheld-number","$v":"از شماره ناشناس"},{"$i":"hangup-a11y-button","ariaLabel":"پايان تماس"},{"$i":"hide","$v":"مخفی کردن"},{"$i":"hideKeypad","ariaLabel":"مخفی کرد صفحه کلید"},{"$i":"hold","ariaLabel":"منتظر گذاشتن"},{"$i":"hours","$v":"ساعت"},{"$i":"ignore","$v":"نادیده گرفتن تماس"},{"$i":"incoming","$v":"ورودی"},{"$i":"incoming-call","$v":"تماس ورودی"},{"$i":"info-missed","$v":"بی پاسخ"},{"$i":"keypad","ariaLabel":"صفحه کليد"},{"$i":"log-item","$v":"گزینه ها"},{"$i":"makeCall","ariaLabel":"برقراری تماس"},{"$i":"merge","ariaLabel":"ادغام"},{"$i":"minutes","$v":"دقايق"},{"$i":"missed","$v":"بی پاسخ","ariaLabel":"بی پاسخ"},{"$i":"missedCall","$v":"تماس بی پاسخ"},{"$i":"missedCallMultiSims","$v":["(سیم ",{"t":"idOrVar","v":"n"},") تماس بی پاسخ"]},{"$i":"mmi-error","$v":"هنگام ارسال پیام خطایی روی داد"},{"$i":"mmi-notification-title-with-sim","$v":["(",{"t":"idOrVar","v":"sim"},") ",{"t":"idOrVar","v":"title"}]},{"$i":"mmi-session-expired","$v":"جلسه منقضی شد"},{"$i":"mmi-successfully-sent","$v":"پیام ارسال شد"},{"$i":"mute","ariaLabel":"بیصدا"},{"$i":"newCall","ariaLabel":"تماس جدید"},{"$i":"no-logs-msg-1","$v":"هیچ تماسی ضبط نشد"},{"$i":"no-logs-msg-2","$v":"ارتباط اكنون شروع می شود"},{"$i":"no-logs-msg-3","$v":"هیچ تماسی ضبط نشد"},{"$i":"no-logs-msg-4","$v":"ارتباط اكنون شروع می شود"},{"$i":"no-recent-numbers","$v":"شماره اخیری در آمار تماس برای شماره گیری موجود نیست."},{"$i":"onHoldOption","ariaLabel":"حالت انتظار"},{"$i":"outgoing","$v":"خروجی"},{"$i":"outgoing-call","$v":"تماس خروجی"},{"$i":"phoneDetail","ariaLabel":"تلفن"},{"$i":"pickup-a11y-button","ariaLabel":"بلند کردن"},{"$i":"received","$v":"دریافت شد"},{"$i":"receiver","$v":"دریافت کننده"},{"$i":"recents","ariaLabel":"تماس های اخیر"},{"$i":"reply","$v":"پاسخ"},{"$i":"resume","$v":"ازسرگیری","ariaLabel":"ازسرگیری"},{"$i":"search-results","$v":"نتایج جستجو"},{"$i":"seconds","$v":"ثانيه"},{"$i":"select-audio-sources","$v":"انتخاب منابع صدا"},{"$i":"send","$v":"ارسال"},{"$i":"send-sms-button","ariaLabel":"SMS"},{"$i":"sendSms","$v":"ارسال پيام"},{"$i":"separator","$v":"،"},{"$i":"sim-number","$v":["سیم",{"t":"idOrVar","v":"n"}]},{"$i":"speaker","$v":"بلندگو"},{"$i":"speakerOption","ariaLabel":"بلندگو"},{"$i":"suggestionMatches","$v":{"few":[{"t":"idOrVar","v":"n"}," انطباق برای \"",{"t":"idOrVar","v":"matchNumber"}],"many":[{"t":"idOrVar","v":"n"}," انطباق برای \"",{"t":"idOrVar","v":"matchNumber"}],"one":[{"t":"idOrVar","v":"n"}," انطباق برای \"",{"t":"idOrVar","v":"matchNumber"}],"other":[{"t":"idOrVar","v":"n"}," انطباق برای \"",{"t":"idOrVar","v":"matchNumber"}],"two":[{"t":"idOrVar","v":"n"}," انطباق برای \"",{"t":"idOrVar","v":"matchNumber"}]},"$x":[{"t":"idOrVar","v":"plural"},"n"]},{"$i":"switch-calls","$v":"تغییر تماس ها"},{"$i":"tcl-assign","$v":"اختصاص دادن"},{"$i":"tcl-assign-speed-dial","$v":{"$o":["مخاطب به عنوان یک شماره گیری سریع بر روی دکمه \"",{"t":"idOrVar","v":"speedDial"},"\" اضافه نشد<br><br>اکنون تخصیص داده شود؟"]}},{"$i":"tcl-call-log-delete-group-notification","$v":[{"t":"idOrVar","v":"n"}," ورودی حذف شد"]},{"$i":"tcl-calllog-entry-removed-err-notification","$v":"نمی توانید ورودی آمار تماس را حذف کنید"},{"$i":"tcl-calllog-entry-removed-succ-notification","$v":"ورودی آمار تماس حذف شد"},{"$i":"tcl-cancel","$v":"لغو کردن"},{"$i":"tcl-confirmation","$v":"تأييد"},{"$i":"tcl-delete-log","$v":"مطمئنید می خواهید ورودی های انتخابی را از آمار تماس حذف کنید؟"},{"$i":"tcl-dialer","$v":"شماره گیر"},{"$i":"tcl-edit-not-selected","$v":"انتخاب شده(0)"},{"$i":"tcl-option-menu-call-log-edit","$v":"ویرایش آمار تماس"},{"$i":"today","$v":"امروز"},{"$i":"toggleKeypad","ariaLabel":"تغییر صفحه کلید"},{"$i":"type-your-response","placeholder":"پاسخ خود را تایپ کنید..."},{"$i":"unknown","$v":"ناشناخته"},{"$i":"unlock-a11y-button","ariaLabel":"لغزنده"},{"$i":"ussd-services","$v":["سرویس های ",{"t":"idOrVar","v":"operator"}]},{"$i":"via-sim","$v":["از طریق سیم ",{"t":"idOrVar","v":"n"}]},{"$i":"view-all","$v":"مشاهده همه"},{"$i":"wifi-calling","$v":"تماس Wi-Fi"},{"$i":"withheld-number","$v":"ناشناخته"},{"$i":"yesterday","$v":"ديروز"},{"$i":"SimPin2","$v":"پين2 سیم کارت"},{"$i":"SimPuk2","$v":"PUK2 سیم"},{"$i":"serviceClassFax","$v":"فاکس"},{"$i":"serviceClassPad","$v":"PAD"},{"$i":"serviceClassSms","$v":"SMS"},{"$i":"DialModifiedToDial","$v":"Dial modified to dial"},{"$i":"DialModifiedToSs","$v":"Dial modified to SS"},{"$i":"DialModifiedToUssd","$v":"Dial modified to USSD"},{"$i":"FdnCheckFailure","$v":"بررسی Fdn انجام نشد"},{"$i":"IllegalSimOrMe","$v":"ME یا سیم غیرقانونی"},{"$i":"InvalidParameter","$v":"پارامتر نامعتبر"},{"$i":"ModeNotSupported","$v":"حالت پشتیبانی نمی شود"},{"$i":"OpNotAllowedDuringVoiceCall","$v":"عملکرد در طول تماس صوتی مجاز نیست"},{"$i":"PasswordIncorrect","$v":"رمز عبور نادرست است"},{"$i":"RadioNotAvailable","$v":"Radio not available"},{"$i":"RejectedByRemote","$v":"از راه دور رد شد"},{"$i":"RequestNotSupported","$v":"درخواست پشتیبانی نمی شود"},{"$i":"ServiceIsDisabled","$v":"سرويس غيرفعال است"},{"$i":"ServiceIsEnabled","$v":"سرويس فعال است"},{"$i":"ServiceIsEnabledFor","$v":"سرویس فعال شد برای:"},{"$i":"SimAbsent","$v":"نبود سیم"},{"$i":"SmsSendFailRetry","$v":"SMS ارسال نشد دوباره امتحان کنید"},{"$i":"SsModifiedToDial","$v":"SS به شماره گیری تغییر کرد"},{"$i":"SsModifiedToSs","$v":"SS به SS تغییر کرد"},{"$i":"SsModifiedToUssd","$v":"SS به USSD تغییر کرد"},{"$i":"SubscriptionNotAvailable","$v":"اشتراک موجود نیست"},{"$i":"SubscriptionNotSupported","$v":"اشتراک پشتیبانی نمی شود"},{"$i":"UssdModifiedToDial","$v":"USSD به شماره گیری تغییر کرد"},{"$i":"UssdModifiedToSs","$v":"USSD به SS تغییر کرد"},{"$i":"UssdModifiedToUssd","$v":"USSD به USSD تغییر کرد"},{"$i":"call-forwarding-async","$v":["ناهمگام: ",{"t":"idOrVar","v":"async"}]},{"$i":"call-forwarding-data","$v":["داده: ",{"t":"idOrVar","v":"data"}]},{"$i":"call-forwarding-error","$v":"هنگام بازیابی وضعیت ارسال تماس خطایی روی داد"},{"$i":"call-forwarding-fax","$v":["فاکس: ",{"t":"idOrVar","v":"fax"}]},{"$i":"call-forwarding-inactive","$v":"غیرفعال"},{"$i":"call-forwarding-packet","$v":["بسته: ",{"t":"idOrVar","v":"packet"}]},{"$i":"call-forwarding-pad","$v":["PAD: ",{"t":"idOrVar","v":"‏pad"}]},{"$i":"call-forwarding-sms","$v":["SMS: ",{"t":"idOrVar","v":"‏sms"}]},{"$i":"call-forwarding-status","$v":"وضعیت ارسال تماس"},{"$i":"call-forwarding-sync","$v":["همگام: ",{"t":"idOrVar","v":"sync"}]},{"$i":"call-forwarding-voice","$v":["صدا: ",{"t":"idOrVar","v":"voice"}]},{"$i":"emMmiError","$v":"در اتصال مشکل وجود دارد یا کد MMI نامعتبر است"},{"$i":"emMmiErrorBadPin","$v":"پین قدیمی که شما وارد کردید نادرست است."},{"$i":"emMmiErrorBadPuk","$v":"PUK که شما وارد کردید نادرست است"},{"$i":"emMmiErrorEnablePin","$v":"انجام نشد. قفل سیم کارت/RUIM را فعال کنید"},{"$i":"emMmiErrorInvalidAction","$v":"عملکرد نامعتبر"},{"$i":"emMmiErrorInvalidPin","$v":"یک پین شامل 4 تا 8 عدد تایپ کنید"},{"$i":"emMmiErrorInvalidScCode","$v":"کد سرویس نامعتبر"},{"$i":"emMmiErrorMismatchPin","$v":"پین هایی که تایپ کردید با هم مطابقت ندارند"},{"$i":"emMmiErrorMmiFdn","$v":"عملکرد فقط به شماره های شماره گیری ثابت محدود می شود"},{"$i":"emMmiErrorNeedPuk2","$v":"برای باز کردن قفل سیم کارت، PUK2 را تایپ کنید"},{"$i":"emMmiErrorNeedsPuk","$v":"سیم کارت با PUK قفل شده است"},{"$i":"emMmiErrorNotSupported","$v":"کد MMI نامعتبر یا پشتیبانی نشده"},{"$i":"emMmiErrorPasswordIncorrect","$v":"رمز عبور نادرست"},{"$i":"emMmiErrorPinPukAttempts","$v":{"few":[{"t":"idOrVar","v":"n"}," امتحان مجدد باقی است"],"many":[{"t":"idOrVar","v":"n"}," امتحان مجدد باقی است"],"one":["فقط ",{"t":"idOrVar","v":"n"}," امتحان مجدد باقی است"],"other":[{"t":"idOrVar","v":"n"}," امتحان مجدد باقی است"],"two":[{"t":"idOrVar","v":"n"}," امتحان مجدد باقی است"]},"$x":[{"t":"idOrVar","v":"plural"},"n"]},{"$i":"emMmiErrorSimBlocked","$v":"از حداکثر امتحان مجدد بیشتر شده است. سیم مسدود شد."},{"$i":"emMmiErrorStkCcSsDial","$v":"درخواست SS به درخواست DIAL تغيير کرد"},{"$i":"emMmiErrorStkCcSsSs","$v":"درخواست SS به درخواست SS جديد تغيير کرد"},{"$i":"emMmiErrorStkCcSsUssd","$v":"درخواست SS به درخواست USSD تغيير کرد"},{"$i":"emMmiErrorStkCcUssdDial","$v":"درخواست USSD به درخواست DIAL تغيير کرد"},{"$i":"emMmiErrorStkCcUssdSs","$v":"درخواست USSD به درخواست SS تغيير کرد"},{"$i":"emMmiErrorStkCcUssdUssd","$v":"درخواست USSD به درخواست USSD جديد تغيير کرد."},{"$i":"fihVersion","$v":"نسخه FIH"},{"$i":"imeiAndSvn","$v":"IMEI و SVN"},{"$i":"internalVersion","$v":"نسخه داخلی"},{"$i":"serviceClassData","$v":"داده"},{"$i":"serviceClassDataAsync","$v":"غیر همگام سازی"},{"$i":"serviceClassDataSync","$v":"همگام سازی"},{"$i":"serviceClassPacket","$v":"بسته"},{"$i":"serviceClassVoice","$v":"صدا"},{"$i":"smClirDefaultOffNextCallOff","$v":"پیش فرض شناسه تماس گیرنده محدود نشد. تماس بعدی: آزاد"},{"$i":"smClirDefaultOffNextCallOn","$v":"پیش فرض شناسه تماس گیرنده محدود نشد. تماس بعدی: محدود"},{"$i":"smClirDefaultOnNextCallOff","$v":"پیش فرض شناسه تماس گیرنده محدود شد. تماس بعدی: آزاد"},{"$i":"smClirDefaultOnNextCallOn","$v":"پیش فرض شناسه تماس گیرنده محدود شد. تماس بعدی: محدود"},{"$i":"smClirPermanent","$v":"شما نمی توانید تنظیم شناسه تماس گیرنده را تغییر دهید"},{"$i":"smPin2Changed","$v":"پین2 تغيير يافت"},{"$i":"smPin2Unblocked","$v":"پین2 غیرمسدود شد"},{"$i":"smPinChanged","$v":"پین تغيير يافت"},{"$i":"smPinUnblocked","$v":"پین غیرمسدود شد"},{"$i":"smServiceDisabled","$v":"سرویس غیر فعال شده است"},{"$i":"smServiceEnabled","$v":"سرویس فعال شد"},{"$i":"smServiceEnabledFor","$v":"سرویس فعال شد برای:"},{"$i":"smServiceErased","$v":"پاک کردن انجام شد"},{"$i":"smServiceInterrogated","$v":"پاک کردن انجام شد"},{"$i":"smServiceNotProvisioned","$v":"سرویس ارائه نشده است"},{"$i":"smServiceRegistered","$v":"محدودیت انجام شد"},{"$i":"another","$v":"دیگر"},{"$i":"current","$v":"فعلی"},{"$i":"customTag","$v":"برچسب سفارشی","placeholder":"برچسب سفارشی"},{"$i":"faxHome","$v":"فاکس خانه"},{"$i":"faxOffice","$v":"فاکس اداره"},{"$i":"faxOther","$v":"فاکس دیگر"},{"$i":"itemWithLabel","$v":[{"t":"idOrVar","v":"label"},"، ",{"t":"idOrVar","v":"item"}]},{"$i":"label","$v":"برچسب"},{"$i":"other","$v":"مورد دیگر"},{"$i":"tcl-customTag","$v":"برچسب سفارشی"},{"$i":"dateTimeFormat_%c","$v":"%a %b %e %Y %I:%M:%S %p"},{"$i":"dateTimeFormat_%x","$v":"%m/%d/%Y"},{"$i":"days-ago-long","$v":{"few":[{"t":"idOrVar","v":"value"}," روز قبل"],"many":[{"t":"idOrVar","v":"value"}," روز قبل"],"one":"دیروز","other":[{"t":"idOrVar","v":"value"}," روز قبل"],"two":[{"t":"idOrVar","v":"value"}," روز قبل"],"zero":"امروز"},"$x":[{"t":"idOrVar","v":"plural"},"value"]},{"$i":"days-ago-short","$v":{"other":[{"t":"idOrVar","v":"value"}," روز قبل"],"zero":"امروز"},"$x":[{"t":"idOrVar","v":"plural"},"value"]},{"$i":"days-until-long","$v":{"few":["در ",{"t":"idOrVar","v":"value"}," روز"],"many":["در ",{"t":"idOrVar","v":"value"}," روز"],"one":"فردا","other":["در ",{"t":"idOrVar","v":"value"}," روز"],"two":["در ",{"t":"idOrVar","v":"value"}," روز"],"zero":"امروز"},"$x":[{"t":"idOrVar","v":"plural"},"value"]},{"$i":"days-until-short","$v":{"other":"در {value}} روز","zero":"امروز"},"$x":[{"t":"idOrVar","v":"plural"},"value"]},{"$i":"hours-ago-long","$v":{"few":[{"t":"idOrVar","v":"value"}," ساعت قبل"],"many":[{"t":"idOrVar","v":"value"}," ساعت قبل"],"one":"یک ساعت قبل","other":[{"t":"idOrVar","v":"value"}," ساعت قبل"],"two":[{"t":"idOrVar","v":"value"}," ساعت قبل"],"zero":"درست اکنون"},"$x":[{"t":"idOrVar","v":"plural"},"value"]},{"$i":"hours-ago-short","$v":{"other":[{"t":"idOrVar","v":"value"}," ساعت قبل"],"zero":"درست اکنون"},"$x":[{"t":"idOrVar","v":"plural"},"value"]},{"$i":"hours-until-long","$v":{"few":"در {value}} ساعت","many":"در {value}} ساعت","one":"در یک ساعت","other":"در {value}} ساعت","two":"در {value}} ساعت","zero":"اکنون"},"$x":[{"t":"idOrVar","v":"plural"},"value"]},{"$i":"hours-until-short","$v":{"other":"در {value}} ساعت","zero":"اکنون"},"$x":[{"t":"idOrVar","v":"plural"},"value"]},{"$i":"incorrectDate","$v":"(تاریخ نادرست)"},{"$i":"minutes-ago-long","$v":{"few":[{"t":"idOrVar","v":"value"}," دقیقه قبل"],"many":[{"t":"idOrVar","v":"value"}," دقیقه قبل"],"one":"یک دقيقه قبل","other":[{"t":"idOrVar","v":"value"}," دقیقه قبل"],"two":[{"t":"idOrVar","v":"value"}," دقیقه قبل"],"zero":"درست اکنون"},"$x":[{"t":"idOrVar","v":"plural"},"value"]},{"$i":"minutes-ago-short","$v":{"other":[{"t":"idOrVar","v":"value"},"دقیقه قبل"],"zero":"درست اکنون"},"$x":[{"t":"idOrVar","v":"plural"},"value"]},{"$i":"minutes-until-long","$v":{"few":"در {value}} دقیقه","many":"در {value}} دقیقه","one":"در یک دقیقه","other":"در {value}} دقیقه","two":"در {value}} دقیقه","zero":"اکنون"},"$x":[{"t":"idOrVar","v":"plural"},"value"]},{"$i":"minutes-until-short","$v":{"other":"در {value}} دقیقه","zero":"اکنون"},"$x":[{"t":"idOrVar","v":"plural"},"value"]},{"$i":"month-0-genitive","$v":"ژانویه"},{"$i":"month-0-long","$v":"ژانویه"},{"$i":"month-0-short","$v":"ژانويه"},{"$i":"month-1-genitive","$v":"فوریه"},{"$i":"month-1-long","$v":"فوریه"},{"$i":"month-1-short","$v":"فوريه"},{"$i":"month-10-genitive","$v":"نوامبر"},{"$i":"month-10-long","$v":"نوامبر"},{"$i":"month-10-short","$v":"نوامبر"},{"$i":"month-11-genitive","$v":"دسامبر"},{"$i":"month-11-long","$v":"دسامبر"},{"$i":"month-11-short","$v":"دسامبر"},{"$i":"month-2-genitive","$v":"مارس"},{"$i":"month-2-long","$v":"مارس"},{"$i":"month-2-short","$v":"مارس"},{"$i":"month-3-genitive","$v":"آوریل"},{"$i":"month-3-long","$v":"آوریل"},{"$i":"month-3-short","$v":"آوريل"},{"$i":"month-4-genitive","$v":"مه"},{"$i":"month-4-long","$v":"مه"},{"$i":"month-4-short","$v":"مه"},{"$i":"month-5-genitive","$v":"ژوئن"},{"$i":"month-5-long","$v":"ژوئن"},{"$i":"month-5-short","$v":"ژوئن"},{"$i":"month-6-genitive","$v":"ژوئیه"},{"$i":"month-6-long","$v":"ژوئیه"},{"$i":"month-6-short","$v":"ژوئيه"},{"$i":"month-7-genitive","$v":"اوت"},{"$i":"month-7-long","$v":"اوت"},{"$i":"month-7-short","$v":"اوت"},{"$i":"month-8-genitive","$v":"سپتامبر"},{"$i":"month-8-long","$v":"سپتامبر"},{"$i":"month-8-short","$v":"سپتامبر"},{"$i":"month-9-genitive","$v":"اکتبر"},{"$i":"month-9-long","$v":"اکتبر"},{"$i":"month-9-short","$v":"اكتبر"},{"$i":"months-ago-long","$v":{"few":[{"t":"idOrVar","v":"value"}," ماه قبل"],"many":[{"t":"idOrVar","v":"value"}," ماه قبل"],"one":"ماه قبل","other":[{"t":"idOrVar","v":"value"}," ماه قبل"],"two":[{"t":"idOrVar","v":"value"}," ماه قبل"],"zero":"این ماه"},"$x":[{"t":"idOrVar","v":"plural"},"value"]},{"$i":"months-until-long","$v":{"few":["در ",{"t":"idOrVar","v":"value"}," ماه"],"many":["در ",{"t":"idOrVar","v":"value"}," ماه"],"one":"ماه بعد","other":["در ",{"t":"idOrVar","v":"value"}," ماه"],"two":["در ",{"t":"idOrVar","v":"value"}," ماه"],"zero":"این ماه"},"$x":[{"t":"idOrVar","v":"plural"},"value"]},{"$i":"shortDateTimeFormat","$v":"%x %I:%M %p"},{"$i":"shortTimeFormat","$v":"%I:%M %p"},{"$i":"shortTimeFormat12","$v":"%I:%M %p"},{"$i":"shortTimeFormat24","$v":"%H:%M"},{"$i":"time_am","$v":"ب.ظ"},{"$i":"time_pm","$v":"ق.ظ"},{"$i":"weekday-0-long","$v":"يكشنبه"},{"$i":"weekday-0-short","$v":"یکشنبه"},{"$i":"weekday-1-long","$v":"دوشنبه"},{"$i":"weekday-1-short","$v":"دوشنبه"},{"$i":"weekday-2-long","$v":"سه شنبه"},{"$i":"weekday-2-short","$v":"سه شنبه"},{"$i":"weekday-3-long","$v":"چهارشنبه"},{"$i":"weekday-3-short","$v":"چهارشنبه"},{"$i":"weekday-4-long","$v":"پنج شنبه"},{"$i":"weekday-4-short","$v":"پنج شنبه"},{"$i":"weekday-5-long","$v":"جمعه"},{"$i":"weekday-5-short","$v":"جمعه"},{"$i":"weekday-6-long","$v":"شنبه"},{"$i":"weekday-6-short","$v":"شنبه"},{"$i":"weeks-ago-long","$v":{"few":[{"t":"idOrVar","v":"value"}," هفته قبل"],"many":[{"t":"idOrVar","v":"value"}," هفته قبل"],"one":"هفته قبل","other":[{"t":"idOrVar","v":"value"}," هفته قبل"],"two":[{"t":"idOrVar","v":"value"}," هفته قبل"],"zero":"این هفته"},"$x":[{"t":"idOrVar","v":"plural"},"value"]},{"$i":"weeks-until-long","$v":{"few":["در ",{"t":"idOrVar","v":"value"}," هفته"],"many":["در ",{"t":"idOrVar","v":"value"}," هفته"],"one":"هفته بعد","other":["در ",{"t":"idOrVar","v":"value"}," هفته"],"two":["در ",{"t":"idOrVar","v":"value"}," هفته"],"zero":"این هفته"},"$x":[{"t":"idOrVar","v":"plural"},"value"]},{"$i":"years-ago-long","$v":{"few":[{"t":"idOrVar","v":"value"}," سال قبل"],"many":[{"t":"idOrVar","v":"value"}," سال قبل"],"one":"سال قبل","other":[{"t":"idOrVar","v":"value"}," سال قبل"],"two":[{"t":"idOrVar","v":"value"}," سال قبل"],"zero":"امسال"},"$x":[{"t":"idOrVar","v":"plural"},"value"]},{"$i":"years-until-long","$v":{"few":["در ",{"t":"idOrVar","v":"value"}," سال"],"many":["در ",{"t":"idOrVar","v":"value"}," سال"],"one":"سال بعد","other":["در ",{"t":"idOrVar","v":"value"}," سال"],"two":["در ",{"t":"idOrVar","v":"value"}," سال"],"zero":"امسال"},"$x":[{"t":"idOrVar","v":"plural"},"value"]},{"$i":"dateTimeFormat_%X","$v":"%I:%M:%S %p"},{"$i":"weekStartsOnMonday","$v":"0"},{"$i":"firstDayOfTheWeek","$v":"0"}]