[{"$i":"clockDateFormat","$v":"%a, %e %b"},{"$i":"deviceIsUnlocked","$v":"Laitteen lukitus on poistettu"},{"$i":"simUnlockCodeAccepted","$v":"SIM-kortin avauskoodi on hyväksytty"},{"$i":"simUnlockCodeFailed","$v":"SIM-kortin lukituksen poisto onnistui"},{"$i":"eccOnly","$v":"Vain hätäpuhelut"},{"$i":"emergencyCallsOnly","$v":"Vain hätäpuhelut"},{"$i":"lockedSim","$v":"Lukittu SIM"},{"$i":"noService","$v":"Ei palvelua"},{"$i":"noSimCard","$v":"Ei SIM-korttia"},{"$i":"searching","$v":"Haetaan..."},{"$i":"airplane-mode","$v":"Lentotila"},{"$i":"bluetooth","$v":"Bluetooth"},{"$i":"brightness","$v":"Kirkkaus"},{"$i":"calculator","$v":"Laskin"},{"$i":"camera","$v":"Kamera"},{"$i":"cellular-data","$v":"Mobiilitiedonsiirto"},{"$i":"confirm-to-uninstall-app","$v":["Poistetaanko sovelluksen ",{"t":"idOrVar","v":"appName"}," asennus?"]},{"$i":"flashlight","$v":"Taskulamppu"},{"$i":"instant-settings","$v":"pika-asetukset"},{"$i":"off","$v":"Ei käytössä"},{"$i":"on","$v":"Käytössä"},{"$i":"shortcuts","$v":"Pikavalinnat"},{"$i":"uninstall","$v":"Poista asennus"},{"$i":"volume","$v":"Äänenvoim."},{"$i":"wifi","$v":"WLAN"},{"$i":"percentage-number","$v":[{"t":"idOrVar","v":"number"}," %"]},{"$i":"all-apps","$v":"Kaikki sovellukset"},{"$i":"scImei","$v":"IMEI"},{"$i":"scMeid","$v":"MEID"},{"$i":"scUssd","$v":"USSD"},{"$i":"CallFailed","$v":"Puhelu epäonnistui"},{"$i":"GenericFailure","$v":"Yleinen virhe"},{"$i":"add-smart-collections","$v":"Lisää älykkäitä kokoelmia"},{"$i":"add-to-existing-contact","$v":"Lisää nykyiseen yhteystietoon"},{"$i":"alert-for-contacts-without-number","$v":"Puhelinnumerollisia yhteystietoja ei ole."},{"$i":"app-title","$v":"Omat sovellukset"},{"$i":"app-uninstall","$v":["Kohteen ",{"t":"idOrVar","v":"name"}," asennus poistettiin"]},{"$i":"assign","$v":"Valitse"},{"$i":"assign-speed-dial","$v":["Yhteystietoa ei lisätty pikavalinnaksi painikkeeseen \"",{"t":"idOrVar","v":"n"},"\". Määritetäänkö nyt?"]},{"$i":"assign-voicemail","$v":"Vastaajapalvelun numeroa ei ole asetettu."},{"$i":"call","$v":"Puhelu"},{"$i":"callAirplaneModeMessage","$v":"Sinun on otettava lentotila pois päältä asetuksissa, jotta voit soittaa puhelun."},{"$i":"callAirplaneModeTitle","$v":"Lentotila aktivoitu"},{"$i":"cancel","$v":"Peruuta"},{"$i":"change-wallpaper","$v":"Vaihda taustakuvaa"},{"$i":"clocks-updated","$v":"Kellot päivitetty"},{"$i":"confirmation","$v":"Vahvistus"},{"$i":"contacts","$v":"Osoitekirja"},{"$i":"create-new-contact","$v":"Luo uusi yht.tieto"},{"$i":"delete","$v":"Poista"},{"$i":"delete-body","$v":[{"t":"idOrVar","v":"name"}," ja kaikki sen tiedot poistetaan."]},{"$i":"delete-title","$v":["Poista ",{"t":"idOrVar","v":"name"}]},{"$i":"edit","$v":"Muokkaa"},{"$i":"edit-done","$v":"Valmis"},{"$i":"edit-group-header","$v":"Muokkaa ryhmää"},{"$i":"edit-mode","$v":"Muokkaa"},{"$i":"emergency-call-error","$v":[{"t":"idOrVar","v":"number"}," ei ole hätänumero."]},{"$i":"emergency-call-only","$v":"Vain hätäpuhelut"},{"$i":"emergencyDialogBodyBadNumber","$v":"Puhelin on kytkettävä verkkoon, jotta voit soittaa puhelun."},{"$i":"emergencyDialogBodyDeviceNotAccepted","$v":"Verkko ei salli hätäpuheluja."},{"$i":"emergencyDialogTitle","$v":"Ei verkkoyhteyttä"},{"$i":"fax-home","$v":"Kotifaksi"},{"$i":"fax-office","$v":"Työfaksi"},{"$i":"fax-other","$v":"Muu faksi"},{"$i":"fdnIsActiveMessage","$v":["FDN (sallitut numerot) on otettu käyttöön, eikä seuraava numero ole FDN-listallasi: ",{"t":"idOrVar","v":"number"}]},{"$i":"fdnIsActiveTitle","$v":"FDN aktiivinen"},{"$i":"gaia-shortcut-app-updated","$v":"Sovellus päivitettiin"},{"$i":"grid-view","$v":"Ruudukkonäkymä"},{"$i":"home","$v":"Koti"},{"$i":"homescreen-settings","$v":"Aloitusnäytön asetukset"},{"$i":"invalidNumberToDialMessage","$v":"Soitat puhelinnumeroon, joka ei ole kelvollinen."},{"$i":"invalidNumberToDialTitle","$v":"Puhelinnumero ei kelpaa"},{"$i":"list-view","$v":"Luettelonäkymä"},{"$i":"longDateFormat","$v":"%A, %B %e"},{"$i":"menu","$v":"Valikko"},{"$i":"message","$v":"Viesti"},{"$i":"mobile","$v":"Matkapuhelin"},{"$i":"more","$v":"Lisää"},{"$i":"move","$v":"Siirrä"},{"$i":"notifications","$v":"Ilmoitukset"},{"$i":"numberIsBusyMessage","$v":"Numero on tällä hetkellä varattu. Yritä uudelleen myöhemmin."},{"$i":"numberIsBusyTitle","$v":"Numero on varattu"},{"$i":"ok","$v":"OK"},{"$i":"option-remove","$v":"Poista pikavalinnoista"},{"$i":"option-replace","$v":"Korvaa"},{"$i":"options","$v":"Valinnat"},{"$i":"otherConnectionInUseMessage","$v":"Sinulla on aktiivinen puhelu toisessa yhteydessä. Voit käyttää vain yhtä yhteyttä kerrallaan."},{"$i":"otherConnectionInUseTitle","$v":"Muu yhteys käytössä"},{"$i":"personal","$v":"Henkilökohtainen"},{"$i":"remove","$v":"Poista"},{"$i":"remove-speed-dial","$v":["Haluatko varmasti poistaa kohteen ",{"t":"idOrVar","v":"name"}," pikavalinnoista?"]},{"$i":"replace","$v":"Korvaa"},{"$i":"replace-speed-dial","$v":["Haluatko varmasti korvata kohteen ",{"t":"idOrVar","v":"name"}," kohteella ",{"t":"idOrVar","v":"subName"},"?"]},{"$i":"resume-download-action","$v":"Lataa"},{"$i":"resume-download-body","$v":["Haluatko ladata kohteen ",{"t":"idOrVar","v":"name"},"?"]},{"$i":"resume-download-title","$v":"Käynnistä lataus uudelleen"},{"$i":"scCallBarring","$v":"Puhelunesto"},{"$i":"scCallForwarding","$v":"Soitonsiirto"},{"$i":"scCallWaiting","$v":"Koputuspalvelu"},{"$i":"scClip","$v":"Saapuva puhelun numeron lähetys"},{"$i":"scClir","$v":"Lähtevän puhelun numerotieto"},{"$i":"scPin","$v":"PIN-koodin vaihto"},{"$i":"scPin2","$v":"PIN2-koodin vaihto"},{"$i":"scPuk","$v":"Avaa PIN-lukitus"},{"$i":"scPuk2","$v":"Avaa PIN2-lukitus"},{"$i":"scPwd","$v":"Salasanan vaihto"},{"$i":"search-or-enter-address","placeholder":"Hae tai anna osoite"},{"$i":"select","$v":"Valitse"},{"$i":"sending","$v":"Lähetetään…"},{"$i":"set","$v":"Aseta"},{"$i":"settings","$v":"Asetukset"},{"$i":"single-view","$v":"Yksittäisnäkymä"},{"$i":"skip","$v":"Ohita"},{"$i":"speed-dial","$v":"Pikavalinta"},{"$i":"speed-dial-empty","ariaLabel":[{"t":"idOrVar","v":"order"},", tyhjä"]},{"$i":"speed-dial-not-empty","ariaLabel":[{"t":"idOrVar","v":"order"},", ",{"t":"idOrVar","v":"name"}]},{"$i":"stop-download-action","$v":"Lopeta"},{"$i":"stop-download-body","$v":"Haluatko pysäyttää käynnissä olevan latauksen?"},{"$i":"stop-download-title","$v":["Lopeta ",{"t":"idOrVar","v":"name"}]},{"$i":"tcl-wallpaper-changed","$v":"Taustakuva vaihdettu"},{"$i":"video-call","$v":"Videopuhelu"},{"$i":"voicemail","$v":"Vastaaja"},{"$i":"work","$v":"Työ"},{"$i":"apps","$v":"Sovellukset"},{"$i":"nocard-eccOnly","$v":"No SIM card-Emergency calls only"},{"$i":"unusablecard-eccOnly","$v":"Unusable SIM card-Emergency calls only"},{"$i":"apn-sim1","$v":"APN-asetukset - SIM1"},{"$i":"apn-sim2","$v":"APN-asetukset - SIM2"},{"$i":"apnConfigPrepay","$v":"Prepay"},{"$i":"apnConfigPostpay","$v":"Laskutus"},{"$i":"apn-defaultconfig-message","$v":"Näytä, minkätyyppinen APN näkyy"},{"$i":"apnDefaultConfig","$v":"APN-oletuskokoonpano"},{"$i":"without-sim-new","$v":[{"t":"idOrVar","v":"index"}]},{"$i":"with-sim-new","$v":[{"t":"idOrVar","v":"index"}," - ",{"t":"idOrVar","v":"carrier"}]},{"$i":"sim-with-index-and-carrier","$v":["SIM ",{"t":"idOrVar","v":"index"}," - ",{"t":"idOrVar","v":"carrier"}]},{"$i":"sim-without-carrier","$v":["SIM ",{"t":"idOrVar","v":"index"}]},{"$i":"call-forwarding-voice-after-seconds","$v":["Ääni: ",{"t":"idOrVar","v":"voice"}," ",{"t":"idOrVar","v":"timeSeconds"}," sekunnin kuluttua"]},{"$i":"addNewNumber","$v":"Lisää uusi numero"},{"$i":"addToExistingContact","$v":"Lisää nykyiseen yhteystietoon"},{"$i":"all","$v":"Kaikki","ariaLabel":"Kaikki"},{"$i":"bluetooth-handsfree-device","$v":"Bluetooth-handsfree-laite"},{"$i":"bluetoothOption","ariaLabel":"Bluetooth"},{"$i":"callDurationHours","$v":[{"t":"idOrVar","v":"h"},":",{"t":"idOrVar","v":"m"},":",{"t":"idOrVar","v":"s"}]},{"$i":"callDurationMinutes","$v":[{"t":"idOrVar","v":"m"},":",{"t":"idOrVar","v":"s"}]},{"$i":"callDurationTextFormatHours","$v":[{"t":"idOrVar","v":"h"}," h ",{"t":"idOrVar","v":"m"}," m ",{"t":"idOrVar","v":"s"}," s"]},{"$i":"callDurationTextFormatMinutes","$v":[{"t":"idOrVar","v":"m"}," m ",{"t":"idOrVar","v":"s"}," s"]},{"$i":"callDurationTextFormatSeconds","$v":[{"t":"idOrVar","v":"s"}," s"]},{"$i":"callEnded","$v":"Puhelu päättyi"},{"$i":"callInformation","$v":"Puhelutiedot"},{"$i":"callLog","$v":"Puheluloki"},{"$i":"callLogEdit","title":"Muokkaa puhelulokia"},{"$i":"callLogEditDialog","ariaLabel":"Muokkaa puhelulokin dialogia"},{"$i":"caller-left-call","$v":[{"t":"idOrVar","v":"caller"}," on lopettanut puhelun."]},{"$i":"calllog-all","$v":"Kaikki"},{"$i":"calllog-deselectAll","$v":"Poista valinta kaikista"},{"$i":"calllog-none","$v":"Ei mitään"},{"$i":"calllog-selectAll","$v":"Valitse kaikki"},{"$i":"canceled","$v":"Peruutettu"},{"$i":"clear-all-text","$v":"Pyyhi kaikki teksti"},{"$i":"close","$v":"Sulje"},{"$i":"composeEmail","ariaLabel":"Sähköposti"},{"$i":"conferenceAddError","$v":"Puhelujen yhdistäminen ei onnistu"},{"$i":"conferenceCall","$v":["Neuvottelu (",{"t":"idOrVar","v":"n"},")"]},{"$i":"conferenceRemoveError","$v":"Puhelujen yhdistämisen peruminen ei onnistu"},{"$i":"confirm-deletion","$v":"Poistetaanko valitut puhelut?"},{"$i":"connecting","$v":"Yhdistetään"},{"$i":"connectingEllipsis","$v":"Yhdistetään…"},{"$i":"contactDetails","$v":"Yhteystiedot"},{"$i":"createNewContact","$v":"Luo uusi yhteystieto"},{"$i":"delete-n-log?","$v":{"few":["Poistetaanko ",{"t":"idOrVar","v":"n"}," lokia?"],"many":["Poistetaanko ",{"t":"idOrVar","v":"n"}," lokia?"],"one":"Poistetaanko valittu loki?","other":["Poistetaanko ",{"t":"idOrVar","v":"n"}," lokia?"],"two":["Poistetaanko ",{"t":"idOrVar","v":"n"}," lokia?"],"zero":"Ei mitään valittuna"},"$x":[{"t":"idOrVar","v":"plural"},"n"]},{"$i":"deselect","$v":"Poista valinta"},{"$i":"dialed","$v":"Soitettu"},{"$i":"dialer-prompt","$v":"Valitse numero tai valitse puheluun lisättävä yhteystieto"},{"$i":"dialerAddContact","ariaLabel":"Lisää yhteystieto"},{"$i":"dialerAddContactDialog","ariaLabel":"Lisää yhteystiedon dialogi"},{"$i":"edit-selected","$v":{"few":["valittu(",{"t":"idOrVar","v":"n"},")"],"many":["valittu(",{"t":"idOrVar","v":"n"},")"],"one":["valittu(",{"t":"idOrVar","v":"n"},")"],"other":["valittu(",{"t":"idOrVar","v":"n"},")"],"two":["valittu(",{"t":"idOrVar","v":"n"},")"]},"$x":[{"t":"idOrVar","v":"plural"},"n"]},{"$i":"emailDetail","ariaLabel":"Sähköposti"},{"$i":"from-contact","$v":["Lähettäjältä ",{"t":"idOrVar","v":"contact"}]},{"$i":"from-number","$v":["Lähettäjältä ",{"t":"idOrVar","v":"number"}]},{"$i":"from-withheld-number","$v":"Tuntemattomasta numerosta"},{"$i":"hangup-a11y-button","ariaLabel":"Lopeta puhelu"},{"$i":"hide","$v":"Piilota"},{"$i":"hideKeypad","ariaLabel":"Piilota näppäimistö"},{"$i":"hold","ariaLabel":"Puhelu pitoon"},{"$i":"hours","$v":"tuntia"},{"$i":"ignore","$v":"Ohita puhelu"},{"$i":"incoming","$v":"Saapuva"},{"$i":"incoming-call","$v":"Saapuva puhelu"},{"$i":"info-missed","$v":"Vastaamattomat"},{"$i":"keypad","ariaLabel":"Näppäimistö"},{"$i":"log-item","$v":"Valinnat"},{"$i":"makeCall","ariaLabel":"Soita puhelu"},{"$i":"merge","ariaLabel":"Yhdistä"},{"$i":"minutes","$v":"minuuttia"},{"$i":"missed","$v":"Vastaamattomat","ariaLabel":"Vastaamattomat"},{"$i":"missedCall","$v":"Vastaamaton puhelu"},{"$i":"missedCallMultiSims","$v":["(SIM ",{"t":"idOrVar","v":"n"},") vastaamaton puhelu"]},{"$i":"mmi-error","$v":"Viestin lähetyksessä tapahtui virhe"},{"$i":"mmi-notification-title-with-sim","$v":["(",{"t":"idOrVar","v":"sim"},") ",{"t":"idOrVar","v":"title"}]},{"$i":"mmi-session-expired","$v":"Istunto erääntyi"},{"$i":"mmi-successfully-sent","$v":"Viestin lähetys onnistui"},{"$i":"mute","ariaLabel":"Mykistä"},{"$i":"newCall","ariaLabel":"Uusi puhelu"},{"$i":"no-logs-msg-1","$v":"Ei tallennettuja puheluja"},{"$i":"no-logs-msg-2","$v":"Ala viestiä nyt"},{"$i":"no-logs-msg-3","$v":"Ei tallennettuja puheluja"},{"$i":"no-logs-msg-4","$v":"Ala viestiä nyt"},{"$i":"no-recent-numbers","$v":"Puhelulokissa ei ole hiljattain käytettyjä numeroita, joihin soittaa."},{"$i":"onHoldOption","ariaLabel":"Pidossa"},{"$i":"outgoing","$v":"Lähtevät"},{"$i":"outgoing-call","$v":"Lähtevä puhelu"},{"$i":"phoneDetail","ariaLabel":"Puhelin"},{"$i":"pickup-a11y-button","ariaLabel":"Vastaa"},{"$i":"received","$v":"Vastaanotettu"},{"$i":"receiver","$v":"Vastaanotin"},{"$i":"recents","ariaLabel":"Viimeaikaiset puhelut"},{"$i":"reply","$v":"Vastaa"},{"$i":"resume","$v":"Jatka","ariaLabel":"Jatka"},{"$i":"search-results","$v":"Hakutulokset"},{"$i":"seconds","$v":"sekuntia"},{"$i":"select-audio-sources","$v":"Valitse äänilähteet"},{"$i":"send","$v":"Lähetä"},{"$i":"send-sms-button","ariaLabel":"SMS"},{"$i":"sendSms","$v":"Lähetä viesti"},{"$i":"separator","$v":","},{"$i":"sim-number","$v":["SIM",{"t":"idOrVar","v":"n"}]},{"$i":"speaker","$v":"Kaiutin"},{"$i":"speakerOption","ariaLabel":"Kaiutin"},{"$i":"suggestionMatches","$v":{"few":[{"t":"idOrVar","v":"n"}," vastaavuutta kohteelle \"",{"t":"idOrVar","v":"matchNumber"}],"many":[{"t":"idOrVar","v":"n"}," vastaavuutta kohteelle \"",{"t":"idOrVar","v":"matchNumber"}],"one":[{"t":"idOrVar","v":"n"}," vastaavuus kohteelle \"",{"t":"idOrVar","v":"matchNumber"}],"other":[{"t":"idOrVar","v":"n"}," vastaavuutta kohteelle \"",{"t":"idOrVar","v":"matchNumber"}],"two":[{"t":"idOrVar","v":"n"}," vastaavuutta kohteelle \"",{"t":"idOrVar","v":"matchNumber"}]},"$x":[{"t":"idOrVar","v":"plural"},"n"]},{"$i":"switch-calls","$v":"Vaihda puhelujen välillä"},{"$i":"tcl-assign","$v":"Valitse"},{"$i":"tcl-assign-speed-dial","$v":{"$o":["Yht.tietoa ei lisätty pikavalinnaksi painikkeeseen \"",{"t":"idOrVar","v":"speedDial"},"\"<br></br>Määritetäänkö nyt?"]}},{"$i":"tcl-call-log-delete-group-notification","$v":[{"t":"idOrVar","v":"n"}," syötettä poistettiin"]},{"$i":"tcl-calllog-entry-removed-err-notification","$v":"Ei voi poistaa puhelulokin tietoa"},{"$i":"tcl-calllog-entry-removed-succ-notification","$v":"Puhelulokin kohta poistettiin"},{"$i":"tcl-cancel","$v":"Peruuta"},{"$i":"tcl-confirmation","$v":"Vahvistus"},{"$i":"tcl-delete-log","$v":"Haluatko varmasti poistaa valitut tiedot puhelulokista?"},{"$i":"tcl-dialer","$v":"Numeronvalitsin"},{"$i":"tcl-edit-not-selected","$v":"valittu(0)"},{"$i":"tcl-option-menu-call-log-edit","$v":"Muokkaa puhelulokia"},{"$i":"today","$v":"Tänään"},{"$i":"toggleKeypad","ariaLabel":"Valintanäppäimistö"},{"$i":"type-your-response","placeholder":"Kirjoita vastauksesi…"},{"$i":"unknown","$v":"Tuntematon"},{"$i":"unlock-a11y-button","ariaLabel":"Liukuvalikko"},{"$i":"ussd-services","$v":["Operaattorin ",{"t":"idOrVar","v":"operator"}," palvelut"]},{"$i":"via-sim","$v":["SIM-kortin",{"t":"idOrVar","v":"n"}," kautta"]},{"$i":"view-all","$v":"Näytä kaikki"},{"$i":"wifi-calling","$v":"WLAN-puhelu"},{"$i":"withheld-number","$v":"Tuntematon"},{"$i":"yesterday","$v":"Eilen"},{"$i":"SimPin2","$v":"SIM PIN2"},{"$i":"SimPuk2","$v":"SIM PUK2"},{"$i":"serviceClassFax","$v":"FAKSI"},{"$i":"serviceClassPad","$v":"PAD"},{"$i":"serviceClassSms","$v":"SMS"},{"$i":"DialModifiedToDial","$v":"Dial modified to dial"},{"$i":"DialModifiedToSs","$v":"Dial modified to SS"},{"$i":"DialModifiedToUssd","$v":"Dial modified to USSD"},{"$i":"FdnCheckFailure","$v":"Fdn-tarkastusvirhe"},{"$i":"IllegalSimOrMe","$v":"Kielletty SIM tai ME"},{"$i":"InvalidParameter","$v":"Parametri ei kelpaa"},{"$i":"ModeNotSupported","$v":"Tilaa ei tueta"},{"$i":"OpNotAllowedDuringVoiceCall","$v":"Toiminto ei sallittu puhelun aikana"},{"$i":"PasswordIncorrect","$v":"Virheellinen salasana"},{"$i":"RadioNotAvailable","$v":"Radio not available"},{"$i":"RejectedByRemote","$v":"Hylännyt: etä"},{"$i":"RequestNotSupported","$v":"Pyyntöä ei tueta"},{"$i":"ServiceIsDisabled","$v":"Palvelu on poissa käytöstä"},{"$i":"ServiceIsEnabled","$v":"Palvelu on otettu käyttöön"},{"$i":"ServiceIsEnabledFor","$v":"Palvelu on otettu käyttöön kohteelle:"},{"$i":"SimAbsent","$v":"SIM puuttuu"},{"$i":"SmsSendFailRetry","$v":"SMS-lähetys epäonnistui, uusi yritys"},{"$i":"SsModifiedToDial","$v":"SS muokattu tilaan numerovalinta"},{"$i":"SsModifiedToSs","$v":"SS muokattu tilaan SS"},{"$i":"SsModifiedToUssd","$v":"SS muokattu tilaan USSD"},{"$i":"SubscriptionNotAvailable","$v":"Tilausta ei saatavilla"},{"$i":"SubscriptionNotSupported","$v":"Tilausta ei tueta"},{"$i":"UssdModifiedToDial","$v":"USSD muokattu tilaan numeronvalitsin"},{"$i":"UssdModifiedToSs","$v":"USSD muokattu tilaan SS"},{"$i":"UssdModifiedToUssd","$v":"USSD muokattu tilaan USSD"},{"$i":"call-forwarding-async","$v":["Asynkroninen: ",{"t":"idOrVar","v":"async"}]},{"$i":"call-forwarding-data","$v":["Data: ",{"t":"idOrVar","v":"data"}]},{"$i":"call-forwarding-error","$v":"Virhe tapahtui noudettaessa puhelun eteenpäin välityksen tilaa"},{"$i":"call-forwarding-fax","$v":["FAKSI: ",{"t":"idOrVar","v":"fax"}]},{"$i":"call-forwarding-inactive","$v":"Pois käytöstä"},{"$i":"call-forwarding-packet","$v":["Paketti: ",{"t":"idOrVar","v":"packet"}]},{"$i":"call-forwarding-pad","$v":["PAD: ",{"t":"idOrVar","v":"pad"}]},{"$i":"call-forwarding-sms","$v":["SMS: ",{"t":"idOrVar","v":"sms"}]},{"$i":"call-forwarding-status","$v":"Soitonsiirron tila"},{"$i":"call-forwarding-sync","$v":["Synkroninen: ",{"t":"idOrVar","v":"sync"}]},{"$i":"call-forwarding-voice","$v":["Ääni: ",{"t":"idOrVar","v":"voice"}]},{"$i":"emMmiError","$v":"Yhteysongelma tai virheellinen MMI-koodi"},{"$i":"emMmiErrorBadPin","$v":"Antamasi vanha PIN on väärä."},{"$i":"emMmiErrorBadPuk","$v":"Antamasi PUK on väärä."},{"$i":"emMmiErrorEnablePin","$v":"Epäonnistui. Ota käyttöön SIM/RUIM-LUKITUS"},{"$i":"emMmiErrorInvalidAction","$v":"Toiminto ei kelpaa"},{"$i":"emMmiErrorInvalidPin","$v":"Anna PIN, jossa on 4–8 numeroa"},{"$i":"emMmiErrorInvalidScCode","$v":"Huoltokoodi ei kelpaa"},{"$i":"emMmiErrorMismatchPin","$v":"Antamasi PIN-koodit eivät täsmää."},{"$i":"emMmiErrorMmiFdn","$v":"Toiminto rajoitettu vain sallittuihin numeroihin"},{"$i":"emMmiErrorNeedPuk2","$v":"Avaa SIM-kortin esto syöttämällä PUK2"},{"$i":"emMmiErrorNeedsPuk","$v":"SIM-korttisi on PUK-lukittu"},{"$i":"emMmiErrorNotSupported","$v":"MMI-koodi ei kelpaa tai sitä ei tueta"},{"$i":"emMmiErrorPasswordIncorrect","$v":"Virheellinen salasana"},{"$i":"emMmiErrorPinPukAttempts","$v":{"few":[{"t":"idOrVar","v":"n"}," yritystä jäljellä"],"many":[{"t":"idOrVar","v":"n"}," yritystä jäljellä"],"one":["Vain ",{"t":"idOrVar","v":"n"}," yritys jäljellä"],"other":[{"t":"idOrVar","v":"n"}," yritystä jäljellä"],"two":[{"t":"idOrVar","v":"n"}," yritystä jäljellä"]},"$x":[{"t":"idOrVar","v":"plural"},"n"]},{"$i":"emMmiErrorSimBlocked","$v":"Yritysten enimmäismäärä saavutettu. SIM lukittu"},{"$i":"emMmiErrorStkCcSsDial","$v":"SS-pyyntö on muokattu DIAL-pyynnöksi"},{"$i":"emMmiErrorStkCcSsSs","$v":"USSD-pyyntö muokattu uudeksi SS-pyynnöksi"},{"$i":"emMmiErrorStkCcSsUssd","$v":"SS-pyyntö muokattu USSD-pyynnöksi"},{"$i":"emMmiErrorStkCcUssdDial","$v":"USSD-pyyntö on muokattu DIAL-pyynnöksi"},{"$i":"emMmiErrorStkCcUssdSs","$v":"USSD-pyyntö on muokattu SS-pyynnöksi"},{"$i":"emMmiErrorStkCcUssdUssd","$v":"USSD-pyyntö on muokattu uudeksi USSD-pyynnöksi"},{"$i":"fihVersion","$v":"FIH-versio"},{"$i":"imeiAndSvn","$v":"IMEI ja SVN"},{"$i":"internalVersion","$v":"Sisäinen versio"},{"$i":"serviceClassData","$v":"Data"},{"$i":"serviceClassDataAsync","$v":"Asynk."},{"$i":"serviceClassDataSync","$v":"Synkronoi"},{"$i":"serviceClassPacket","$v":"Paketti"},{"$i":"serviceClassVoice","$v":"Äänitallenteet"},{"$i":"smClirDefaultOffNextCallOff","$v":"Soittajan tietojen oletukseksi asetetaan ei rajoitettu. Seuraava puhelu: ei rajoitettu."},{"$i":"smClirDefaultOffNextCallOn","$v":"Soittajan tietojen oletukseksi asetetaan ei rajoitettu. Seuraava puhelu: rajoitettu."},{"$i":"smClirDefaultOnNextCallOff","$v":"Soittajan tietojen oletukseksi asetetaan rajoitettu. Seuraava puhelu: ei rajoitettu."},{"$i":"smClirDefaultOnNextCallOn","$v":"Soittajan tietojen oletukseksi asetetaan rajoitettu. Seuraava puhelu: rajoitettu."},{"$i":"smClirPermanent","$v":"Et voi vaihtaa oman numeron lähetyksen asetusta"},{"$i":"smPin2Changed","$v":"PIN2:n vaihto onnistui"},{"$i":"smPin2Unblocked","$v":"PIN2-lukituksen avaus onnistui"},{"$i":"smPinChanged","$v":"PIN:n vaihto onnistui"},{"$i":"smPinUnblocked","$v":"PIN-lukituksen avaus onnistui"},{"$i":"smServiceDisabled","$v":"Palvelu on poistettu käytöstä"},{"$i":"smServiceEnabled","$v":"Palvelu otettiin käyttöön"},{"$i":"smServiceEnabledFor","$v":"Palvelu otettiin käyttöön kohteelle:"},{"$i":"smServiceErased","$v":"Pyyhkiminen onnistui"},{"$i":"smServiceInterrogated","$v":"Pyyntö onnistui"},{"$i":"smServiceNotProvisioned","$v":"Palvelua ei ole saatavilla."},{"$i":"smServiceRegistered","$v":"Rekisteröityminen onnistui"},{"$i":"another","$v":"Muu"},{"$i":"current","$v":"Nykyinen"},{"$i":"customTag","$v":"Mukautettu tagi","placeholder":"Mukautettu tagi"},{"$i":"faxHome","$v":"Kotifaksi"},{"$i":"faxOffice","$v":"Työfaksi"},{"$i":"faxOther","$v":"Muu faksi"},{"$i":"itemWithLabel","$v":[{"t":"idOrVar","v":"label"},", ",{"t":"idOrVar","v":"item"}]},{"$i":"label","$v":"Merkki"},{"$i":"other","$v":"Muu"},{"$i":"tcl-customTag","$v":"Mukautettu tagi"},{"$i":"dateTimeFormat_%c","$v":"%a %b %e %Y %I:%M:%S %p"},{"$i":"dateTimeFormat_%x","$v":"%m/%d/%Y"},{"$i":"days-ago-long","$v":{"few":[{"t":"idOrVar","v":"value"}," päivää sitten"],"many":[{"t":"idOrVar","v":"value"}," päivää sitten"],"one":"eilen","other":[{"t":"idOrVar","v":"value"}," päivää sitten"],"two":[{"t":"idOrVar","v":"value"}," päivää sitten"],"zero":"tänään"},"$x":[{"t":"idOrVar","v":"plural"},"value"]},{"$i":"days-ago-short","$v":{"other":[{"t":"idOrVar","v":"value"}," pvää sitten"],"zero":"tänään"},"$x":[{"t":"idOrVar","v":"plural"},"value"]},{"$i":"days-until-long","$v":{"few":[{"t":"idOrVar","v":"value"}," päivän kuluttua"],"many":[{"t":"idOrVar","v":"value"}," päivän kuluttua"],"one":"huomenna","other":[{"t":"idOrVar","v":"value"}," päivän kuluttua"],"two":[{"t":"idOrVar","v":"value"}," päivän kuluttua"],"zero":"tänään"},"$x":[{"t":"idOrVar","v":"plural"},"value"]},{"$i":"days-until-short","$v":{"other":[{"t":"idOrVar","v":"value"}," pvän kuluttua"],"zero":"tänään"},"$x":[{"t":"idOrVar","v":"plural"},"value"]},{"$i":"hours-ago-long","$v":{"few":[{"t":"idOrVar","v":"value"}," tuntia sitten"],"many":[{"t":"idOrVar","v":"value"}," tuntia sitten"],"one":"tunti sitten","other":[{"t":"idOrVar","v":"value"}," tuntia sitten"],"two":[{"t":"idOrVar","v":"value"}," tuntia sitten"],"zero":"juuri nyt"},"$x":[{"t":"idOrVar","v":"plural"},"value"]},{"$i":"hours-ago-short","$v":{"other":[{"t":"idOrVar","v":"value"}," h sitten"],"zero":"juuri nyt"},"$x":[{"t":"idOrVar","v":"plural"},"value"]},{"$i":"hours-until-long","$v":{"few":[{"t":"idOrVar","v":"value"}," tunnin kuluttua"],"many":[{"t":"idOrVar","v":"value"}," tunnin kuluttua"],"one":"tunnin kuluttua","other":[{"t":"idOrVar","v":"value"}," tunnin kuluttua"],"two":[{"t":"idOrVar","v":"value"}," tunnin kuluttua"],"zero":"nyt"},"$x":[{"t":"idOrVar","v":"plural"},"value"]},{"$i":"hours-until-short","$v":{"other":[{"t":"idOrVar","v":"value"}," h kuluttua"],"zero":"nyt"},"$x":[{"t":"idOrVar","v":"plural"},"value"]},{"$i":"incorrectDate","$v":"(virheellinen päivämäärä)"},{"$i":"minutes-ago-long","$v":{"few":[{"t":"idOrVar","v":"value"}," minuuttia sitten"],"many":[{"t":"idOrVar","v":"value"}," minuuttia sitten"],"one":"minuutti sitten","other":[{"t":"idOrVar","v":"value"}," minuuttia sitten"],"two":[{"t":"idOrVar","v":"value"}," minuuttia sitten"],"zero":"juuri nyt"},"$x":[{"t":"idOrVar","v":"plural"},"value"]},{"$i":"minutes-ago-short","$v":{"other":[{"t":"idOrVar","v":"value"}," m sitten"],"zero":"juuri nyt"},"$x":[{"t":"idOrVar","v":"plural"},"value"]},{"$i":"minutes-until-long","$v":{"few":[{"t":"idOrVar","v":"value"}," minuutin kuluttua"],"many":[{"t":"idOrVar","v":"value"}," minuutin kuluttua"],"one":"minuutin kuluttua","other":[{"t":"idOrVar","v":"value"}," minuutin kuluttua"],"two":[{"t":"idOrVar","v":"value"}," minuutin kuluttua"],"zero":"nyt"},"$x":[{"t":"idOrVar","v":"plural"},"value"]},{"$i":"minutes-until-short","$v":{"other":[{"t":"idOrVar","v":"value"}," m kuluttua"],"zero":"nyt"},"$x":[{"t":"idOrVar","v":"plural"},"value"]},{"$i":"month-0-genitive","$v":"Tammikuu"},{"$i":"month-0-long","$v":"Tammikuu"},{"$i":"month-0-short","$v":"tam"},{"$i":"month-1-genitive","$v":"Helmikuu"},{"$i":"month-1-long","$v":"Helmikuu"},{"$i":"month-1-short","$v":"hel"},{"$i":"month-10-genitive","$v":"Marraskuu"},{"$i":"month-10-long","$v":"Marraskuu"},{"$i":"month-10-short","$v":"mar"},{"$i":"month-11-genitive","$v":"Joulukuu"},{"$i":"month-11-long","$v":"Joulukuu"},{"$i":"month-11-short","$v":"jou"},{"$i":"month-2-genitive","$v":"Maaliskuu"},{"$i":"month-2-long","$v":"Maaliskuu"},{"$i":"month-2-short","$v":"maa"},{"$i":"month-3-genitive","$v":"Huhtikuu"},{"$i":"month-3-long","$v":"Huhtikuu"},{"$i":"month-3-short","$v":"huh"},{"$i":"month-4-genitive","$v":"Toukokuu"},{"$i":"month-4-long","$v":"Toukokuu"},{"$i":"month-4-short","$v":"Toukokuu"},{"$i":"month-5-genitive","$v":"Kesäkuu"},{"$i":"month-5-long","$v":"Kesäkuu"},{"$i":"month-5-short","$v":"kes"},{"$i":"month-6-genitive","$v":"Heinäkuu"},{"$i":"month-6-long","$v":"Heinäkuu"},{"$i":"month-6-short","$v":"hei"},{"$i":"month-7-genitive","$v":"Elokuu"},{"$i":"month-7-long","$v":"Elokuu"},{"$i":"month-7-short","$v":"elo"},{"$i":"month-8-genitive","$v":"Syyskuu"},{"$i":"month-8-long","$v":"Syyskuu"},{"$i":"month-8-short","$v":"syy"},{"$i":"month-9-genitive","$v":"Lokakuu"},{"$i":"month-9-long","$v":"Lokakuu"},{"$i":"month-9-short","$v":"lok"},{"$i":"months-ago-long","$v":{"few":[{"t":"idOrVar","v":"value"}," kuukautta sitten"],"many":[{"t":"idOrVar","v":"value"}," kuukautta sitten"],"one":"viimeinen kuukausi","other":[{"t":"idOrVar","v":"value"}," kuukautta sitten"],"two":[{"t":"idOrVar","v":"value"}," kuukautta sitten"],"zero":"tässä kuussa"},"$x":[{"t":"idOrVar","v":"plural"},"value"]},{"$i":"months-until-long","$v":{"few":[{"t":"idOrVar","v":"value"}," kuukauden kuluttua"],"many":[{"t":"idOrVar","v":"value"}," kuukauden kuluttua"],"one":"seuraava kuukausi","other":[{"t":"idOrVar","v":"value"}," kuukauden kuluttua"],"two":[{"t":"idOrVar","v":"value"}," kuukauden kuluttua"],"zero":"tässä kuussa"},"$x":[{"t":"idOrVar","v":"plural"},"value"]},{"$i":"shortDateTimeFormat","$v":"%x %I:%M %p"},{"$i":"shortTimeFormat","$v":"%I:%M %p"},{"$i":"shortTimeFormat12","$v":"%I:%M %p"},{"$i":"shortTimeFormat24","$v":"%H:%M"},{"$i":"time_am","$v":"AM"},{"$i":"time_pm","$v":"PM"},{"$i":"weekday-0-long","$v":"Sunnuntai"},{"$i":"weekday-0-short","$v":"Su"},{"$i":"weekday-1-long","$v":"Maanantai"},{"$i":"weekday-1-short","$v":"Ma"},{"$i":"weekday-2-long","$v":"Tiistai"},{"$i":"weekday-2-short","$v":"Ti"},{"$i":"weekday-3-long","$v":"Keskiviikko"},{"$i":"weekday-3-short","$v":"Ke"},{"$i":"weekday-4-long","$v":"Torstai"},{"$i":"weekday-4-short","$v":"To"},{"$i":"weekday-5-long","$v":"Perjantai"},{"$i":"weekday-5-short","$v":"Pe"},{"$i":"weekday-6-long","$v":"Lauantai"},{"$i":"weekday-6-short","$v":"La"},{"$i":"weeks-ago-long","$v":{"few":[{"t":"idOrVar","v":"value"}," viikkoa sitten"],"many":[{"t":"idOrVar","v":"value"}," viikkoa sitten"],"one":"viime viikolla","other":[{"t":"idOrVar","v":"value"}," viikkoa sitten"],"two":[{"t":"idOrVar","v":"value"}," viikkoa sitten"],"zero":"tällä viikolla"},"$x":[{"t":"idOrVar","v":"plural"},"value"]},{"$i":"weeks-until-long","$v":{"few":[{"t":"idOrVar","v":"value"}," viikon kuluttua"],"many":[{"t":"idOrVar","v":"value"}," viikon kuluttua"],"one":"seuraava viikko","other":[{"t":"idOrVar","v":"value"}," viikon kuluttua"],"two":[{"t":"idOrVar","v":"value"}," viikon kuluttua"],"zero":"tällä viikolla"},"$x":[{"t":"idOrVar","v":"plural"},"value"]},{"$i":"years-ago-long","$v":{"few":[{"t":"idOrVar","v":"value"}," vuotta sitten"],"many":[{"t":"idOrVar","v":"value"}," vuotta sitten"],"one":"viime vuonna","other":[{"t":"idOrVar","v":"value"}," vuotta sitten"],"two":[{"t":"idOrVar","v":"value"}," vuotta sitten"],"zero":"tänä vuonna"},"$x":[{"t":"idOrVar","v":"plural"},"value"]},{"$i":"years-until-long","$v":{"few":[{"t":"idOrVar","v":"value"}," vuoden kuluttua"],"many":[{"t":"idOrVar","v":"value"}," vuoden kuluttua"],"one":"seuraava vuosi","other":[{"t":"idOrVar","v":"value"}," vuoden kuluttua"],"two":[{"t":"idOrVar","v":"value"}," vuoden kuluttua"],"zero":"tänä vuonna"},"$x":[{"t":"idOrVar","v":"plural"},"value"]},{"$i":"dateTimeFormat_%X","$v":"%I:%M:%S %p"},{"$i":"weekStartsOnMonday","$v":"0"},{"$i":"firstDayOfTheWeek","$v":"1"}]