[{"$i":"clockDateFormat","$v":"%a, %e %b"},{"$i":"deviceIsUnlocked","$v":"Naka-unlock ang device"},{"$i":"simUnlockCodeAccepted","$v":"Tinanggap ang SIM unlock code"},{"$i":"simUnlockCodeFailed","$v":"Hindi matagumpay ang pag-unlock sa SIM"},{"$i":"eccOnly","$v":"Mga tawag na pang-emergency lang"},{"$i":"emergencyCallsOnly","$v":"Mga tawag na pang-emergency lang"},{"$i":"lockedSim","$v":"Naka-lock na SIM"},{"$i":"noService","$v":"Walang Serbisyo"},{"$i":"noSimCard","$v":"Walang SIM card"},{"$i":"searching","$v":"Naghahanap…"},{"$i":"airplane-mode","$v":"Airplane Mode"},{"$i":"bluetooth","$v":"Bluetooth"},{"$i":"brightness","$v":"Brightness"},{"$i":"calculator","$v":"Calculator"},{"$i":"camera","$v":"Camera"},{"$i":"cellular-data","$v":"Cellular Data"},{"$i":"confirm-to-uninstall-app","$v":["I-uninstall ang ",{"t":"idOrVar","v":"appName"}," na ito?"]},{"$i":"flashlight","$v":"Flashlight"},{"$i":"instant-settings","$v":"mga instant na setting"},{"$i":"off","$v":"Naka-off"},{"$i":"on","$v":"Naka-on"},{"$i":"shortcuts","$v":"Mga shortcut"},{"$i":"uninstall","$v":"I-uninstall"},{"$i":"volume","$v":"Volume"},{"$i":"wifi","$v":"Wi-Fi"},{"$i":"percentage-number","$v":[{"t":"idOrVar","v":"number"},"%"]},{"$i":"all-apps","$v":"Lahat ng app"},{"$i":"scImei","$v":"IMEI"},{"$i":"scMeid","$v":"MEID"},{"$i":"scUssd","$v":"USSD"},{"$i":"CallFailed","$v":"Hindi nakatawag"},{"$i":"GenericFailure","$v":"Pangkaraniwang pagpalya"},{"$i":"add-smart-collections","$v":"Magdagdag ng Mga Smart Collection"},{"$i":"add-to-existing-contact","$v":"Idagdag sa kasalukuyang contact"},{"$i":"alert-for-contacts-without-number","$v":"Walang available na contact na may numero ng telepono."},{"$i":"app-title","$v":"Aking Mga App"},{"$i":"app-uninstall","$v":["Na-install ang ",{"t":"idOrVar","v":"name"}]},{"$i":"assign","$v":"Italaga"},{"$i":"assign-speed-dial","$v":["Hindi naidagdag ang contact bilang speed dial sa button na ",{"t":"idOrVar","v":"n"},". Italaga na?"]},{"$i":"assign-voicemail","$v":"Hindi naitakda ang numero ng Voice Mail."},{"$i":"call","$v":"Tawag"},{"$i":"callAirplaneModeMessage","$v":"Upang makatawag, kailangan mong i-disable ang airplane mode sa mga setting."},{"$i":"callAirplaneModeTitle","$v":"Na-activate ang Airplane mode"},{"$i":"cancel","$v":"Kanselahin"},{"$i":"change-wallpaper","$v":"Palitan ang Wallpaper"},{"$i":"clocks-updated","$v":"Na-update ang mga orasan"},{"$i":"confirmation","$v":"Kumpirmasyon"},{"$i":"contacts","$v":"Mga contact"},{"$i":"create-new-contact","$v":"Gumawa ng bagong contact"},{"$i":"delete","$v":"I-delete"},{"$i":"delete-body","$v":["Made-delete ang ",{"t":"idOrVar","v":"name"}," at ang lahat ng data nito."]},{"$i":"delete-title","$v":["I-delete ang ",{"t":"idOrVar","v":"name"}]},{"$i":"edit","$v":"I-edit"},{"$i":"edit-done","$v":"Tapos na"},{"$i":"edit-group-header","$v":"I-edit ang pangkat"},{"$i":"edit-mode","$v":"I-edit"},{"$i":"emergency-call-error","$v":["Ang ",{"t":"idOrVar","v":"number"}," ay hindi isang pang-emergency na numero."]},{"$i":"emergency-call-only","$v":"Pang-emergency na Tawag Lang"},{"$i":"emergencyDialogBodyBadNumber","$v":"Upang makatawag, dapat maikonekta ang telepono sa isang network."},{"$i":"emergencyDialogBodyDeviceNotAccepted","$v":"Hindi pinapayagan ng network ang mga pang-emergency na tawag."},{"$i":"emergencyDialogTitle","$v":"Walang koneksyon sa network"},{"$i":"fax-home","$v":"I-fax sa tahanan"},{"$i":"fax-office","$v":"I-fax sa opisina"},{"$i":"fax-other","$v":"I-fax sa iba pa"},{"$i":"fdnIsActiveMessage","$v":["Na-activate ang FDN (mga Fixed Dialling Number) at ang mga sumusunod na numero ay wala sa iyong listahan ng FDN: ",{"t":"idOrVar","v":"number"}]},{"$i":"fdnIsActiveTitle","$v":"Aktibo ang FDN"},{"$i":"gaia-shortcut-app-updated","$v":"Na-update ang App"},{"$i":"grid-view","$v":"Grid View"},{"$i":"home","$v":"Bahay"},{"$i":"homescreen-settings","$v":"Mga Setting ng Homescreen"},{"$i":"invalidNumberToDialMessage","$v":"Hindi valid ang numero ng teleponong tinatawagan mo."},{"$i":"invalidNumberToDialTitle","$v":"Invalid na numero ng telepono"},{"$i":"list-view","$v":"List View"},{"$i":"longDateFormat","$v":"%A, %B %e"},{"$i":"menu","$v":"Menu"},{"$i":"message","$v":"Mensahe"},{"$i":"mobile","$v":"Mobile"},{"$i":"more","$v":"Iba pa"},{"$i":"move","$v":"Ilipat"},{"$i":"notifications","$v":"Mga Abiso"},{"$i":"numberIsBusyMessage","$v":"Kasalukuyang busy ang numero. Pakisubukang muli sa ibang pagkakataon."},{"$i":"numberIsBusyTitle","$v":"Busy ang numero"},{"$i":"ok","$v":"OK"},{"$i":"option-remove","$v":"Alisin sa Speed Dial"},{"$i":"option-replace","$v":"Palitan"},{"$i":"options","$v":"Mga Opsyon"},{"$i":"otherConnectionInUseMessage","$v":"Mayroon kang aktibong tawag sa ibang koneksyon. Maaari ka lang gumamit ng isang koneksyon sa bawat sandali."},{"$i":"otherConnectionInUseTitle","$v":"Ginagamit ang iba pang koneksyon"},{"$i":"personal","$v":"Personal"},{"$i":"remove","$v":"Alisin"},{"$i":"remove-speed-dial","$v":["Sigurado ka bang gusto mong alisin ang ",{"t":"idOrVar","v":"name"}," sa Speed Dial ?"]},{"$i":"replace","$v":"Palitan"},{"$i":"replace-speed-dial","$v":["Sigurado ka bang gusto mong palitan ang ",{"t":"idOrVar","v":"name"}," ng ",{"t":"idOrVar","v":"subName"}," ?"]},{"$i":"resume-download-action","$v":"I-download"},{"$i":"resume-download-body","$v":["Gusto mo bang i-download ang ",{"t":"idOrVar","v":"name"},"?"]},{"$i":"resume-download-title","$v":"I-restart ang Pag-download"},{"$i":"scCallBarring","$v":"Call barring"},{"$i":"scCallForwarding","$v":"Call forwarding"},{"$i":"scCallWaiting","$v":"Call waiting"},{"$i":"scClip","$v":"Paparating na Caller ID"},{"$i":"scClir","$v":"Mga Papalabas na Caller ID"},{"$i":"scPin","$v":"Pagpapalit ng PIN"},{"$i":"scPin2","$v":"Pagpapalit ng PIN2"},{"$i":"scPuk","$v":"I-unblock ang PIN"},{"$i":"scPuk2","$v":"I-unblock ang PIN2"},{"$i":"scPwd","$v":"Nabago ang password"},{"$i":"search-or-enter-address","placeholder":"Hanapin o ilagay ang address"},{"$i":"select","$v":"Pumili"},{"$i":"sending","$v":"Nagpapadala…"},{"$i":"set","$v":"Itakda"},{"$i":"settings","$v":"Mga Setting"},{"$i":"single-view","$v":"Isahang View"},{"$i":"skip","$v":"Laktaw"},{"$i":"speed-dial","$v":"Speed Dial"},{"$i":"speed-dial-empty","ariaLabel":[{"t":"idOrVar","v":"order"},", walang laman"]},{"$i":"speed-dial-not-empty","ariaLabel":[{"t":"idOrVar","v":"order"},", ",{"t":"idOrVar","v":"name"}]},{"$i":"stop-download-action","$v":"Ihinto"},{"$i":"stop-download-body","$v":"Gusto mo bang ihinto ang ginagawang pag-download?"},{"$i":"stop-download-title","$v":["Ihinto ang ",{"t":"idOrVar","v":"name"}]},{"$i":"tcl-wallpaper-changed","$v":"Nabago ang wallpaper"},{"$i":"video-call","$v":"Video call"},{"$i":"voicemail","$v":"Voicemail"},{"$i":"work","$v":"Trabaho"},{"$i":"apps","$v":"Mga App"},{"$i":"nocard-eccOnly","$v":"No SIM card-Emergency calls only"},{"$i":"unusablecard-eccOnly","$v":"Unusable SIM card-Emergency calls only"},{"$i":"apn-sim1","$v":"Mga Setting ng APN - SIM1"},{"$i":"apn-sim2","$v":"Mga Setting ng APN - SIM2"},{"$i":"apnConfigPrepay","$v":"Prepaid"},{"$i":"apnConfigPostpay","$v":"Postpaid"},{"$i":"apn-defaultconfig-message","$v":"I-set ang uri ng APN na ipapakita"},{"$i":"apnDefaultConfig","$v":"APN Default Config"},{"$i":"without-sim-new","$v":[{"t":"idOrVar","v":"index"}]},{"$i":"with-sim-new","$v":[{"t":"idOrVar","v":"index"}," - ",{"t":"idOrVar","v":"carrier"}]},{"$i":"sim-with-index-and-carrier","$v":["SIM ",{"t":"idOrVar","v":"index"}," - ",{"t":"idOrVar","v":"carrier"}]},{"$i":"sim-without-carrier","$v":["SIM ",{"t":"idOrVar","v":"index"}]},{"$i":"call-forwarding-voice-after-seconds","$v":["Boses: ",{"t":"idOrVar","v":"voice"}," pagkalipas ng ",{"t":"idOrVar","v":"timeSeconds"}," (na) segundo"]},{"$i":"addNewNumber","$v":"Magdagdag ng bagong numero"},{"$i":"addToExistingContact","$v":"Idagdag sa kasalukuyang contact"},{"$i":"all","$v":"Lahat","ariaLabel":"Lahat"},{"$i":"bluetooth-handsfree-device","$v":"Bluetooth handsfree device"},{"$i":"bluetoothOption","ariaLabel":"Bluetooth"},{"$i":"callDurationHours","$v":[{"t":"idOrVar","v":"h"},":",{"t":"idOrVar","v":"m"},":",{"t":"idOrVar","v":"s"}]},{"$i":"callDurationMinutes","$v":[{"t":"idOrVar","v":"m"},":",{"t":"idOrVar","v":"s"}]},{"$i":"callDurationTextFormatHours","$v":[{"t":"idOrVar","v":"h"}," o ",{"t":"idOrVar","v":"m"}," m ",{"t":"idOrVar","v":"s"}," s"]},{"$i":"callDurationTextFormatMinutes","$v":[{"t":"idOrVar","v":"m"}," m ",{"t":"idOrVar","v":"s"}," s"]},{"$i":"callDurationTextFormatSeconds","$v":[{"t":"idOrVar","v":"s"}," s"]},{"$i":"callEnded","$v":"Natapos ang Tawag"},{"$i":"callInformation","$v":"Impormasyon ng Tawag"},{"$i":"callLog","$v":"Log ng tawag"},{"$i":"callLogEdit","title":"I-edit ang log ng tawag"},{"$i":"callLogEditDialog","ariaLabel":"I-edit ang dialog ng log ng tawag"},{"$i":"caller-left-call","$v":["Ibinaba ni ",{"t":"idOrVar","v":"caller"}," ang tawag."]},{"$i":"calllog-all","$v":"Lahat"},{"$i":"calllog-deselectAll","$v":"Alisin ang Pagkakapili sa Lahat"},{"$i":"calllog-none","$v":"Wala"},{"$i":"calllog-selectAll","$v":"Piliin Lahat"},{"$i":"canceled","$v":"Kinansela"},{"$i":"clear-all-text","$v":"I-clear ang lahat ng text"},{"$i":"close","$v":"Isara"},{"$i":"composeEmail","ariaLabel":"Email"},{"$i":"conferenceAddError","$v":"Hindi mapagsama ang mga tawag"},{"$i":"conferenceCall","$v":["Conference (",{"t":"idOrVar","v":"n"},")"]},{"$i":"conferenceRemoveError","$v":"Hindi ma-unmerge ang mga tawag"},{"$i":"confirm-deletion","$v":"I-clear ang mga napiling tawag?"},{"$i":"connecting","$v":"Kumokonekta"},{"$i":"connectingEllipsis","$v":"Kumokonekta…"},{"$i":"contactDetails","$v":"Mga detalye ng contact"},{"$i":"createNewContact","$v":"Gumawa ng bagong contact"},{"$i":"delete-n-log?","$v":{"few":["I-delete ang ",{"t":"idOrVar","v":"n"}," (na) log?"],"many":["I-delete ang ",{"t":"idOrVar","v":"n"}," (na) log?"],"one":"I-delete ang napiling log?","other":["I-delete ang ",{"t":"idOrVar","v":"n"}," (na) log?"],"two":["I-delete ang ",{"t":"idOrVar","v":"n"}," (na) log?"],"zero":"Walang napili"},"$x":[{"t":"idOrVar","v":"plural"},"n"]},{"$i":"deselect","$v":"Alisin ang pagkakapili"},{"$i":"dialed","$v":"Na-dial"},{"$i":"dialer-prompt","$v":"I-dial ang numero o piliin ang contact na idaragdag upang matawagan"},{"$i":"dialerAddContact","ariaLabel":"Magdagdag ng contact"},{"$i":"dialerAddContactDialog","ariaLabel":"Magdagdag ng Dialog ng Contact"},{"$i":"edit-selected","$v":{"few":["napili(",{"t":"idOrVar","v":"n"},")"],"many":["napili(",{"t":"idOrVar","v":"n"},")"],"one":["napili(",{"t":"idOrVar","v":"n"},")"],"other":["napili(",{"t":"idOrVar","v":"n"},")"],"two":["napili(",{"t":"idOrVar","v":"n"},")"]},"$x":[{"t":"idOrVar","v":"plural"},"n"]},{"$i":"emailDetail","ariaLabel":"Email"},{"$i":"from-contact","$v":["Mula kay ",{"t":"idOrVar","v":"contact"}]},{"$i":"from-number","$v":["Mula kay ",{"t":"idOrVar","v":"number"}]},{"$i":"from-withheld-number","$v":"Mula sa hindi kilalang numero"},{"$i":"hangup-a11y-button","ariaLabel":"Hang Up"},{"$i":"hide","$v":"Itago"},{"$i":"hideKeypad","ariaLabel":"Itago ang keypad"},{"$i":"hold","ariaLabel":"I-hold"},{"$i":"hours","$v":"mga oras"},{"$i":"ignore","$v":"Huwag Pansinin ang Tawag"},{"$i":"incoming","$v":"Papasok"},{"$i":"incoming-call","$v":"Papasok na tawag"},{"$i":"info-missed","$v":"Hindi nasagot"},{"$i":"keypad","ariaLabel":"Keypad"},{"$i":"log-item","$v":"Mga Opsyon"},{"$i":"makeCall","ariaLabel":"Tumawag"},{"$i":"merge","ariaLabel":"Isama"},{"$i":"minutes","$v":"mga minuto"},{"$i":"missed","$v":"Hindi nasagot","ariaLabel":"Hindi nasagot"},{"$i":"missedCall","$v":"Na-miss na tawag"},{"$i":"missedCallMultiSims","$v":["(SIM ",{"t":"idOrVar","v":"n"},") Na-miss na tawag"]},{"$i":"mmi-error","$v":"Nagkaroon ng error habang ipinapadala ang mensahe"},{"$i":"mmi-notification-title-with-sim","$v":["(",{"t":"idOrVar","v":"sim"},") ",{"t":"idOrVar","v":"title"}]},{"$i":"mmi-session-expired","$v":"Nag-expire ang session"},{"$i":"mmi-successfully-sent","$v":"Naipadala na ang mensahe"},{"$i":"mute","ariaLabel":"I-mute"},{"$i":"newCall","ariaLabel":"Bagong tawag"},{"$i":"no-logs-msg-1","$v":"Walang na-record na tawag"},{"$i":"no-logs-msg-2","$v":"Simulan nang makipag-usap"},{"$i":"no-logs-msg-3","$v":"Walang na-record na tawag"},{"$i":"no-logs-msg-4","$v":"Simulan nang makipag-usap"},{"$i":"no-recent-numbers","$v":"Walang kamakailang numero sa Mga Log ng Tawag na mada-dial."},{"$i":"onHoldOption","ariaLabel":"Naka-hold"},{"$i":"outgoing","$v":"Papalabas"},{"$i":"outgoing-call","$v":"Papalabas na tawag"},{"$i":"phoneDetail","ariaLabel":"Telepono"},{"$i":"pickup-a11y-button","ariaLabel":"Sagutin"},{"$i":"received","$v":"Natanggap"},{"$i":"receiver","$v":"Tatanggap"},{"$i":"recents","ariaLabel":"Mga kamakailang tawag"},{"$i":"reply","$v":"Sumagot"},{"$i":"resume","$v":"Ipagpatuloy","ariaLabel":"Ipagpatuloy"},{"$i":"search-results","$v":"Mga Resulta ng Paghahanap"},{"$i":"seconds","$v":"mga segundo"},{"$i":"select-audio-sources","$v":"Pumili ng mga source ng audio"},{"$i":"send","$v":"Ipadala"},{"$i":"send-sms-button","ariaLabel":"SMS"},{"$i":"sendSms","$v":"Magpadala ng Mensahe"},{"$i":"separator","$v":","},{"$i":"sim-number","$v":["SIM",{"t":"idOrVar","v":"n"}]},{"$i":"speaker","$v":"Speaker"},{"$i":"speakerOption","ariaLabel":"Speaker"},{"$i":"suggestionMatches","$v":{"few":[{"t":"idOrVar","v":"n"}," (na) tugma para sa \"",{"t":"idOrVar","v":"matchNumber"}],"many":[{"t":"idOrVar","v":"n"}," (na) tugma para sa \"",{"t":"idOrVar","v":"matchNumber"}],"one":[{"t":"idOrVar","v":"n"}," tugma para sa \"",{"t":"idOrVar","v":"matchNumber"}],"other":[{"t":"idOrVar","v":"n"}," (na) tugma para sa \"",{"t":"idOrVar","v":"matchNumber"}],"two":[{"t":"idOrVar","v":"n"}," (na) tugma para sa \"",{"t":"idOrVar","v":"matchNumber"}]},"$x":[{"t":"idOrVar","v":"plural"},"n"]},{"$i":"switch-calls","$v":"Magpalipat-lipat ng tawag"},{"$i":"tcl-assign","$v":"Italaga"},{"$i":"tcl-assign-speed-dial","$v":{"$o":["Hindi naidagdag ang contact bilang Speed Dial sa button na \"",{"t":"idOrVar","v":"speedDial"},"\"<br></br>Italaga na?"]}},{"$i":"tcl-call-log-delete-group-notification","$v":[{"t":"idOrVar","v":"n"}," (na) entry ang na-delete"]},{"$i":"tcl-calllog-entry-removed-err-notification","$v":"Hindi maalis ang entry sa Log ng Tawag"},{"$i":"tcl-calllog-entry-removed-succ-notification","$v":"Inalis ang entry sa Log ng Tawag"},{"$i":"tcl-cancel","$v":"Kanselahin"},{"$i":"tcl-confirmation","$v":"Kumpirmasyon"},{"$i":"tcl-delete-log","$v":"Sigurado ka bang gusto mong i-delete ang mga napiling entry sa Log ng Tawag?"},{"$i":"tcl-dialer","$v":"Dialler"},{"$i":"tcl-edit-not-selected","$v":"napili(0)"},{"$i":"tcl-option-menu-call-log-edit","$v":"I-edit ang Log ng tawag"},{"$i":"today","$v":"Ngayon"},{"$i":"toggleKeypad","ariaLabel":"Toggle keypad"},{"$i":"type-your-response","placeholder":"I-type ang iyong tugon…"},{"$i":"unknown","$v":"Hindi alam"},{"$i":"unlock-a11y-button","ariaLabel":"Slider"},{"$i":"ussd-services","$v":[{"t":"idOrVar","v":"operator"}," (na) serbisyo"]},{"$i":"via-sim","$v":["sa pamamagitan ng SIM",{"t":"idOrVar","v":"n"}]},{"$i":"view-all","$v":"Tingnan lahat"},{"$i":"wifi-calling","$v":"Pagtawag gamit ang Wi-Fi"},{"$i":"withheld-number","$v":"Hindi alam"},{"$i":"yesterday","$v":"Kahapon"},{"$i":"SimPin2","$v":"SIM PIN2"},{"$i":"SimPuk2","$v":"SIM PUK2"},{"$i":"serviceClassFax","$v":"FAX"},{"$i":"serviceClassPad","$v":"PAD"},{"$i":"serviceClassSms","$v":"SMS"},{"$i":"DialModifiedToDial","$v":"Dial modified to dial"},{"$i":"DialModifiedToSs","$v":"Dial modified to SS"},{"$i":"DialModifiedToUssd","$v":"Dial modified to USSD"},{"$i":"FdnCheckFailure","$v":"Hindi nasuri ang Fdn"},{"$i":"IllegalSimOrMe","$v":"Ilegal na SIM o ME"},{"$i":"InvalidParameter","$v":"Invalid na parameter"},{"$i":"ModeNotSupported","$v":"Hindi sinusuportahan ang mode"},{"$i":"OpNotAllowedDuringVoiceCall","$v":"Hindi pinapayagan ang operation habang may voice call"},{"$i":"PasswordIncorrect","$v":"Mali ang password"},{"$i":"RadioNotAvailable","$v":"Radio not available"},{"$i":"RejectedByRemote","$v":"Tinanggihan sa pamamagitan ng remote"},{"$i":"RequestNotSupported","$v":"Hindi sinusuportahan ang kahilingan"},{"$i":"ServiceIsDisabled","$v":"Naka-disable ang serbisyo"},{"$i":"ServiceIsEnabled","$v":"Naka-enable ang serbisyo"},{"$i":"ServiceIsEnabledFor","$v":"Naka-enable ang serbisyo para sa:"},{"$i":"SimAbsent","$v":"Wala ang SIM"},{"$i":"SmsSendFailRetry","$v":"SMS send fail retry"},{"$i":"SsModifiedToDial","$v":"Naging dial ang SS"},{"$i":"SsModifiedToSs","$v":"Naging SS ang SS"},{"$i":"SsModifiedToUssd","$v":"Naging USSD ang SS"},{"$i":"SubscriptionNotAvailable","$v":"Hindi available ang subscription"},{"$i":"SubscriptionNotSupported","$v":"Hindi sinusuportahan ang subscription"},{"$i":"UssdModifiedToDial","$v":"Naging dial ang USSD"},{"$i":"UssdModifiedToSs","$v":"Naging SS ang USSD"},{"$i":"UssdModifiedToUssd","$v":"Naging USSD ang USSD"},{"$i":"call-forwarding-async","$v":["Asynchronous: ",{"t":"idOrVar","v":"async"}]},{"$i":"call-forwarding-data","$v":["Data: ",{"t":"idOrVar","v":"data"}]},{"$i":"call-forwarding-error","$v":"Nagkaroon ng error habang nag-retrieve ng status ng call forwarding"},{"$i":"call-forwarding-fax","$v":["FAX: ",{"t":"idOrVar","v":"fax"}]},{"$i":"call-forwarding-inactive","$v":"Hindi Aktibo"},{"$i":"call-forwarding-packet","$v":["Packet: ",{"t":"idOrVar","v":"packet"}]},{"$i":"call-forwarding-pad","$v":["PAD: ",{"t":"idOrVar","v":"pad"}]},{"$i":"call-forwarding-sms","$v":["SMS: ",{"t":"idOrVar","v":"sms"}]},{"$i":"call-forwarding-status","$v":"Status ng call forwarding"},{"$i":"call-forwarding-sync","$v":["Synchronous: ",{"t":"idOrVar","v":"sync"}]},{"$i":"call-forwarding-voice","$v":["Boses: ",{"t":"idOrVar","v":"voice"}]},{"$i":"emMmiError","$v":"Nagkaproblema sa koneksyon o invalid ang MMI code"},{"$i":"emMmiErrorBadPin","$v":"Mali ang lumang PIN na nailagay mo."},{"$i":"emMmiErrorBadPuk","$v":"Mali ang na-type mong PUK"},{"$i":"emMmiErrorEnablePin","$v":"Hindi matagumpay. I-enable ang SIM/RUIM LOCK"},{"$i":"emMmiErrorInvalidAction","$v":"Invalid ang pagkilos"},{"$i":"emMmiErrorInvalidPin","$v":"Magpasok ng PIN na may 4 hanggang 8 numero"},{"$i":"emMmiErrorInvalidScCode","$v":"Invalid na code ng serbisyo"},{"$i":"emMmiErrorMismatchPin","$v":"Hindi tugma ang mga PIN na nailagay mo"},{"$i":"emMmiErrorMmiFdn","$v":"Para lang sa mga fixed dialling number ang operation"},{"$i":"emMmiErrorNeedPuk2","$v":"Ipasok ang PUK2 upang ma-unblock ang SIM card"},{"$i":"emMmiErrorNeedsPuk","$v":"Ang iyong SIM card ay naging PUK-lock"},{"$i":"emMmiErrorNotSupported","$v":"Invalid o Hindi Sinusuportahan ang MMI Code"},{"$i":"emMmiErrorPasswordIncorrect","$v":"Mali ang Password"},{"$i":"emMmiErrorPinPukAttempts","$v":{"few":["May natitirang ",{"t":"idOrVar","v":"n"}," (na) pagsubok"],"many":["May natitirang ",{"t":"idOrVar","v":"n"}," (na) pagsubok"],"one":[{"t":"idOrVar","v":"n"}," na lang ang natitirang pagsubok"],"other":["May natitirang ",{"t":"idOrVar","v":"n"}," (na) pagsubok"],"two":["May natitirang ",{"t":"idOrVar","v":"n"}," (na) pagsubok"]},"$x":[{"t":"idOrVar","v":"plural"},"n"]},{"$i":"emMmiErrorSimBlocked","$v":"Nalampasan ang maximum na bilang ng mga pagsubok. Na-block ang SIM"},{"$i":"emMmiErrorStkCcSsDial","$v":"Naging kahilingan sa DIAL ang kahilingan sa SS"},{"$i":"emMmiErrorStkCcSsSs","$v":"Naging kahilingan sa SS ang kahilingan sa SS"},{"$i":"emMmiErrorStkCcSsUssd","$v":"Naging kahilingan sa USSD ang kahilingan sa SS"},{"$i":"emMmiErrorStkCcUssdDial","$v":"Naging kahilingan sa DIAL ang kahilingan sa USSD"},{"$i":"emMmiErrorStkCcUssdSs","$v":"Naging kahilingan sa SS ang kahilingan sa USSD"},{"$i":"emMmiErrorStkCcUssdUssd","$v":"Naging kahilingan sa USSD ang kahilingan sa USSD"},{"$i":"fihVersion","$v":"FIH na Bersiyon"},{"$i":"imeiAndSvn","$v":"IMEI at SVN"},{"$i":"internalVersion","$v":"Panloob na Bersiyon"},{"$i":"serviceClassData","$v":"Data"},{"$i":"serviceClassDataAsync","$v":"Async"},{"$i":"serviceClassDataSync","$v":"I-sync"},{"$i":"serviceClassPacket","$v":"Packet"},{"$i":"serviceClassVoice","$v":"Boses"},{"$i":"smClirDefaultOffNextCallOff","$v":"Hindi pinaghihigpitan ang mga default ng Caller ID. Susunod na tawag: Hindi pinaghihigpitan"},{"$i":"smClirDefaultOffNextCallOn","$v":"Hindi pinaghihigpitan ang mga default ng Caller ID. Susunod na tawag: Pinaghihigpitan"},{"$i":"smClirDefaultOnNextCallOff","$v":"Pinaghihigpitan ang mga default ng Caller ID. Susunod na tawag: Hindi pinaghihigpitan"},{"$i":"smClirDefaultOnNextCallOn","$v":"Pinaghihigpitan ang mga default ng Caller ID. Susunod na tawag: Pinaghihigpitan"},{"$i":"smClirPermanent","$v":"Hindi mo mababago ang setting ng caller ID"},{"$i":"smPin2Changed","$v":"Napalitan na ang PIN2"},{"$i":"smPin2Unblocked","$v":"Na-unblock na ang PIN2"},{"$i":"smPinChanged","$v":"Napalitan na ang PIN"},{"$i":"smPinUnblocked","$v":"Na-unblock na ang PIN"},{"$i":"smServiceDisabled","$v":"Na-disable ang serbisyo"},{"$i":"smServiceEnabled","$v":"Na-enable ang serbisyo"},{"$i":"smServiceEnabledFor","$v":"Na-enable ang serbisyo para sa:"},{"$i":"smServiceErased","$v":"Matagumpay ang pagbura"},{"$i":"smServiceInterrogated","$v":"Naipadala ang kahilingan"},{"$i":"smServiceNotProvisioned","$v":"Hindi pinapangasiwaan ang serbisyo"},{"$i":"smServiceRegistered","$v":"Hindi nakapagparehistro"},{"$i":"another","$v":"Iba"},{"$i":"current","$v":"Kasalukuyan"},{"$i":"customTag","$v":"Custom na tag","placeholder":"Custom na tag"},{"$i":"faxHome","$v":"I-fax sa tahanan"},{"$i":"faxOffice","$v":"I-fax sa opisina"},{"$i":"faxOther","$v":"I-fax sa iba pa"},{"$i":"itemWithLabel","$v":[{"t":"idOrVar","v":"label"},", ",{"t":"idOrVar","v":"item"}]},{"$i":"label","$v":"Label"},{"$i":"other","$v":"Iba pa"},{"$i":"tcl-customTag","$v":"Custom na tag"},{"$i":"dateTimeFormat_%c","$v":"%a %b %e %Y %I:%M:%S %p"},{"$i":"dateTimeFormat_%x","$v":"%m/%d/%Y"},{"$i":"days-ago-long","$v":{"few":[{"t":"idOrVar","v":"value"}," (na) araw ang nakalipas"],"many":[{"t":"idOrVar","v":"value"}," (na) araw ang nakalipas"],"one":"kahapon","other":[{"t":"idOrVar","v":"value"}," (na) araw ang nakalipas"],"two":[{"t":"idOrVar","v":"value"}," (na) araw ang nakalipas"],"zero":"ngayon"},"$x":[{"t":"idOrVar","v":"plural"},"value"]},{"$i":"days-ago-short","$v":{"other":[{"t":"idOrVar","v":"value"},"d ang nakalipas"],"zero":"ngayon"},"$x":[{"t":"idOrVar","v":"plural"},"value"]},{"$i":"days-until-long","$v":{"few":["sa loob ng ",{"t":"idOrVar","v":"value"}," (na) araw"],"many":["sa loob ng ",{"t":"idOrVar","v":"value"}," (na) araw"],"one":"bukas","other":["sa loob ng ",{"t":"idOrVar","v":"value"}," (na) araw"],"two":["sa loob ng ",{"t":"idOrVar","v":"value"}," (na) araw"],"zero":"ngayon"},"$x":[{"t":"idOrVar","v":"plural"},"value"]},{"$i":"days-until-short","$v":{"other":["sa loob ng ",{"t":"idOrVar","v":"value"},"a"],"zero":"ngayon"},"$x":[{"t":"idOrVar","v":"plural"},"value"]},{"$i":"hours-ago-long","$v":{"few":[{"t":"idOrVar","v":"value"}," (na) oras ang nakalipas"],"many":[{"t":"idOrVar","v":"value"}," (na) oras ang nakalipas"],"one":"isang oras ang nakalipas","other":[{"t":"idOrVar","v":"value"}," (na) oras ang nakalipas"],"two":[{"t":"idOrVar","v":"value"}," (na) oras ang nakalipas"],"zero":"ngayon lang"},"$x":[{"t":"idOrVar","v":"plural"},"value"]},{"$i":"hours-ago-short","$v":{"other":[{"t":"idOrVar","v":"value"},"h ang nakalipas"],"zero":"ngayon lang"},"$x":[{"t":"idOrVar","v":"plural"},"value"]},{"$i":"hours-until-long","$v":{"few":["sa loob ng ",{"t":"idOrVar","v":"value"}," (na) oras"],"many":["sa loob ng ",{"t":"idOrVar","v":"value"}," (na) oras"],"one":"sa loob ng isang oras","other":["sa loob ng ",{"t":"idOrVar","v":"value"}," (na) oras"],"two":["sa loob ng ",{"t":"idOrVar","v":"value"}," (na) oras"],"zero":"ngayon"},"$x":[{"t":"idOrVar","v":"plural"},"value"]},{"$i":"hours-until-short","$v":{"other":["sa loob ng ",{"t":"idOrVar","v":"value"},"o"],"zero":"ngayon"},"$x":[{"t":"idOrVar","v":"plural"},"value"]},{"$i":"incorrectDate","$v":"(mali ang petsa)"},{"$i":"minutes-ago-long","$v":{"few":[{"t":"idOrVar","v":"value"}," (na) minuto ang nakalipas"],"many":[{"t":"idOrVar","v":"value"}," (na) minuto ang nakalipas"],"one":"isang minuto ang nakalipas","other":[{"t":"idOrVar","v":"value"}," (na) minuto ang nakalipas"],"two":[{"t":"idOrVar","v":"value"}," (na) minuto ang nakalipas"],"zero":"ngayon lang"},"$x":[{"t":"idOrVar","v":"plural"},"value"]},{"$i":"minutes-ago-short","$v":{"other":[{"t":"idOrVar","v":"value"},"m ang nakalipas"],"zero":"ngayon lang"},"$x":[{"t":"idOrVar","v":"plural"},"value"]},{"$i":"minutes-until-long","$v":{"few":["sa loob ng ",{"t":"idOrVar","v":"value"}," (na) minuto"],"many":["sa loob ng ",{"t":"idOrVar","v":"value"}," (na) minuto"],"one":"sa loob ng isang minuto","other":["sa loob ng ",{"t":"idOrVar","v":"value"}," (na) minuto"],"two":["sa loob ng ",{"t":"idOrVar","v":"value"}," (na) minuto"],"zero":"ngayon"},"$x":[{"t":"idOrVar","v":"plural"},"value"]},{"$i":"minutes-until-short","$v":{"other":["sa loob ng ",{"t":"idOrVar","v":"value"},"m"],"zero":"ngayon"},"$x":[{"t":"idOrVar","v":"plural"},"value"]},{"$i":"month-0-genitive","$v":"Enero"},{"$i":"month-0-long","$v":"Enero"},{"$i":"month-0-short","$v":"Ene"},{"$i":"month-1-genitive","$v":"Pebrero"},{"$i":"month-1-long","$v":"Pebrero"},{"$i":"month-1-short","$v":"Peb"},{"$i":"month-10-genitive","$v":"Nobyembre"},{"$i":"month-10-long","$v":"Nobyembre"},{"$i":"month-10-short","$v":"Nob"},{"$i":"month-11-genitive","$v":"Disyembre"},{"$i":"month-11-long","$v":"Disyembre"},{"$i":"month-11-short","$v":"Dis"},{"$i":"month-2-genitive","$v":"Marso"},{"$i":"month-2-long","$v":"Marso"},{"$i":"month-2-short","$v":"Mar"},{"$i":"month-3-genitive","$v":"Abril"},{"$i":"month-3-long","$v":"Abril"},{"$i":"month-3-short","$v":"Abr"},{"$i":"month-4-genitive","$v":"Mayo"},{"$i":"month-4-long","$v":"Mayo"},{"$i":"month-4-short","$v":"Mayo"},{"$i":"month-5-genitive","$v":"Hunyo"},{"$i":"month-5-long","$v":"Hunyo"},{"$i":"month-5-short","$v":"Hun"},{"$i":"month-6-genitive","$v":"Hulyo"},{"$i":"month-6-long","$v":"Hulyo"},{"$i":"month-6-short","$v":"Hul"},{"$i":"month-7-genitive","$v":"Agosto"},{"$i":"month-7-long","$v":"Agosto"},{"$i":"month-7-short","$v":"Ago"},{"$i":"month-8-genitive","$v":"Setyembre"},{"$i":"month-8-long","$v":"Setyembre"},{"$i":"month-8-short","$v":"Set"},{"$i":"month-9-genitive","$v":"Oktubre"},{"$i":"month-9-long","$v":"Oktubre"},{"$i":"month-9-short","$v":"Okt"},{"$i":"months-ago-long","$v":{"few":[{"t":"idOrVar","v":"value"}," (na) buwan ang nakalipas"],"many":[{"t":"idOrVar","v":"value"}," (na) buwan ang nakalipas"],"one":"nakaraang buwan","other":[{"t":"idOrVar","v":"value"}," (na) buwan ang nakalipas"],"two":[{"t":"idOrVar","v":"value"}," (na) buwan ang nakalipas"],"zero":"ngayong buwan"},"$x":[{"t":"idOrVar","v":"plural"},"value"]},{"$i":"months-until-long","$v":{"few":["sa loob ng ",{"t":"idOrVar","v":"value"}," (na) buwan"],"many":["sa loob ng ",{"t":"idOrVar","v":"value"}," (na) buwan"],"one":"susunod na buwan","other":["sa loob ng ",{"t":"idOrVar","v":"value"}," (na) buwan"],"two":["sa loob ng ",{"t":"idOrVar","v":"value"}," (na) buwan"],"zero":"ngayong buwan"},"$x":[{"t":"idOrVar","v":"plural"},"value"]},{"$i":"shortDateTimeFormat","$v":"%x %I:%M %p"},{"$i":"shortTimeFormat","$v":"%I:%M %p"},{"$i":"shortTimeFormat12","$v":"%I:%M %p"},{"$i":"shortTimeFormat24","$v":"%H:%M"},{"$i":"time_am","$v":"AM"},{"$i":"time_pm","$v":"PM"},{"$i":"weekday-0-long","$v":"Linggo"},{"$i":"weekday-0-short","$v":"Lin"},{"$i":"weekday-1-long","$v":"Lunes"},{"$i":"weekday-1-short","$v":"Lun"},{"$i":"weekday-2-long","$v":"Martes"},{"$i":"weekday-2-short","$v":"Mar"},{"$i":"weekday-3-long","$v":"Miyerkules"},{"$i":"weekday-3-short","$v":"Miy"},{"$i":"weekday-4-long","$v":"Huwebes"},{"$i":"weekday-4-short","$v":"Hwe"},{"$i":"weekday-5-long","$v":"Biyernes"},{"$i":"weekday-5-short","$v":"Biy"},{"$i":"weekday-6-long","$v":"Sabado"},{"$i":"weekday-6-short","$v":"Sab"},{"$i":"weeks-ago-long","$v":{"few":[{"t":"idOrVar","v":"value"}," (na) linggo ang nakalipas"],"many":[{"t":"idOrVar","v":"value"}," (na) linggo ang nakalipas"],"one":"nakaraang linggo","other":[{"t":"idOrVar","v":"value"}," (na) linggo ang nakalipas"],"two":[{"t":"idOrVar","v":"value"}," (na) linggo ang nakalipas"],"zero":"ngayong linggo"},"$x":[{"t":"idOrVar","v":"plural"},"value"]},{"$i":"weeks-until-long","$v":{"few":["sa loob ng ",{"t":"idOrVar","v":"value"}," (na) linggo"],"many":["sa loob ng ",{"t":"idOrVar","v":"value"}," (na) linggo"],"one":"susunod na linggo","other":["sa loob ng ",{"t":"idOrVar","v":"value"}," (na) linggo"],"two":["sa loob ng ",{"t":"idOrVar","v":"value"}," (na) linggo"],"zero":"ngayong linggo"},"$x":[{"t":"idOrVar","v":"plural"},"value"]},{"$i":"years-ago-long","$v":{"few":[{"t":"idOrVar","v":"value"}," (na) taon ang nakalipas"],"many":[{"t":"idOrVar","v":"value"}," (na) taon ang nakalipas"],"one":"nakaraang taon","other":[{"t":"idOrVar","v":"value"}," (na) taon ang nakalipas"],"two":[{"t":"idOrVar","v":"value"}," (na) taon ang nakalipas"],"zero":"ngayong taon"},"$x":[{"t":"idOrVar","v":"plural"},"value"]},{"$i":"years-until-long","$v":{"few":["sa loob ng ",{"t":"idOrVar","v":"value"}," (na) taon"],"many":["sa loob ng ",{"t":"idOrVar","v":"value"}," (na) taon"],"one":"susunod na taon","other":["sa loob ng ",{"t":"idOrVar","v":"value"}," (na) taon"],"two":["sa loob ng ",{"t":"idOrVar","v":"value"}," (na) taon"],"zero":"ngayong taon"},"$x":[{"t":"idOrVar","v":"plural"},"value"]},{"$i":"dateTimeFormat_%X","$v":"%I:%M:%S %p"},{"$i":"weekStartsOnMonday","$v":"0"},{"$i":"firstDayOfTheWeek","$v":"0"}]