[{"$i":"clockDateFormat","$v":"%a, %e %b"},{"$i":"deviceIsUnlocked","$v":"Appareil déverrouillé"},{"$i":"simUnlockCodeAccepted","$v":"Code de déverrouillage SIM accepté"},{"$i":"simUnlockCodeFailed","$v":"Échec du déverrouillage SIM"},{"$i":"eccOnly","$v":"Appels d’urgence uniquement"},{"$i":"emergencyCallsOnly","$v":"Appels d'urgence seulement"},{"$i":"lockedSim","$v":"Carte SIM verrouillée"},{"$i":"noService","$v":"Aucun service"},{"$i":"noSimCard","$v":"Pas de carte SIM"},{"$i":"searching","$v":"Recherche en cours..."},{"$i":"airplane-mode","$v":"Mode avion"},{"$i":"bluetooth","$v":"Bluetooth"},{"$i":"brightness","$v":"Luminosité"},{"$i":"calculator","$v":"Calculatrice"},{"$i":"camera","$v":"Appareil photo"},{"$i":"cellular-data","$v":"Données cellulaires"},{"$i":"confirm-to-uninstall-app","$v":["Désinstaller l'application ",{"t":"idOrVar","v":"appName"},"?"]},{"$i":"flashlight","$v":"Torche"},{"$i":"instant-settings","$v":"Paramètres instantanés"},{"$i":"off","$v":"Désactivé"},{"$i":"on","$v":"Activé"},{"$i":"shortcuts","$v":"Raccourcis"},{"$i":"uninstall","$v":"Désinstaller"},{"$i":"volume","$v":"Volume"},{"$i":"wifi","$v":"Wi-Fi"},{"$i":"percentage-number","$v":[{"t":"idOrVar","v":"number"},"%"]},{"$i":"all-apps","$v":"Toutes les applications"},{"$i":"scImei","$v":"IMEI"},{"$i":"scMeid","$v":"MEID"},{"$i":"scUssd","$v":"USSD"},{"$i":"CallFailed","$v":"Échec de l'appel"},{"$i":"GenericFailure","$v":"Défaillance générique"},{"$i":"add-smart-collections","$v":"Ajouter des collections intelligentes"},{"$i":"add-to-existing-contact","$v":"Ajouter au contact existant"},{"$i":"alert-for-contacts-without-number","$v":"Aucun contact avec numéro de téléphone disponible."},{"$i":"app-title","$v":"Mes applications"},{"$i":"app-uninstall","$v":[{"t":"idOrVar","v":"name"}," est désinstallé"]},{"$i":"assign","$v":"Attribuer"},{"$i":"assign-speed-dial","$v":["Le contact n'a pas été ajouté dans la composition rapide sur le bouton ",{"t":"idOrVar","v":"n"},". L'assigner maintenant?"]},{"$i":"assign-voicemail","$v":"Le numéro de la boîte vocale n'a pas été défini."},{"$i":"call","$v":"appeler"},{"$i":"callAirplaneModeMessage","$v":"Vous devez désactiver le mode avion dans les paramètres pour effectuer un appel."},{"$i":"callAirplaneModeTitle","$v":"Le mode avion est activé."},{"$i":"cancel","$v":"Annuler"},{"$i":"change-wallpaper","$v":"Modifier le papier peint"},{"$i":"clocks-updated","$v":"Les horloges sont mises à jour"},{"$i":"confirmation","$v":"Confirmation"},{"$i":"contacts","$v":"Contacts"},{"$i":"create-new-contact","$v":"Créer nouveau contact"},{"$i":"delete","$v":"Supprimer"},{"$i":"delete-body","$v":[{"t":"idOrVar","v":"name"}," et toutes ses données seront supprimées."]},{"$i":"delete-title","$v":["Supprimer ",{"t":"idOrVar","v":"name"}]},{"$i":"edit","$v":"Modifier"},{"$i":"edit-done","$v":"Terminé"},{"$i":"edit-group-header","$v":"Modifier le groupe"},{"$i":"edit-mode","$v":"Modifier"},{"$i":"emergency-call-error","$v":[{"t":"idOrVar","v":"number"}," n'est pas un numéro d'urgence."]},{"$i":"emergency-call-only","$v":"Appel d'urgence seulement"},{"$i":"emergencyDialogBodyBadNumber","$v":"Le téléphone doit être connecté à un réseau pour effectuer un appel."},{"$i":"emergencyDialogBodyDeviceNotAccepted","$v":"Les appels d'urgence ne sont pas permis par le réseau."},{"$i":"emergencyDialogTitle","$v":"Aucune connexion réseau"},{"$i":"fax-home","$v":"Télécopieur à la maison"},{"$i":"fax-office","$v":"Télécopieur au travail"},{"$i":"fax-other","$v":"Télécopieur - autre"},{"$i":"fdnIsActiveMessage","$v":["Le mode FDN (numéros autorisés) est activé et le numéro suivant n'est pas sur votre liste de FDN : ",{"t":"idOrVar","v":"number"}]},{"$i":"fdnIsActiveTitle","$v":"FDN activé"},{"$i":"gaia-shortcut-app-updated","$v":"L'application est mise à jour"},{"$i":"grid-view","$v":"Affichage en mode grille"},{"$i":"home","$v":"Domicile"},{"$i":"homescreen-settings","$v":"Réglages de l'écran d'accueil"},{"$i":"invalidNumberToDialMessage","$v":"Le numéro de téléphone que vous avez composé n'est pas valide."},{"$i":"invalidNumberToDialTitle","$v":"Numéro de téléphone invalide"},{"$i":"list-view","$v":"Affichage en mode liste"},{"$i":"longDateFormat","$v":"%A, %B %e"},{"$i":"menu","$v":"Menu"},{"$i":"message","$v":"Message"},{"$i":"mobile","$v":"Cellulaire"},{"$i":"more","$v":"Plus"},{"$i":"move","$v":"Déplacer"},{"$i":"notifications","$v":"Avis"},{"$i":"numberIsBusyMessage","$v":"Le numéro est actuellement occupé. Veuillez réessayer plus tard."},{"$i":"numberIsBusyTitle","$v":"Le numéro est occupé."},{"$i":"ok","$v":"OK"},{"$i":"option-remove","$v":"Retirer de la composition rapide"},{"$i":"option-replace","$v":"Remplacer"},{"$i":"options","$v":"Options"},{"$i":"otherConnectionInUseMessage","$v":"Vous avez un appel actif sur une autre connexion. Vous pouvez utiliser seulement une connexion à la fois."},{"$i":"otherConnectionInUseTitle","$v":"Autre connexion en utilisation"},{"$i":"personal","$v":"Personnel"},{"$i":"remove","$v":"Supprimer"},{"$i":"remove-speed-dial","$v":["Voulez-vous vraiment supprimer ",{"t":"idOrVar","v":"name"}," de la composition rapide?"]},{"$i":"replace","$v":"Remplacer"},{"$i":"replace-speed-dial","$v":["Voulez-vous vraiment remplacer",{"t":"idOrVar","v":"name"}," par ",{"t":"idOrVar","v":"subName"}," ?"]},{"$i":"resume-download-action","$v":"Télécharger"},{"$i":"resume-download-body","$v":["Voulez-vous télécharger ",{"t":"idOrVar","v":"name"},"?"]},{"$i":"resume-download-title","$v":"Redémarrer le téléchargement"},{"$i":"scCallBarring","$v":"Interdiction d'appels"},{"$i":"scCallForwarding","$v":"Renvoi d'appel"},{"$i":"scCallWaiting","$v":"Appel en attente"},{"$i":"scClip","$v":"Identification de l'appelant entrant"},{"$i":"scClir","$v":"Identification de l'appelant sortant"},{"$i":"scPin","$v":"Modification du NIP"},{"$i":"scPin2","$v":"Modification du NIP2"},{"$i":"scPuk","$v":"Déverrouiller le NIP"},{"$i":"scPuk2","$v":"Déverrouiller le NIP2"},{"$i":"scPwd","$v":"Modification du mot de passe"},{"$i":"search-or-enter-address","placeholder":"Cherchez ou saisissez l'adresse"},{"$i":"select","$v":"Sélectionner"},{"$i":"sending","$v":"Envoi en cours..."},{"$i":"set","$v":"Définir"},{"$i":"settings","$v":"Réglages"},{"$i":"single-view","$v":"Affichage unique"},{"$i":"skip","$v":"Ignorer"},{"$i":"speed-dial","$v":"Composition abrégée"},{"$i":"speed-dial-empty","ariaLabel":[{"t":"idOrVar","v":"order"},", vide"]},{"$i":"speed-dial-not-empty","ariaLabel":[{"t":"idOrVar","v":"order"},", ",{"t":"idOrVar","v":"name"}]},{"$i":"stop-download-action","$v":"Arrêter"},{"$i":"stop-download-body","$v":"Voulez-vous arrêter le téléchargement en cours?"},{"$i":"stop-download-title","$v":["Arrêter ",{"t":"idOrVar","v":"name"}]},{"$i":"tcl-wallpaper-changed","$v":"Le papier peint est modifié"},{"$i":"video-call","$v":"Appel vidéo"},{"$i":"voicemail","$v":"Messagerie vocale"},{"$i":"work","$v":"Bureau"},{"$i":"apps","$v":"Applications"},{"$i":"nocard-eccOnly","$v":"No SIM card-Emergency calls only"},{"$i":"unusablecard-eccOnly","$v":"Unusable SIM card-Emergency calls only"},{"$i":"apn-sim1","$v":"Paramètres APN - SIM1"},{"$i":"apn-sim2","$v":"Paramètres APN - SIM2"},{"$i":"apnConfigPrepay","$v":"Prépayer"},{"$i":"apnConfigPostpay","$v":"Postpayer"},{"$i":"apn-defaultconfig-message","$v":"Définir le type d’APN à afficher"},{"$i":"apnDefaultConfig","$v":"Config APN par défaut"},{"$i":"without-sim-new","$v":[{"t":"idOrVar","v":"index"}]},{"$i":"with-sim-new","$v":[{"t":"idOrVar","v":"index"}," - ",{"t":"idOrVar","v":"carrier"}]},{"$i":"sim-with-index-and-carrier","$v":["Carte SIM ",{"t":"idOrVar","v":"index"}," - ",{"t":"idOrVar","v":"carrier"}]},{"$i":"sim-without-carrier","$v":["Carte SIM ",{"t":"idOrVar","v":"index"}]},{"$i":"call-forwarding-voice-after-seconds","$v":["Voix : ",{"t":"idOrVar","v":"voice"}," après ",{"t":"idOrVar","v":"timeSeconds"}," secondes"]},{"$i":"addNewNumber","$v":"Ajouter un nouveau numéro"},{"$i":"addToExistingContact","$v":"Ajouter au contact existant"},{"$i":"all","$v":"Tout","ariaLabel":"Tout"},{"$i":"bluetooth-handsfree-device","$v":"Appareil Bluetooth à main libre"},{"$i":"bluetoothOption","ariaLabel":"Bluetooth"},{"$i":"callDurationHours","$v":[{"t":"idOrVar","v":"h"},":",{"t":"idOrVar","v":"m"},":",{"t":"idOrVar","v":"s"}]},{"$i":"callDurationMinutes","$v":[{"t":"idOrVar","v":"m"},":",{"t":"idOrVar","v":"s"}]},{"$i":"callDurationTextFormatHours","$v":[{"t":"idOrVar","v":"h"}," h ",{"t":"idOrVar","v":"m"}," min ",{"t":"idOrVar","v":"s"}," s"]},{"$i":"callDurationTextFormatMinutes","$v":[{"t":"idOrVar","v":"m"}," min ",{"t":"idOrVar","v":"s"}," s"]},{"$i":"callDurationTextFormatSeconds","$v":[{"t":"idOrVar","v":"s"}," s"]},{"$i":"callEnded","$v":"Appel terminé"},{"$i":"callInformation","$v":"Informations sur l'appel"},{"$i":"callLog","$v":"Journal des appels"},{"$i":"callLogEdit","title":"Modifier le journal des appels"},{"$i":"callLogEditDialog","ariaLabel":"Modifier le dialogue du journal des appels"},{"$i":"caller-left-call","$v":[{"t":"idOrVar","v":"caller"}," a quitté l'appel."]},{"$i":"calllog-all","$v":"Tout"},{"$i":"calllog-deselectAll","$v":"Désélection globale"},{"$i":"calllog-none","$v":"Aucun"},{"$i":"calllog-selectAll","$v":"Sélectionner tout"},{"$i":"canceled","$v":"Annulé"},{"$i":"clear-all-text","$v":"Effacer tout le texte"},{"$i":"close","$v":"Fermer"},{"$i":"composeEmail","ariaLabel":"Courriel"},{"$i":"conferenceAddError","$v":"Impossible de fusionner les appels"},{"$i":"conferenceCall","$v":["Conférence (",{"t":"idOrVar","v":"n"},")"]},{"$i":"conferenceRemoveError","$v":"Impossible de défusionner les appels"},{"$i":"confirm-deletion","$v":"Effacer les appels sélectionnés?"},{"$i":"connecting","$v":"Connexion en cours"},{"$i":"connectingEllipsis","$v":"Connexion en cours..."},{"$i":"contactDetails","$v":"Détails du contact"},{"$i":"createNewContact","$v":"Créer nouveau contact"},{"$i":"delete-n-log?","$v":{"few":["Supprimer ",{"t":"idOrVar","v":"n"}," journaux?"],"many":["Supprimer ",{"t":"idOrVar","v":"n"}," journaux?"],"one":"Supprimer les journaux sélectionnés?","other":["Supprimer ",{"t":"idOrVar","v":"n"}," journaux?"],"two":["Supprimer ",{"t":"idOrVar","v":"n"}," journaux?"],"zero":"Rien n'est sélectionné"},"$x":[{"t":"idOrVar","v":"plural"},"n"]},{"$i":"deselect","$v":"Désélectionner"},{"$i":"dialed","$v":"Composé"},{"$i":"dialer-prompt","$v":"Composez le numéro ou sélectionnez le contact pour l'ajouter à l'appel"},{"$i":"dialerAddContact","ariaLabel":"Ajouter le contact"},{"$i":"dialerAddContactDialog","ariaLabel":"Ajouter le dialogue du contact"},{"$i":"edit-selected","$v":{"few":["sélectionnés (",{"t":"idOrVar","v":"n"},")"],"many":["sélectionnés (",{"t":"idOrVar","v":"n"},")"],"one":["sélectionnés (",{"t":"idOrVar","v":"n"},")"],"other":["sélectionnés (",{"t":"idOrVar","v":"n"},")"],"two":["sélectionnés (",{"t":"idOrVar","v":"n"},")"]},"$x":[{"t":"idOrVar","v":"plural"},"n"]},{"$i":"emailDetail","ariaLabel":"Courriel"},{"$i":"from-contact","$v":["De ",{"t":"idOrVar","v":"contact"}]},{"$i":"from-number","$v":["De ",{"t":"idOrVar","v":"number"}]},{"$i":"from-withheld-number","$v":"Du numéro retenu"},{"$i":"hangup-a11y-button","ariaLabel":"Raccrocher"},{"$i":"hide","$v":"Cacher"},{"$i":"hideKeypad","ariaLabel":"Cacher le clavier numérique"},{"$i":"hold","ariaLabel":"Patienter"},{"$i":"hours","$v":"heures"},{"$i":"ignore","$v":"Ignorer l'appel"},{"$i":"incoming","$v":"Entrant"},{"$i":"incoming-call","$v":"Appel entrant"},{"$i":"info-missed","$v":"Manqué"},{"$i":"keypad","ariaLabel":"Clavier"},{"$i":"log-item","$v":"Options"},{"$i":"makeCall","ariaLabel":"Effectuer l'appel"},{"$i":"merge","ariaLabel":"Fusionner"},{"$i":"minutes","$v":"minutes"},{"$i":"missed","$v":"Manqué","ariaLabel":"Manqué"},{"$i":"missedCall","$v":"Appel manqué"},{"$i":"missedCallMultiSims","$v":["(SIM ",{"t":"idOrVar","v":"n"},") Appel manqué"]},{"$i":"mmi-error","$v":"Une erreur s'est produite en envoyant le message."},{"$i":"mmi-notification-title-with-sim","$v":["(",{"t":"idOrVar","v":"sim"},") ",{"t":"idOrVar","v":"title"}]},{"$i":"mmi-session-expired","$v":"Session expirée"},{"$i":"mmi-successfully-sent","$v":"Message envoyé avec succès"},{"$i":"mute","ariaLabel":"En sourdine"},{"$i":"newCall","ariaLabel":"Nouvel appel"},{"$i":"no-logs-msg-1","$v":"Aucun appel n'est enregistré"},{"$i":"no-logs-msg-2","$v":"Démarrez la communication maintenant"},{"$i":"no-logs-msg-3","$v":"Aucun appel n'est enregistré"},{"$i":"no-logs-msg-4","$v":"Démarrez la communication maintenant"},{"$i":"no-recent-numbers","$v":"Le journal d'appels ne contient aucun numéro récent à composer."},{"$i":"onHoldOption","ariaLabel":"En attente"},{"$i":"outgoing","$v":"Sortant"},{"$i":"outgoing-call","$v":"Appel sortant"},{"$i":"phoneDetail","ariaLabel":"Téléphone"},{"$i":"pickup-a11y-button","ariaLabel":"Décrocher"},{"$i":"received","$v":"Reçu"},{"$i":"receiver","$v":"Récepteur"},{"$i":"recents","ariaLabel":"Appels récents"},{"$i":"reply","$v":"Répondre"},{"$i":"resume","$v":"Reprendre","ariaLabel":"Reprendre"},{"$i":"search-results","$v":"Rechercher les résultats"},{"$i":"seconds","$v":"secondes"},{"$i":"select-audio-sources","$v":"Sélectionnez les ressources d'audio."},{"$i":"send","$v":"Envoyer"},{"$i":"send-sms-button","ariaLabel":"SMS"},{"$i":"sendSms","$v":"Envoyer message"},{"$i":"separator","$v":","},{"$i":"sim-number","$v":["SIM",{"t":"idOrVar","v":"n"}]},{"$i":"speaker","$v":"Haut-parleur"},{"$i":"speakerOption","ariaLabel":"Haut-parleur"},{"$i":"suggestionMatches","$v":{"few":[{"t":"idOrVar","v":"n"}," correspondances pour \"",{"t":"idOrVar","v":"matchNumber"}],"many":[{"t":"idOrVar","v":"n"}," correspondances pour \"",{"t":"idOrVar","v":"matchNumber"}],"one":[{"t":"idOrVar","v":"n"}," correspondance pour \"",{"t":"idOrVar","v":"matchNumber"}],"other":[{"t":"idOrVar","v":"n"}," correspondances pour \"",{"t":"idOrVar","v":"matchNumber"}],"two":[{"t":"idOrVar","v":"n"}," correspondances pour \"",{"t":"idOrVar","v":"matchNumber"}]},"$x":[{"t":"idOrVar","v":"plural"},"n"]},{"$i":"switch-calls","$v":"Changer des appels"},{"$i":"tcl-assign","$v":"Attribuer"},{"$i":"tcl-assign-speed-dial","$v":{"$o":["Le contact n'était pas ajouté à la composition abrégée sur le bouton « ",{"t":"idOrVar","v":"speedDial"}," »<br><br>Attribuer maintenant?"]}},{"$i":"tcl-call-log-delete-group-notification","$v":[{"t":"idOrVar","v":"n"}," entrées ont été supprimées"]},{"$i":"tcl-calllog-entry-removed-err-notification","$v":"Impossible de retirer le journal d'entrée des appels"},{"$i":"tcl-calllog-entry-removed-succ-notification","$v":"Journal d'entrée des appels retiré"},{"$i":"tcl-cancel","$v":"Annuler"},{"$i":"tcl-confirmation","$v":"la confirmation"},{"$i":"tcl-delete-log","$v":"Êtes-vous certain de vouloir supprimer les entrées sélectionnées du journal des appels?"},{"$i":"tcl-dialer","$v":"Composeur automatique"},{"$i":"tcl-edit-not-selected","$v":"sélectionné (0)"},{"$i":"tcl-option-menu-call-log-edit","$v":"Modifier le journal des appels"},{"$i":"today","$v":"Aujourd'hui"},{"$i":"toggleKeypad","ariaLabel":"Basculer le clavier"},{"$i":"type-your-response","placeholder":"Saisissez votre réponse"},{"$i":"unknown","$v":"Inconnu"},{"$i":"unlock-a11y-button","ariaLabel":"Règle"},{"$i":"ussd-services","$v":["Services de ",{"t":"idOrVar","v":"operator"}]},{"$i":"via-sim","$v":["par SIM",{"t":"idOrVar","v":"n"}]},{"$i":"view-all","$v":"Voir tout"},{"$i":"wifi-calling","$v":"Appel du Wi-Fi"},{"$i":"withheld-number","$v":"Numéro retenu"},{"$i":"yesterday","$v":"Hier"},{"$i":"SimPin2","$v":"NIP2 de la SIM"},{"$i":"SimPuk2","$v":"PUK2 de la SIM"},{"$i":"serviceClassFax","$v":"TÉLÉCOPIE"},{"$i":"serviceClassPad","$v":"PAD"},{"$i":"serviceClassSms","$v":"SMS"},{"$i":"DialModifiedToDial","$v":"Composition modifiée à composition"},{"$i":"DialModifiedToSs","$v":"Composition modifiée à SS"},{"$i":"DialModifiedToUssd","$v":"Composition modifiée à USSD"},{"$i":"FdnCheckFailure","$v":"Échec de la vérification du FDN"},{"$i":"IllegalSimOrMe","$v":"SIM ou ME illégale"},{"$i":"InvalidParameter","$v":"Paramètre invalide"},{"$i":"ModeNotSupported","$v":"Mode non supporté"},{"$i":"OpNotAllowedDuringVoiceCall","$v":"Action non permise pendant l'appel vocal"},{"$i":"PasswordIncorrect","$v":"Mot de passe erroné"},{"$i":"RadioNotAvailable","$v":"La radio n'est pas disponible."},{"$i":"RejectedByRemote","$v":"Rejeté à distance"},{"$i":"RequestNotSupported","$v":"Demande non supportée"},{"$i":"ServiceIsDisabled","$v":"Le service est désactivé"},{"$i":"ServiceIsEnabled","$v":"Le service est activé"},{"$i":"ServiceIsEnabledFor","$v":"Le service est activé pour :"},{"$i":"SimAbsent","$v":"SIM absente"},{"$i":"SmsSendFailRetry","$v":"Relance de l'envoi échoué du SMS"},{"$i":"SsModifiedToDial","$v":"SS modifiée à composition"},{"$i":"SsModifiedToSs","$v":"SS modifiée à SS"},{"$i":"SsModifiedToUssd","$v":"SS modifiée à USSD"},{"$i":"SubscriptionNotAvailable","$v":"Inscription non disponible"},{"$i":"SubscriptionNotSupported","$v":"Inscription non supportée"},{"$i":"UssdModifiedToDial","$v":"USSD modifiée à composition"},{"$i":"UssdModifiedToSs","$v":"USSD modifiée à SS"},{"$i":"UssdModifiedToUssd","$v":"USSD modifiée à USSD"},{"$i":"call-forwarding-async","$v":["Asynchrone : ",{"t":"idOrVar","v":"async"}]},{"$i":"call-forwarding-data","$v":["Données : ",{"t":"idOrVar","v":"data"}]},{"$i":"call-forwarding-error","$v":"Une erreur s'est produite lors de l'extraction de l'état du renvoi de l'appel."},{"$i":"call-forwarding-fax","$v":["TÉLÉCOPIE : ",{"t":"idOrVar","v":"fax"}]},{"$i":"call-forwarding-inactive","$v":"Désactivé"},{"$i":"call-forwarding-packet","$v":["Paquet : ",{"t":"idOrVar","v":"packet"}]},{"$i":"call-forwarding-pad","$v":["PAD : ",{"t":"idOrVar","v":"pad"}]},{"$i":"call-forwarding-sms","$v":["SMS : ",{"t":"idOrVar","v":"sms"}]},{"$i":"call-forwarding-status","$v":"État du renvoi d'appel"},{"$i":"call-forwarding-sync","$v":["Synchrone : ",{"t":"idOrVar","v":"sync"}]},{"$i":"call-forwarding-voice","$v":["Voix : ",{"t":"idOrVar","v":"voice"}]},{"$i":"emMmiError","$v":"Problème de connexion ou code MMI invalide"},{"$i":"emMmiErrorBadPin","$v":"Le vieux NIP que vous avez saisi est erroné."},{"$i":"emMmiErrorBadPuk","$v":"Le PUK que vous avez saisi est erroné."},{"$i":"emMmiErrorEnablePin","$v":"Échec Activer VERROUILLAGE SIM/RUIM"},{"$i":"emMmiErrorInvalidAction","$v":"Action invalide"},{"$i":"emMmiErrorInvalidPin","$v":"Saisissez un NIP composé de 4 à 8 chiffres."},{"$i":"emMmiErrorInvalidScCode","$v":"Code de service invalide"},{"$i":"emMmiErrorMismatchPin","$v":"Les NIP que vous avez saisi ne sont pas les mêmes."},{"$i":"emMmiErrorMmiFdn","$v":"L'action est réservée aux appels autorisés seulement."},{"$i":"emMmiErrorNeedPuk2","$v":"Saisissez le PUK2 pour déverrouiller la carte SIM."},{"$i":"emMmiErrorNeedsPuk","$v":"Votre carte SIM est verrouillée avec PUK."},{"$i":"emMmiErrorNotSupported","$v":"Code MMI invalide ou non supporté"},{"$i":"emMmiErrorPasswordIncorrect","$v":"Mot de passe erroné"},{"$i":"emMmiErrorPinPukAttempts","$v":{"few":[{"t":"idOrVar","v":"n"}," relances restantes."],"many":[{"t":"idOrVar","v":"n"}," relances restantes."],"one":["Seulement ",{"t":"idOrVar","v":"n"}," relance restante"],"other":[{"t":"idOrVar","v":"n"}," relances restantes."],"two":[{"t":"idOrVar","v":"n"}," relances restantes."]},"$x":[{"t":"idOrVar","v":"plural"},"n"]},{"$i":"emMmiErrorSimBlocked","$v":"Le nombre maximum de relances est dépassé. SIM bloquée"},{"$i":"emMmiErrorStkCcSsDial","$v":"La demande de SS est modifiée à une demande de COMPOSITION."},{"$i":"emMmiErrorStkCcSsSs","$v":"La demande de SS est modifiée à une nouvelle demande de SS."},{"$i":"emMmiErrorStkCcSsUssd","$v":"La demande de SS est modifiée à une demande de USSD."},{"$i":"emMmiErrorStkCcUssdDial","$v":"La demande de USSD est modifiée à une demande de COMPOSITION."},{"$i":"emMmiErrorStkCcUssdSs","$v":"La demande de USSD est modifiée à une demande de SS."},{"$i":"emMmiErrorStkCcUssdUssd","$v":"La demande de USSD est modifiée à une nouvelle demande de USSD."},{"$i":"fihVersion","$v":"Version FIH"},{"$i":"imeiAndSvn","$v":"IMEI et SVN"},{"$i":"internalVersion","$v":"Version interne"},{"$i":"serviceClassData","$v":"Données"},{"$i":"serviceClassDataAsync","$v":"Asynchrone"},{"$i":"serviceClassDataSync","$v":"Synchronisation"},{"$i":"serviceClassPacket","$v":"Paquet"},{"$i":"serviceClassVoice","$v":"Voix"},{"$i":"smClirDefaultOffNextCallOff","$v":"L'identification de l'appelant est réglée par défaut à non réservée. Appel suivant : Non réservé"},{"$i":"smClirDefaultOffNextCallOn","$v":"L'identification de l'appelant est réglée par défaut à non réservée. Appel suivant : Réservé"},{"$i":"smClirDefaultOnNextCallOff","$v":"L'identification de l'appelant est réglé à « réservée » par défaut. Appel suivant : Non réservé"},{"$i":"smClirDefaultOnNextCallOn","$v":"L'identification de l'appelant est réglé à « réservée » par défaut. Appel suivant : Réservé"},{"$i":"smClirPermanent","$v":"Vous ne pouvez pas modifier les réglages de l'identification de l'appelant."},{"$i":"smPin2Changed","$v":"NIP2 modifié avec succès"},{"$i":"smPin2Unblocked","$v":"NIP2 déverrouillé avec succès"},{"$i":"smPinChanged","$v":"NIP modifié avec succès"},{"$i":"smPinUnblocked","$v":"NIP déverrouillé avec succès"},{"$i":"smServiceDisabled","$v":"Le service a été désactivé."},{"$i":"smServiceEnabled","$v":"Le service a été activé."},{"$i":"smServiceEnabledFor","$v":"Le service a été activé pour :"},{"$i":"smServiceErased","$v":"L'effacement a réussi."},{"$i":"smServiceInterrogated","$v":"La demande a réussi."},{"$i":"smServiceNotProvisioned","$v":"Service non fourni"},{"$i":"smServiceRegistered","$v":"L'enregistrement a réussi."},{"$i":"another","$v":"Un autre"},{"$i":"current","$v":"Actuel"},{"$i":"customTag","$v":"Onglet personnalisé","placeholder":"Onglet personnalisé"},{"$i":"faxHome","$v":"Télécopieur domicile"},{"$i":"faxOffice","$v":"Télécopieur bureau"},{"$i":"faxOther","$v":"Télécopieur autre"},{"$i":"itemWithLabel","$v":[{"t":"idOrVar","v":"label"},", ",{"t":"idOrVar","v":"item"}]},{"$i":"label","$v":"Étiquette"},{"$i":"other","$v":"Autre"},{"$i":"tcl-customTag","$v":"Onglet personnalisé"},{"$i":"dateTimeFormat_%c","$v":"%a %b %e %Y %I:%M:%S %p"},{"$i":"dateTimeFormat_%x","$v":"%m/%d/%Y"},{"$i":"days-ago-long","$v":{"few":["il y a ",{"t":"idOrVar","v":"value"}," jours"],"many":["il y a ",{"t":"idOrVar","v":"value"}," jours"],"one":"hier","other":["il y a ",{"t":"idOrVar","v":"value"}," jours"],"two":["il y a ",{"t":"idOrVar","v":"value"}," jours"],"zero":"aujourd'hui"},"$x":[{"t":"idOrVar","v":"plural"},"value"]},{"$i":"days-ago-short","$v":{"other":["il y a ",{"t":"idOrVar","v":"value"}," j"],"zero":"aujourd'hui"},"$x":[{"t":"idOrVar","v":"plural"},"value"]},{"$i":"days-until-long","$v":{"few":["dans ",{"t":"idOrVar","v":"value"}," jours"],"many":["dans ",{"t":"idOrVar","v":"value"}," jours"],"one":"demain","other":["dans ",{"t":"idOrVar","v":"value"}," jours"],"two":["dans ",{"t":"idOrVar","v":"value"}," jours"],"zero":"aujourd'hui"},"$x":[{"t":"idOrVar","v":"plural"},"value"]},{"$i":"days-until-short","$v":{"other":["dans ",{"t":"idOrVar","v":"value"}," j"],"zero":"aujourd'hui"},"$x":[{"t":"idOrVar","v":"plural"},"value"]},{"$i":"hours-ago-long","$v":{"few":["il y a ",{"t":"idOrVar","v":"value"}," heures"],"many":["il y a ",{"t":"idOrVar","v":"value"}," heures"],"one":"il y a une heure","other":["il y a ",{"t":"idOrVar","v":"value"}," heures"],"two":["il y a ",{"t":"idOrVar","v":"value"}," heures"],"zero":"juste maintenant"},"$x":[{"t":"idOrVar","v":"plural"},"value"]},{"$i":"hours-ago-short","$v":{"other":["il y a ",{"t":"idOrVar","v":"value"}," h"],"zero":"juste maintenant"},"$x":[{"t":"idOrVar","v":"plural"},"value"]},{"$i":"hours-until-long","$v":{"few":["dans ",{"t":"idOrVar","v":"value"}," heures"],"many":["dans ",{"t":"idOrVar","v":"value"}," heures"],"one":"dans une heure","other":["dans ",{"t":"idOrVar","v":"value"}," heures"],"two":["dans ",{"t":"idOrVar","v":"value"}," heures"],"zero":"maintenant"},"$x":[{"t":"idOrVar","v":"plural"},"value"]},{"$i":"hours-until-short","$v":{"other":["dans ",{"t":"idOrVar","v":"value"}," h"],"zero":"maintenant"},"$x":[{"t":"idOrVar","v":"plural"},"value"]},{"$i":"incorrectDate","$v":"(date erronée)"},{"$i":"minutes-ago-long","$v":{"few":["il y a ",{"t":"idOrVar","v":"value"}," minutes"],"many":["il y a ",{"t":"idOrVar","v":"value"}," minutes"],"one":"il y a une minute","other":["il y a ",{"t":"idOrVar","v":"value"}," minutes"],"two":["il y a ",{"t":"idOrVar","v":"value"}," minutes"],"zero":"juste maintenant"},"$x":[{"t":"idOrVar","v":"plural"},"value"]},{"$i":"minutes-ago-short","$v":{"other":["il y a ",{"t":"idOrVar","v":"value"}," m"],"zero":"juste maintenant"},"$x":[{"t":"idOrVar","v":"plural"},"value"]},{"$i":"minutes-until-long","$v":{"few":["dans ",{"t":"idOrVar","v":"value"}," minutes"],"many":["dans ",{"t":"idOrVar","v":"value"}," minutes"],"one":"dans une minute","other":["dans ",{"t":"idOrVar","v":"value"}," minutes"],"two":["dans ",{"t":"idOrVar","v":"value"}," minutes"],"zero":"maintenant"},"$x":[{"t":"idOrVar","v":"plural"},"value"]},{"$i":"minutes-until-short","$v":{"other":["dans ",{"t":"idOrVar","v":"value"}," m"],"zero":"maintenant"},"$x":[{"t":"idOrVar","v":"plural"},"value"]},{"$i":"month-0-genitive","$v":"Janvier"},{"$i":"month-0-long","$v":"Janvier"},{"$i":"month-0-short","$v":"Jan"},{"$i":"month-1-genitive","$v":"Février"},{"$i":"month-1-long","$v":"Février"},{"$i":"month-1-short","$v":"Fév"},{"$i":"month-10-genitive","$v":"Novembre"},{"$i":"month-10-long","$v":"Novembre"},{"$i":"month-10-short","$v":"Nov"},{"$i":"month-11-genitive","$v":"Décembre"},{"$i":"month-11-long","$v":"Décembre"},{"$i":"month-11-short","$v":"Déc"},{"$i":"month-2-genitive","$v":"Mars"},{"$i":"month-2-long","$v":"Mars"},{"$i":"month-2-short","$v":"Mar"},{"$i":"month-3-genitive","$v":"Avril"},{"$i":"month-3-long","$v":"Avril"},{"$i":"month-3-short","$v":"Avr"},{"$i":"month-4-genitive","$v":"Mai"},{"$i":"month-4-long","$v":"Mai"},{"$i":"month-4-short","$v":"Mai"},{"$i":"month-5-genitive","$v":"Juin"},{"$i":"month-5-long","$v":"Juin"},{"$i":"month-5-short","$v":"Jun"},{"$i":"month-6-genitive","$v":"Juillet"},{"$i":"month-6-long","$v":"Juillet"},{"$i":"month-6-short","$v":"Jul"},{"$i":"month-7-genitive","$v":"Août"},{"$i":"month-7-long","$v":"Août"},{"$i":"month-7-short","$v":"Aoû"},{"$i":"month-8-genitive","$v":"Septembre"},{"$i":"month-8-long","$v":"Septembre"},{"$i":"month-8-short","$v":"Sep"},{"$i":"month-9-genitive","$v":"Octobre"},{"$i":"month-9-long","$v":"Octobre"},{"$i":"month-9-short","$v":"Oct"},{"$i":"months-ago-long","$v":{"few":["il y a ",{"t":"idOrVar","v":"value"}," mois"],"many":["il y a ",{"t":"idOrVar","v":"value"}," mois"],"one":"le mois dernier","other":["il y a ",{"t":"idOrVar","v":"value"}," mois"],"two":["il y a ",{"t":"idOrVar","v":"value"}," mois"],"zero":"ce mois"},"$x":[{"t":"idOrVar","v":"plural"},"value"]},{"$i":"months-until-long","$v":{"few":["dans ",{"t":"idOrVar","v":"value"}," mois"],"many":["dans ",{"t":"idOrVar","v":"value"}," mois"],"one":"le mois prochain","other":["dans ",{"t":"idOrVar","v":"value"}," mois"],"two":["dans ",{"t":"idOrVar","v":"value"}," mois"],"zero":"ce mois"},"$x":[{"t":"idOrVar","v":"plural"},"value"]},{"$i":"shortDateTimeFormat","$v":"%x %I:%M %p"},{"$i":"shortTimeFormat","$v":"%I:%M %p"},{"$i":"shortTimeFormat12","$v":"%I:%M %p"},{"$i":"shortTimeFormat24","$v":"%H:%M"},{"$i":"time_am","$v":"AM"},{"$i":"time_pm","$v":"PM"},{"$i":"weekday-0-long","$v":"Dimanche"},{"$i":"weekday-0-short","$v":"Dim"},{"$i":"weekday-1-long","$v":"Lundi"},{"$i":"weekday-1-short","$v":"Lun"},{"$i":"weekday-2-long","$v":"Mardi"},{"$i":"weekday-2-short","$v":"Mar"},{"$i":"weekday-3-long","$v":"Mercredi"},{"$i":"weekday-3-short","$v":"Mer"},{"$i":"weekday-4-long","$v":"Jeudi"},{"$i":"weekday-4-short","$v":"Jeu"},{"$i":"weekday-5-long","$v":"Vendredi"},{"$i":"weekday-5-short","$v":"Ven"},{"$i":"weekday-6-long","$v":"Samedi"},{"$i":"weekday-6-short","$v":"Sam"},{"$i":"weeks-ago-long","$v":{"few":["il y a ",{"t":"idOrVar","v":"value"}," semaines"],"many":["il y a ",{"t":"idOrVar","v":"value"}," semaines"],"one":"la semaine dernière","other":["il y a ",{"t":"idOrVar","v":"value"}," semaines"],"two":["il y a ",{"t":"idOrVar","v":"value"}," semaines"],"zero":"cette semaine"},"$x":[{"t":"idOrVar","v":"plural"},"value"]},{"$i":"weeks-until-long","$v":{"few":["dans ",{"t":"idOrVar","v":"value"}," semaines"],"many":["dans ",{"t":"idOrVar","v":"value"}," semaines"],"one":"la semaine prochaine","other":["dans ",{"t":"idOrVar","v":"value"}," semaines"],"two":["dans ",{"t":"idOrVar","v":"value"}," semaines"],"zero":"cette semaine"},"$x":[{"t":"idOrVar","v":"plural"},"value"]},{"$i":"years-ago-long","$v":{"few":["il y a ",{"t":"idOrVar","v":"value"}," années"],"many":["il y a ",{"t":"idOrVar","v":"value"}," années"],"one":"l'année dernière","other":["il y a ",{"t":"idOrVar","v":"value"}," années"],"two":["il y a ",{"t":"idOrVar","v":"value"}," années"],"zero":"cette année"},"$x":[{"t":"idOrVar","v":"plural"},"value"]},{"$i":"years-until-long","$v":{"few":["dans ",{"t":"idOrVar","v":"value"}," années"],"many":["dans ",{"t":"idOrVar","v":"value"}," années"],"one":"l'année prochaine","other":["dans ",{"t":"idOrVar","v":"value"}," années"],"two":["dans ",{"t":"idOrVar","v":"value"}," années"],"zero":"cette année"},"$x":[{"t":"idOrVar","v":"plural"},"value"]},{"$i":"dateTimeFormat_%X","$v":"%I:%M:%S %p"},{"$i":"weekStartsOnMonday","$v":"1"},{"$i":"firstDayOfTheWeek","$v":"1"}]