[{"$i":"clockDateFormat","$v":"%a, %e %b"},{"$i":"deviceIsUnlocked","$v":"Appareil déverrouillé"},{"$i":"simUnlockCodeAccepted","$v":"Code de déverrouillage de la carte SIM accepté"},{"$i":"simUnlockCodeFailed","$v":"Échec de déverrouillage de la carte SIM"},{"$i":"eccOnly","$v":"Appels d'urgence seul."},{"$i":"emergencyCallsOnly","$v":"Appels d’urgence uniquement"},{"$i":"lockedSim","$v":"Carte SIM verrouillée"},{"$i":"noService","$v":"Pas de service"},{"$i":"noSimCard","$v":"Aucune carte SIM"},{"$i":"searching","$v":"Recherche en cours…"},{"$i":"airplane-mode","$v":"Mode avion"},{"$i":"bluetooth","$v":"Bluetooth"},{"$i":"brightness","$v":"Luminosité"},{"$i":"calculator","$v":"Calculatrice"},{"$i":"camera","$v":"Photos/Vidéos"},{"$i":"cellular-data","$v":"Données mobiles"},{"$i":"confirm-to-uninstall-app","$v":["Désinstaller l’application ",{"t":"idOrVar","v":"appName"}," ?"]},{"$i":"flashlight","$v":"Lampe de poche"},{"$i":"instant-settings","$v":"Paramètres instantanés"},{"$i":"off","$v":"Désactivé"},{"$i":"on","$v":"Activé"},{"$i":"shortcuts","$v":"Raccourcis"},{"$i":"uninstall","$v":"Désinstaller"},{"$i":"volume","$v":"Volume"},{"$i":"wifi","$v":"Wi-Fi"},{"$i":"percentage-number","$v":[{"t":"idOrVar","v":"number"}," %"]},{"$i":"all-apps","$v":"Toutes les applications"},{"$i":"scImei","$v":"IMEI"},{"$i":"scMeid","$v":"MEID"},{"$i":"scUssd","$v":"USSD"},{"$i":"CallFailed","$v":"Échec de l’appel"},{"$i":"GenericFailure","$v":"Échec général"},{"$i":"add-smart-collections","$v":"Ajouter des collections intelligentes"},{"$i":"add-to-existing-contact","$v":"Ajouter à un contact existant"},{"$i":"alert-for-contacts-without-number","$v":"Aucun contact ne possède de numéro de téléphone disponible."},{"$i":"app-title","$v":"Mes applications"},{"$i":"app-uninstall","$v":[{"t":"idOrVar","v":"name"}," désinstallé"]},{"$i":"assign","$v":"Affecter"},{"$i":"assign-speed-dial","$v":["Contact non ajouté comme numérotation rapide par la touche ",{"t":"idOrVar","v":"n"},". Affecter ?"]},{"$i":"assign-voicemail","$v":"Le numéro de la messagerie vocale n’a pas été défini."},{"$i":"call","$v":"Appeler"},{"$i":"callAirplaneModeMessage","$v":"Pour passer un appel, vous devez désactiver le mode Avion dans les paramètres."},{"$i":"callAirplaneModeTitle","$v":"Mode Avion activé"},{"$i":"cancel","$v":"Annuler"},{"$i":"change-wallpaper","$v":"Changer de fond d’écran"},{"$i":"clocks-updated","$v":"Horloges réglées"},{"$i":"confirmation","$v":"Confirmation"},{"$i":"contacts","$v":"Contacts"},{"$i":"create-new-contact","$v":"Créer un contact"},{"$i":"delete","$v":"Supprimer"},{"$i":"delete-body","$v":[{"t":"idOrVar","v":"name"}," et toutes ses données seront supprimées."]},{"$i":"delete-title","$v":["Supprimer ",{"t":"idOrVar","v":"name"}]},{"$i":"edit","$v":"Modifier"},{"$i":"edit-done","$v":"OK"},{"$i":"edit-group-header","$v":"Modifier le groupe"},{"$i":"edit-mode","$v":"Modifier"},{"$i":"emergency-call-error","$v":[{"t":"idOrVar","v":"number"}," n’est pas un numéro d’urgence."]},{"$i":"emergency-call-only","$v":"Appel d'urgence uniq."},{"$i":"emergencyDialogBodyBadNumber","$v":"Pour passer un appel, le téléphone doit être connecté à un réseau."},{"$i":"emergencyDialogBodyDeviceNotAccepted","$v":"Le réseau n’autorise pas les appels d’urgence."},{"$i":"emergencyDialogTitle","$v":"Aucune connexion réseau"},{"$i":"fax-home","$v":"Fax (domicile)"},{"$i":"fax-office","$v":"Fax (bureau)"},{"$i":"fax-other","$v":"Fax (autre)"},{"$i":"fdnIsActiveMessage","$v":["Les numéros autorisés (ou NF pour numéros fixes) sont activés et le numéro suivant ne fait pas partie de votre liste NF : ",{"t":"idOrVar","v":"number"}]},{"$i":"fdnIsActiveTitle","$v":"Numéros autorisés activés"},{"$i":"gaia-shortcut-app-updated","$v":"Application mise à jour"},{"$i":"grid-view","$v":"Affichage en mode grille"},{"$i":"home","$v":"Domicile"},{"$i":"homescreen-settings","$v":"Paramètres d’écran d’accueil"},{"$i":"invalidNumberToDialMessage","$v":"Le numéro de téléphone que vous tentez d’appeler n’est pas valide."},{"$i":"invalidNumberToDialTitle","$v":"Numéro de téléphone incorrect"},{"$i":"list-view","$v":"Affichage en mode liste"},{"$i":"longDateFormat","$v":"%A %e %Eb"},{"$i":"menu","$v":"Menu"},{"$i":"message","$v":"Message"},{"$i":"mobile","$v":"Portable"},{"$i":"more","$v":"Plus"},{"$i":"move","$v":"Déplacer"},{"$i":"notifications","$v":"Notificat."},{"$i":"numberIsBusyMessage","$v":"La ligne est occupée. Réessayez plus tard."},{"$i":"numberIsBusyTitle","$v":"Ligne occupée"},{"$i":"ok","$v":"OK"},{"$i":"option-remove","$v":"Supprimer de la numérotation rapide"},{"$i":"option-replace","$v":"Remplacer"},{"$i":"options","$v":"Options"},{"$i":"otherConnectionInUseMessage","$v":"Vous avez un appel en cours à travers une autre connexion. Vous ne pouvez avoir qu’une connexion à la fois."},{"$i":"otherConnectionInUseTitle","$v":"Autre connexion en cours d’utilisation"},{"$i":"personal","$v":"Personnel"},{"$i":"remove","$v":"Supprimer"},{"$i":"remove-speed-dial","$v":["Souhaitez-vous supprimer ",{"t":"idOrVar","v":"name"}," de la numérotation rapide ?"]},{"$i":"replace","$v":"Remplacer"},{"$i":"replace-speed-dial","$v":["Souhaitez-vous remplacer ",{"t":"idOrVar","v":"name"}," par ",{"t":"idOrVar","v":"subName"}," ?"]},{"$i":"resume-download-action","$v":"Télécharger"},{"$i":"resume-download-body","$v":["Voulez-vous télécharger ",{"t":"idOrVar","v":"name"}," ?"]},{"$i":"resume-download-title","$v":"Redémarrer le téléchargement"},{"$i":"scCallBarring","$v":"Restrictions d’appels"},{"$i":"scCallForwarding","$v":"Transfert d’appel"},{"$i":"scCallWaiting","$v":"Double appel"},{"$i":"scClip","$v":"Présentation du numéro entrant"},{"$i":"scClir","$v":"Présentation du numéro sortant"},{"$i":"scPin","$v":"Modifier PIN"},{"$i":"scPin2","$v":"Modifier PIN2"},{"$i":"scPuk","$v":"Débloquer PIN"},{"$i":"scPuk2","$v":"Débloquer PIN2"},{"$i":"scPwd","$v":"Modifier mot de passe"},{"$i":"search-or-enter-address","placeholder":"Rechercher ou saisir l’adresse"},{"$i":"select","$v":"Sélectionner"},{"$i":"sending","$v":"Envoi en cours…"},{"$i":"set","$v":"Définir"},{"$i":"settings","$v":"Paramètres"},{"$i":"single-view","$v":"Affichage simple"},{"$i":"skip","$v":"Ignorer"},{"$i":"speed-dial","$v":"Numérotation rapide"},{"$i":"speed-dial-empty","ariaLabel":[{"t":"idOrVar","v":"order"},", vide"]},{"$i":"speed-dial-not-empty","ariaLabel":[{"t":"idOrVar","v":"order"},", ",{"t":"idOrVar","v":"name"}]},{"$i":"stop-download-action","$v":"Arrêter"},{"$i":"stop-download-body","$v":"Voulez-vous arrêter le téléchargement en cours ?"},{"$i":"stop-download-title","$v":["Arrêter ",{"t":"idOrVar","v":"name"}]},{"$i":"tcl-wallpaper-changed","$v":"Fond d’écran changé"},{"$i":"video-call","$v":"Appel visio"},{"$i":"voicemail","$v":"Messagerie vocale"},{"$i":"work","$v":"Professionnel"},{"$i":"apps","$v":"Applications"},{"$i":"nocard-eccOnly","$v":"No SIM card-Emergency calls only"},{"$i":"unusablecard-eccOnly","$v":"Unusable SIM card-Emergency calls only"},{"$i":"apn-sim1","$v":"Paramètres d’APN - Carte SIM1"},{"$i":"apn-sim2","$v":"Paramètres d’APN - Carte SIM2"},{"$i":"apnConfigPrepay","$v":"Pré-paiement"},{"$i":"apnConfigPostpay","$v":"Post-paiement"},{"$i":"apn-defaultconfig-message","$v":"Définissez le type d'APN à afficher"},{"$i":"apnDefaultConfig","$v":"Config. par défaut APN"},{"$i":"without-sim-new","$v":[{"t":"idOrVar","v":"index"}]},{"$i":"with-sim-new","$v":[{"t":"idOrVar","v":"index"}," - ",{"t":"idOrVar","v":"carrier"}]},{"$i":"sim-with-index-and-carrier","$v":["Carte SIM ",{"t":"idOrVar","v":"index"}," - ",{"t":"idOrVar","v":"carrier"}]},{"$i":"sim-without-carrier","$v":["Carte SIM ",{"t":"idOrVar","v":"index"}]},{"$i":"call-forwarding-voice-after-seconds","$v":["Voix : ",{"t":"idOrVar","v":"voice"}," après ",{"t":"idOrVar","v":"timeSeconds"}," secondes"]},{"$i":"addNewNumber","$v":"Ajouter un nouveau numéro"},{"$i":"addToExistingContact","$v":"Ajouter à un contact existant"},{"$i":"all","$v":"Tous","ariaLabel":"Tout"},{"$i":"bluetooth-handsfree-device","$v":"Kit mains libres Bluetooth"},{"$i":"bluetoothOption","ariaLabel":"Bluetooth"},{"$i":"callDurationHours","$v":[{"t":"idOrVar","v":"h"},":",{"t":"idOrVar","v":"m"},":",{"t":"idOrVar","v":"s"}]},{"$i":"callDurationMinutes","$v":[{"t":"idOrVar","v":"m"},":",{"t":"idOrVar","v":"s"}]},{"$i":"callDurationTextFormatHours","$v":[{"t":"idOrVar","v":"h"}," h ",{"t":"idOrVar","v":"m"}," m ",{"t":"idOrVar","v":"s"}," s"]},{"$i":"callDurationTextFormatMinutes","$v":[{"t":"idOrVar","v":"m"}," m ",{"t":"idOrVar","v":"s"}," s"]},{"$i":"callDurationTextFormatSeconds","$v":[{"t":"idOrVar","v":"s"}," s"]},{"$i":"callEnded","$v":"Appel terminé"},{"$i":"callInformation","$v":"Informations sur l’appel"},{"$i":"callLog","$v":"Journal d’appels"},{"$i":"callLogEdit","title":"Éditer le journal d’appels"},{"$i":"callLogEditDialog","ariaLabel":"Boîte de dialogue Éditer le journal d’appels"},{"$i":"caller-left-call","$v":[{"t":"idOrVar","v":"caller"}," a quitté l’appel."]},{"$i":"calllog-all","$v":"Tout"},{"$i":"calllog-deselectAll","$v":"Tout désélectionner"},{"$i":"calllog-none","$v":"Aucun"},{"$i":"calllog-selectAll","$v":"Tout sélectionner"},{"$i":"canceled","$v":"Annulé"},{"$i":"clear-all-text","$v":"Effacer tout le texte"},{"$i":"close","$v":"Fermer"},{"$i":"composeEmail","ariaLabel":"E-mail"},{"$i":"conferenceAddError","$v":"Impossible de regrouper les appels"},{"$i":"conferenceCall","$v":["Conférence (",{"t":"idOrVar","v":"n"},")"]},{"$i":"conferenceRemoveError","$v":"Impossible de séparer les appels"},{"$i":"confirm-deletion","$v":"Effacer les appels sélectionnés ?"},{"$i":"connecting","$v":"Appel"},{"$i":"connectingEllipsis","$v":"Connexion en cours…"},{"$i":"contactDetails","$v":"Détails du contact"},{"$i":"createNewContact","$v":"Créer un nouveau contact"},{"$i":"delete-n-log?","$v":{"few":["Supprimer ",{"t":"idOrVar","v":"n"}," entrées ?"],"many":["Supprimer ",{"t":"idOrVar","v":"n"}," entrées ?"],"one":"Supprimer l’entrée sélectionnée ?","other":["Supprimer ",{"t":"idOrVar","v":"n"}," entrées ?"],"two":["Supprimer ",{"t":"idOrVar","v":"n"}," entrées ?"],"zero":"Aucune entrée sélectionnée"},"$x":[{"t":"idOrVar","v":"plural"},"n"]},{"$i":"deselect","$v":"Désélectionner"},{"$i":"dialed","$v":"Composés"},{"$i":"dialer-prompt","$v":"Composer un numéro ou sélectionner le contact à ajouter à l’appel"},{"$i":"dialerAddContact","ariaLabel":"Ajouter un contact"},{"$i":"dialerAddContactDialog","ariaLabel":"Boîte de dialogue Ajouter un contact"},{"$i":"edit-selected","$v":{"few":[{"t":"idOrVar","v":"n"}," sélectionnés"],"many":[{"t":"idOrVar","v":"n"}," sélectionnés"],"one":[{"t":"idOrVar","v":"n"}," sélectionné"],"other":[{"t":"idOrVar","v":"n"}," sélectionnés"],"two":[{"t":"idOrVar","v":"n"}," sélectionnés"]},"$x":[{"t":"idOrVar","v":"plural"},"n"]},{"$i":"emailDetail","ariaLabel":"E-mail"},{"$i":"from-contact","$v":["De ",{"t":"idOrVar","v":"contact"}]},{"$i":"from-number","$v":["Du ",{"t":"idOrVar","v":"number"}]},{"$i":"from-withheld-number","$v":"D’un numéro masqué"},{"$i":"hangup-a11y-button","ariaLabel":"Raccrocher"},{"$i":"hide","$v":"Masquer"},{"$i":"hideKeypad","ariaLabel":"Masquer le clavier"},{"$i":"hold","ariaLabel":"En attente"},{"$i":"hours","$v":"heures"},{"$i":"ignore","$v":"Ignorer l’appel"},{"$i":"incoming","$v":"Entrant"},{"$i":"incoming-call","$v":"Appel entrant"},{"$i":"info-missed","$v":"Manqués"},{"$i":"keypad","ariaLabel":"Clavier"},{"$i":"log-item","$v":"Options"},{"$i":"makeCall","ariaLabel":"Passer un appel"},{"$i":"merge","ariaLabel":"Fusionner"},{"$i":"minutes","$v":"minutes"},{"$i":"missed","$v":"Manqués","ariaLabel":"Manqués"},{"$i":"missedCall","$v":"Appel manqué"},{"$i":"missedCallMultiSims","$v":["(SIM ",{"t":"idOrVar","v":"n"},") Appel manqué"]},{"$i":"mmi-error","$v":"Une erreur s’est produite lors de l’envoi du message"},{"$i":"mmi-notification-title-with-sim","$v":["(",{"t":"idOrVar","v":"sim"},") ",{"t":"idOrVar","v":"title"}]},{"$i":"mmi-session-expired","$v":"Session expirée"},{"$i":"mmi-successfully-sent","$v":"Message envoyé avec succès"},{"$i":"mute","ariaLabel":"Silencieux"},{"$i":"newCall","ariaLabel":"Nouvel appel"},{"$i":"no-logs-msg-1","$v":"Aucun appel enregistré"},{"$i":"no-logs-msg-2","$v":"Vous pouvez dès à présent passer un appel"},{"$i":"no-logs-msg-3","$v":"Aucun appel manqué"},{"$i":"no-logs-msg-4","$v":"Commencer la communication"},{"$i":"no-recent-numbers","$v":"Aucun numéro récent à composer ne se trouve dans les journaux d’appels."},{"$i":"onHoldOption","ariaLabel":"En attente"},{"$i":"outgoing","$v":"Passés"},{"$i":"outgoing-call","$v":"Appel sortant"},{"$i":"phoneDetail","ariaLabel":"Téléphone"},{"$i":"pickup-a11y-button","ariaLabel":"Décrocher"},{"$i":"received","$v":"Reçu"},{"$i":"receiver","$v":"Écouteur"},{"$i":"recents","ariaLabel":"Derniers appels"},{"$i":"reply","$v":"Répondre"},{"$i":"resume","$v":"Reprendre","ariaLabel":"Reprendre"},{"$i":"search-results","$v":"Résultats de la recherche"},{"$i":"seconds","$v":"secondes"},{"$i":"select-audio-sources","$v":"Choisir les sources audio"},{"$i":"send","$v":"Envoyer"},{"$i":"send-sms-button","ariaLabel":"SMS"},{"$i":"sendSms","$v":"Envoyer un message"},{"$i":"separator","$v":","},{"$i":"sim-number","$v":["SIM ",{"t":"idOrVar","v":"n"}]},{"$i":"speaker","$v":"Haut-parleur"},{"$i":"speakerOption","ariaLabel":"Haut-parleur"},{"$i":"suggestionMatches","$v":{"few":[{"t":"idOrVar","v":"n"}," correspondances pour « ",{"t":"idOrVar","v":"matchNumber"}," »"],"many":[{"t":"idOrVar","v":"n"}," correspondances pour « ",{"t":"idOrVar","v":"matchNumber"}," »"],"one":[{"t":"idOrVar","v":"n"}," correspondance pour « ",{"t":"idOrVar","v":"matchNumber"}," »"],"other":[{"t":"idOrVar","v":"n"}," correspondances pour « ",{"t":"idOrVar","v":"matchNumber"}," »"],"two":[{"t":"idOrVar","v":"n"}," correspondances pour « ",{"t":"idOrVar","v":"matchNumber"}," »"]},"$x":[{"t":"idOrVar","v":"plural"},"n"]},{"$i":"switch-calls","$v":"Basculer sur un autre appel"},{"$i":"tcl-assign","$v":"Affecter"},{"$i":"tcl-assign-speed-dial","$v":{"$o":["Contact non ajouté comme numérotation rapide par la touche « ",{"t":"idOrVar","v":"speedDial"}," »<br><br>Affecter ?"]}},{"$i":"tcl-call-log-delete-group-notification","$v":[{"t":"idOrVar","v":"n"}," entrées supprimées"]},{"$i":"tcl-calllog-entry-removed-err-notification","$v":"Suppression de l’entrée du journal d’appels impossible"},{"$i":"tcl-calllog-entry-removed-succ-notification","$v":"Entrée du journal d’appels supprimée"},{"$i":"tcl-cancel","$v":"Annuler"},{"$i":"tcl-confirmation","$v":"Confirmation"},{"$i":"tcl-delete-log","$v":"Souhaitez-vous supprimer les entrées sélectionnées de ce journal d’appels ?"},{"$i":"tcl-dialer","$v":"Clavier"},{"$i":"tcl-edit-not-selected","$v":"0 sélectionné"},{"$i":"tcl-option-menu-call-log-edit","$v":"Éditer le journal d’appels"},{"$i":"today","$v":"Aujourd’hui"},{"$i":"toggleKeypad","ariaLabel":"Activer/Désactiver le clavier"},{"$i":"type-your-response","placeholder":"Saisissez votre réponse…"},{"$i":"unknown","$v":"Inconnu"},{"$i":"unlock-a11y-button","ariaLabel":"Curseur"},{"$i":"ussd-services","$v":["Services ",{"t":"idOrVar","v":"operator"}]},{"$i":"via-sim","$v":["avec la SIM ",{"t":"idOrVar","v":"n"}]},{"$i":"view-all","$v":"Tout afficher"},{"$i":"wifi-calling","$v":"Appels par Wi-Fi"},{"$i":"withheld-number","$v":"Numéro masqué"},{"$i":"yesterday","$v":"Hier"},{"$i":"SimPin2","$v":"PIN2 carte SIM"},{"$i":"SimPuk2","$v":"PUK2 carte SIM"},{"$i":"serviceClassFax","$v":"FAX"},{"$i":"serviceClassPad","$v":"PAD"},{"$i":"serviceClassSms","$v":"SMS"},{"$i":"DialModifiedToDial","$v":"Dial modifiée en dial"},{"$i":"DialModifiedToSs","$v":"Dial modifiée en SS"},{"$i":"DialModifiedToUssd","$v":"Dial modifiée en USSD"},{"$i":"FdnCheckFailure","$v":"Échec de la vérification de la liste de numéros autorisés (FDN)"},{"$i":"IllegalSimOrMe","$v":"SIM ou ME illégal"},{"$i":"InvalidParameter","$v":"Paramètre non valide"},{"$i":"ModeNotSupported","$v":"Mode non pris en charge"},{"$i":"OpNotAllowedDuringVoiceCall","$v":"Opération non permise durant un appel"},{"$i":"PasswordIncorrect","$v":"Mot de passe incorrect"},{"$i":"RadioNotAvailable","$v":"Radio indisponible"},{"$i":"RejectedByRemote","$v":"Rejeté par l’équipement distant"},{"$i":"RequestNotSupported","$v":"Requête non prise en charge"},{"$i":"ServiceIsDisabled","$v":"Service désactivé"},{"$i":"ServiceIsEnabled","$v":"Service activé"},{"$i":"ServiceIsEnabledFor","$v":"Service activé pour :"},{"$i":"SimAbsent","$v":"SIM absente"},{"$i":"SmsSendFailRetry","$v":"Échec de l’envoi du SMS, réessayer"},{"$i":"SsModifiedToDial","$v":"SS modifiée en dial"},{"$i":"SsModifiedToSs","$v":"SS modifiée en SS"},{"$i":"SsModifiedToUssd","$v":"SS modifiée en USSD"},{"$i":"SubscriptionNotAvailable","$v":"Abonnement non disponible"},{"$i":"SubscriptionNotSupported","$v":"Abonnement non pris en charge"},{"$i":"UssdModifiedToDial","$v":"USSD modifiée en dial"},{"$i":"UssdModifiedToSs","$v":"USSD modifiée en SS"},{"$i":"UssdModifiedToUssd","$v":"USSD modifiée en USSD"},{"$i":"call-forwarding-async","$v":["Asynchrone : ",{"t":"idOrVar","v":"async"}]},{"$i":"call-forwarding-data","$v":["Données : ",{"t":"idOrVar","v":"data"}]},{"$i":"call-forwarding-error","$v":"Une erreur s’est produite lors de la récupération de l’état du transfert d’appel."},{"$i":"call-forwarding-fax","$v":["FAX : ",{"t":"idOrVar","v":"fax"}]},{"$i":"call-forwarding-inactive","$v":"Inactif"},{"$i":"call-forwarding-packet","$v":["Paquets : ",{"t":"idOrVar","v":"packet"}]},{"$i":"call-forwarding-pad","$v":["PAD : ",{"t":"idOrVar","v":"pad"}]},{"$i":"call-forwarding-sms","$v":["SMS : ",{"t":"idOrVar","v":"sms"}]},{"$i":"call-forwarding-status","$v":"État du renvoi d’appels"},{"$i":"call-forwarding-sync","$v":["Synchrone : ",{"t":"idOrVar","v":"sync"}]},{"$i":"call-forwarding-voice","$v":["Voix : ",{"t":"idOrVar","v":"voice"}]},{"$i":"emMmiError","$v":"Problème de connexion ou code MMI non valide"},{"$i":"emMmiErrorBadPin","$v":"L’ancien PIN saisi n’est pas correct."},{"$i":"emMmiErrorBadPuk","$v":"Le PUK saisi n’est pas correct"},{"$i":"emMmiErrorEnablePin","$v":"Échec. Activer SIM/RUIM LOCK"},{"$i":"emMmiErrorInvalidAction","$v":"Action non valide"},{"$i":"emMmiErrorInvalidPin","$v":"Saisissez un PIN de 4 à 8 chiffres"},{"$i":"emMmiErrorInvalidScCode","$v":"Code de service non valide"},{"$i":"emMmiErrorMismatchPin","$v":"Les PIN saisis ne correspondent pas"},{"$i":"emMmiErrorMmiFdn","$v":"Opération restreinte à la liste de numéros autorisés (FDN)"},{"$i":"emMmiErrorNeedPuk2","$v":"Saisissez le PUK2 pour déverrouiller la carte SIM"},{"$i":"emMmiErrorNeedsPuk","$v":"Votre carte SIM est verrouillée par code PUK"},{"$i":"emMmiErrorNotSupported","$v":"Code MMI non valide ou non pris en charge"},{"$i":"emMmiErrorPasswordIncorrect","$v":"Mot de passe incorrect"},{"$i":"emMmiErrorPinPukAttempts","$v":{"few":[{"t":"idOrVar","v":"n"}," essais restants"],"many":[{"t":"idOrVar","v":"n"}," essais restants"],"one":"Dernier essai","other":[{"t":"idOrVar","v":"n"}," essais restants"],"two":[{"t":"idOrVar","v":"n"}," essais restants"]},"$x":[{"t":"idOrVar","v":"plural"},"n"]},{"$i":"emMmiErrorSimBlocked","$v":"Nombre maximal d’essais dépassé. SIM bloquée"},{"$i":"emMmiErrorStkCcSsDial","$v":"Requête SS modifiée en requête DIAL"},{"$i":"emMmiErrorStkCcSsSs","$v":"Requête SS modifiée en nouvelle requête SS"},{"$i":"emMmiErrorStkCcSsUssd","$v":"Requête SS modifiée en requête USSD"},{"$i":"emMmiErrorStkCcUssdDial","$v":"Requête USSD modifiée en requête DIAL"},{"$i":"emMmiErrorStkCcUssdSs","$v":"Requête USSD modifiée en requête SS"},{"$i":"emMmiErrorStkCcUssdUssd","$v":"Requête USSD modifiée en nouvelle requête USSD"},{"$i":"fihVersion","$v":"Version FIH"},{"$i":"imeiAndSvn","$v":"IMEI et SVN"},{"$i":"internalVersion","$v":"Version interne"},{"$i":"serviceClassData","$v":"Données"},{"$i":"serviceClassDataAsync","$v":"Asynchrone"},{"$i":"serviceClassDataSync","$v":"Synchrone"},{"$i":"serviceClassPacket","$v":"Paquets"},{"$i":"serviceClassVoice","$v":"Voix"},{"$i":"smClirDefaultOffNextCallOff","$v":"Présentation du numéro activée par défaut. Prochain appel : affiché"},{"$i":"smClirDefaultOffNextCallOn","$v":"Présentation du numéro activée par défaut. Prochain appel : masqué"},{"$i":"smClirDefaultOnNextCallOff","$v":"Présentation du numéro désactivée par défaut. Prochain appel : affiché"},{"$i":"smClirDefaultOnNextCallOn","$v":"Présentation du numéro désactivée par défaut. Prochain appel : masqué"},{"$i":"smClirPermanent","$v":"Vous ne pouvez pas modifier le paramètre de présentation du numéro"},{"$i":"smPin2Changed","$v":"Changement PIN2 réussi"},{"$i":"smPin2Unblocked","$v":"Déblocage PIN2 réussi"},{"$i":"smPinChanged","$v":"Changement PIN réussi"},{"$i":"smPinUnblocked","$v":"Déblocage PIN réussi"},{"$i":"smServiceDisabled","$v":"Le service a été désactivé"},{"$i":"smServiceEnabled","$v":"Le service était activé"},{"$i":"smServiceEnabledFor","$v":"Le service était activé pour :"},{"$i":"smServiceErased","$v":"L’effacement a réussi"},{"$i":"smServiceInterrogated","$v":"La requête a réussi"},{"$i":"smServiceNotProvisioned","$v":"Service non provisionné"},{"$i":"smServiceRegistered","$v":"Échec de l’enregistrement"},{"$i":"another","$v":"Autre"},{"$i":"current","$v":"En cours"},{"$i":"customTag","$v":"Tag personnalisé","placeholder":"Tag personnalisé"},{"$i":"faxHome","$v":"Fax (domicile)"},{"$i":"faxOffice","$v":"Fax (bureau)"},{"$i":"faxOther","$v":"Fax (autre)"},{"$i":"itemWithLabel","$v":[{"t":"idOrVar","v":"label"},", ",{"t":"idOrVar","v":"item"}]},{"$i":"label","$v":"Libellé"},{"$i":"other","$v":"Autre"},{"$i":"tcl-customTag","$v":"Tag personnalisé"},{"$i":"dateTimeFormat_%c","$v":"%a %e %b %Y %H:%M:%S"},{"$i":"dateTimeFormat_%x","$v":"%d/%m/%Y"},{"$i":"days-ago-long","$v":{"few":["il y a ",{"t":"idOrVar","v":"value"}," jours"],"many":["il y a ",{"t":"idOrVar","v":"value"}," jours"],"one":"hier","other":["il y a ",{"t":"idOrVar","v":"value"}," jours"],"two":["il y a ",{"t":"idOrVar","v":"value"}," jours"],"zero":"aujourd’hui"},"$x":[{"t":"idOrVar","v":"plural"},"value"]},{"$i":"days-ago-short","$v":{"other":["il y a ",{"t":"idOrVar","v":"value"},"j"],"zero":"aujourd’hui"},"$x":[{"t":"idOrVar","v":"plural"},"value"]},{"$i":"days-until-long","$v":{"few":["dans ",{"t":"idOrVar","v":"value"}," jours"],"many":["dans ",{"t":"idOrVar","v":"value"}," jours"],"one":"demain","other":["dans ",{"t":"idOrVar","v":"value"}," jours"],"two":["dans ",{"t":"idOrVar","v":"value"}," jours"],"zero":"aujourd’hui"},"$x":[{"t":"idOrVar","v":"plural"},"value"]},{"$i":"days-until-short","$v":{"other":["dans ",{"t":"idOrVar","v":"value"},"j"],"zero":"aujourd’hui"},"$x":[{"t":"idOrVar","v":"plural"},"value"]},{"$i":"hours-ago-long","$v":{"few":["il y a ",{"t":"idOrVar","v":"value"}," heures"],"many":["Il y a ",{"t":"idOrVar","v":"value"}," heures"],"one":"Il y a 1 heure","other":["il y a ",{"t":"idOrVar","v":"value"}," heures"],"two":["il y a ",{"t":"idOrVar","v":"value"}," heures"],"zero":"à l’instant"},"$x":[{"t":"idOrVar","v":"plural"},"value"]},{"$i":"hours-ago-short","$v":{"other":["il y a ",{"t":"idOrVar","v":"value"},"h"],"zero":"à l’instant"},"$x":[{"t":"idOrVar","v":"plural"},"value"]},{"$i":"hours-until-long","$v":{"few":["dans ",{"t":"idOrVar","v":"value"}," heures"],"many":["dans ",{"t":"idOrVar","v":"value"}," heures"],"one":["dans ",{"t":"idOrVar","v":"value"}," heure"],"other":["dans ",{"t":"idOrVar","v":"value"}," heures"],"two":["dans ",{"t":"idOrVar","v":"value"}," heures"],"zero":"maintenant"},"$x":[{"t":"idOrVar","v":"plural"},"value"]},{"$i":"hours-until-short","$v":{"other":["dans ",{"t":"idOrVar","v":"value"},"h"],"zero":"maintenant"},"$x":[{"t":"idOrVar","v":"plural"},"value"]},{"$i":"incorrectDate","$v":"(date incorrecte)"},{"$i":"minutes-ago-long","$v":{"few":["il y a ",{"t":"idOrVar","v":"value"}," minutes"],"many":["Il y a ",{"t":"idOrVar","v":"value"}," minutes"],"one":"Il y a 1 minute","other":["il y a ",{"t":"idOrVar","v":"value"}," minutes"],"two":["il y a ",{"t":"idOrVar","v":"value"}," minutes"],"zero":"à l’instant"},"$x":[{"t":"idOrVar","v":"plural"},"value"]},{"$i":"minutes-ago-short","$v":{"other":["il y a ",{"t":"idOrVar","v":"value"}," min"],"zero":"à l’instant"},"$x":[{"t":"idOrVar","v":"plural"},"value"]},{"$i":"minutes-until-long","$v":{"few":["dans ",{"t":"idOrVar","v":"value"}," minutes"],"many":["dans ",{"t":"idOrVar","v":"value"}," minutes"],"one":["dans ",{"t":"idOrVar","v":"value"}," minute"],"other":["dans ",{"t":"idOrVar","v":"value"}," minutes"],"two":["dans ",{"t":"idOrVar","v":"value"}," minutes"],"zero":"maintenant"},"$x":[{"t":"idOrVar","v":"plural"},"value"]},{"$i":"minutes-until-short","$v":{"other":["dans ",{"t":"idOrVar","v":"value"},"m"],"zero":"maintenant"},"$x":[{"t":"idOrVar","v":"plural"},"value"]},{"$i":"month-0-genitive","$v":"janvier"},{"$i":"month-0-long","$v":"Janvier"},{"$i":"month-0-short","$v":"jan."},{"$i":"month-1-genitive","$v":"février"},{"$i":"month-1-long","$v":"Février"},{"$i":"month-1-short","$v":"fév."},{"$i":"month-10-genitive","$v":"novembre"},{"$i":"month-10-long","$v":"Novembre"},{"$i":"month-10-short","$v":"nov."},{"$i":"month-11-genitive","$v":"décembre"},{"$i":"month-11-long","$v":"Décembre"},{"$i":"month-11-short","$v":"déc."},{"$i":"month-2-genitive","$v":"mars"},{"$i":"month-2-long","$v":"Mars"},{"$i":"month-2-short","$v":"mars"},{"$i":"month-3-genitive","$v":"avril"},{"$i":"month-3-long","$v":"Avril"},{"$i":"month-3-short","$v":"avr."},{"$i":"month-4-genitive","$v":"mai"},{"$i":"month-4-long","$v":"Mai"},{"$i":"month-4-short","$v":"mai"},{"$i":"month-5-genitive","$v":"juin"},{"$i":"month-5-long","$v":"Juin"},{"$i":"month-5-short","$v":"juin"},{"$i":"month-6-genitive","$v":"juillet"},{"$i":"month-6-long","$v":"Juillet"},{"$i":"month-6-short","$v":"juil."},{"$i":"month-7-genitive","$v":"août"},{"$i":"month-7-long","$v":"Août"},{"$i":"month-7-short","$v":"août"},{"$i":"month-8-genitive","$v":"septembre"},{"$i":"month-8-long","$v":"Septembre"},{"$i":"month-8-short","$v":"sep."},{"$i":"month-9-genitive","$v":"octobre"},{"$i":"month-9-long","$v":"Octobre"},{"$i":"month-9-short","$v":"oct."},{"$i":"months-ago-long","$v":{"few":["il y a ",{"t":"idOrVar","v":"value"}," mois"],"many":["il y a ",{"t":"idOrVar","v":"value"}," mois"],"one":"le mois dernier","other":["il y a ",{"t":"idOrVar","v":"value"}," mois"],"two":["il y a ",{"t":"idOrVar","v":"value"}," mois"],"zero":"ce mois-ci"},"$x":[{"t":"idOrVar","v":"plural"},"value"]},{"$i":"months-until-long","$v":{"few":["dans ",{"t":"idOrVar","v":"value"}," mois"],"many":["dans ",{"t":"idOrVar","v":"value"}," mois"],"one":"le mois prochain","other":["dans ",{"t":"idOrVar","v":"value"}," mois"],"two":["dans ",{"t":"idOrVar","v":"value"}," mois"],"zero":"ce mois-ci"},"$x":[{"t":"idOrVar","v":"plural"},"value"]},{"$i":"shortDateTimeFormat","$v":"%x %H:%M"},{"$i":"shortTimeFormat","$v":"%H:%M"},{"$i":"shortTimeFormat12","$v":"%I:%M %p"},{"$i":"shortTimeFormat24","$v":"%H:%M"},{"$i":"time_am","$v":"AM"},{"$i":"time_pm","$v":"PM"},{"$i":"weekday-0-long","$v":"Dimanche"},{"$i":"weekday-0-short","$v":"dim"},{"$i":"weekday-1-long","$v":"Lundi"},{"$i":"weekday-1-short","$v":"lun"},{"$i":"weekday-2-long","$v":"Mardi"},{"$i":"weekday-2-short","$v":"mar"},{"$i":"weekday-3-long","$v":"Mercredi"},{"$i":"weekday-3-short","$v":"mer"},{"$i":"weekday-4-long","$v":"Jeudi"},{"$i":"weekday-4-short","$v":"jeu"},{"$i":"weekday-5-long","$v":"Vendredi"},{"$i":"weekday-5-short","$v":"ven"},{"$i":"weekday-6-long","$v":"Samedi"},{"$i":"weekday-6-short","$v":"sam"},{"$i":"weeks-ago-long","$v":{"few":["il y a ",{"t":"idOrVar","v":"value"}," semaines"],"many":["il y a ",{"t":"idOrVar","v":"value"}," semaines"],"one":"la semaine dernière","other":["il y a ",{"t":"idOrVar","v":"value"}," semaines"],"two":["il y a ",{"t":"idOrVar","v":"value"}," semaines"],"zero":"cette semaine"},"$x":[{"t":"idOrVar","v":"plural"},"value"]},{"$i":"weeks-until-long","$v":{"few":["dans ",{"t":"idOrVar","v":"value"}," semaines"],"many":["dans ",{"t":"idOrVar","v":"value"}," semaines"],"one":"la semaine prochaine","other":["dans ",{"t":"idOrVar","v":"value"}," semaines"],"two":["dans ",{"t":"idOrVar","v":"value"}," semaines"],"zero":"cette semaine"},"$x":[{"t":"idOrVar","v":"plural"},"value"]},{"$i":"years-ago-long","$v":{"few":["il y a ",{"t":"idOrVar","v":"value"}," ans"],"many":["il y a ",{"t":"idOrVar","v":"value"}," ans"],"one":"l’année dernière","other":["il y a ",{"t":"idOrVar","v":"value"}," ans"],"two":["il y a ",{"t":"idOrVar","v":"value"}," ans"],"zero":"cette année"},"$x":[{"t":"idOrVar","v":"plural"},"value"]},{"$i":"years-until-long","$v":{"few":["dans ",{"t":"idOrVar","v":"value"}," ans"],"many":["dans ",{"t":"idOrVar","v":"value"}," ans"],"one":"l’année prochaine","other":["dans ",{"t":"idOrVar","v":"value"}," ans"],"two":["dans ",{"t":"idOrVar","v":"value"}," ans"],"zero":"cette année"},"$x":[{"t":"idOrVar","v":"plural"},"value"]},{"$i":"dateTimeFormat_%X","$v":"%H:%M:%S"},{"$i":"weekStartsOnMonday","$v":"1"},{"$i":"firstDayOfTheWeek","$v":"1"}]