[{"$i":"clockDateFormat","$v":"%a, %e %b"},{"$i":"deviceIsUnlocked","$v":"ההתקן לא נעול"},{"$i":"simUnlockCodeAccepted","$v":"קוד ביטול נעילת SIM התקבל"},{"$i":"simUnlockCodeFailed","$v":"נעילת SIM בוטלה בהצלחה"},{"$i":"eccOnly","$v":"שיחות חירום בלבד"},{"$i":"emergencyCallsOnly","$v":"שיחות חירום בלבד"},{"$i":"lockedSim","$v":"SIM נעול"},{"$i":"noService","$v":"אין שירות"},{"$i":"noSimCard","$v":"אין כרטיס SIM"},{"$i":"searching","$v":"מחפש..."},{"$i":"airplane-mode","$v":"מצב טיסה"},{"$i":"bluetooth","$v":"Bluetooth"},{"$i":"brightness","$v":"בהירות"},{"$i":"calculator","$v":"מחשבון"},{"$i":"camera","$v":"מצלמה"},{"$i":"cellular-data","$v":"נתונים סלולריים"},{"$i":"confirm-to-uninstall-app","$v":["להסיר את האפליקציה ",{"t":"idOrVar","v":"appName"},"?"]},{"$i":"flashlight","$v":"פנס"},{"$i":"instant-settings","$v":"הגדרות מיידיות"},{"$i":"off","$v":"כבוי"},{"$i":"on","$v":"מופעל"},{"$i":"shortcuts","$v":"קיצורי דרך"},{"$i":"uninstall","$v":"הסר התקנה"},{"$i":"volume","$v":"עוצמת קול"},{"$i":"wifi","$v":"Wi-Fi"},{"$i":"percentage-number","$v":[{"t":"idOrVar","v":"number"},"%"]},{"$i":"all-apps","$v":"כל היישומים"},{"$i":"scImei","$v":"IMEI"},{"$i":"scMeid","$v":"MEID"},{"$i":"scUssd","$v":"USSD"},{"$i":"CallFailed","$v":"השיחה נכשלה"},{"$i":"GenericFailure","$v":"כשל כללי"},{"$i":"add-smart-collections","$v":"הוסף אוספים חכמים"},{"$i":"add-to-existing-contact","$v":"הוסף לאיש קשר קיים"},{"$i":"alert-for-contacts-without-number","$v":"אין אנשי קשר עם מספר טלפון זמין."},{"$i":"app-title","$v":"היישומים שלי"},{"$i":"app-uninstall","$v":[{"t":"idOrVar","v":"name"}," התקנתו הוסרה"]},{"$i":"assign","$v":"הקצה"},{"$i":"assign-speed-dial","$v":["איש הקשר לא הוסף כחיוג מהיר במקש ",{"t":"idOrVar","v":"n"},". להקצות כעת?"]},{"$i":"assign-voicemail","$v":"לא נקבע מספר תא דואר קולי."},{"$i":"call","$v":"שיחה"},{"$i":"callAirplaneModeMessage","$v":"כדי לבצע שיחה עליך לבטל את מצב הטיסה בהגדרות."},{"$i":"callAirplaneModeTitle","$v":"מצב טיסה מופעל"},{"$i":"cancel","$v":"ביטול"},{"$i":"change-wallpaper","$v":"החלף טפט"},{"$i":"clocks-updated","$v":"השעונים עודכנו"},{"$i":"confirmation","$v":"אישור"},{"$i":"contacts","$v":"אנשי קשר"},{"$i":"create-new-contact","$v":"צור איש קשר חדש"},{"$i":"delete","$v":"מחק"},{"$i":"delete-body","$v":[{"t":"idOrVar","v":"name"}," וכל הנתונים שלה יימחקו."]},{"$i":"delete-title","$v":["מחק ",{"t":"idOrVar","v":"name"}]},{"$i":"edit","$v":"עריכה"},{"$i":"edit-done","$v":"בוצע"},{"$i":"edit-group-header","$v":"ערוך קבוצה"},{"$i":"edit-mode","$v":"ערוך"},{"$i":"emergency-call-error","$v":[{"t":"idOrVar","v":"number"}," איננו מספר חירום."]},{"$i":"emergency-call-only","$v":"שיחת חירום בלבד"},{"$i":"emergencyDialogBodyBadNumber","$v":"כדי לבצע שיחה, הטלפון חייב להיות מחובר לרשת כלשהי."},{"$i":"emergencyDialogBodyDeviceNotAccepted","$v":"שיחות חירום אינן מותרות על ידי הרשת."},{"$i":"emergencyDialogTitle","$v":"אין חיבור רשת"},{"$i":"fax-home","$v":"פקס בית"},{"$i":"fax-office","$v":"פקס משרד"},{"$i":"fax-other","$v":"פקס אחר"},{"$i":"fdnIsActiveMessage","$v":["FDN (מספרי חיוג קבועים) מופעל והמספר הבא אינו ברשימת FDN שלך: ",{"t":"idOrVar","v":"number"}]},{"$i":"fdnIsActiveTitle","$v":"FDN פעיל"},{"$i":"gaia-shortcut-app-updated","$v":"יישום עודכן"},{"$i":"grid-view","$v":"תצוגת סמלים"},{"$i":"home","$v":"בית"},{"$i":"homescreen-settings","$v":"הגדרות מסך הבית"},{"$i":"invalidNumberToDialMessage","$v":"מספר הטלפון שאליו אתה מתקשר אינו חוקי."},{"$i":"invalidNumberToDialTitle","$v":"מספר טלפון בלתי חוקי"},{"$i":"list-view","$v":"תצוגת רשימה"},{"$i":"longDateFormat","$v":"%A, %B %e"},{"$i":"menu","$v":"תפריט"},{"$i":"message","$v":"הודעה"},{"$i":"mobile","$v":"טלפון נייד"},{"$i":"more","$v":"עוד"},{"$i":"move","$v":"העברה"},{"$i":"notifications","$v":"הודעות"},{"$i":"numberIsBusyMessage","$v":"המספר תפוס כרגע. נא לנסות שוב מאוחר יותר."},{"$i":"numberIsBusyTitle","$v":"המספר תפוס"},{"$i":"ok","$v":"אישור"},{"$i":"option-remove","$v":"הסר מחיוג מהיר"},{"$i":"option-replace","$v":"החלף"},{"$i":"options","$v":"אפשרויות"},{"$i":"otherConnectionInUseMessage","$v":"יש לך שיחה פעילה בחיבור אחר. ניתן להשתמש רק בחיבור אחד בכל פעם."},{"$i":"otherConnectionInUseTitle","$v":"חיבורים אחרים שבשימוש"},{"$i":"personal","$v":"אישי"},{"$i":"remove","$v":"הסר"},{"$i":"remove-speed-dial","$v":["האם אתה בטוח שברצונך להסיר את ",{"t":"idOrVar","v":"name"}," מחיוג מהיר?"]},{"$i":"replace","$v":"החלף"},{"$i":"replace-speed-dial","$v":["האם אתה בטוח שברצונך להחליף את ",{"t":"idOrVar","v":"name"}," עם ",{"t":"idOrVar","v":"subName"},"?"]},{"$i":"resume-download-action","$v":"הורד"},{"$i":"resume-download-body","$v":["האם ברצונך להוריד ",{"t":"idOrVar","v":"name"},"?"]},{"$i":"resume-download-title","$v":"התחל הורדה מחדש"},{"$i":"scCallBarring","$v":"חסימת שיחה"},{"$i":"scCallForwarding","$v":"העברת שיחה"},{"$i":"scCallWaiting","$v":"שיחה ממתינה"},{"$i":"scClip","$v":"מזהה מחייג שיחה נכנסת"},{"$i":"scClir","$v":"זיהוי מחייג החוצה"},{"$i":"scPin","$v":"החלפת PIN"},{"$i":"scPin2","$v":"שינוי PIN2"},{"$i":"scPuk","$v":"שחרר נעילת PIN"},{"$i":"scPuk2","$v":"שחרר נעילת PIN2"},{"$i":"scPwd","$v":"שינו סיסמה"},{"$i":"search-or-enter-address","placeholder":"חפש או הזן כתובת"},{"$i":"select","$v":"בחר"},{"$i":"sending","$v":"שולח…"},{"$i":"set","$v":"הגדרה"},{"$i":"settings","$v":"הגדרות"},{"$i":"single-view","$v":"תצוגה בודדת"},{"$i":"skip","$v":"דילוג"},{"$i":"speed-dial","$v":"חיוג מהיר"},{"$i":"speed-dial-empty","ariaLabel":[{"t":"idOrVar","v":"order"},", ריק"]},{"$i":"speed-dial-not-empty","ariaLabel":[{"t":"idOrVar","v":"order"},", ",{"t":"idOrVar","v":"name"}]},{"$i":"stop-download-action","$v":"עצור"},{"$i":"stop-download-body","$v":"האם אתה רוצה להפסיק את ההורדה בתהליך?"},{"$i":"stop-download-title","$v":["עצור את ",{"t":"idOrVar","v":"name"}]},{"$i":"tcl-wallpaper-changed","$v":"הטפט הוחלף"},{"$i":"video-call","$v":"שיחת וידאו"},{"$i":"voicemail","$v":"דואר קולי"},{"$i":"work","$v":"עבודה"},{"$i":"apps","$v":"יישומים"},{"$i":"nocard-eccOnly","$v":"No SIM card-Emergency calls only"},{"$i":"unusablecard-eccOnly","$v":"Unusable SIM card-Emergency calls only"},{"$i":"apn-sim1","$v":"הגדרות APN‏ - SIM1"},{"$i":"apn-sim2","$v":"הגדרות APN‏ - SIM2"},{"$i":"apnConfigPrepay","$v":"תשלום מראש"},{"$i":"apnConfigPostpay","$v":"תשלום בדיעבד"},{"$i":"apn-defaultconfig-message","$v":"הגדר איזה סוג APN להציג"},{"$i":"apnDefaultConfig","$v":"‏APN הגדרת ברירת מחדל של"},{"$i":"without-sim-new","$v":[{"t":"idOrVar","v":"index"}]},{"$i":"with-sim-new","$v":[{"t":"idOrVar","v":"index"}," - ",{"t":"idOrVar","v":"carrier"}]},{"$i":"sim-with-index-and-carrier","$v":["SIM ",{"t":"idOrVar","v":"index"}," - ",{"t":"idOrVar","v":"carrier"}]},{"$i":"sim-without-carrier","$v":["SIM ",{"t":"idOrVar","v":"index"}]},{"$i":"call-forwarding-voice-after-seconds","$v":["קול: ",{"t":"idOrVar","v":"voice"}," לאחר ",{"t":"idOrVar","v":"timeSeconds"}," שניות"]},{"$i":"addNewNumber","$v":"הוסף מספר חדש"},{"$i":"addToExistingContact","$v":"הוסף לאיש קשר קיים"},{"$i":"all","$v":"הכל","ariaLabel":"הכל"},{"$i":"bluetooth-handsfree-device","$v":"דיבורית בלוטות'"},{"$i":"bluetoothOption","ariaLabel":"Bluetooth"},{"$i":"callDurationHours","$v":[{"t":"idOrVar","v":"h"},":",{"t":"idOrVar","v":"m"},":",{"t":"idOrVar","v":"s"}]},{"$i":"callDurationMinutes","$v":[{"t":"idOrVar","v":"m"},":",{"t":"idOrVar","v":"s"}]},{"$i":"callDurationTextFormatHours","$v":[{"t":"idOrVar","v":"h"}," שע' ",{"t":"idOrVar","v":"m"}," דק' ",{"t":"idOrVar","v":"s"}," שנ'"]},{"$i":"callDurationTextFormatMinutes","$v":[{"t":"idOrVar","v":"m"}," דק' ",{"t":"idOrVar","v":"s"}," שנ'"]},{"$i":"callDurationTextFormatSeconds","$v":[{"t":"idOrVar","v":"s"}," שנ'"]},{"$i":"callEnded","$v":"השיחה הסתיימה"},{"$i":"callInformation","$v":"מידע שיחה"},{"$i":"callLog","$v":"יומן שיחות"},{"$i":"callLogEdit","title":"ערוך יומן שיחות"},{"$i":"callLogEditDialog","ariaLabel":"דו שיח עריכת יומן שיחות"},{"$i":"caller-left-call","$v":[{"t":"idOrVar","v":"caller"}," עזב את השיחה."]},{"$i":"calllog-all","$v":"הכל"},{"$i":"calllog-deselectAll","$v":"בחר בחירת הכול"},{"$i":"calllog-none","$v":"ללא"},{"$i":"calllog-selectAll","$v":"בחר הכול"},{"$i":"canceled","$v":"בוטל"},{"$i":"clear-all-text","$v":"מחק את כול הטקסט"},{"$i":"close","$v":"סגור"},{"$i":"composeEmail","ariaLabel":"דואר אלקטרוני"},{"$i":"conferenceAddError","$v":"איני מסוגל למזג שיחות טלפון"},{"$i":"conferenceCall","$v":["וועידה (",{"t":"idOrVar","v":"n"},")"]},{"$i":"conferenceRemoveError","$v":"איני מסוגל לבטל מיזוג שיחות טלפון"},{"$i":"confirm-deletion","$v":"למחוק את השיחות שבחרת?"},{"$i":"connecting","$v":"מחובר"},{"$i":"connectingEllipsis","$v":"מתחבר..."},{"$i":"contactDetails","$v":"פרטי איש קשר"},{"$i":"createNewContact","$v":"צור איש קשר חדש"},{"$i":"delete-n-log?","$v":{"few":["למחוק ",{"t":"idOrVar","v":"n"}," יומנים?"],"many":["למחוק ",{"t":"idOrVar","v":"n"}," יומנים?"],"one":"למחוק את היומן שנבחר?","other":["למחוק ",{"t":"idOrVar","v":"n"}," יומנים?"],"two":["למחוק ",{"t":"idOrVar","v":"n"}," יומנים?"],"zero":"לא נבחר דבר"},"$x":[{"t":"idOrVar","v":"plural"},"n"]},{"$i":"deselect","$v":"בטל בחירה"},{"$i":"dialed","$v":"חויג"},{"$i":"dialer-prompt","$v":"חייג מספר או בחר איש קשר להוספה לשיחה"},{"$i":"dialerAddContact","ariaLabel":"הוסף איש קשר"},{"$i":"dialerAddContactDialog","ariaLabel":"הוסף דו שיח איש קשר"},{"$i":"edit-selected","$v":{"few":["נבחרו(",{"t":"idOrVar","v":"n"},")"],"many":["נבחרו(",{"t":"idOrVar","v":"n"},")"],"one":["נבחרו(",{"t":"idOrVar","v":"n"},")"],"other":["נבחרו(",{"t":"idOrVar","v":"n"},")"],"two":["נבחרו(",{"t":"idOrVar","v":"n"},")"]},"$x":[{"t":"idOrVar","v":"plural"},"n"]},{"$i":"emailDetail","ariaLabel":"דואר אלקטרוני"},{"$i":"from-contact","$v":["מאת ",{"t":"idOrVar","v":"contact"}]},{"$i":"from-number","$v":["מאת ",{"t":"idOrVar","v":"number"}]},{"$i":"from-withheld-number","$v":"ממספר בלתי מוכר"},{"$i":"hangup-a11y-button","ariaLabel":"נתק שיחה"},{"$i":"hide","$v":"הסתר"},{"$i":"hideKeypad","ariaLabel":"הסתר לוח מקשים"},{"$i":"hold","ariaLabel":"העבר להמתנה"},{"$i":"hours","$v":"שעות"},{"$i":"ignore","$v":"התעלם מהשיחה"},{"$i":"incoming","$v":"נכנסות"},{"$i":"incoming-call","$v":"שיחה נכנסת"},{"$i":"info-missed","$v":"לא נענה"},{"$i":"keypad","ariaLabel":"לוח מקשים"},{"$i":"log-item","$v":"אפשרויות"},{"$i":"makeCall","ariaLabel":"בצע שיחה"},{"$i":"merge","ariaLabel":"מזג"},{"$i":"minutes","$v":"דקות"},{"$i":"missed","$v":"לא נענה","ariaLabel":"לא נענה"},{"$i":"missedCall","$v":"שיחה שלא נענתה"},{"$i":"missedCallMultiSims","$v":["(SIM ",{"t":"idOrVar","v":"n"},") שיחה שלא נענתה"]},{"$i":"mmi-error","$v":"אירעה שגיאה בעת שליחת ההודעה"},{"$i":"mmi-notification-title-with-sim","$v":["(",{"t":"idOrVar","v":"sim"},") ",{"t":"idOrVar","v":"title"}]},{"$i":"mmi-session-expired","$v":"זמן הפעולה פג"},{"$i":"mmi-successfully-sent","$v":"ההודעה נשלחה בהצלחה"},{"$i":"mute","ariaLabel":"השתקה"},{"$i":"newCall","ariaLabel":"שיחה חדשה"},{"$i":"no-logs-msg-1","$v":"אין שיחות מוקלטות"},{"$i":"no-logs-msg-2","$v":"התחל בתקשורת כעת"},{"$i":"no-logs-msg-3","$v":"אין שיחות מוקלטות"},{"$i":"no-logs-msg-4","$v":"התחל בתקשורת כעת"},{"$i":"no-recent-numbers","$v":"אין מספרים אחרונים לחיוג ביומני השיחות."},{"$i":"onHoldOption","ariaLabel":"בהמתנה"},{"$i":"outgoing","$v":"יוצאות"},{"$i":"outgoing-call","$v":"שיחה יוצאת"},{"$i":"phoneDetail","ariaLabel":"טלפון"},{"$i":"pickup-a11y-button","ariaLabel":"אסוף"},{"$i":"received","$v":"התקבל"},{"$i":"receiver","$v":"מקלט"},{"$i":"recents","ariaLabel":"שיחות אחרונות"},{"$i":"reply","$v":"השב"},{"$i":"resume","$v":"המשך","ariaLabel":"המשך"},{"$i":"search-results","$v":"תוצאות חיפוש"},{"$i":"seconds","$v":"שניות"},{"$i":"select-audio-sources","$v":"בחר מקורות אודיו"},{"$i":"send","$v":"שלח"},{"$i":"send-sms-button","ariaLabel":"SMS"},{"$i":"sendSms","$v":"שלח הודעה"},{"$i":"separator","$v":","},{"$i":"sim-number","$v":["SIM",{"t":"idOrVar","v":"n"}]},{"$i":"speaker","$v":"רמקול"},{"$i":"speakerOption","ariaLabel":"רמקול"},{"$i":"suggestionMatches","$v":{"few":[{"t":"idOrVar","v":"n"}," התאמות עבור \"",{"t":"idOrVar","v":"matchNumber"}],"many":[{"t":"idOrVar","v":"n"}," התאמות עבור \"",{"t":"idOrVar","v":"matchNumber"}],"one":[{"t":"idOrVar","v":"n"}," התאמה עבור \"",{"t":"idOrVar","v":"matchNumber"}],"other":[{"t":"idOrVar","v":"n"}," התאמות עבור \"",{"t":"idOrVar","v":"matchNumber"}],"two":[{"t":"idOrVar","v":"n"}," התאמות עבור \"",{"t":"idOrVar","v":"matchNumber"}]},"$x":[{"t":"idOrVar","v":"plural"},"n"]},{"$i":"switch-calls","$v":"החלף שיחות"},{"$i":"tcl-assign","$v":"הקצה"},{"$i":"tcl-assign-speed-dial","$v":{"$o":["איש הקשר לא הוסף כחיוג מהיר במקש \"",{"t":"idOrVar","v":"speedDial"},"\"<br></br>להקצות כעת?"]}},{"$i":"tcl-call-log-delete-group-notification","$v":[{"t":"idOrVar","v":"n"}," פריטים נמחקו"]},{"$i":"tcl-calllog-entry-removed-err-notification","$v":"לא ניתן להסיר שורת יומן שיחות"},{"$i":"tcl-calllog-entry-removed-succ-notification","$v":"רשומת יומן שיחות הוסרה"},{"$i":"tcl-cancel","$v":"ביטול"},{"$i":"tcl-confirmation","$v":"אישור"},{"$i":"tcl-delete-log","$v":"האם אתה בטוח שברצונך למחוק את השורות שבחרת מיומן השיחות?"},{"$i":"tcl-dialer","$v":"חייגן"},{"$i":"tcl-edit-not-selected","$v":"נבחרו(0)"},{"$i":"tcl-option-menu-call-log-edit","$v":"ערוך יומן שיחות"},{"$i":"today","$v":"היום"},{"$i":"toggleKeypad","ariaLabel":"החלף לוח מקשים"},{"$i":"type-your-response","placeholder":"הקלד את תגובתך…"},{"$i":"unknown","$v":"בלתי ידוע"},{"$i":"unlock-a11y-button","ariaLabel":"מחוון"},{"$i":"ussd-services","$v":[{"t":"idOrVar","v":"operator"}," שירותים"]},{"$i":"via-sim","$v":["דרך SIM",{"t":"idOrVar","v":"n"}]},{"$i":"view-all","$v":"הצג הכול"},{"$i":"wifi-calling","$v":"Wi-Fi מחייג"},{"$i":"withheld-number","$v":"בלתי ידוע"},{"$i":"yesterday","$v":"אתמול"},{"$i":"SimPin2","$v":"SIM PIN2"},{"$i":"SimPuk2","$v":"SIM PUK2"},{"$i":"serviceClassFax","$v":"פקס"},{"$i":"serviceClassPad","$v":"PAD"},{"$i":"serviceClassSms","$v":"SMS"},{"$i":"DialModifiedToDial","$v":"Dial modified to dial"},{"$i":"DialModifiedToSs","$v":"Dial modified to SS"},{"$i":"DialModifiedToUssd","$v":"Dial modified to USSD"},{"$i":"FdnCheckFailure","$v":"בדיקת FDN נכשלה"},{"$i":"IllegalSimOrMe","$v":"SIM או ME בלתי חוקי"},{"$i":"InvalidParameter","$v":"פרמטר בלתי חוקי"},{"$i":"ModeNotSupported","$v":"מצב בלתי נתמך"},{"$i":"OpNotAllowedDuringVoiceCall","$v":"הפעולה אינה מותרת בזמן שיחה קולית"},{"$i":"PasswordIncorrect","$v":"סיסמה שגויה"},{"$i":"RadioNotAvailable","$v":"Radio not available"},{"$i":"RejectedByRemote","$v":"נדחה על ידי מרוחק"},{"$i":"RequestNotSupported","$v":"הבקשה אינה נתמכת"},{"$i":"ServiceIsDisabled","$v":"השירות מושבת"},{"$i":"ServiceIsEnabled","$v":"השירות מופעל"},{"$i":"ServiceIsEnabledFor","$v":"השירות מופעל עבור:"},{"$i":"SimAbsent","$v":"SIM חסר"},{"$i":"SmsSendFailRetry","$v":"SMS send fail retry"},{"$i":"SsModifiedToDial","$v":"SS שעבר שינוי לחיוג"},{"$i":"SsModifiedToSs","$v":"SS שעבר שינוי ל-SS"},{"$i":"SsModifiedToUssd","$v":"SS שעבר שינוי ל-USSD"},{"$i":"SubscriptionNotAvailable","$v":"מינוי אינו זמין"},{"$i":"SubscriptionNotSupported","$v":"מינוי אינו נתמך"},{"$i":"UssdModifiedToDial","$v":"USSD שעבר שינוי לחיוג"},{"$i":"UssdModifiedToSs","$v":"USSD שעבר שינוי ל-SS"},{"$i":"UssdModifiedToUssd","$v":"USSD שעבר שינוי ל-USSD"},{"$i":"call-forwarding-async","$v":["אסינכרוני: ",{"t":"idOrVar","v":"async"}]},{"$i":"call-forwarding-data","$v":["נתונים: ",{"t":"idOrVar","v":"data"}]},{"$i":"call-forwarding-error","$v":"אירעה שגיאה בעת אחזור סטטוס העברת שיחות"},{"$i":"call-forwarding-fax","$v":["פקס: ",{"t":"idOrVar","v":"fax"}]},{"$i":"call-forwarding-inactive","$v":"בלתי פעיל"},{"$i":"call-forwarding-packet","$v":["חבילה: ",{"t":"idOrVar","v":"packet"}]},{"$i":"call-forwarding-pad","$v":["PAD: ",{"t":"idOrVar","v":"pad"}]},{"$i":"call-forwarding-sms","$v":["SMS: ",{"t":"idOrVar","v":"sms"}]},{"$i":"call-forwarding-status","$v":"סטטוס העברת שיחה"},{"$i":"call-forwarding-sync","$v":["סינכרוני: ",{"t":"idOrVar","v":"sync"}]},{"$i":"call-forwarding-voice","$v":["קול: ",{"t":"idOrVar","v":"voice"}]},{"$i":"emMmiError","$v":"בעיית התחברות או קוד MMI בלתי חוקי"},{"$i":"emMmiErrorBadPin","$v":"הקוד PIN הישן שהזנת שגוי."},{"$i":"emMmiErrorBadPuk","$v":"הקוד PUK שהזנת שגוי"},{"$i":"emMmiErrorEnablePin","$v":"ללא הצלחה. אפשר את SIM/RUIM LOCK"},{"$i":"emMmiErrorInvalidAction","$v":"פעולה בלתי חוקית"},{"$i":"emMmiErrorInvalidPin","$v":"הזן PIN בין 4 עד 8 ספרות"},{"$i":"emMmiErrorInvalidScCode","$v":"קוד שירות בלתי חוקי"},{"$i":"emMmiErrorMismatchPin","$v":"מספרי PIN שהזנת אינם תואמים"},{"$i":"emMmiErrorMmiFdn","$v":"הפעולה מוגבלת רק למספרי חיוג קבועים"},{"$i":"emMmiErrorNeedPuk2","$v":"הזן קוד PUK2 לשחרורו חסימת כרטיס SIM"},{"$i":"emMmiErrorNeedsPuk","$v":"הכרטיס SIM שלך נעול בנעילת PUK"},{"$i":"emMmiErrorNotSupported","$v":"קוד MMI בלתי חוקי או בלתי נתמך"},{"$i":"emMmiErrorPasswordIncorrect","$v":"סיסמה שגויה"},{"$i":"emMmiErrorPinPukAttempts","$v":{"few":[{"t":"idOrVar","v":"n"}," ניסיונות חוזרים נותרו"],"many":[{"t":"idOrVar","v":"n"}," ניסיונות חוזרים נותרו"],"one":["נותרו רק ",{"t":"idOrVar","v":"n"}," ניסיונות"],"other":[{"t":"idOrVar","v":"n"}," ניסיונות חוזרים נותרו"],"two":[{"t":"idOrVar","v":"n"}," ניסיונות חוזרים נותרו"]},"$x":[{"t":"idOrVar","v":"plural"},"n"]},{"$i":"emMmiErrorSimBlocked","$v":"הגעת למספר ניסיונות חוזרים מירבי. SIM נעול"},{"$i":"emMmiErrorStkCcSsDial","$v":"SS עובר שינוי לבקשת DIAL"},{"$i":"emMmiErrorStkCcSsSs","$v":"SS עובר שינוי לבקשת SS חדשה"},{"$i":"emMmiErrorStkCcSsUssd","$v":"SS עובר שינוי לבקשת USSD"},{"$i":"emMmiErrorStkCcUssdDial","$v":"בקשת USSD עוברת שינוי לבקשת DIAL"},{"$i":"emMmiErrorStkCcUssdSs","$v":"בקשת USSD עוברת שינוי לבקשת SS"},{"$i":"emMmiErrorStkCcUssdUssd","$v":"בקשת USSD עוברת שינוי לבקשת USSD חדשה"},{"$i":"fihVersion","$v":"‏FIH גרסת"},{"$i":"imeiAndSvn","$v":"‏SVN-ו IMEI"},{"$i":"internalVersion","$v":"גרסה פנימית"},{"$i":"serviceClassData","$v":"נתונים"},{"$i":"serviceClassDataAsync","$v":"אסינכרוני"},{"$i":"serviceClassDataSync","$v":"סנכרן"},{"$i":"serviceClassPacket","$v":"חבילה"},{"$i":"serviceClassVoice","$v":"קול"},{"$i":"smClirDefaultOffNextCallOff","$v":"ברירות המחדל של זיהוי מחייג אל בלתי מוגבל: השיחה הבאה: בלתי מוגבל"},{"$i":"smClirDefaultOffNextCallOn","$v":"ברירות המחדל של זיהוי מחייג אל בלתי מוגבל: השיחה הבאה: מוגבל"},{"$i":"smClirDefaultOnNextCallOff","$v":"ברירות המחדל של זיהוי מחייג אל מוגבל: השיחה הבאה: בלתי מוגבל"},{"$i":"smClirDefaultOnNextCallOn","$v":"ברירות המחדל של זיהוי מחייג אל מוגבל: השיחה הבאה: מוגבל"},{"$i":"smClirPermanent","$v":"אינך יכול לשנות את הגדרת מזהה המחייג"},{"$i":"smPin2Changed","$v":"PIN2 הוחלף בהצלחה"},{"$i":"smPin2Unblocked","$v":"חסימת PIN2 בוטלה בהצלחה"},{"$i":"smPinChanged","$v":"PIN הוחלף בהצלחה"},{"$i":"smPinUnblocked","$v":"חסימת PIN בוטלה בהצלחה"},{"$i":"smServiceDisabled","$v":"השירות הושבת"},{"$i":"smServiceEnabled","$v":"השירות הופעל"},{"$i":"smServiceEnabledFor","$v":"השירות הופעל עבור:"},{"$i":"smServiceErased","$v":"מחיקה הצליחה"},{"$i":"smServiceInterrogated","$v":"הבקשה נכשלה"},{"$i":"smServiceNotProvisioned","$v":"השירות אינו ניתן"},{"$i":"smServiceRegistered","$v":"ההרשמה הצליחה"},{"$i":"another","$v":"אחר"},{"$i":"current","$v":"נוכחי"},{"$i":"customTag","$v":"תג מותאם אישית","placeholder":"תג מותאם אישית"},{"$i":"faxHome","$v":"פקס בית"},{"$i":"faxOffice","$v":"פקס משרד"},{"$i":"faxOther","$v":"פקס אחר"},{"$i":"itemWithLabel","$v":[{"t":"idOrVar","v":"label"},", ",{"t":"idOrVar","v":"item"}]},{"$i":"label","$v":"תווית"},{"$i":"other","$v":"אחר"},{"$i":"tcl-customTag","$v":"תג מותאם אישית"},{"$i":"dateTimeFormat_%c","$v":"%a %b %e %Y %I:%M:%S %p"},{"$i":"dateTimeFormat_%x","$v":"%m/%d/%Y"},{"$i":"days-ago-long","$v":{"few":["לפני ",{"t":"idOrVar","v":"value"}," ימים"],"many":["לפני ",{"t":"idOrVar","v":"value"}," ימים"],"one":"אתמול","other":["לפני ",{"t":"idOrVar","v":"value"}," ימים"],"two":["לפני ",{"t":"idOrVar","v":"value"}," ימים"],"zero":"היום"},"$x":[{"t":"idOrVar","v":"plural"},"value"]},{"$i":"days-ago-short","$v":{"other":[{"t":"idOrVar","v":"value"}," ימים לפני"],"zero":"היום"},"$x":[{"t":"idOrVar","v":"plural"},"value"]},{"$i":"days-until-long","$v":{"few":["בתוך ",{"t":"idOrVar","v":"value"}," ימים"],"many":["בתוך ",{"t":"idOrVar","v":"value"}," ימים"],"one":"מחר","other":["בתוך ",{"t":"idOrVar","v":"value"}," ימים"],"two":["בתוך ",{"t":"idOrVar","v":"value"}," ימים"],"zero":"היום"},"$x":[{"t":"idOrVar","v":"plural"},"value"]},{"$i":"days-until-short","$v":{"other":["בתוך ",{"t":"idOrVar","v":"value"},"ימים"],"zero":"היום"},"$x":[{"t":"idOrVar","v":"plural"},"value"]},{"$i":"hours-ago-long","$v":{"few":["לפני ",{"t":"idOrVar","v":"value"}," שעות"],"many":["לפני ",{"t":"idOrVar","v":"value"}," שעות"],"one":"לפני שעה","other":["לפני ",{"t":"idOrVar","v":"value"}," שעות"],"two":["לפני ",{"t":"idOrVar","v":"value"}," שעות"],"zero":"בדיוק כעת"},"$x":[{"t":"idOrVar","v":"plural"},"value"]},{"$i":"hours-ago-short","$v":{"other":[{"t":"idOrVar","v":"value"}," שע' לפני"],"zero":"בדיוק כעת"},"$x":[{"t":"idOrVar","v":"plural"},"value"]},{"$i":"hours-until-long","$v":{"few":["בתוך ",{"t":"idOrVar","v":"value"}," שעות"],"many":["בתוך ",{"t":"idOrVar","v":"value"}," שעות"],"one":"בתוך שעה","other":["בתוך ",{"t":"idOrVar","v":"value"}," שעות"],"two":["בתוך ",{"t":"idOrVar","v":"value"}," שעות"],"zero":"כעת"},"$x":[{"t":"idOrVar","v":"plural"},"value"]},{"$i":"hours-until-short","$v":{"other":["בתוך ",{"t":"idOrVar","v":"value"},"שעות"],"zero":"כעת"},"$x":[{"t":"idOrVar","v":"plural"},"value"]},{"$i":"incorrectDate","$v":"(תאריך שגוי)"},{"$i":"minutes-ago-long","$v":{"few":["לפני ",{"t":"idOrVar","v":"value"}," דקות"],"many":["לפני ",{"t":"idOrVar","v":"value"}," דקות"],"one":"לפני דקה","other":["לפני ",{"t":"idOrVar","v":"value"}," דקות"],"two":["לפני ",{"t":"idOrVar","v":"value"}," דקות"],"zero":"בדיוק כעת"},"$x":[{"t":"idOrVar","v":"plural"},"value"]},{"$i":"minutes-ago-short","$v":{"other":[{"t":"idOrVar","v":"value"}," דק' לפני"],"zero":"בדיוק כעת"},"$x":[{"t":"idOrVar","v":"plural"},"value"]},{"$i":"minutes-until-long","$v":{"few":["בתוך ",{"t":"idOrVar","v":"value"}," דקות"],"many":["בתוך ",{"t":"idOrVar","v":"value"}," דקות"],"one":"בתוך דקה","other":["בתוך ",{"t":"idOrVar","v":"value"}," דקות"],"two":["בתוך ",{"t":"idOrVar","v":"value"}," דקות"],"zero":"כעת"},"$x":[{"t":"idOrVar","v":"plural"},"value"]},{"$i":"minutes-until-short","$v":{"other":["בתוך ",{"t":"idOrVar","v":"value"},"דקות"],"zero":"כעת"},"$x":[{"t":"idOrVar","v":"plural"},"value"]},{"$i":"month-0-genitive","$v":"ינואר"},{"$i":"month-0-long","$v":"ינואר"},{"$i":"month-0-short","$v":"ינו"},{"$i":"month-1-genitive","$v":"פברואר"},{"$i":"month-1-long","$v":"פברואר"},{"$i":"month-1-short","$v":"פבר"},{"$i":"month-10-genitive","$v":"נובמבר"},{"$i":"month-10-long","$v":"נובמבר"},{"$i":"month-10-short","$v":"נוב"},{"$i":"month-11-genitive","$v":"דצמבר"},{"$i":"month-11-long","$v":"דצמבר"},{"$i":"month-11-short","$v":"דצמ"},{"$i":"month-2-genitive","$v":"מרץ"},{"$i":"month-2-long","$v":"מרץ"},{"$i":"month-2-short","$v":"מרץ"},{"$i":"month-3-genitive","$v":"אפריל"},{"$i":"month-3-long","$v":"אפריל"},{"$i":"month-3-short","$v":"אפר"},{"$i":"month-4-genitive","$v":"מאי"},{"$i":"month-4-long","$v":"מאי"},{"$i":"month-4-short","$v":"מאי"},{"$i":"month-5-genitive","$v":"יוני"},{"$i":"month-5-long","$v":"יוני"},{"$i":"month-5-short","$v":"יונ"},{"$i":"month-6-genitive","$v":"יולי"},{"$i":"month-6-long","$v":"יולי"},{"$i":"month-6-short","$v":"יול"},{"$i":"month-7-genitive","$v":"אוגוסט"},{"$i":"month-7-long","$v":"אוגוסט"},{"$i":"month-7-short","$v":"אוג"},{"$i":"month-8-genitive","$v":"ספטמבר"},{"$i":"month-8-long","$v":"ספטמבר"},{"$i":"month-8-short","$v":"ספט"},{"$i":"month-9-genitive","$v":"אוקטובר"},{"$i":"month-9-long","$v":"אוקטובר"},{"$i":"month-9-short","$v":"אוק"},{"$i":"months-ago-long","$v":{"few":["לפני ",{"t":"idOrVar","v":"value"}," חודשים"],"many":["לפני ",{"t":"idOrVar","v":"value"}," חודשים"],"one":"חודש האחרון","other":["לפני ",{"t":"idOrVar","v":"value"}," חודשים"],"two":["לפני ",{"t":"idOrVar","v":"value"}," חודשים"],"zero":"החודש"},"$x":[{"t":"idOrVar","v":"plural"},"value"]},{"$i":"months-until-long","$v":{"few":["בתוך ",{"t":"idOrVar","v":"value"}," חודשים"],"many":["בתוך ",{"t":"idOrVar","v":"value"}," חודשים"],"one":"החודש הבא","other":["בתוך ",{"t":"idOrVar","v":"value"}," חודשים"],"two":["בתוך ",{"t":"idOrVar","v":"value"}," חודשים"],"zero":"החודש"},"$x":[{"t":"idOrVar","v":"plural"},"value"]},{"$i":"shortDateTimeFormat","$v":"%x %I:%M %p"},{"$i":"shortTimeFormat","$v":"%I:%M %p"},{"$i":"shortTimeFormat12","$v":"%I:%M %p"},{"$i":"shortTimeFormat24","$v":"%H:%M"},{"$i":"time_am","$v":"בבוקר"},{"$i":"time_pm","$v":"אחר הצהריים"},{"$i":"weekday-0-long","$v":"ראשון"},{"$i":"weekday-0-short","$v":"א'"},{"$i":"weekday-1-long","$v":"שני"},{"$i":"weekday-1-short","$v":"ב'"},{"$i":"weekday-2-long","$v":"שלישי"},{"$i":"weekday-2-short","$v":"ג'"},{"$i":"weekday-3-long","$v":"רביעי"},{"$i":"weekday-3-short","$v":"ד'"},{"$i":"weekday-4-long","$v":"חמישי"},{"$i":"weekday-4-short","$v":"ה'"},{"$i":"weekday-5-long","$v":"שישי"},{"$i":"weekday-5-short","$v":"ו'"},{"$i":"weekday-6-long","$v":"שבת"},{"$i":"weekday-6-short","$v":"ש'"},{"$i":"weeks-ago-long","$v":{"few":["לפני ",{"t":"idOrVar","v":"value"}," שבועות"],"many":["לפני ",{"t":"idOrVar","v":"value"}," שבועות"],"one":"השבוע שעבר","other":["לפני ",{"t":"idOrVar","v":"value"}," שבועות"],"two":["לפני ",{"t":"idOrVar","v":"value"}," שבועות"],"zero":"השבוע"},"$x":[{"t":"idOrVar","v":"plural"},"value"]},{"$i":"weeks-until-long","$v":{"few":["בתוך ",{"t":"idOrVar","v":"value"}," שבועות"],"many":["בתוך ",{"t":"idOrVar","v":"value"}," שבועות"],"one":"השבוע הבא","other":["בתוך ",{"t":"idOrVar","v":"value"}," שבועות"],"two":["בתוך ",{"t":"idOrVar","v":"value"}," שבועות"],"zero":"השבוע"},"$x":[{"t":"idOrVar","v":"plural"},"value"]},{"$i":"years-ago-long","$v":{"few":["לפני ",{"t":"idOrVar","v":"value"}," שנים"],"many":["לפני ",{"t":"idOrVar","v":"value"}," שנים"],"one":"השנה שעברה","other":["לפני ",{"t":"idOrVar","v":"value"}," שנים"],"two":["לפני ",{"t":"idOrVar","v":"value"}," שנים"],"zero":"השנה"},"$x":[{"t":"idOrVar","v":"plural"},"value"]},{"$i":"years-until-long","$v":{"few":["בתוך ",{"t":"idOrVar","v":"value"}," שנים"],"many":["בתוך ",{"t":"idOrVar","v":"value"}," שנים"],"one":"השנה הבאה","other":["בתוך ",{"t":"idOrVar","v":"value"}," שנים"],"two":["בתוך ",{"t":"idOrVar","v":"value"}," שנים"],"zero":"השנה"},"$x":[{"t":"idOrVar","v":"plural"},"value"]},{"$i":"dateTimeFormat_%X","$v":"%I:%M:%S %p"},{"$i":"weekStartsOnMonday","$v":"0"},{"$i":"firstDayOfTheWeek","$v":"0"}]