[{"$i":"clockDateFormat","$v":"%a, %e %b"},{"$i":"deviceIsUnlocked","$v":"डिवाइस अनलॉक किया गया है"},{"$i":"simUnlockCodeAccepted","$v":"सिम अनलॉक कोड को स्वीकृत किया गया"},{"$i":"simUnlockCodeFailed","$v":"सिम अनलॉक करने में असफल"},{"$i":"eccOnly","$v":"केवल आपातकालीन कॉल्स"},{"$i":"emergencyCallsOnly","$v":"केवल आपातकालीन कॉल्स"},{"$i":"lockedSim","$v":"लॉक किया गया SIM"},{"$i":"noService","$v":"सेवा नहीं"},{"$i":"noSimCard","$v":"SIM कार्ड नहीं"},{"$i":"searching","$v":"खोज रहा है…"},{"$i":"airplane-mode","$v":"एयरप्लेन मोड"},{"$i":"bluetooth","$v":"ब्लूटूथ"},{"$i":"brightness","$v":"स्क्रीन की रोशनी"},{"$i":"calculator","$v":"कैलकुलेटर"},{"$i":"camera","$v":"कैमरा"},{"$i":"cellular-data","$v":"सेलुलर डेटा"},{"$i":"confirm-to-uninstall-app","$v":[{"t":"idOrVar","v":"APPName"}," ऐप को अनइंस्टॉल करें?"]},{"$i":"flashlight","$v":"फ़्लैशलाइट"},{"$i":"instant-settings","$v":"त्वरित सेटिंग्स"},{"$i":"off","$v":"ऑफ"},{"$i":"on","$v":"ऑन"},{"$i":"shortcuts","$v":"शॉर्टकटस"},{"$i":"uninstall","$v":"अनइंस्टॉल"},{"$i":"volume","$v":"वॉल्यूम"},{"$i":"wifi","$v":"WiFi"},{"$i":"percentage-number","$v":[{"t":"idOrVar","v":"number"},"%"]},{"$i":"all-apps","$v":"सभी-ऐप"},{"$i":"scImei","$v":"IMEI"},{"$i":"scMeid","$v":"MEID"},{"$i":"scUssd","$v":"USSD"},{"$i":"CallFailed","$v":"कॉल विफल रहा"},{"$i":"GenericFailure","$v":"सामान्य विफलता"},{"$i":"add-smart-collections","$v":"स्मार्ट संग्रह जोड़ें"},{"$i":"add-to-existing-contact","$v":"मौजूदा संपर्क में जोड़ें"},{"$i":"alert-for-contacts-without-number","$v":"उपलब्ध फ़ोन नंबर के साथ कोई संपर्क नहीं हैं"},{"$i":"app-title","$v":"मेरे ऐप"},{"$i":"app-uninstall","$v":[{"t":"idOrVar","v":"name"}," को अनइंस्टॉल कर दिया गया था"]},{"$i":"assign","$v":"असाइन करें"},{"$i":"assign-speed-dial","$v":["संपर्क को ",{"t":"idOrVar","v":"n"}," बटन पर स्पीड डायल के रूप में नहीं जोड़ा गया था। अभी असाइन करें ?"]},{"$i":"assign-voicemail","$v":"वॉयस मेल नंबर सेट नहीं किया गया हैं।"},{"$i":"call","$v":"कॉल करें"},{"$i":"callAirplaneModeMessage","$v":"कॉल करने के लिए आपको सेटिंगस में जाकर एयरप्लेन मोड को अक्षम करना होगा।"},{"$i":"callAirplaneModeTitle","$v":"एयरप्लेन मोड सक्रिय किया गया"},{"$i":"cancel","$v":"रद्द करें"},{"$i":"change-wallpaper","$v":"वॉलपेपर बदलें"},{"$i":"clocks-updated","$v":"घड़ि अपडेट हुई"},{"$i":"confirmation","$v":"पुष्टिकरण"},{"$i":"contacts","$v":"संपर्क"},{"$i":"create-new-contact","$v":"नया संपर्क बनाएँ"},{"$i":"delete","$v":"मिटाएँ"},{"$i":"delete-body","$v":[{"t":"idOrVar","v":"name"}," और इसका सारा डेटा हटा दिया जाएगा।"]},{"$i":"delete-title","$v":[{"t":"idOrVar","v":"name"}," हटाएं"]},{"$i":"edit","$v":"संपादन करें"},{"$i":"edit-done","$v":"हो गया"},{"$i":"edit-group-header","$v":"समूह संपादित करें"},{"$i":"edit-mode","$v":"संपादित करें"},{"$i":"emergency-call-error","$v":[{"t":"idOrVar","v":"number"}," आपातकालीन नंबर नहीं हैं।"]},{"$i":"emergency-call-only","$v":"केवल आपातकालीन कॉल"},{"$i":"emergencyDialogBodyBadNumber","$v":"कॉल करने के लिए, फ़ोन को किसी नेटवर्क से कनेक्ट करना चाहिए।"},{"$i":"emergencyDialogBodyDeviceNotAccepted","$v":"नेटवर्क द्वारा आपातकालीन कॉल की अनुमति नहीं हैं।"},{"$i":"emergencyDialogTitle","$v":"कोई नेटवर्क कनेक्शन नहीं हैं"},{"$i":"fax-home","$v":"Fax होम"},{"$i":"fax-office","$v":"Fax ऑफिस"},{"$i":"fax-other","$v":"अन्य Fax"},{"$i":"fdnIsActiveMessage","$v":["FDN (फिक्स्ड डायलिंग नंबर) सक्रिय हैं और निम्न नंबर आपकी FDN लिस्ट में नहीं हैं: ",{"t":"idOrVar","v":"number"}]},{"$i":"fdnIsActiveTitle","$v":"FDN सक्रिय हैं"},{"$i":"gaia-shortcut-app-updated","$v":"ऐप अपडेट किया गया"},{"$i":"grid-view","$v":"ग्रिड व्यू"},{"$i":"home","$v":"होम"},{"$i":"homescreen-settings","$v":"होमस्क्रीन सेटिंग्स"},{"$i":"invalidNumberToDialMessage","$v":"आप जिस फ़ोन नंबर पर कॉल कर रहे हैं, वह मान्य नहीं हैं।"},{"$i":"invalidNumberToDialTitle","$v":"अमान्य फ़ोन नंबर"},{"$i":"list-view","$v":"सूची में देखें"},{"$i":"longDateFormat","$v":"%A, %B %e"},{"$i":"menu","$v":"मेन्यू"},{"$i":"message","$v":"संदेश"},{"$i":"mobile","$v":"मोबाइल"},{"$i":"more","$v":"अधिक"},{"$i":"move","$v":"ले जाएं"},{"$i":"notifications","$v":"नोटिस"},{"$i":"numberIsBusyMessage","$v":"नंबर वर्तमान में व्यस्त हैं। कृपया पुनः प्रयास करें।"},{"$i":"numberIsBusyTitle","$v":"नंबर व्यस्त हैं"},{"$i":"ok","$v":"ठीक हैं"},{"$i":"option-remove","$v":"स्पीड डायल से हटाएं"},{"$i":"option-replace","$v":"बदलें"},{"$i":"options","$v":"विकल्प"},{"$i":"otherConnectionInUseMessage","$v":"आपके पास किसी अन्य कनेक्शन पर एक सक्रिय कॉल हैं। आप एक समय में केवल एक कनेक्शन का उपयोग कर सकते हैं।"},{"$i":"otherConnectionInUseTitle","$v":"अन्य कनेक्शन उपयोग में हैं"},{"$i":"personal","$v":"व्यक्तिगत"},{"$i":"remove","$v":"हटाएं"},{"$i":"remove-speed-dial","$v":["क्या आप ",{"t":"idOrVar","v":"name"}," को स्पीड डायल से हटाना चाहते हैं ?"]},{"$i":"replace","$v":"बदलें"},{"$i":"replace-speed-dial","$v":["क्या आप ",{"t":"idOrVar","v":"name"}," को ",{"t":"idOrVar","v":"subName"}," से बदलना चाहते हैं?"]},{"$i":"resume-download-action","$v":"डाउनलोड करें"},{"$i":"resume-download-body","$v":["क्या आप ",{"t":"idOrVar","v":"name"}," को डाउनलोड करना चाहते हैं?"]},{"$i":"resume-download-title","$v":"डाउनलोड फिर से शुरू करें"},{"$i":"scCallBarring","$v":"कॉल प्रतिबंध"},{"$i":"scCallForwarding","$v":"कॉल फॉरवार्डिंग"},{"$i":"scCallWaiting","$v":"कॉल प्रतीक्षा में हैं"},{"$i":"scClip","$v":"इनकमिंग कॉलर ID"},{"$i":"scClir","$v":"आउटगोइंग कॉलर ID"},{"$i":"scPin","$v":"पिन बदलें"},{"$i":"scPin2","$v":"पिन2 बदलें"},{"$i":"scPuk","$v":"पिन अनब्लॉक करें"},{"$i":"scPuk2","$v":"पिन2 अनब्लॉक करें"},{"$i":"scPwd","$v":"पासवर्ड बदलें"},{"$i":"search-or-enter-address","placeholder":"खोजें या पता दर्ज करें"},{"$i":"select","$v":"चयन करें"},{"$i":"sending","$v":"भेजा जा रहा है…"},{"$i":"set","$v":"सेट करें"},{"$i":"settings","$v":"सेटिंग्स"},{"$i":"single-view","$v":"एकल में देखें"},{"$i":"skip","$v":"स्किप"},{"$i":"speed-dial","$v":"स्पीड डायल"},{"$i":"speed-dial-empty","ariaLabel":[{"t":"idOrVar","v":"order"},", खाली"]},{"$i":"speed-dial-not-empty","ariaLabel":[{"t":"idOrVar","v":"order"},", ",{"t":"idOrVar","v":"name"}]},{"$i":"stop-download-action","$v":"रोकें"},{"$i":"stop-download-body","$v":"क्या आप जारी डाउनलोड को रोकना चाहते हैं?"},{"$i":"stop-download-title","$v":[{"t":"idOrVar","v":"name"}," रोकें"]},{"$i":"tcl-wallpaper-changed","$v":"वॉलपेपर बदला गया"},{"$i":"video-call","$v":"वीडियो कॉल"},{"$i":"voicemail","$v":"वॉयसमेल"},{"$i":"work","$v":"वर्क"},{"$i":"apps","$v":"ऐप्स"},{"$i":"nocard-eccOnly","$v":"No SIM card-Emergency calls only"},{"$i":"unusablecard-eccOnly","$v":"Unusable SIM card-Emergency calls only"},{"$i":"apn-sim1","$v":"ए.पी.एन सेटिंग्स - सिम1"},{"$i":"apn-sim2","$v":"ए.पी.एन सेटिंग्स - सिम2"},{"$i":"apnConfigPrepay","$v":"प्रीपे"},{"$i":"apnConfigPostpay","$v":"पोस्टपे"},{"$i":"apn-defaultconfig-message","$v":"APN का वह प्रकार सेट करें, जो प्रदशि॔त होगा"},{"$i":"apnDefaultConfig","$v":"APN डिफ़ॉल्ट कॉन्फ़िगरेशन"},{"$i":"without-sim-new","$v":[{"t":"idOrVar","v":"index"}]},{"$i":"with-sim-new","$v":[{"t":"idOrVar","v":"index"}," - ",{"t":"idOrVar","v":"carrier"}]},{"$i":"sim-with-index-and-carrier","$v":["SIM ",{"t":"idOrVar","v":"index"}," - ",{"t":"idOrVar","v":"carrier"}]},{"$i":"sim-without-carrier","$v":["SIM ",{"t":"idOrVar","v":"index"}]},{"$i":"call-forwarding-voice-after-seconds","$v":["ध्वनि: {{ time seconds }} सेकंड के बाद ",{"t":"idOrVar","v":"voice"}]},{"$i":"addNewNumber","$v":"नया नंबर जोड़ें"},{"$i":"addToExistingContact","$v":"मौजूदा संपर्क में जोड़ें"},{"$i":"all","$v":"सभी","ariaLabel":"सभी"},{"$i":"bluetooth-handsfree-device","$v":"Bluetooth हैंड्सफ्री डिवाइस"},{"$i":"bluetoothOption","ariaLabel":"Bluetooth"},{"$i":"callDurationHours","$v":[{"t":"idOrVar","v":"h"},":",{"t":"idOrVar","v":"m"},":",{"t":"idOrVar","v":"s"}]},{"$i":"callDurationMinutes","$v":[{"t":"idOrVar","v":"m"},":",{"t":"idOrVar","v":"s"}]},{"$i":"callDurationTextFormatHours","$v":[{"t":"idOrVar","v":"h"}," h ",{"t":"idOrVar","v":"m"}," m ",{"t":"idOrVar","v":"s"}," s"]},{"$i":"callDurationTextFormatMinutes","$v":[{"t":"idOrVar","v":"m"}," m ",{"t":"idOrVar","v":"s"}," s"]},{"$i":"callDurationTextFormatSeconds","$v":[{"t":"idOrVar","v":"s"}," s"]},{"$i":"callEnded","$v":"कॉल समाप्त किया गया"},{"$i":"callInformation","$v":"कॉल संबंधित जानकारी"},{"$i":"callLog","$v":"कॉल लॉग"},{"$i":"callLogEdit","title":"कॉल लॉग का संपादन करें"},{"$i":"callLogEditDialog","ariaLabel":"कॉल लॉग संवाद का संपादन करें"},{"$i":"caller-left-call","$v":[{"t":"idOrVar","v":"caller"}," ने कॉल को छोड़ दिया है।"]},{"$i":"calllog-all","$v":"सभी"},{"$i":"calllog-deselectAll","$v":"सभी का चयन रद्द करें"},{"$i":"calllog-none","$v":"कोई नहीं"},{"$i":"calllog-selectAll","$v":"सभी का चयन करें"},{"$i":"canceled","$v":"रद्द किया गया"},{"$i":"clear-all-text","$v":"सभी पाठ साफ़ करें"},{"$i":"close","$v":"बंद करें"},{"$i":"composeEmail","ariaLabel":"ईमेल"},{"$i":"conferenceAddError","$v":"कॉल्स मर्ज करने में असमर्थ"},{"$i":"conferenceCall","$v":["कॉन्फ्रेंस (",{"t":"idOrVar","v":"n"},")"]},{"$i":"conferenceRemoveError","$v":"कॉल्स अनमर्ज करने में असमर्थ"},{"$i":"confirm-deletion","$v":"सभी चयनित कॉल्स को साफ़ करें?"},{"$i":"connecting","$v":"कनेक्ट हो रहा है"},{"$i":"connectingEllipsis","$v":"कनेक्ट हो रहा है…"},{"$i":"contactDetails","$v":"संपर्क विवरण"},{"$i":"createNewContact","$v":"नया संपर्क बनाएँ"},{"$i":"delete-n-log?","$v":{"few":[{"t":"idOrVar","v":"n"}," लॉग मिटाएँ?"],"many":[{"t":"idOrVar","v":"n"}," लॉग मिटाएँ?"],"one":"चयनित लॉग मिटाएँ?","other":[{"t":"idOrVar","v":"n"}," लॉग मिटाएँ?"],"two":[{"t":"idOrVar","v":"n"}," लॉग मिटाएँ?"],"zero":"कुछ भी चयनित नहीं"},"$x":[{"t":"idOrVar","v":"plural"},"n"]},{"$i":"deselect","$v":"चयन रद्द करें"},{"$i":"dialed","$v":"डायल किया गया"},{"$i":"dialer-prompt","$v":"नंबर डायल करें या कॉल में जोड़ने के लिए संपर्क का चयन करें"},{"$i":"dialerAddContact","ariaLabel":"संपर्क जोड़ें"},{"$i":"dialerAddContactDialog","ariaLabel":"संपर्क संवाद जोड़ें"},{"$i":"edit-selected","$v":{"few":["चयनित(",{"t":"idOrVar","v":"n"},")"],"many":["चयनित(",{"t":"idOrVar","v":"n"},")"],"one":["चयनित(",{"t":"idOrVar","v":"n"},")"],"other":["चयनित(",{"t":"idOrVar","v":"n"},")"],"two":["चयनित(",{"t":"idOrVar","v":"n"},")"]},"$x":[{"t":"idOrVar","v":"plural"},"n"]},{"$i":"emailDetail","ariaLabel":"ईमेल"},{"$i":"from-contact","$v":[{"t":"idOrVar","v":"contact"}," से"]},{"$i":"from-number","$v":[{"t":"idOrVar","v":"number"}," से"]},{"$i":"from-withheld-number","$v":"अज्ञात नंबर से"},{"$i":"hangup-a11y-button","ariaLabel":"कॉल समाप्त करें"},{"$i":"hide","$v":"छिपाएँ"},{"$i":"hideKeypad","ariaLabel":"कुंजीपटल छिपाएँ"},{"$i":"hold","ariaLabel":"होल्ड करें"},{"$i":"hours","$v":"घंटे"},{"$i":"ignore","$v":"कॉल को उपेक्षित करें"},{"$i":"incoming","$v":"आने वाली"},{"$i":"incoming-call","$v":"आने वाली कॉल"},{"$i":"info-missed","$v":"छूटी"},{"$i":"keypad","ariaLabel":"कुंजीपटल"},{"$i":"log-item","$v":"विकल्प"},{"$i":"makeCall","ariaLabel":"कॉल करें"},{"$i":"merge","ariaLabel":"मर्ज करें"},{"$i":"minutes","$v":"मिनट"},{"$i":"missed","$v":"छूटी","ariaLabel":"छूटी"},{"$i":"missedCall","$v":"छूटी कॉल"},{"$i":"missedCallMultiSims","$v":["(SIM ",{"t":"idOrVar","v":"n"},") छूटी कॉल"]},{"$i":"mmi-error","$v":"संदेश भेजने के दौरान एक त्रुटि हुई"},{"$i":"mmi-notification-title-with-sim","$v":["(",{"t":"idOrVar","v":"sim"},") ",{"t":"idOrVar","v":"title"}]},{"$i":"mmi-session-expired","$v":"सत्र की समय-सीमा समाप्त हो गई है"},{"$i":"mmi-successfully-sent","$v":"संदेश सफलतापूर्वक भेजा गया"},{"$i":"mute","ariaLabel":"म्यूट करें"},{"$i":"newCall","ariaLabel":"नई कॉल"},{"$i":"no-logs-msg-1","$v":"कॉल्स रिकॉर्ड नहीं की गईं"},{"$i":"no-logs-msg-2","$v":"अब संचार करना शुरू करें"},{"$i":"no-logs-msg-3","$v":"कॉल्स रिकॉर्ड नहीं की गईं"},{"$i":"no-logs-msg-4","$v":"अब संचार करना शुरू करें"},{"$i":"no-recent-numbers","$v":"डायल करने के लिए कॉल लॉग में हाल ही के नंबर नहीं हैं।"},{"$i":"onHoldOption","ariaLabel":"होल्ड पर"},{"$i":"outgoing","$v":"आउटगोइंग"},{"$i":"outgoing-call","$v":"आउटगोइंग कॉल"},{"$i":"phoneDetail","ariaLabel":"फ़ोन"},{"$i":"pickup-a11y-button","ariaLabel":"उठाएँ"},{"$i":"received","$v":"प्राप्त"},{"$i":"receiver","$v":"रिसीवर"},{"$i":"recents","ariaLabel":"हाल ही की कॉल्स"},{"$i":"reply","$v":"उत्तर दें"},{"$i":"resume","$v":"फिर से शुरू करें","ariaLabel":"फिर से शुरू करें"},{"$i":"search-results","$v":"खोज परिणाम"},{"$i":"seconds","$v":"सेकंड"},{"$i":"select-audio-sources","$v":"ऑडियो स्रोतों का चयन करें"},{"$i":"send","$v":"भेजें"},{"$i":"send-sms-button","ariaLabel":"SMS"},{"$i":"sendSms","$v":"संदेश भेजें"},{"$i":"separator","$v":","},{"$i":"sim-number","$v":["SIM",{"t":"idOrVar","v":"n"}]},{"$i":"speaker","$v":"स्पीकर"},{"$i":"speakerOption","ariaLabel":"स्पीकर"},{"$i":"suggestionMatches","$v":{"few":[{"t":"idOrVar","v":"matchNumber"},"\" के लिए ",{"t":"idOrVar","v":"n"}," मैचेस"],"many":[{"t":"idOrVar","v":"matchNumber"},"\" के लिए ",{"t":"idOrVar","v":"n"}," मैचेस"],"one":[{"t":"idOrVar","v":"matchNumber"},"\" के लिए ",{"t":"idOrVar","v":"n"}," मैच"],"other":[{"t":"idOrVar","v":"matchNumber"},"\" के लिए ",{"t":"idOrVar","v":"n"}," मैचेस"],"two":[{"t":"idOrVar","v":"matchNumber"},"\" के लिए ",{"t":"idOrVar","v":"n"}," मैचेस"]},"$x":[{"t":"idOrVar","v":"plural"},"n"]},{"$i":"switch-calls","$v":"कॉल्स को स्विच करें"},{"$i":"tcl-assign","$v":"असाइन करें"},{"$i":"tcl-assign-speed-dial","$v":{"$o":["बटन \"",{"t":"idOrVar","v":"speedDial"},"\" पर स्पीड डायल के रूप में संपर्क जोड़ा नहीं गया<br><br>अभी असाइन करें?"]}},{"$i":"tcl-call-log-delete-group-notification","$v":[{"t":"idOrVar","v":"n"}," प्रविष्टियाँ मिटाई गईं"]},{"$i":"tcl-calllog-entry-removed-err-notification","$v":"कॉल लॉग प्रविष्टि को हटा नहीं सकते"},{"$i":"tcl-calllog-entry-removed-succ-notification","$v":"कॉल लॉग प्रविष्टि हटाई गई"},{"$i":"tcl-cancel","$v":"रद्द करें"},{"$i":"tcl-confirmation","$v":"पुष्टिकरण"},{"$i":"tcl-delete-log","$v":"क्या आप सुनिश्चित रूप से कॉल लॉग से चयनित प्रविष्टियों को हटाना चाहते हैं?"},{"$i":"tcl-dialer","$v":"डायलर"},{"$i":"tcl-edit-not-selected","$v":"चयनित(0)"},{"$i":"tcl-option-menu-call-log-edit","$v":"कॉल लॉग का संपादन करें"},{"$i":"today","$v":"आज"},{"$i":"toggleKeypad","ariaLabel":"कुंजीपटल को टॉगल करें"},{"$i":"type-your-response","placeholder":"आपकी प्रतिक्रिया टाइप करें…"},{"$i":"unknown","$v":"अज्ञात"},{"$i":"unlock-a11y-button","ariaLabel":"स्लाइडर"},{"$i":"ussd-services","$v":[{"t":"idOrVar","v":"operator"}," सेवाएँ"]},{"$i":"via-sim","$v":["SIM",{"t":"idOrVar","v":"n"}," के ज़रिए"]},{"$i":"view-all","$v":"सभी देखें"},{"$i":"wifi-calling","$v":"Wi-Fi कॉलिंग"},{"$i":"withheld-number","$v":"अज्ञात"},{"$i":"yesterday","$v":"बिता कल"},{"$i":"SimPin2","$v":"सिम पिन 2"},{"$i":"SimPuk2","$v":"सिम PUK2"},{"$i":"serviceClassFax","$v":"FAX"},{"$i":"serviceClassPad","$v":"PAD"},{"$i":"serviceClassSms","$v":"SMS"},{"$i":"DialModifiedToDial","$v":"डायल को बदल के डायल किया गया"},{"$i":"DialModifiedToSs","$v":"डायल को बदल के SS किया गया"},{"$i":"DialModifiedToUssd","$v":"डायल को बदल के USSD किया गया"},{"$i":"FdnCheckFailure","$v":"Fdn जांच विफल रही"},{"$i":"IllegalSimOrMe","$v":"अवैध सिम या ME"},{"$i":"InvalidParameter","$v":"अमान्य पैरामीटर"},{"$i":"ModeNotSupported","$v":"मोड समर्थित नहीं"},{"$i":"OpNotAllowedDuringVoiceCall","$v":"ध्वनि कॉल के दौरान ऑपरेशन की अनुमति नहीं हैं"},{"$i":"PasswordIncorrect","$v":"पासवर्ड गलत हैं"},{"$i":"RadioNotAvailable","$v":"रेडियो उपलब्ध नहीं हैं"},{"$i":"RejectedByRemote","$v":"रिमोट द्वारा अस्वीकृत"},{"$i":"RequestNotSupported","$v":"अनुरोध समर्थित नहीं हैं"},{"$i":"ServiceIsDisabled","$v":"सेवा अक्षम हैं"},{"$i":"ServiceIsEnabled","$v":"सेवा सक्षम हैं"},{"$i":"ServiceIsEnabledFor","$v":"सेवा सक्षम हुई:"},{"$i":"SimAbsent","$v":"सिम नही है"},{"$i":"SmsSendFailRetry","$v":"SMS भेजना विफल पुनर्प्रयास करें"},{"$i":"SsModifiedToDial","$v":"SS को बदल के डायल किया गया"},{"$i":"SsModifiedToSs","$v":"SS को बदल के SS किया गया"},{"$i":"SsModifiedToUssd","$v":"SS को बदल के USSD किया गया"},{"$i":"SubscriptionNotAvailable","$v":"सदस्यता उपलब्ध नहीं हैं"},{"$i":"SubscriptionNotSupported","$v":"सदस्यता समर्थित नहीं हैं"},{"$i":"UssdModifiedToDial","$v":"USSD को बदल के डायल किया गया"},{"$i":"UssdModifiedToSs","$v":"USSD को बदल के SS किया गया"},{"$i":"UssdModifiedToUssd","$v":"USSD को बदल के USSD किया गया"},{"$i":"call-forwarding-async","$v":["असिंक्रोन्स: ",{"t":"idOrVar","v":"async"}]},{"$i":"call-forwarding-data","$v":["डेटा: ",{"t":"idOrVar","v":"data"}]},{"$i":"call-forwarding-error","$v":"कॉल फॉरवर्ड स्थिति पुनर्प्राप्त करते समय एक त्रुटि हुई"},{"$i":"call-forwarding-fax","$v":["FAX: ",{"t":"idOrVar","v":"fax"}]},{"$i":"call-forwarding-inactive","$v":"निष्क्रिय"},{"$i":"call-forwarding-packet","$v":["पैकेट: ",{"t":"idOrVar","v":"packet"}]},{"$i":"call-forwarding-pad","$v":["PAD: ",{"t":"idOrVar","v":"pad"}]},{"$i":"call-forwarding-sms","$v":["SMS: ",{"t":"idOrVar","v":"sms"}]},{"$i":"call-forwarding-status","$v":"कॉल फॉरवर्डिंग स्थिति"},{"$i":"call-forwarding-sync","$v":["समकालिक: ",{"t":"idOrVar","v":"sync"}]},{"$i":"call-forwarding-voice","$v":["वॉयस: ",{"t":"idOrVar","v":"voice"}]},{"$i":"emMmiError","$v":"कनेक्शन समस्या या अमान्य MMI कोड"},{"$i":"emMmiErrorBadPin","$v":"आपके द्वारा लिखा गया पुराना पिन सही नहीं हैं।"},{"$i":"emMmiErrorBadPuk","$v":"आपके द्वारा लिखा गया PUK सही नहीं हैं"},{"$i":"emMmiErrorEnablePin","$v":"असफल। SIM/RUIM लॉक सक्षम करें"},{"$i":"emMmiErrorInvalidAction","$v":"अमान्य कार्रवाई"},{"$i":"emMmiErrorInvalidPin","$v":"4 से 8 संख्याओं का पिन लिखें"},{"$i":"emMmiErrorInvalidScCode","$v":"अमान्य सेवा कोड"},{"$i":"emMmiErrorMismatchPin","$v":"आपके द्वारा लिखे गए पिन मेल नहीं खा रहे"},{"$i":"emMmiErrorMmiFdn","$v":"ऑपरेशन केवल फिक्सड डायलिंग नंबरों के लिए ही सीमित हैं"},{"$i":"emMmiErrorNeedPuk2","$v":"सिम कार्ड को अनब्लॉक करने के लिए PUK2 लिखें"},{"$i":"emMmiErrorNeedsPuk","$v":"आपके सिम कार्ड में PUK लॉक हैं"},{"$i":"emMmiErrorNotSupported","$v":"अमान्य या असमर्थित MMI कोड"},{"$i":"emMmiErrorPasswordIncorrect","$v":"गलत पासवर्ड"},{"$i":"emMmiErrorPinPukAttempts","$v":{"few":[{"t":"idOrVar","v":"n"}," पुनर्प्रयास शेष हैं"],"many":[{"t":"idOrVar","v":"n"}," पुनर्प्रयास शेष हैं"],"one":["केवल ",{"t":"idOrVar","v":"n"}," पुनर्प्रयास शेष हैं"],"other":[{"t":"idOrVar","v":"n"}," पुनर्प्रयास शेष हैं"],"two":[{"t":"idOrVar","v":"n"}," पुनर्प्रयास शेष हैं"]},"$x":[{"t":"idOrVar","v":"plural"},"n"]},{"$i":"emMmiErrorSimBlocked","$v":"पुनर्प्रयास की अधिकतम संख्या पार हो गई हैं। सिम ब्लॉक्ड हैं"},{"$i":"emMmiErrorStkCcSsDial","$v":"SS अनुरोध को बदल के डायल अनुरोध में बदल दिया गया हैं"},{"$i":"emMmiErrorStkCcSsSs","$v":"SS अनुरोध को बदल के नए SS अनुरोध में बदल दिया गया हैं"},{"$i":"emMmiErrorStkCcSsUssd","$v":"SS अनुरोध को बदल के USSD अनुरोध में बदल दिया गया हैं"},{"$i":"emMmiErrorStkCcUssdDial","$v":"USSD अनुरोध को डायल अनुरोध में बदल दिया गया हैं ."},{"$i":"emMmiErrorStkCcUssdSs","$v":"USSD अनुरोध को SS अनुरोध में बदल दिया गया हैं ."},{"$i":"emMmiErrorStkCcUssdUssd","$v":"USSD अनुरोध को नए USSD अनुरोध में बदल दिया गया हैं ."},{"$i":"fihVersion","$v":"FIH संस्करण"},{"$i":"imeiAndSvn","$v":"IMEI और SVN"},{"$i":"internalVersion","$v":"आंतरिक संस्करण"},{"$i":"serviceClassData","$v":"डेटा"},{"$i":"serviceClassDataAsync","$v":"असिंक"},{"$i":"serviceClassDataSync","$v":"सिंक"},{"$i":"serviceClassPacket","$v":"पैकेट"},{"$i":"serviceClassVoice","$v":"ध्‍वनि"},{"$i":"smClirDefaultOffNextCallOff","$v":"कॉलर ID डिफॉल्ट के रूप में प्रतिबंधित नहीं हैं। अगला कॉल: प्रतिबंधित नहीं"},{"$i":"smClirDefaultOffNextCallOn","$v":"कॉलर ID डिफॉल्ट के रूप में प्रतिबंधित नहीं हैं। अगला कॉल: प्रतिबंधित"},{"$i":"smClirDefaultOnNextCallOff","$v":"कॉलर ID डिफॉल्ट के रूप में प्रतिबंधित हैं। अगला कॉल: प्रतिबंधित नहीं"},{"$i":"smClirDefaultOnNextCallOn","$v":"कॉलर ID डिफॉल्ट के रूप में प्रतिबंधित हैं। अगला कॉल: प्रतिबंधित"},{"$i":"smClirPermanent","$v":"आप कॉलर ID सेटिंग नहीं बदल सकते"},{"$i":"smPin2Changed","$v":"पिन2 सफलतापूर्वक बदला गया"},{"$i":"smPin2Unblocked","$v":"पिन2 सफलतापूर्वक अनवरोधित किया गया"},{"$i":"smPinChanged","$v":"पिन सफलतापूर्वक बदला गया"},{"$i":"smPinUnblocked","$v":"पिन सफलतापूर्वक अनवरोधित किया गया"},{"$i":"smServiceDisabled","$v":"सेवा अक्षम हुई"},{"$i":"smServiceEnabled","$v":"सेवा सक्षम हुई"},{"$i":"smServiceEnabledFor","$v":"सेवा सक्षम हुई:"},{"$i":"smServiceErased","$v":"मिटाना सफल रहा"},{"$i":"smServiceInterrogated","$v":"अनुरोध सफल रहा"},{"$i":"smServiceNotProvisioned","$v":"सेवा का प्रावधान नहीं हैं"},{"$i":"smServiceRegistered","$v":"पंजीकरण सफल रहा"},{"$i":"another","$v":"अन्य"},{"$i":"current","$v":"वर्तमान में"},{"$i":"customTag","$v":"कस्टम टैग","placeholder":"कस्टम टैग"},{"$i":"faxHome","$v":"Fax होम"},{"$i":"faxOffice","$v":"Fax ऑफिस"},{"$i":"faxOther","$v":"अन्य Fax"},{"$i":"itemWithLabel","$v":[{"t":"idOrVar","v":"label"},", ",{"t":"idOrVar","v":"item"}]},{"$i":"label","$v":"लेबल"},{"$i":"other","$v":"अन्य"},{"$i":"tcl-customTag","$v":"कस्टम टैग"},{"$i":"dateTimeFormat_%c","$v":"%a %b %e %Y %I:%M:%S %p"},{"$i":"dateTimeFormat_%x","$v":"%m/%d/%Y"},{"$i":"days-ago-long","$v":{"few":[{"t":"idOrVar","v":"value"}," दिनों पहले"],"many":[{"t":"idOrVar","v":"value"}," दिनों पहले"],"one":"बीता कल","other":[{"t":"idOrVar","v":"value"}," दिनों पहले"],"two":[{"t":"idOrVar","v":"value"}," दिनों पहले"],"zero":"आज"},"$x":[{"t":"idOrVar","v":"plural"},"value"]},{"$i":"days-ago-short","$v":{"other":[{"t":"idOrVar","v":"value"}," दिनों पहले"],"zero":"आज"},"$x":[{"t":"idOrVar","v":"plural"},"value"]},{"$i":"days-until-long","$v":{"few":[{"t":"idOrVar","v":"value"}," दिनों में"],"many":[{"t":"idOrVar","v":"value"}," दिनों में"],"one":"कल","other":[{"t":"idOrVar","v":"value"}," दिनों में"],"two":[{"t":"idOrVar","v":"value"}," दिनों में"],"zero":"आज"},"$x":[{"t":"idOrVar","v":"plural"},"value"]},{"$i":"days-until-short","$v":{"other":[{"t":"idOrVar","v":"value"},"दिन में"],"zero":"आज"},"$x":[{"t":"idOrVar","v":"plural"},"value"]},{"$i":"hours-ago-long","$v":{"few":[{"t":"idOrVar","v":"value"}," घंटे पहले"],"many":[{"t":"idOrVar","v":"value"}," घंटे पहले"],"one":"एक घंटे पहले","other":[{"t":"idOrVar","v":"value"}," घंटे पहले"],"two":[{"t":"idOrVar","v":"value"}," घंटे पहले"],"zero":"अभी"},"$x":[{"t":"idOrVar","v":"plural"},"value"]},{"$i":"hours-ago-short","$v":{"other":[{"t":"idOrVar","v":"value"}," घंटे पहले"],"zero":"अभी"},"$x":[{"t":"idOrVar","v":"plural"},"value"]},{"$i":"hours-until-long","$v":{"few":[{"t":"idOrVar","v":"value"}," घंटों में"],"many":[{"t":"idOrVar","v":"value"}," घंटों में"],"one":"एक घंटे में","other":[{"t":"idOrVar","v":"value"}," घंटों में"],"two":[{"t":"idOrVar","v":"value"}," घंटों में"],"zero":"अभी"},"$x":[{"t":"idOrVar","v":"plural"},"value"]},{"$i":"hours-until-short","$v":{"other":[{"t":"idOrVar","v":"value"},"घंटे में"],"zero":"अभी"},"$x":[{"t":"idOrVar","v":"plural"},"value"]},{"$i":"incorrectDate","$v":"(गलत दिनांक)"},{"$i":"minutes-ago-long","$v":{"few":[{"t":"idOrVar","v":"value"}," मिनट पहले"],"many":[{"t":"idOrVar","v":"value"}," मिनट पहले"],"one":"एक मिनट पहले","other":[{"t":"idOrVar","v":"value"}," मिनट पहले"],"two":[{"t":"idOrVar","v":"value"}," मिनट पहले"],"zero":"अभी"},"$x":[{"t":"idOrVar","v":"plural"},"value"]},{"$i":"minutes-ago-short","$v":{"other":[{"t":"idOrVar","v":"value"}," मिनट पहले"],"zero":"अभी"},"$x":[{"t":"idOrVar","v":"plural"},"value"]},{"$i":"minutes-until-long","$v":{"few":[{"t":"idOrVar","v":"value"}," मिनट में"],"many":[{"t":"idOrVar","v":"value"}," मिनट में"],"one":"एक मिनट में","other":[{"t":"idOrVar","v":"value"}," मिनट में"],"two":[{"t":"idOrVar","v":"value"}," मिनट में"],"zero":"अभी"},"$x":[{"t":"idOrVar","v":"plural"},"value"]},{"$i":"minutes-until-short","$v":{"other":[{"t":"idOrVar","v":"value"},"मिनिट में"],"zero":"अभी"},"$x":[{"t":"idOrVar","v":"plural"},"value"]},{"$i":"month-0-genitive","$v":"जनवरी"},{"$i":"month-0-long","$v":"जनवरी"},{"$i":"month-0-short","$v":"जनवरी"},{"$i":"month-1-genitive","$v":"फरवरी"},{"$i":"month-1-long","$v":"फरवरी"},{"$i":"month-1-short","$v":"फरवरी"},{"$i":"month-10-genitive","$v":"नवंबर"},{"$i":"month-10-long","$v":"नवंबर"},{"$i":"month-10-short","$v":"नवंबर"},{"$i":"month-11-genitive","$v":"दिसंबर"},{"$i":"month-11-long","$v":"दिसंबर"},{"$i":"month-11-short","$v":"दिसंबर"},{"$i":"month-2-genitive","$v":"मार्च"},{"$i":"month-2-long","$v":"मार्च"},{"$i":"month-2-short","$v":"मार्च"},{"$i":"month-3-genitive","$v":"अप्रैल"},{"$i":"month-3-long","$v":"अप्रैल"},{"$i":"month-3-short","$v":"अप्रैल"},{"$i":"month-4-genitive","$v":"मई"},{"$i":"month-4-long","$v":"मई"},{"$i":"month-4-short","$v":"मई"},{"$i":"month-5-genitive","$v":"जून"},{"$i":"month-5-long","$v":"जून"},{"$i":"month-5-short","$v":"जून"},{"$i":"month-6-genitive","$v":"जुलाई"},{"$i":"month-6-long","$v":"जुलाई"},{"$i":"month-6-short","$v":"जुलाई"},{"$i":"month-7-genitive","$v":"अगस्त"},{"$i":"month-7-long","$v":"अगस्त"},{"$i":"month-7-short","$v":"अगस्त"},{"$i":"month-8-genitive","$v":"सितंबर"},{"$i":"month-8-long","$v":"सितंबर"},{"$i":"month-8-short","$v":"सितंबर"},{"$i":"month-9-genitive","$v":"अक्टूबर"},{"$i":"month-9-long","$v":"अक्टूबर"},{"$i":"month-9-short","$v":"अक्टूबर"},{"$i":"months-ago-long","$v":{"few":[{"t":"idOrVar","v":"value"}," महीनों पहले"],"many":[{"t":"idOrVar","v":"value"}," महीनों पहले"],"one":"पिछले महीने","other":[{"t":"idOrVar","v":"value"}," महीनों पहले"],"two":[{"t":"idOrVar","v":"value"}," महीनों पहले"],"zero":"इस महीने"},"$x":[{"t":"idOrVar","v":"plural"},"value"]},{"$i":"months-until-long","$v":{"few":[{"t":"idOrVar","v":"value"}," महीनो में"],"many":[{"t":"idOrVar","v":"value"}," महीनो में"],"one":"अगले महीने","other":[{"t":"idOrVar","v":"value"}," महीनो में"],"two":[{"t":"idOrVar","v":"value"}," महीनो में"],"zero":"इस महीने"},"$x":[{"t":"idOrVar","v":"plural"},"value"]},{"$i":"shortDateTimeFormat","$v":"%x %I:%M %p"},{"$i":"shortTimeFormat","$v":"%I:%M %p"},{"$i":"shortTimeFormat12","$v":"%I:%M %p"},{"$i":"shortTimeFormat24","$v":"%H:%M"},{"$i":"time_am","$v":"AM"},{"$i":"time_pm","$v":"PM"},{"$i":"weekday-0-long","$v":"रविवार"},{"$i":"weekday-0-short","$v":"रवि"},{"$i":"weekday-1-long","$v":"सोमवार"},{"$i":"weekday-1-short","$v":"सोम"},{"$i":"weekday-2-long","$v":"मंगलवार"},{"$i":"weekday-2-short","$v":"मंगल"},{"$i":"weekday-3-long","$v":"बुधवार"},{"$i":"weekday-3-short","$v":"बुध"},{"$i":"weekday-4-long","$v":"गुरुवार"},{"$i":"weekday-4-short","$v":"गुरु"},{"$i":"weekday-5-long","$v":"शुक्रवार"},{"$i":"weekday-5-short","$v":"शुक्र"},{"$i":"weekday-6-long","$v":"शनिवार"},{"$i":"weekday-6-short","$v":"शनि"},{"$i":"weeks-ago-long","$v":{"few":[{"t":"idOrVar","v":"value"}," सप्ताह पहले"],"many":[{"t":"idOrVar","v":"value"}," सप्ताह पहले"],"one":"पिछले सप्ताह","other":[{"t":"idOrVar","v":"value"}," सप्ताह पहले"],"two":[{"t":"idOrVar","v":"value"}," सप्ताह पहले"],"zero":"इस सप्ताह"},"$x":[{"t":"idOrVar","v":"plural"},"value"]},{"$i":"weeks-until-long","$v":{"few":[{"t":"idOrVar","v":"value"}," सप्ताह में"],"many":[{"t":"idOrVar","v":"value"}," सप्ताह में"],"one":"अगले सप्ताह","other":[{"t":"idOrVar","v":"value"}," सप्ताह में"],"two":[{"t":"idOrVar","v":"value"}," सप्ताह में"],"zero":"इस सप्ताह"},"$x":[{"t":"idOrVar","v":"plural"},"value"]},{"$i":"years-ago-long","$v":{"few":[{"t":"idOrVar","v":"value"}," वर्ष पहले"],"many":[{"t":"idOrVar","v":"value"}," वर्ष पहले"],"one":"पिछले वर्ष","other":[{"t":"idOrVar","v":"value"}," वर्ष पहले"],"two":[{"t":"idOrVar","v":"value"}," वर्ष पहले"],"zero":"इस वर्ष"},"$x":[{"t":"idOrVar","v":"plural"},"value"]},{"$i":"years-until-long","$v":{"few":[{"t":"idOrVar","v":"value"}," वर्षों में"],"many":[{"t":"idOrVar","v":"value"}," वर्षों में"],"one":"अगले वर्ष","other":[{"t":"idOrVar","v":"value"}," वर्षों में"],"two":[{"t":"idOrVar","v":"value"}," वर्षों में"],"zero":"इस वर्ष"},"$x":[{"t":"idOrVar","v":"plural"},"value"]},{"$i":"dateTimeFormat_%X","$v":"%I:%M:%S %p"},{"$i":"weekStartsOnMonday","$v":"0"},{"$i":"firstDayOfTheWeek","$v":"0"}]