[{"$i":"clockDateFormat","$v":"%a, %e %b"},{"$i":"deviceIsUnlocked","$v":"Uređaj je otključan"},{"$i":"simUnlockCodeAccepted","$v":"SIM kod za otklj. je prihvaćen"},{"$i":"simUnlockCodeFailed","$v":"Otklj. SIM-a neuspješno"},{"$i":"eccOnly","$v":"Samo pozivi hitnim službama"},{"$i":"emergencyCallsOnly","$v":"Samo žurni pozivi"},{"$i":"lockedSim","$v":"Zaključani SIM"},{"$i":"noService","$v":"Nema usluge"},{"$i":"noSimCard","$v":"Nema SIM kartice"},{"$i":"searching","$v":"Pretraživanje..."},{"$i":"airplane-mode","$v":"Zrakoplovni način"},{"$i":"bluetooth","$v":"Bluetooth"},{"$i":"brightness","$v":"Svjetlina"},{"$i":"calculator","$v":"Kalkulator"},{"$i":"camera","$v":"Fotoaparat"},{"$i":"cellular-data","$v":"Mobilni podaci"},{"$i":"confirm-to-uninstall-app","$v":["Želite li deinstalirati aplikaciju ",{"t":"idOrVar","v":"appName"},"?"]},{"$i":"flashlight","$v":"Bljeskalica"},{"$i":"instant-settings","$v":"brze postavke"},{"$i":"off","$v":"Isključeno"},{"$i":"on","$v":"Uključeno"},{"$i":"shortcuts","$v":"Kratice"},{"$i":"uninstall","$v":"Deinstaliraj"},{"$i":"volume","$v":"Glasnoća"},{"$i":"wifi","$v":"Wi-Fi"},{"$i":"percentage-number","$v":[{"t":"idOrVar","v":"number"}," %"]},{"$i":"all-apps","$v":"Sve aplikacije"},{"$i":"scImei","$v":"IMEI"},{"$i":"scMeid","$v":"MEID"},{"$i":"scUssd","$v":"USSD"},{"$i":"CallFailed","$v":"Poziv nije uspio"},{"$i":"GenericFailure","$v":"Generički kvar"},{"$i":"add-smart-collections","$v":"Dodavanje pametnih zbirki"},{"$i":"add-to-existing-contact","$v":"Dodaj u postojeći kontakt"},{"$i":"alert-for-contacts-without-number","$v":"Nema dostupnih kontakata s tim brojem telefona."},{"$i":"app-title","$v":"Moje aplikacije"},{"$i":"app-uninstall","$v":[{"t":"idOrVar","v":"name"}," je deinstaliran."]},{"$i":"assign","$v":"Dodijeli"},{"$i":"assign-speed-dial","$v":["Kontakt nije dodan za brzo biranje na gumb ",{"t":"idOrVar","v":"n"},".Želite li ga sada dodijeliti?"]},{"$i":"assign-voicemail","$v":"Nije postavljen broj glasovne pošte."},{"$i":"call","$v":"Poziv"},{"$i":"callAirplaneModeMessage","$v":"Za uspostavu poziva morate u postavkama onemogućiti način rada u zrakoplovu."},{"$i":"callAirplaneModeTitle","$v":"Aktiviran je zrakoplovni način"},{"$i":"cancel","$v":"Poništi"},{"$i":"change-wallpaper","$v":"Promjena podloge"},{"$i":"clocks-updated","$v":"Ažurirani satovi"},{"$i":"confirmation","$v":"Potvrda"},{"$i":"contacts","$v":"Kontakti"},{"$i":"create-new-contact","$v":"Izradi novi kontakt"},{"$i":"delete","$v":"Izbriši"},{"$i":"delete-body","$v":[{"t":"idOrVar","v":"name"}," i svi povezani podaci bit će izbrisani."]},{"$i":"delete-title","$v":["Izbriši ",{"t":"idOrVar","v":"name"}]},{"$i":"edit","$v":"Uredi"},{"$i":"edit-done","$v":"Dovršeno"},{"$i":"edit-group-header","$v":"Uređivanje grupe"},{"$i":"edit-mode","$v":"Uredi"},{"$i":"emergency-call-error","$v":[{"t":"idOrVar","v":"number"}," nije hitni broj."]},{"$i":"emergency-call-only","$v":"Samo hitni poziv"},{"$i":"emergencyDialogBodyBadNumber","$v":"Za uspostavu poziva telefon mora biti povezan s mrežom."},{"$i":"emergencyDialogBodyDeviceNotAccepted","$v":"Mreža ne dopušta hitne pozive."},{"$i":"emergencyDialogTitle","$v":"Nema mrežne veze"},{"$i":"fax-home","$v":"Faks kod kuće"},{"$i":"fax-office","$v":"Faks u uredu"},{"$i":"fax-other","$v":"Faks drugdje"},{"$i":"fdnIsActiveMessage","$v":["FDN (fiksni brojevi za biranje) aktivirani su, a sljedeći broj nije na vašem popisu FDN: ",{"t":"idOrVar","v":"number"}]},{"$i":"fdnIsActiveTitle","$v":"FDN je aktivan"},{"$i":"gaia-shortcut-app-updated","$v":"Aplikacija ažurirana"},{"$i":"grid-view","$v":"Prikaz rešetke"},{"$i":"home","$v":"Kod kuće"},{"$i":"homescreen-settings","$v":"Postavke početnog zaslona"},{"$i":"invalidNumberToDialMessage","$v":"Telefonski broj koji zovete nije valjan."},{"$i":"invalidNumberToDialTitle","$v":"Telefonski broj nije valjan"},{"$i":"list-view","$v":"Prikaz popisa"},{"$i":"longDateFormat","$v":"%A, %B %e"},{"$i":"menu","$v":"Izbornik"},{"$i":"message","$v":"Poruka"},{"$i":"mobile","$v":"Mobitel"},{"$i":"more","$v":"Više"},{"$i":"move","$v":"Premjesti"},{"$i":"notifications","$v":"Obavijesti"},{"$i":"numberIsBusyMessage","$v":"Broj je trenutno zauzet. Pokušajte ponovno poslije."},{"$i":"numberIsBusyTitle","$v":"Broj je zauzet"},{"$i":"ok","$v":"U redu"},{"$i":"option-remove","$v":"Ukloni iz brzog biranja"},{"$i":"option-replace","$v":"Zamijeni"},{"$i":"options","$v":"Opcije"},{"$i":"otherConnectionInUseMessage","$v":"Imate aktivan poziv na drugoj vezi. Ne možete koristiti više veza odjednom."},{"$i":"otherConnectionInUseTitle","$v":"Druge veze koje se koriste"},{"$i":"personal","$v":"Osobno"},{"$i":"remove","$v":"Ukloni"},{"$i":"remove-speed-dial","$v":["Jeste li sigurni da želite ukloniti kontakt ",{"t":"idOrVar","v":"name"}," s popisa za brzo biranje?"]},{"$i":"replace","$v":"Zamijeni"},{"$i":"replace-speed-dial","$v":["Jeste li sigurni da se želite zamijeniti ",{"t":"idOrVar","v":"name"}," za ",{"t":"idOrVar","v":"subName"},"?"]},{"$i":"resume-download-action","$v":"Preuzimanje"},{"$i":"resume-download-body","$v":["Želite li preuzeti ",{"t":"idOrVar","v":"name"},"?"]},{"$i":"resume-download-title","$v":"Pon. pokr. preuzimanje"},{"$i":"scCallBarring","$v":"Zabrana poziva"},{"$i":"scCallForwarding","$v":"Preusmjeravanje poziva"},{"$i":"scCallWaiting","$v":"Čekanje poziva"},{"$i":"scClip","$v":"ID dolaznog pozivatelja"},{"$i":"scClir","$v":"ID odlaznog pozivi"},{"$i":"scPin","$v":"Promjena PIN-a"},{"$i":"scPin2","$v":"Promjena PIN-a 2"},{"$i":"scPuk","$v":"Deblokiraj PIN"},{"$i":"scPuk2","$v":"Deblokiraj PIN2"},{"$i":"scPwd","$v":"Promjena lozinke."},{"$i":"search-or-enter-address","placeholder":"Potraži ili unesi adresu"},{"$i":"select","$v":"Odaberi"},{"$i":"sending","$v":"Slanje…"},{"$i":"set","$v":"Postavi"},{"$i":"settings","$v":"Postavke"},{"$i":"single-view","$v":"Jedan prikaz"},{"$i":"skip","$v":"Preskoči"},{"$i":"speed-dial","$v":"Brzo biranje"},{"$i":"speed-dial-empty","ariaLabel":[{"t":"idOrVar","v":"order"},", prazno"]},{"$i":"speed-dial-not-empty","ariaLabel":[{"t":"idOrVar","v":"order"},", ",{"t":"idOrVar","v":"name"}]},{"$i":"stop-download-action","$v":"Zaustavi"},{"$i":"stop-download-body","$v":"Želite li prekinuti preuzimanje u tijeku?"},{"$i":"stop-download-title","$v":["Zaustavi ",{"t":"idOrVar","v":"name"}]},{"$i":"tcl-wallpaper-changed","$v":"Pozadina promijenjena"},{"$i":"video-call","$v":"Videopoziv"},{"$i":"voicemail","$v":"Glasovna pošta"},{"$i":"work","$v":"Posao"},{"$i":"apps","$v":"Aplikacije"},{"$i":"nocard-eccOnly","$v":"No SIM card-Emergency calls only"},{"$i":"unusablecard-eccOnly","$v":"Unusable SIM card-Emergency calls only"},{"$i":"apn-sim1","$v":"APN postavke - SIM1"},{"$i":"apn-sim2","$v":"APN postavke - SIM2"},{"$i":"apnConfigPrepay","$v":"Prijevremeno plaćanje"},{"$i":"apnConfigPostpay","$v":"Naknadno plaćanje"},{"$i":"apn-defaultconfig-message","$v":"Postavite vrstu APN-a za prikaz"},{"$i":"apnDefaultConfig","$v":"Zadana konfig. APN-a"},{"$i":"without-sim-new","$v":[{"t":"idOrVar","v":"index"}]},{"$i":"with-sim-new","$v":[{"t":"idOrVar","v":"index"}," - ",{"t":"idOrVar","v":"carrier"}]},{"$i":"sim-with-index-and-carrier","$v":["SIM ",{"t":"idOrVar","v":"index"}," - ",{"t":"idOrVar","v":"carrier"}]},{"$i":"sim-without-carrier","$v":["SIM ",{"t":"idOrVar","v":"index"}]},{"$i":"call-forwarding-voice-after-seconds","$v":["Glas: ",{"t":"idOrVar","v":"voice"}," nakon ",{"t":"idOrVar","v":"timeSeconds"}," s"]},{"$i":"addNewNumber","$v":"Dodaj novi broj"},{"$i":"addToExistingContact","$v":"Dodaj u postojeći kontakt"},{"$i":"all","$v":"Sve","ariaLabel":"Sve"},{"$i":"bluetooth-handsfree-device","$v":"Uređaj s Bluetooth jedinicom za razgovor bez uporabe ruku"},{"$i":"bluetoothOption","ariaLabel":"Bluetooth"},{"$i":"callDurationHours","$v":[{"t":"idOrVar","v":"h"},":",{"t":"idOrVar","v":"m"},":",{"t":"idOrVar","v":"s"}]},{"$i":"callDurationMinutes","$v":[{"t":"idOrVar","v":"m"},":",{"t":"idOrVar","v":"s"}]},{"$i":"callDurationTextFormatHours","$v":[{"t":"idOrVar","v":"h"},":",{"t":"idOrVar","v":"m"},":",{"t":"idOrVar","v":"s"}]},{"$i":"callDurationTextFormatMinutes","$v":[{"t":"idOrVar","v":"m"}," min ",{"t":"idOrVar","v":"s"}," s"]},{"$i":"callDurationTextFormatSeconds","$v":[{"t":"idOrVar","v":"s"}," s"]},{"$i":"callEnded","$v":"Poziv je završen"},{"$i":"callInformation","$v":"Informacije o pozivu"},{"$i":"callLog","$v":"Zapisnik poziva"},{"$i":"callLogEdit","title":"Uređivanje zapisnika poziva"},{"$i":"callLogEditDialog","ariaLabel":"Uredi dijalog iz zapisnika poziva"},{"$i":"caller-left-call","$v":[{"t":"idOrVar","v":"caller"}," je prekinuo poziv."]},{"$i":"calllog-all","$v":"Sve"},{"$i":"calllog-deselectAll","$v":"Poništi odabir svega"},{"$i":"calllog-none","$v":"Ništa"},{"$i":"calllog-selectAll","$v":"Odaberi sve"},{"$i":"canceled","$v":"Otkazano"},{"$i":"clear-all-text","$v":"Očisti sav tekst"},{"$i":"close","$v":"Zatvori"},{"$i":"composeEmail","ariaLabel":"E-pošta"},{"$i":"conferenceAddError","$v":"Spajanje poziva nije moguće"},{"$i":"conferenceCall","$v":["Konferencija (",{"t":"idOrVar","v":"n"},")"]},{"$i":"conferenceRemoveError","$v":"Razdvajanje poziva nije moguće"},{"$i":"confirm-deletion","$v":"Želite li očistiti odabrane ćelije?"},{"$i":"connecting","$v":"Povezivanje"},{"$i":"connectingEllipsis","$v":"Povezivanje…"},{"$i":"contactDetails","$v":"Pojedinosti o kontaktu"},{"$i":"createNewContact","$v":"Izradi novi kontakt"},{"$i":"delete-n-log?","$v":{"few":["Želite li izbrisati ovoliko zapisnika: ",{"t":"idOrVar","v":"n"},"?"],"many":["Želite li izbrisati ovoliko zapisnika: ",{"t":"idOrVar","v":"n"},"?"],"one":"Želite li izbrisati odabrani zapisnik?","other":["Želite li izbrisati ovoliko zapisnika: ",{"t":"idOrVar","v":"n"},"?"],"two":["Želite li izbrisati ovoliko zapisnika: ",{"t":"idOrVar","v":"n"},"?"],"zero":"Ništa nije odabrano"},"$x":[{"t":"idOrVar","v":"plural"},"n"]},{"$i":"deselect","$v":"Poništi odabir"},{"$i":"dialed","$v":"Pozvani broj"},{"$i":"dialer-prompt","$v":"Birajte broj ili odaberite kontakt koji želite dodati u poziv"},{"$i":"dialerAddContact","ariaLabel":"Dodaj kontakt"},{"$i":"dialerAddContactDialog","ariaLabel":"Dodaj dijalog kontakta"},{"$i":"edit-selected","$v":{"few":["odabrano(",{"t":"idOrVar","v":"n"},")"],"many":["odabrano(",{"t":"idOrVar","v":"n"},")"],"one":["odabrano(",{"t":"idOrVar","v":"n"},")"],"other":["odabrano(",{"t":"idOrVar","v":"n"},")"],"two":["odabrano(",{"t":"idOrVar","v":"n"},")"]},"$x":[{"t":"idOrVar","v":"plural"},"n"]},{"$i":"emailDetail","ariaLabel":"E-pošta"},{"$i":"from-contact","$v":["Šalje ",{"t":"idOrVar","v":"contact"}]},{"$i":"from-number","$v":["S broja ",{"t":"idOrVar","v":"number"}]},{"$i":"from-withheld-number","$v":"S nepoznatog broja"},{"$i":"hangup-a11y-button","ariaLabel":"Prekini"},{"$i":"hide","$v":"Sakrij"},{"$i":"hideKeypad","ariaLabel":"Sakrij tipkovnicu"},{"$i":"hold","ariaLabel":"Uključi čekanje"},{"$i":"hours","$v":"h"},{"$i":"ignore","$v":"Zanemari poziv"},{"$i":"incoming","$v":"Dolazni"},{"$i":"incoming-call","$v":"Dolazni poziv"},{"$i":"info-missed","$v":"Propušteni pozivi"},{"$i":"keypad","ariaLabel":"Tipkovnica"},{"$i":"log-item","$v":"Opcije"},{"$i":"makeCall","ariaLabel":"Uputi poziv"},{"$i":"merge","ariaLabel":"Spoji"},{"$i":"minutes","$v":"minute"},{"$i":"missed","$v":"Propušteni pozivi","ariaLabel":"Propušteni pozivi"},{"$i":"missedCall","$v":"Propušten poziv"},{"$i":"missedCallMultiSims","$v":["Propušteni poziv (SIM ",{"t":"idOrVar","v":"n"},")"]},{"$i":"mmi-error","$v":"Tijekom slanja poruke došlo je do pogreške"},{"$i":"mmi-notification-title-with-sim","$v":["(",{"t":"idOrVar","v":"sim"},") ",{"t":"idOrVar","v":"title"}]},{"$i":"mmi-session-expired","$v":"Sesija istekla"},{"$i":"mmi-successfully-sent","$v":"Poruka je uspješno poslana"},{"$i":"mute","ariaLabel":"Isključi mikrofon"},{"$i":"newCall","ariaLabel":"Novi poziv"},{"$i":"no-logs-msg-1","$v":"Nema snimljenih poziva"},{"$i":"no-logs-msg-2","$v":"Odmah počn. komunicirati"},{"$i":"no-logs-msg-3","$v":"Nema snimljenih poziva"},{"$i":"no-logs-msg-4","$v":"Odmah počn. komunicirati"},{"$i":"no-recent-numbers","$v":"U zapisnicima poziva nema nedavnih brojeva za biranje."},{"$i":"onHoldOption","ariaLabel":"Na čekanju"},{"$i":"outgoing","$v":"Odlazni"},{"$i":"outgoing-call","$v":"Odlazni poziv"},{"$i":"phoneDetail","ariaLabel":"Telefon"},{"$i":"pickup-a11y-button","ariaLabel":"Javi se"},{"$i":"received","$v":"Primljeno"},{"$i":"receiver","$v":"Prijamnik"},{"$i":"recents","ariaLabel":"Nedavni pozivi"},{"$i":"reply","$v":"Odgovori"},{"$i":"resume","$v":"Nastavi","ariaLabel":"Nastavi"},{"$i":"search-results","$v":"Rezultati pretraživanja"},{"$i":"seconds","$v":"sekunde"},{"$i":"select-audio-sources","$v":"Odabir izvora zvuka"},{"$i":"send","$v":"Pošalji"},{"$i":"send-sms-button","ariaLabel":"SMS"},{"$i":"sendSms","$v":"Pošalji poruku"},{"$i":"separator","$v":","},{"$i":"sim-number","$v":["SIM",{"t":"idOrVar","v":"n"}]},{"$i":"speaker","$v":"Zvučnik"},{"$i":"speakerOption","ariaLabel":"Zvučnik"},{"$i":"suggestionMatches","$v":{"few":[{"t":"idOrVar","v":"n"}," podudarnosti za \"",{"t":"idOrVar","v":"matchNumber"}],"many":[{"t":"idOrVar","v":"n"}," podudarnosti za \"",{"t":"idOrVar","v":"matchNumber"}],"one":[{"t":"idOrVar","v":"n"}," podudarnost za \"",{"t":"idOrVar","v":"matchNumber"}],"other":[{"t":"idOrVar","v":"n"}," podudarnosti za \"",{"t":"idOrVar","v":"matchNumber"}],"two":[{"t":"idOrVar","v":"n"}," podudarnosti za \"",{"t":"idOrVar","v":"matchNumber"}]},"$x":[{"t":"idOrVar","v":"plural"},"n"]},{"$i":"switch-calls","$v":"Prebacivanje poziva"},{"$i":"tcl-assign","$v":"Dodijeli"},{"$i":"tcl-assign-speed-dial","$v":{"$o":["Kont. nije dodan za brzo bir. na gumb \"",{"t":"idOrVar","v":"speedDial"},"\".<br></br>Želite ga sada dodijeliti?"]}},{"$i":"tcl-call-log-delete-group-notification","$v":["Izbrisano stavki: ",{"t":"idOrVar","v":"n"}]},{"$i":"tcl-calllog-entry-removed-err-notification","$v":"Unos u zapisnik poziva ne može se ukloniti"},{"$i":"tcl-calllog-entry-removed-succ-notification","$v":"Stavka zapisnika poziva je uklonjena"},{"$i":"tcl-cancel","$v":"Poništi"},{"$i":"tcl-confirmation","$v":"Potvrda"},{"$i":"tcl-delete-log","$v":"Jeste li sigurni da želite izbrisati odabrane stavke iz zapisnika poziva?"},{"$i":"tcl-dialer","$v":"Birač"},{"$i":"tcl-edit-not-selected","$v":"odabrano(0)"},{"$i":"tcl-option-menu-call-log-edit","$v":"Uređivanje zapisnika poziva"},{"$i":"today","$v":"Danas"},{"$i":"toggleKeypad","ariaLabel":"Uklj./isklj. tipkovnice"},{"$i":"type-your-response","placeholder":"Upišite odgovor…"},{"$i":"unknown","$v":"Nepoznato"},{"$i":"unlock-a11y-button","ariaLabel":"Klizač"},{"$i":"ussd-services","$v":["Usluge operatera ",{"t":"idOrVar","v":"operator"}]},{"$i":"via-sim","$v":["putem SIM-a",{"t":"idOrVar","v":"n"}]},{"$i":"view-all","$v":"Prikaži sve"},{"$i":"wifi-calling","$v":"Wi-Fi poziv:"},{"$i":"withheld-number","$v":"Nepoznato"},{"$i":"yesterday","$v":"Jučer"},{"$i":"SimPin2","$v":"PIN2 za SIM"},{"$i":"SimPuk2","$v":"PUK2 za SIM"},{"$i":"serviceClassFax","$v":"FAKS"},{"$i":"serviceClassPad","$v":"PAD"},{"$i":"serviceClassSms","$v":"SMS"},{"$i":"DialModifiedToDial","$v":"Dial modified to dial"},{"$i":"DialModifiedToSs","$v":"Dial modified to SS"},{"$i":"DialModifiedToUssd","$v":"Dial modified to USSD"},{"$i":"FdnCheckFailure","$v":"Provjera FDN-a nije uspjela"},{"$i":"IllegalSimOrMe","$v":"Ilegalni SIM ili ME"},{"$i":"InvalidParameter","$v":"Parametar nije valjan"},{"$i":"ModeNotSupported","$v":"Način rada nije podržan"},{"$i":"OpNotAllowedDuringVoiceCall","$v":"Post. nije dop. tijekom glas. poziva"},{"$i":"PasswordIncorrect","$v":"Lozinka nije točna"},{"$i":"RadioNotAvailable","$v":"Radio not available"},{"$i":"RejectedByRemote","$v":"Odbačeno daljinski"},{"$i":"RequestNotSupported","$v":"Zahtjev nije podržan"},{"$i":"ServiceIsDisabled","$v":"Servis je onemogućen"},{"$i":"ServiceIsEnabled","$v":"Servis je omogućen"},{"$i":"ServiceIsEnabledFor","$v":"Servis je omogućen za:"},{"$i":"SimAbsent","$v":"SIM-a nema"},{"$i":"SmsSendFailRetry","$v":"Slanje SMS-a nije uspj. ponov."},{"$i":"SsModifiedToDial","$v":"SS izmijenjeno u biranje"},{"$i":"SsModifiedToSs","$v":"SS izmijenjeno u SS"},{"$i":"SsModifiedToUssd","$v":"SS izmijenjeno u USSD"},{"$i":"SubscriptionNotAvailable","$v":"Pretplata nije dostupna"},{"$i":"SubscriptionNotSupported","$v":"Pretplata nije podržana"},{"$i":"UssdModifiedToDial","$v":"USSD izmijenjeno u biranje"},{"$i":"UssdModifiedToSs","$v":"USSD izmijenjeno u SS"},{"$i":"UssdModifiedToUssd","$v":"USSD izmijenjeno u USSD"},{"$i":"call-forwarding-async","$v":["Asinkrono: ",{"t":"idOrVar","v":"async"}]},{"$i":"call-forwarding-data","$v":["Podaci: ",{"t":"idOrVar","v":"data"}]},{"$i":"call-forwarding-error","$v":"Tijekom dohvaćanja statusa prosljeđivanja poziva došlo je do pogreške"},{"$i":"call-forwarding-fax","$v":["FAKS: ",{"t":"idOrVar","v":"fax"}]},{"$i":"call-forwarding-inactive","$v":"Neaktivni"},{"$i":"call-forwarding-packet","$v":["Paket: ",{"t":"idOrVar","v":"packet"}]},{"$i":"call-forwarding-pad","$v":["PAD: ",{"t":"idOrVar","v":"pad"}]},{"$i":"call-forwarding-sms","$v":["SMS: ",{"t":"idOrVar","v":"sms"}]},{"$i":"call-forwarding-status","$v":"Status preusmjeravanja poziva"},{"$i":"call-forwarding-sync","$v":["Sinkrono: ",{"t":"idOrVar","v":"sync"}]},{"$i":"call-forwarding-voice","$v":["Glas: ",{"t":"idOrVar","v":"voice"}]},{"$i":"emMmiError","$v":"Problem s vezom ili nevaljan MMI kod"},{"$i":"emMmiErrorBadPin","$v":"Uneseni stari PIN nije točan."},{"$i":"emMmiErrorBadPuk","$v":"Upisani PUK nije točan"},{"$i":"emMmiErrorEnablePin","$v":"Nije uspjelo. Omogućite SIM/RUIM LOCK"},{"$i":"emMmiErrorInvalidAction","$v":"Akcija nije valjana"},{"$i":"emMmiErrorInvalidPin","$v":"Unesite PIN koji sadrži 4 do 8 brojeva"},{"$i":"emMmiErrorInvalidScCode","$v":"Servisni kod nije valjan"},{"$i":"emMmiErrorMismatchPin","$v":"Uneseni PIN-ovi se ne podudaraju"},{"$i":"emMmiErrorMmiFdn","$v":"Post. je ogran. samo na fiks. br. za biranje"},{"$i":"emMmiErrorNeedPuk2","$v":"Unesite PUK2 da biste deblokirali SIM karticu"},{"$i":"emMmiErrorNeedsPuk","$v":"Vaša je SIM kartica zaključana PUK-om"},{"$i":"emMmiErrorNotSupported","$v":"MMI kod nije valjan ili podržan"},{"$i":"emMmiErrorPasswordIncorrect","$v":"Netočna lozinka"},{"$i":"emMmiErrorPinPukAttempts","$v":{"few":["Preostalo pokušaja: ",{"t":"idOrVar","v":"n"}],"many":["Preostalo pokušaja: ",{"t":"idOrVar","v":"n"}],"one":["Preost. pok.: ",{"t":"idOrVar","v":"n"}],"other":["Preostalo pokušaja: ",{"t":"idOrVar","v":"n"}],"two":["Preostalo pokušaja: ",{"t":"idOrVar","v":"n"}]},"$x":[{"t":"idOrVar","v":"plural"},"n"]},{"$i":"emMmiErrorSimBlocked","$v":"Prekoračen je maksimalni broj ponovnih pokušaja. SIM je blokiran"},{"$i":"emMmiErrorStkCcSsDial","$v":"SS zahtjev je izmijenjen u DIAL zahtjev"},{"$i":"emMmiErrorStkCcSsSs","$v":"SS zahtjev je izmijenjen u novi SS zahtjev"},{"$i":"emMmiErrorStkCcSsUssd","$v":"SS zaht. izmijenjen u USSD zaht."},{"$i":"emMmiErrorStkCcUssdDial","$v":"USSD zahtjev je izmijenjen u DIAL zahtjev"},{"$i":"emMmiErrorStkCcUssdSs","$v":"USSD zahtjev je izmijenjen u SS zahtjev"},{"$i":"emMmiErrorStkCcUssdUssd","$v":"USSD zahtjev je izmijenjen u novi USSD zahtjev"},{"$i":"fihVersion","$v":"Verzija FIH-a"},{"$i":"imeiAndSvn","$v":"IMEI i SVN"},{"$i":"internalVersion","$v":"Interna verzija"},{"$i":"serviceClassData","$v":"Podaci"},{"$i":"serviceClassDataAsync","$v":"Asinkrono"},{"$i":"serviceClassDataSync","$v":"Sinkroniziraj"},{"$i":"serviceClassPacket","$v":"Paket"},{"$i":"serviceClassVoice","$v":"Glasovne snimke"},{"$i":"smClirDefaultOffNextCallOff","$v":"ID pozivatelja po zadanom nije zabranjen. Sljedeći poziv: nije zabranjeno"},{"$i":"smClirDefaultOffNextCallOn","$v":"ID pozivatelja po zadanom nije zabranjen. Sljedeći poziv: zabranjeno"},{"$i":"smClirDefaultOnNextCallOff","$v":"ID pozivatelja po zadanom je zabranjen. Sljedeći poziv: nije zabranjeno"},{"$i":"smClirDefaultOnNextCallOn","$v":"ID poz. po zadanom je zabran Sljed. poz.: zabran."},{"$i":"smClirPermanent","$v":"Ne možete mijenjati postavke ID-a pozivatelja"},{"$i":"smPin2Changed","$v":"PIN2 uspješno promijenjen"},{"$i":"smPin2Unblocked","$v":"PIN2 uspješno deblokiran"},{"$i":"smPinChanged","$v":"PIN uspješno promijenjen"},{"$i":"smPinUnblocked","$v":"PIN uspješno deblokiran"},{"$i":"smServiceDisabled","$v":"Servis je onemogućen"},{"$i":"smServiceEnabled","$v":"Servis je omogućen"},{"$i":"smServiceEnabledFor","$v":"Servis je omogućen za:"},{"$i":"smServiceErased","$v":"Brisanje je bilo uspješno"},{"$i":"smServiceInterrogated","$v":"Zahtjev je uspio"},{"$i":"smServiceNotProvisioned","$v":"Servis nije dodijeljen"},{"$i":"smServiceRegistered","$v":"Registracija je uspjela"},{"$i":"another","$v":"Nešto drugo"},{"$i":"current","$v":"Trenutno"},{"$i":"customTag","$v":"Prilagođena oznaka","placeholder":"Prilagođena oznaka"},{"$i":"faxHome","$v":"Faks kod kuće"},{"$i":"faxOffice","$v":"Faks u uredu"},{"$i":"faxOther","$v":"Faks drugdje"},{"$i":"itemWithLabel","$v":[{"t":"idOrVar","v":"label"},", ",{"t":"idOrVar","v":"item"}]},{"$i":"label","$v":"Oznaka"},{"$i":"other","$v":"Drugo"},{"$i":"tcl-customTag","$v":"Prilagođena oznaka"},{"$i":"dateTimeFormat_%c","$v":"%a %b %e %Y %I:%M:%S %p"},{"$i":"dateTimeFormat_%x","$v":"%m/%d/%Y"},{"$i":"days-ago-long","$v":{"few":["Prije ",{"t":"idOrVar","v":"value"}," dana"],"many":["Prije ",{"t":"idOrVar","v":"value"}," dana"],"one":"jučer","other":["Prije ",{"t":"idOrVar","v":"value"}," dana"],"two":["Prije ",{"t":"idOrVar","v":"value"}," dana"],"zero":"danas"},"$x":[{"t":"idOrVar","v":"plural"},"value"]},{"$i":"days-ago-short","$v":{"other":["Prije ",{"t":"idOrVar","v":"value"}," dana"],"zero":"danas"},"$x":[{"t":"idOrVar","v":"plural"},"value"]},{"$i":"days-until-long","$v":{"few":["za ",{"t":"idOrVar","v":"value"}," dana"],"many":["za ",{"t":"idOrVar","v":"value"}," dana"],"one":"sutra","other":["za ",{"t":"idOrVar","v":"value"}," dana"],"two":["za ",{"t":"idOrVar","v":"value"}," dana"],"zero":"danas"},"$x":[{"t":"idOrVar","v":"plural"},"value"]},{"$i":"days-until-short","$v":{"other":["za ",{"t":"idOrVar","v":"value"}," d."],"zero":"danas"},"$x":[{"t":"idOrVar","v":"plural"},"value"]},{"$i":"hours-ago-long","$v":{"few":["Prije ",{"t":"idOrVar","v":"value"}," h"],"many":["Prije ",{"t":"idOrVar","v":"value"}," h"],"one":"prije jednog sata","other":["Prije ",{"t":"idOrVar","v":"value"}," h"],"two":["Prije ",{"t":"idOrVar","v":"value"}," h"],"zero":"upravo sad"},"$x":[{"t":"idOrVar","v":"plural"},"value"]},{"$i":"hours-ago-short","$v":{"other":["Prije ",{"t":"idOrVar","v":"value"}," h"],"zero":"upravo sad"},"$x":[{"t":"idOrVar","v":"plural"},"value"]},{"$i":"hours-until-long","$v":{"few":["za ",{"t":"idOrVar","v":"value"}," h"],"many":["za ",{"t":"idOrVar","v":"value"}," h"],"one":"za sat vremena","other":["za ",{"t":"idOrVar","v":"value"}," h"],"two":["za ",{"t":"idOrVar","v":"value"}," h"],"zero":"sada"},"$x":[{"t":"idOrVar","v":"plural"},"value"]},{"$i":"hours-until-short","$v":{"other":["za ",{"t":"idOrVar","v":"value"}," h"],"zero":"sada"},"$x":[{"t":"idOrVar","v":"plural"},"value"]},{"$i":"incorrectDate","$v":"(netočan datum)"},{"$i":"minutes-ago-long","$v":{"few":["Prije ",{"t":"idOrVar","v":"value"}," min"],"many":["Prije ",{"t":"idOrVar","v":"value"}," min"],"one":"prije 1 min","other":["Prije ",{"t":"idOrVar","v":"value"}," min"],"two":["Prije ",{"t":"idOrVar","v":"value"}," min"],"zero":"upravo sad"},"$x":[{"t":"idOrVar","v":"plural"},"value"]},{"$i":"minutes-ago-short","$v":{"other":["Prije ",{"t":"idOrVar","v":"value"}," min"],"zero":"upravo sad"},"$x":[{"t":"idOrVar","v":"plural"},"value"]},{"$i":"minutes-until-long","$v":{"few":["za ",{"t":"idOrVar","v":"value"}," min"],"many":["za ",{"t":"idOrVar","v":"value"}," min"],"one":"za minutu","other":["za ",{"t":"idOrVar","v":"value"}," min"],"two":["za ",{"t":"idOrVar","v":"value"}," min"],"zero":"sada"},"$x":[{"t":"idOrVar","v":"plural"},"value"]},{"$i":"minutes-until-short","$v":{"other":["za ",{"t":"idOrVar","v":"value"}," min"],"zero":"sada"},"$x":[{"t":"idOrVar","v":"plural"},"value"]},{"$i":"month-0-genitive","$v":"Siječanj"},{"$i":"month-0-long","$v":"Siječanj"},{"$i":"month-0-short","$v":"SIJEC."},{"$i":"month-1-genitive","$v":"Veljača"},{"$i":"month-1-long","$v":"Veljača"},{"$i":"month-1-short","$v":"VELJ."},{"$i":"month-10-genitive","$v":"Studeni"},{"$i":"month-10-long","$v":"Studeni"},{"$i":"month-10-short","$v":"STUD."},{"$i":"month-11-genitive","$v":"Prosinac"},{"$i":"month-11-long","$v":"Prosinac"},{"$i":"month-11-short","$v":"PROS."},{"$i":"month-2-genitive","$v":"Ožujak"},{"$i":"month-2-long","$v":"Ožujak"},{"$i":"month-2-short","$v":"OZUJ."},{"$i":"month-3-genitive","$v":"Travanj"},{"$i":"month-3-long","$v":"Travanj"},{"$i":"month-3-short","$v":"TRAV."},{"$i":"month-4-genitive","$v":"Svibanj"},{"$i":"month-4-long","$v":"Svibanj"},{"$i":"month-4-short","$v":"SVIB."},{"$i":"month-5-genitive","$v":"Lipanj"},{"$i":"month-5-long","$v":"Lipanj"},{"$i":"month-5-short","$v":"LIP."},{"$i":"month-6-genitive","$v":"Srpanj"},{"$i":"month-6-long","$v":"Srpanj"},{"$i":"month-6-short","$v":"SRP."},{"$i":"month-7-genitive","$v":"Kolovoz"},{"$i":"month-7-long","$v":"Kolovoz"},{"$i":"month-7-short","$v":"KOL."},{"$i":"month-8-genitive","$v":"Rujan"},{"$i":"month-8-long","$v":"Rujan"},{"$i":"month-8-short","$v":"RUJ."},{"$i":"month-9-genitive","$v":"Listopad"},{"$i":"month-9-long","$v":"Listopad"},{"$i":"month-9-short","$v":"LIST."},{"$i":"months-ago-long","$v":{"few":["Prije ",{"t":"idOrVar","v":"value"}," mjeseci(a)"],"many":["Prije ",{"t":"idOrVar","v":"value"}," mjeseci(a)"],"one":"prošli mjesec","other":["Prije ",{"t":"idOrVar","v":"value"}," mjeseci(a)"],"two":["Prije ",{"t":"idOrVar","v":"value"}," mjeseci(a)"],"zero":"ovaj mjesec"},"$x":[{"t":"idOrVar","v":"plural"},"value"]},{"$i":"months-until-long","$v":{"few":["za ",{"t":"idOrVar","v":"value"}," mjeseci(a)"],"many":["za ",{"t":"idOrVar","v":"value"}," mjeseci(a)"],"one":"sljedećeg mjeseca","other":["za ",{"t":"idOrVar","v":"value"}," mjeseci(a)"],"two":["za ",{"t":"idOrVar","v":"value"}," mjeseci(a)"],"zero":"ovaj mjesec"},"$x":[{"t":"idOrVar","v":"plural"},"value"]},{"$i":"shortDateTimeFormat","$v":"%x %I:%M %p"},{"$i":"shortTimeFormat","$v":"%x %I:%M %p"},{"$i":"shortTimeFormat12","$v":"%x %I:%M %p"},{"$i":"shortTimeFormat24","$v":"%H:%M"},{"$i":"time_am","$v":"AM"},{"$i":"time_pm","$v":"PM"},{"$i":"weekday-0-long","$v":"Nedjelja"},{"$i":"weekday-0-short","$v":"Ned"},{"$i":"weekday-1-long","$v":"Ponedjeljak"},{"$i":"weekday-1-short","$v":"Pon"},{"$i":"weekday-2-long","$v":"Utorak"},{"$i":"weekday-2-short","$v":"Uto"},{"$i":"weekday-3-long","$v":"Srijeda"},{"$i":"weekday-3-short","$v":"Sri"},{"$i":"weekday-4-long","$v":"Četvrtak"},{"$i":"weekday-4-short","$v":"Čet"},{"$i":"weekday-5-long","$v":"Petak"},{"$i":"weekday-5-short","$v":"Pet"},{"$i":"weekday-6-long","$v":"Subota"},{"$i":"weekday-6-short","$v":"Sub"},{"$i":"weeks-ago-long","$v":{"few":["Prije ",{"t":"idOrVar","v":"value"}," tjed(a)na"],"many":["Prije ",{"t":"idOrVar","v":"value"}," tjed(a)na"],"one":"prošli tjedan","other":["Prije ",{"t":"idOrVar","v":"value"}," tjed(a)na"],"two":["Prije ",{"t":"idOrVar","v":"value"}," tjed(a)na"],"zero":"ovaj tjedan"},"$x":[{"t":"idOrVar","v":"plural"},"value"]},{"$i":"weeks-until-long","$v":{"few":["za ",{"t":"idOrVar","v":"value"}," tjed(a)na"],"many":["za ",{"t":"idOrVar","v":"value"}," tjed(a)na"],"one":"sljedećeg tjedna","other":["za ",{"t":"idOrVar","v":"value"}," tjed(a)na"],"two":["za ",{"t":"idOrVar","v":"value"}," tjed(a)na"],"zero":"ovaj tjedan"},"$x":[{"t":"idOrVar","v":"plural"},"value"]},{"$i":"years-ago-long","$v":{"few":["Prije ",{"t":"idOrVar","v":"value"}," godina"],"many":["Prije ",{"t":"idOrVar","v":"value"}," godina"],"one":"prošle godine","other":["Prije ",{"t":"idOrVar","v":"value"}," godina"],"two":["Prije ",{"t":"idOrVar","v":"value"}," godina"],"zero":"ova godina"},"$x":[{"t":"idOrVar","v":"plural"},"value"]},{"$i":"years-until-long","$v":{"few":["za ",{"t":"idOrVar","v":"value"}," godina"],"many":["za ",{"t":"idOrVar","v":"value"}," godina"],"one":"sljedeće godine","other":["za ",{"t":"idOrVar","v":"value"}," godina"],"two":["za ",{"t":"idOrVar","v":"value"}," godina"],"zero":"ova godina"},"$x":[{"t":"idOrVar","v":"plural"},"value"]},{"$i":"dateTimeFormat_%X","$v":"%I:%M:%S %p"},{"$i":"weekStartsOnMonday","$v":"0"},{"$i":"firstDayOfTheWeek","$v":"1"}]