[{"$i":"clockDateFormat","$v":"%a, %e %b"},{"$i":"deviceIsUnlocked","$v":"Készülékzár feloldva."},{"$i":"simUnlockCodeAccepted","$v":"A SIM feloldó kódja elfogadva"},{"$i":"simUnlockCodeFailed","$v":"A SIM zárolása sikertelen"},{"$i":"eccOnly","$v":"Csak segélyhívások"},{"$i":"emergencyCallsOnly","$v":"Kizárólag segélyhívások"},{"$i":"lockedSim","$v":"Zárolt SIM-kártya"},{"$i":"noService","$v":"Nincs térerő"},{"$i":"noSimCard","$v":"Nincs SIM-kártya"},{"$i":"searching","$v":"Keresés..."},{"$i":"airplane-mode","$v":"Repülőgép üzemmód"},{"$i":"bluetooth","$v":"Bluetooth"},{"$i":"brightness","$v":"Fényerő"},{"$i":"calculator","$v":"Számológép"},{"$i":"camera","$v":"Kamera"},{"$i":"cellular-data","$v":"Mobiladatok"},{"$i":"confirm-to-uninstall-app","$v":["Eltávolítja a(z) ",{"t":"idOrVar","v":"appName"}," alkalmazást?"]},{"$i":"flashlight","$v":"Zseblámpa"},{"$i":"instant-settings","$v":"azonnali beállítások"},{"$i":"off","$v":"Ki"},{"$i":"on","$v":"Be"},{"$i":"shortcuts","$v":"Parancsikonok"},{"$i":"uninstall","$v":"Eltávolítás"},{"$i":"volume","$v":"Hangerő"},{"$i":"wifi","$v":"Wi-Fi"},{"$i":"percentage-number","$v":[{"t":"idOrVar","v":"number"},"%"]},{"$i":"all-apps","$v":"Összes alkalmazás"},{"$i":"scImei","$v":"IMEI-kód"},{"$i":"scMeid","$v":"MEID"},{"$i":"scUssd","$v":"USSD"},{"$i":"CallFailed","$v":"A hívás megszakadt."},{"$i":"GenericFailure","$v":"Általános hiba"},{"$i":"add-smart-collections","$v":"Intelligens gyűjtemények hozzáadása"},{"$i":"add-to-existing-contact","$v":"Hozzáadás egy meglévő névjegyhez"},{"$i":"alert-for-contacts-without-number","$v":"Nincsenek telefonszámmal rendelkező, elérhető névjegyek."},{"$i":"app-title","$v":"Saját alkalmazások"},{"$i":"app-uninstall","$v":[{"t":"idOrVar","v":"name"}," eltávolításra került."]},{"$i":"assign","$v":"Hozzárendelés"},{"$i":"assign-speed-dial","$v":["A névjegy nem került hozzárendelésre gyorshívó számként a ",{"t":"idOrVar","v":"n"}," gombhoz. Hozzárendeli most?"]},{"$i":"assign-voicemail","$v":"A Hangpostaszám nem lett beállítva."},{"$i":"call","$v":"Hívás"},{"$i":"callAirplaneModeMessage","$v":"Híváshoz ki kell kapcsolni a repülőgép üzemmódot a beállításokban."},{"$i":"callAirplaneModeTitle","$v":"Repülőgép üzemmód aktiválva"},{"$i":"cancel","$v":"Mégse"},{"$i":"change-wallpaper","$v":"Háttérkép módosítása"},{"$i":"clocks-updated","$v":"Órák frissítve"},{"$i":"confirmation","$v":"Megerősítés"},{"$i":"contacts","$v":"Telefonkönyv"},{"$i":"create-new-contact","$v":"Új névjegy létrehozása"},{"$i":"delete","$v":"Törlés"},{"$i":"delete-body","$v":[{"t":"idOrVar","v":"name"}," és minden adata törlésre kerül."]},{"$i":"delete-title","$v":[{"t":"idOrVar","v":"name"}," törlése"]},{"$i":"edit","$v":"Szerkesztés"},{"$i":"edit-done","$v":"Kész"},{"$i":"edit-group-header","$v":"Csoport szerkesztése"},{"$i":"edit-mode","$v":"Szerkesztés"},{"$i":"emergency-call-error","$v":["A ",{"t":"idOrVar","v":"number"}," nem segélyhívószám."]},{"$i":"emergency-call-only","$v":"Csak segélyhívás"},{"$i":"emergencyDialogBodyBadNumber","$v":"Hívás indításához a telefonnak csatlakoznia kell egy hálózathoz."},{"$i":"emergencyDialogBodyDeviceNotAccepted","$v":"A hálózat nem engedélyezi a segélyhívásokat."},{"$i":"emergencyDialogTitle","$v":"Nincs hálózati kapcsolat"},{"$i":"fax-home","$v":"Otthoni fax"},{"$i":"fax-office","$v":"Munkahelyi fax"},{"$i":"fax-other","$v":"Egyéb fax"},{"$i":"fdnIsActiveMessage","$v":["A fix hívószámok (FDN) mód be van kapcsolva, és ez a szám nincs rajta a fix hívószámok (FDN) listáján: ",{"t":"idOrVar","v":"numbers"}]},{"$i":"fdnIsActiveTitle","$v":"Fix hívószámok (FDN) mód aktív"},{"$i":"gaia-shortcut-app-updated","$v":"Alkalmazás frissítve"},{"$i":"grid-view","$v":"Rács nézet"},{"$i":"home","$v":"Kezdőképernyő"},{"$i":"homescreen-settings","$v":"Kezdőképernyő beállítások"},{"$i":"invalidNumberToDialMessage","$v":"A hívott szám nem érvényes."},{"$i":"invalidNumberToDialTitle","$v":"Érvénytelen telefonszám"},{"$i":"list-view","$v":"Lista nézet"},{"$i":"longDateFormat","$v":"%A, %B %e"},{"$i":"menu","$v":"Menü"},{"$i":"message","$v":"Üzenet"},{"$i":"mobile","$v":"Mobil"},{"$i":"more","$v":"Továbbiak"},{"$i":"move","$v":"Áthelyezés"},{"$i":"notifications","$v":"Értesítések"},{"$i":"numberIsBusyMessage","$v":"A szám jelenleg foglalt. Próbálja újra később."},{"$i":"numberIsBusyTitle","$v":"A szám foglalt"},{"$i":"ok","$v":"OK"},{"$i":"option-remove","$v":"Eltávolítás a gyorstárcsázóból"},{"$i":"option-replace","$v":"Csere"},{"$i":"options","$v":"Opciók"},{"$i":"otherConnectionInUseMessage","$v":"Egy folyamatban lévő hívása van egy másik kapcsolaton keresztül. Egyszerre csak egy kapcsolatot használhat."},{"$i":"otherConnectionInUseTitle","$v":"A használatban lévő másik kapcsolat"},{"$i":"personal","$v":"Személyes"},{"$i":"remove","$v":"Eltávolítás"},{"$i":"remove-speed-dial","$v":["Biztosan el kívánja távolítani a Gyorstárcsázóból a következőt: ",{"t":"idOrVar","v":"name"},"?"]},{"$i":"replace","$v":"Csere"},{"$i":"replace-speed-dial","$v":["Biztosan ki kívánja cserélni ezt: ",{"t":"idOrVar","v":"name"}," ezzel: ",{"t":"idOrVar","v":"subName"},"?"]},{"$i":"resume-download-action","$v":"Letöltés"},{"$i":"resume-download-body","$v":["Le kívánja tölteni ezt: ",{"t":"idOrVar","v":"name"},"?"]},{"$i":"resume-download-title","$v":"Letöltés újraindítása"},{"$i":"scCallBarring","$v":"Híváskorlátozás"},{"$i":"scCallForwarding","$v":"Hívásátirányítás"},{"$i":"scCallWaiting","$v":"Hívásvárakoztatás"},{"$i":"scClip","$v":"Bejövő hívóazonosító"},{"$i":"scClir","$v":"Kimenő hívóazonosító"},{"$i":"scPin","$v":"PIN-kód módosítása"},{"$i":"scPin2","$v":"PIN2-kód módosítása"},{"$i":"scPuk","$v":"PIN-kód letiltásának feloldása"},{"$i":"scPuk2","$v":"PIN2-kód letiltásának feloldása"},{"$i":"scPwd","$v":"Jelszóváltoztatás"},{"$i":"search-or-enter-address","placeholder":"Cím keresése vagy megadása"},{"$i":"select","$v":"Kiválasztás"},{"$i":"sending","$v":"Küldés…"},{"$i":"set","$v":"Beállítás"},{"$i":"settings","$v":"Beállítások"},{"$i":"single-view","$v":"Egyetlen nézet"},{"$i":"skip","$v":"Skip"},{"$i":"speed-dial","$v":"Gyorstárcsázás"},{"$i":"speed-dial-empty","ariaLabel":[{"t":"idOrVar","v":"order"},", üres"]},{"$i":"speed-dial-not-empty","ariaLabel":[{"t":"idOrVar","v":"order"},", ",{"t":"idOrVar","v":"name"}]},{"$i":"stop-download-action","$v":"Leállítás"},{"$i":"stop-download-body","$v":"Meg kívánja szakítani a folyamatban lévő letöltést?"},{"$i":"stop-download-title","$v":[{"t":"idOrVar","v":"name"}," leállítása"]},{"$i":"tcl-wallpaper-changed","$v":"Háttérkép módosítva"},{"$i":"video-call","$v":"Videohívás"},{"$i":"voicemail","$v":"Hangposta"},{"$i":"work","$v":"Munkahelyi"},{"$i":"apps","$v":"Alkalmazások"},{"$i":"nocard-eccOnly","$v":"No SIM card-Emergency calls only"},{"$i":"unusablecard-eccOnly","$v":"Unusable SIM card-Emergency calls only"},{"$i":"apn-sim1","$v":"APN beállítások – SIM1"},{"$i":"apn-sim2","$v":"APN beállítások – SIM2"},{"$i":"apnConfigPrepay","$v":"Előfiz."},{"$i":"apnConfigPostpay","$v":"Utófiz."},{"$i":"apn-defaultconfig-message","$v":"Megjelenített APN beállítása"},{"$i":"apnDefaultConfig","$v":"Alapért. APN-konfig"},{"$i":"without-sim-new","$v":[{"t":"idOrVar","v":"index"}]},{"$i":"with-sim-new","$v":[{"t":"idOrVar","v":"index"}," – ",{"t":"idOrVar","v":"carrier"}]},{"$i":"sim-with-index-and-carrier","$v":[{"t":"idOrVar","v":"carrier"}," SIM",{"t":"idOrVar","v":"index"}]},{"$i":"sim-without-carrier","$v":["SIM",{"t":"idOrVar","v":"index"}]},{"$i":"call-forwarding-voice-after-seconds","$v":["Hanghívás: ",{"t":"idOrVar","v":"voice"}," ",{"t":"idOrVar","v":"timeSeconds"}," másodperc múlva"]},{"$i":"addNewNumber","$v":"Új telefonszám hozzáadása"},{"$i":"addToExistingContact","$v":"Hozzáadás egy meglévő névjegyhez"},{"$i":"all","$v":"Összes","ariaLabel":"Összes"},{"$i":"bluetooth-handsfree-device","$v":"Bluetooth kihangosító eszköz"},{"$i":"bluetoothOption","ariaLabel":"Bluetooth"},{"$i":"callDurationHours","$v":[{"t":"idOrVar","v":"h"},":",{"t":"idOrVar","v":"m"},":",{"t":"idOrVar","v":"s"}]},{"$i":"callDurationMinutes","$v":[{"t":"idOrVar","v":"m"},":",{"t":"idOrVar","v":"s"}]},{"$i":"callDurationTextFormatHours","$v":[{"t":"idOrVar","v":"h"}," ó ",{"t":"idOrVar","v":"m"}," p ",{"t":"idOrVar","v":"s"}," mp"]},{"$i":"callDurationTextFormatMinutes","$v":[{"t":"idOrVar","v":"m"}," p ",{"t":"idOrVar","v":"s"}," mp"]},{"$i":"callDurationTextFormatSeconds","$v":[{"t":"idOrVar","v":"s"}," mp"]},{"$i":"callEnded","$v":"Hívás bontva"},{"$i":"callInformation","$v":"Hívásra vonatkozó információk"},{"$i":"callLog","$v":"Hívásnapló"},{"$i":"callLogEdit","title":"Hívásnapló szerkesztése"},{"$i":"callLogEditDialog","ariaLabel":"Hívásnapló szerkesztése párbeszédablak"},{"$i":"caller-left-call","$v":[{"t":"idOrVar","v":"caller"}," befejezte a hívást."]},{"$i":"calllog-all","$v":"Összes"},{"$i":"calllog-deselectAll","$v":"Összes kijelölés törlése"},{"$i":"calllog-none","$v":"Nincs"},{"$i":"calllog-selectAll","$v":"Összes kiválasztása"},{"$i":"canceled","$v":"Megszakítva"},{"$i":"clear-all-text","$v":"Minden szöveg törlése"},{"$i":"close","$v":"Bezárás"},{"$i":"composeEmail","ariaLabel":"E-mail"},{"$i":"conferenceAddError","$v":"Nem egyesíthetők a hívások"},{"$i":"conferenceCall","$v":["Konferencia (",{"t":"idOrVar","v":"n"},")"]},{"$i":"conferenceRemoveError","$v":"Nem választhatók szét a hívások"},{"$i":"confirm-deletion","$v":"Törli a kijelölt hívásokat?"},{"$i":"connecting","$v":"Csatlakozás..."},{"$i":"connectingEllipsis","$v":"Csatlakozás..."},{"$i":"contactDetails","$v":"Névjegy részletei"},{"$i":"createNewContact","$v":"Új névjegy létrehozása"},{"$i":"delete-n-log?","$v":{"few":["Töröl ",{"t":"idOrVar","v":"n"}," naplót?"],"many":["Töröl ",{"t":"idOrVar","v":"n"}," naplót?"],"one":"Törli a kiválasztott naplót?","other":["Töröl ",{"t":"idOrVar","v":"n"}," naplót?"],"two":["Töröl ",{"t":"idOrVar","v":"n"}," naplót?"],"zero":"Semmi sincs kiválasztva"},"$x":[{"t":"idOrVar","v":"plural"},"n"]},{"$i":"deselect","$v":"Kijelölés törlése"},{"$i":"dialed","$v":"Tárcsázott"},{"$i":"dialer-prompt","$v":"Szám tárcsázása vagy névjegy kiválasztása hívás hozzáadásához"},{"$i":"dialerAddContact","ariaLabel":"Névjegy hozzáadása"},{"$i":"dialerAddContactDialog","ariaLabel":"Névjegy hozzáadása párbeszédablak"},{"$i":"edit-selected","$v":{"few":["(",{"t":"idOrVar","v":"n"},") kiválasztva"],"many":["(",{"t":"idOrVar","v":"n"},") kiválasztva"],"one":["(",{"t":"idOrVar","v":"n"},") kiválasztva"],"other":["(",{"t":"idOrVar","v":"n"},") kiválasztva"],"two":["(",{"t":"idOrVar","v":"n"},") kiválasztva"]},"$x":[{"t":"idOrVar","v":"plural"},"n"]},{"$i":"emailDetail","ariaLabel":"E-mail"},{"$i":"from-contact","$v":["Tőle: ",{"t":"idOrVar","v":"contact"}]},{"$i":"from-number","$v":["Ettől: ",{"t":"idOrVar","v":"number"}]},{"$i":"from-withheld-number","$v":"Ismeretlen számról"},{"$i":"hangup-a11y-button","ariaLabel":"Hívásbontás"},{"$i":"hide","$v":"Elrejtés"},{"$i":"hideKeypad","ariaLabel":"Billentyűzet elrejtése"},{"$i":"hold","ariaLabel":"Hívástartás"},{"$i":"hours","$v":"Óra"},{"$i":"ignore","$v":"Hívás mellőzése"},{"$i":"incoming","$v":"Bejövő"},{"$i":"incoming-call","$v":"Bejövő hívás"},{"$i":"info-missed","$v":"Nem fogadott"},{"$i":"keypad","ariaLabel":"Billentyűzet"},{"$i":"log-item","$v":"Opciók"},{"$i":"makeCall","ariaLabel":"Hívás indítása"},{"$i":"merge","ariaLabel":"Egyesítés"},{"$i":"minutes","$v":"Perc"},{"$i":"missed","$v":"Nem fogadott","ariaLabel":"Nem fogadott"},{"$i":"missedCall","$v":"Nem fogadott hívás"},{"$i":"missedCallMultiSims","$v":["(SIM ",{"t":"idOrVar","v":"n"},") nem fogadott hívás"]},{"$i":"mmi-error","$v":"Hiba lépett fel az üzenet elküldése közben"},{"$i":"mmi-notification-title-with-sim","$v":["(",{"t":"idOrVar","v":"sim"},") ",{"t":"idOrVar","v":"title"}]},{"$i":"mmi-session-expired","$v":"A munkamenet lejárt"},{"$i":"mmi-successfully-sent","$v":"Az üzenet sikeresen elküldve"},{"$i":"mute","ariaLabel":"Néma"},{"$i":"newCall","ariaLabel":"Új hívás"},{"$i":"no-logs-msg-1","$v":"Nincsenek rögzített hívások"},{"$i":"no-logs-msg-2","$v":"Kezdjen el kommunikálni most"},{"$i":"no-logs-msg-3","$v":"Nincsenek rögzített hívások"},{"$i":"no-logs-msg-4","$v":"Kezdjen el kommunikálni most"},{"$i":"no-recent-numbers","$v":"A hívásnaplók nem tartalmaznak legutóbbi számokat a tárcsázáshoz."},{"$i":"onHoldOption","ariaLabel":"Tartás alatt"},{"$i":"outgoing","$v":"Kimenő"},{"$i":"outgoing-call","$v":"Kimenő hívás"},{"$i":"phoneDetail","ariaLabel":"Telefon"},{"$i":"pickup-a11y-button","ariaLabel":"Hívásfogadás"},{"$i":"received","$v":"Fogadva"},{"$i":"receiver","$v":"Vevőeszköz"},{"$i":"recents","ariaLabel":"Legutóbbi hívások"},{"$i":"reply","$v":"Válasz"},{"$i":"resume","$v":"Folytatás","ariaLabel":"Folytatás"},{"$i":"search-results","$v":"Keresési eredmények"},{"$i":"seconds","$v":"másodperc"},{"$i":"select-audio-sources","$v":"Hangforrások kiválasztása"},{"$i":"send","$v":"Küldés"},{"$i":"send-sms-button","ariaLabel":"SMS"},{"$i":"sendSms","$v":"Üzenet küldése"},{"$i":"separator","$v":","},{"$i":"sim-number","$v":[{"t":"idOrVar","v":"n"}," SIM"]},{"$i":"speaker","$v":"Hangszóró"},{"$i":"speakerOption","ariaLabel":"Hangszóró"},{"$i":"suggestionMatches","$v":{"few":[{"t":"idOrVar","v":"n"}," találat erre: \"",{"t":"idOrVar","v":"matchNumber"}],"many":[{"t":"idOrVar","v":"n"}," találat erre: \"",{"t":"idOrVar","v":"matchNumber"}],"one":[{"t":"idOrVar","v":"n"}," találat erre: \"",{"t":"idOrVar","v":"matchNumber"}],"other":[{"t":"idOrVar","v":"n"}," találat erre: \"",{"t":"idOrVar","v":"matchNumber"}],"two":[{"t":"idOrVar","v":"n"}," találat erre: \"",{"t":"idOrVar","v":"matchNumber"}]},"$x":[{"t":"idOrVar","v":"plural"},"n"]},{"$i":"switch-calls","$v":"Hívásváltás"},{"$i":"tcl-assign","$v":"Hozzárendelés"},{"$i":"tcl-assign-speed-dial","$v":["A névjegy nem került hozzárendelésre gyorshívó számként a \"",{"t":"idOrVar","v":"speedDial"},"\" gombhoz.Hozzárendeli most?"]},{"$i":"tcl-call-log-delete-group-notification","$v":[{"t":"idOrVar","v":"n"}," bejegyzés törölve"]},{"$i":"tcl-calllog-entry-removed-err-notification","$v":"A hívásnapló bejegyzés nem távolítható el"},{"$i":"tcl-calllog-entry-removed-succ-notification","$v":"Hívásnapló bejegyzés eltávolítva"},{"$i":"tcl-cancel","$v":"Mégse"},{"$i":"tcl-confirmation","$v":"Megerősítés"},{"$i":"tcl-delete-log","$v":"Biztosan törölni kívánja a kiválasztott bejegyzéseket a Hívásnaplóból?"},{"$i":"tcl-dialer","$v":"Tárcsázó"},{"$i":"tcl-edit-not-selected","$v":"(0) kiválasztva"},{"$i":"tcl-option-menu-call-log-edit","$v":"Hívásnapló szerkesztése"},{"$i":"today","$v":"Ma"},{"$i":"toggleKeypad","ariaLabel":"Billentyűzet váltása"},{"$i":"type-your-response","placeholder":"Írja be a válaszát…"},{"$i":"unknown","$v":"Ismeretlen"},{"$i":"unlock-a11y-button","ariaLabel":"csúszka"},{"$i":"ussd-services","$v":[{"t":"idOrVar","v":"operator"}," szolgáltatások"]},{"$i":"via-sim","$v":[{"t":"idOrVar","v":"n"}," SIM-kártyán keresztül"]},{"$i":"view-all","$v":"Összes megtekintése"},{"$i":"wifi-calling","$v":"Wi-Fi hívás"},{"$i":"withheld-number","$v":"Ismeretlen"},{"$i":"yesterday","$v":"Tegnap"},{"$i":"SimPin2","$v":"SIM-kártya PIN2 kódja"},{"$i":"SimPuk2","$v":"SIM-kártya PUK2-kódja"},{"$i":"serviceClassFax","$v":"FAX"},{"$i":"serviceClassPad","$v":"PAD"},{"$i":"serviceClassSms","$v":"SMS"},{"$i":"DialModifiedToDial","$v":"Dial modified to dial"},{"$i":"DialModifiedToSs","$v":"Dial modified to SS"},{"$i":"DialModifiedToUssd","$v":"Dial modified to USSD"},{"$i":"FdnCheckFailure","$v":"A fix hívószámok ellenőrzése sikertelen"},{"$i":"IllegalSimOrMe","$v":"Nem engedélyezett SIM vagy ME"},{"$i":"InvalidParameter","$v":"Érvénytelen paraméter"},{"$i":"ModeNotSupported","$v":"Nem támogatott mód"},{"$i":"OpNotAllowedDuringVoiceCall","$v":"A művelet nem engedélyezett hanghívás közben"},{"$i":"PasswordIncorrect","$v":"A jelszó helytelen"},{"$i":"RadioNotAvailable","$v":"Radio not available"},{"$i":"RejectedByRemote","$v":"A távoli fél visszautasította"},{"$i":"RequestNotSupported","$v":"A kérelem nem támogatott"},{"$i":"ServiceIsDisabled","$v":"A szolgáltatás le van tiltva"},{"$i":"ServiceIsEnabled","$v":"A szolgáltatás aktív"},{"$i":"ServiceIsEnabledFor","$v":"Szolgáltatás bekapcsolva:"},{"$i":"SimAbsent","$v":"Hiányzó SIM-kártya"},{"$i":"SmsSendFailRetry","$v":"SMS küldési hiba, újrapróbálkozás"},{"$i":"SsModifiedToDial","$v":"SS tárcsázásra módosítva"},{"$i":"SsModifiedToSs","$v":"SS SS-re módosítva"},{"$i":"SsModifiedToUssd","$v":"SS USSD-re módosítva"},{"$i":"SubscriptionNotAvailable","$v":"Az előfizetés nem elérhető"},{"$i":"SubscriptionNotSupported","$v":"Az előfizetés nem támogatott"},{"$i":"UssdModifiedToDial","$v":"USSD tárcsázásra módosítva"},{"$i":"UssdModifiedToSs","$v":"USSD SS-re módosítva"},{"$i":"UssdModifiedToUssd","$v":"USSD USSD-re módosítva"},{"$i":"call-forwarding-async","$v":["Aszinkron: ",{"t":"idOrVar","v":"async"}]},{"$i":"call-forwarding-data","$v":["Adatok: ",{"t":"idOrVar","v":"data"}]},{"$i":"call-forwarding-error","$v":"Hiba lépett fel a hívásátirányítás állapotának lekérése közben"},{"$i":"call-forwarding-fax","$v":["FAX: ",{"t":"idOrVar","v":"fax"}]},{"$i":"call-forwarding-inactive","$v":"Inaktív"},{"$i":"call-forwarding-packet","$v":["Csomag: ",{"t":"idOrVar","v":"packet"},"\\n"]},{"$i":"call-forwarding-pad","$v":["PAD: ",{"t":"idOrVar","v":"pad"}]},{"$i":"call-forwarding-sms","$v":["SMS: ",{"t":"idOrVar","v":"sms"}]},{"$i":"call-forwarding-status","$v":"Hívásátirányítás állapota"},{"$i":"call-forwarding-sync","$v":["Szinkron: ",{"t":"idOrVar","v":"sync"}]},{"$i":"call-forwarding-voice","$v":["Hang: ",{"t":"idOrVar","v":"voice"}]},{"$i":"emMmiError","$v":"Csatlakozási probléma vagy érvénytelen MMI kód"},{"$i":"emMmiErrorBadPin","$v":"A megadott régi PIN-kód helytelen."},{"$i":"emMmiErrorBadPuk","$v":"A megadott PUK-kód helytelen."},{"$i":"emMmiErrorEnablePin","$v":"Sikertelen. Engedélyezze a SIM/RUIM zárat."},{"$i":"emMmiErrorInvalidAction","$v":"Érvénytelen művelet"},{"$i":"emMmiErrorInvalidPin","$v":"Adjon meg egy 4-8 számjegyből álló PIN-kódot"},{"$i":"emMmiErrorInvalidScCode","$v":"Érvénytelen szolgáltatáskód"},{"$i":"emMmiErrorMismatchPin","$v":"A beírt PIN-kódok nem egyeznek"},{"$i":"emMmiErrorMmiFdn","$v":"A művelet kizárólag fix hívószámokra van korlátozva"},{"$i":"emMmiErrorNeedPuk2","$v":"Írja be a PUK2-kódot a SIM-kártya letiltásának feloldásához"},{"$i":"emMmiErrorNeedsPuk","$v":"PUK-kóddal zárolt SIM-kártya"},{"$i":"emMmiErrorNotSupported","$v":"Érvénytelen vagy nem támogatott MMI kód"},{"$i":"emMmiErrorPasswordIncorrect","$v":"Helytelen jelszó"},{"$i":"emMmiErrorPinPukAttempts","$v":{"few":[{"t":"idOrVar","v":"n"}," újrapróbálkozási lehetősége maradt"],"many":[{"t":"idOrVar","v":"n"}," újrapróbálkozási lehetősége maradt"],"one":["Csak ",{"t":"idOrVar","v":"n"}," újrapróbálkozási lehetősége maradt"],"other":[{"t":"idOrVar","v":"n"}," újrapróbálkozási lehetősége maradt"],"two":[{"t":"idOrVar","v":"n"}," újrapróbálkozási lehetősége maradt"]},"$x":[{"t":"idOrVar","v":"plural"},"n"]},{"$i":"emMmiErrorSimBlocked","$v":"Elérte az újrapróbálkozási lehetőségek maximális számát. A SIM blokkolásra került."},{"$i":"emMmiErrorStkCcSsDial","$v":"Az SS-kérelem módosítva tárcsázási kérelemre"},{"$i":"emMmiErrorStkCcSsSs","$v":"Az SS-kérelem módosítva új SS-kérelemre"},{"$i":"emMmiErrorStkCcSsUssd","$v":"Az SS-kérelem módosítva USSD-kérelemre"},{"$i":"emMmiErrorStkCcUssdDial","$v":"Az USSD-kérelem módosítva tárcsázási kérelemre"},{"$i":"emMmiErrorStkCcUssdSs","$v":"Az USSD-kérelem módosítva SS-kérelemre"},{"$i":"emMmiErrorStkCcUssdUssd","$v":"Az USSD-kérelem módosítva új USSD-kérelemre"},{"$i":"fihVersion","$v":"FIH-verzió"},{"$i":"imeiAndSvn","$v":"IMEI és SVN"},{"$i":"internalVersion","$v":"Belső verzió"},{"$i":"serviceClassData","$v":"Adatkapcsolat"},{"$i":"serviceClassDataAsync","$v":"Aszinkron"},{"$i":"serviceClassDataSync","$v":"Szinkronizálás"},{"$i":"serviceClassPacket","$v":"Csomag"},{"$i":"serviceClassVoice","$v":"Hang"},{"$i":"smClirDefaultOffNextCallOff","$v":"Hívóazonosítók átállítva korlátozatlanra. Következő hívás: korlátozatlan"},{"$i":"smClirDefaultOffNextCallOn","$v":"Hívóazonosítók átállítva korlátozatlanra. Következő hívás: korlátozott"},{"$i":"smClirDefaultOnNextCallOff","$v":"Hívóazonosítók átállítva korlátozottra. Következő hívás: korlátozatlan"},{"$i":"smClirDefaultOnNextCallOn","$v":"Hívóazonosítók átállítva korlátozottra. Következő hívás: korlátozott"},{"$i":"smClirPermanent","$v":"Nem módosíthatja a hívóazonosító beállítást"},{"$i":"smPin2Changed","$v":"A PIN2 módosítása sikerült"},{"$i":"smPin2Unblocked","$v":"PIN2 blokkolás feloldva"},{"$i":"smPinChanged","$v":"A PIN módosítása sikerült"},{"$i":"smPinUnblocked","$v":"PIN blokkolás feloldva"},{"$i":"smServiceDisabled","$v":"A szolgáltatás letiltásra került"},{"$i":"smServiceEnabled","$v":"A szolgáltatás engedélyezésre került."},{"$i":"smServiceEnabledFor","$v":"A szolgáltatás engedélyezése megtörtént a következő számára:"},{"$i":"smServiceErased","$v":"A törlés sikerült"},{"$i":"smServiceInterrogated","$v":"A kérelem sikerült"},{"$i":"smServiceNotProvisioned","$v":"Szolgáltatás nincs biztosítva"},{"$i":"smServiceRegistered","$v":"A regisztráció sikerült"},{"$i":"another","$v":"Másik"},{"$i":"current","$v":"Jelenlegi állapot"},{"$i":"customTag","$v":"Egyéni címke","placeholder":"Egyéni címke"},{"$i":"faxHome","$v":"Otthoni fax"},{"$i":"faxOffice","$v":"Munkahelyi fax"},{"$i":"faxOther","$v":"Egyéb fax"},{"$i":"itemWithLabel","$v":[{"t":"idOrVar","v":"label"},", ",{"t":"idOrVar","v":"item"}]},{"$i":"label","$v":"címke"},{"$i":"other","$v":"Egyéb"},{"$i":"tcl-customTag","$v":"Egyéni címke"},{"$i":"dateTimeFormat_%c","$v":"%a %b %e %Y %I:%M:%S %p"},{"$i":"dateTimeFormat_%x","$v":"%m/%d/%Y"},{"$i":"days-ago-long","$v":{"few":[{"t":"idOrVar","v":"value"}," nappal ezelőtt"],"many":[{"t":"idOrVar","v":"value"}," nappal ezelőtt"],"one":"Tegnap","other":[{"t":"idOrVar","v":"value"}," nappal ezelőtt"],"two":[{"t":"idOrVar","v":"value"}," nappal ezelőtt"],"zero":"Ma"},"$x":[{"t":"idOrVar","v":"plural"},"value"]},{"$i":"days-ago-short","$v":{"other":[{"t":"idOrVar","v":"value"},"n ezelőtt"],"zero":"Ma"},"$x":[{"t":"idOrVar","v":"plural"},"value"]},{"$i":"days-until-long","$v":{"few":[{"t":"idOrVar","v":"value"}," nap múlva"],"many":[{"t":"idOrVar","v":"value"}," nap múlva"],"one":"holnap","other":[{"t":"idOrVar","v":"value"}," nap múlva"],"two":[{"t":"idOrVar","v":"value"}," nap múlva"],"zero":"Ma"},"$x":[{"t":"idOrVar","v":"plural"},"value"]},{"$i":"days-until-short","$v":{"other":[{"t":"idOrVar","v":"value"}," nap múlva"],"zero":"Ma"},"$x":[{"t":"idOrVar","v":"plural"},"value"]},{"$i":"hours-ago-long","$v":{"few":[{"t":"idOrVar","v":"value"}," órával ezelőtt"],"many":[{"t":"idOrVar","v":"value"}," órával ezelőtt"],"one":"egy órája","other":[{"t":"idOrVar","v":"value"}," órával ezelőtt"],"two":[{"t":"idOrVar","v":"value"}," órával ezelőtt"],"zero":"épp most"},"$x":[{"t":"idOrVar","v":"plural"},"value"]},{"$i":"hours-ago-short","$v":{"other":[{"t":"idOrVar","v":"value"}," órával ezelőtt"],"zero":"épp most"},"$x":[{"t":"idOrVar","v":"plural"},"value"]},{"$i":"hours-until-long","$v":{"few":[{"t":"idOrVar","v":"value"}," óra múlva"],"many":[{"t":"idOrVar","v":"value"}," óra múlva"],"one":"egy órán múlva","other":[{"t":"idOrVar","v":"value"}," óra múlva"],"two":[{"t":"idOrVar","v":"value"}," óra múlva"],"zero":"most"},"$x":[{"t":"idOrVar","v":"plural"},"value"]},{"$i":"hours-until-short","$v":{"other":[{"t":"idOrVar","v":"value"}," óra múlva"],"zero":"most"},"$x":[{"t":"idOrVar","v":"plural"},"value"]},{"$i":"incorrectDate","$v":"(helytelen dátum)"},{"$i":"minutes-ago-long","$v":{"few":[{"t":"idOrVar","v":"value"}," perccel ezelőtt"],"many":[{"t":"idOrVar","v":"value"}," perccel ezelőtt"],"one":"egy perccel ezelőtt","other":[{"t":"idOrVar","v":"value"}," perccel ezelőtt"],"two":[{"t":"idOrVar","v":"value"}," perccel ezelőtt"],"zero":"épp most"},"$x":[{"t":"idOrVar","v":"plural"},"value"]},{"$i":"minutes-ago-short","$v":{"other":[{"t":"idOrVar","v":"value"}," perccel ezelőtt"],"zero":"épp most"},"$x":[{"t":"idOrVar","v":"plural"},"value"]},{"$i":"minutes-until-long","$v":{"few":[{"t":"idOrVar","v":"value"}," perc múlva"],"many":[{"t":"idOrVar","v":"value"}," perc múlva"],"one":"egy perc múlva","other":[{"t":"idOrVar","v":"value"}," perc múlva"],"two":[{"t":"idOrVar","v":"value"}," perc múlva"],"zero":"most"},"$x":[{"t":"idOrVar","v":"plural"},"value"]},{"$i":"minutes-until-short","$v":{"other":[{"t":"idOrVar","v":"value"}," percen belül"],"zero":"most"},"$x":[{"t":"idOrVar","v":"plural"},"value"]},{"$i":"month-0-genitive","$v":"JANUÁR"},{"$i":"month-0-long","$v":"JANUÁR"},{"$i":"month-0-short","$v":"Jan."},{"$i":"month-1-genitive","$v":"FEBRUÁR"},{"$i":"month-1-long","$v":"FEBRUÁR"},{"$i":"month-1-short","$v":"Feb."},{"$i":"month-10-genitive","$v":"NOVEMBER"},{"$i":"month-10-long","$v":"NOVEMBER"},{"$i":"month-10-short","$v":"Nov."},{"$i":"month-11-genitive","$v":"DECEMBER"},{"$i":"month-11-long","$v":"DECEMBER"},{"$i":"month-11-short","$v":"Dec."},{"$i":"month-2-genitive","$v":"MÁRCIUS"},{"$i":"month-2-long","$v":"MÁRCIUS"},{"$i":"month-2-short","$v":"Már."},{"$i":"month-3-genitive","$v":"ÁPRILIS"},{"$i":"month-3-long","$v":"ÁPRILIS"},{"$i":"month-3-short","$v":"Ápr."},{"$i":"month-4-genitive","$v":"MÁJUS"},{"$i":"month-4-long","$v":"MÁJUS"},{"$i":"month-4-short","$v":"MÁJUS"},{"$i":"month-5-genitive","$v":"JÚNIUS"},{"$i":"month-5-long","$v":"JÚNIUS"},{"$i":"month-5-short","$v":"Jún."},{"$i":"month-6-genitive","$v":"JÚLIUS"},{"$i":"month-6-long","$v":"JÚLIUS"},{"$i":"month-6-short","$v":"Júl."},{"$i":"month-7-genitive","$v":"AUGUSZTUS"},{"$i":"month-7-long","$v":"AUGUSZTUS"},{"$i":"month-7-short","$v":"Aug."},{"$i":"month-8-genitive","$v":"SZEPTEMBER"},{"$i":"month-8-long","$v":"SZEPTEMBER"},{"$i":"month-8-short","$v":"Szep."},{"$i":"month-9-genitive","$v":"OKTÓBER"},{"$i":"month-9-long","$v":"OKTÓBER"},{"$i":"month-9-short","$v":"Okt."},{"$i":"months-ago-long","$v":{"few":[{"t":"idOrVar","v":"value"}," hónappal ezelőtt"],"many":[{"t":"idOrVar","v":"value"}," hónappal ezelőtt"],"one":"Múlt hónapban","other":[{"t":"idOrVar","v":"value"}," hónappal ezelőtt"],"two":[{"t":"idOrVar","v":"value"}," hónappal ezelőtt"],"zero":"EBBEN A HÓNAPBAN"},"$x":[{"t":"idOrVar","v":"plural"},"value"]},{"$i":"months-until-long","$v":{"few":[{"t":"idOrVar","v":"value"}," hónap múlva"],"many":[{"t":"idOrVar","v":"value"}," hónap múlva"],"one":"következő hónapban","other":[{"t":"idOrVar","v":"value"}," hónap múlva"],"two":[{"t":"idOrVar","v":"value"}," hónap múlva"],"zero":"EBBEN A HÓNAPBAN"},"$x":[{"t":"idOrVar","v":"plural"},"value"]},{"$i":"shortDateTimeFormat","$v":"%x %I:%M %p"},{"$i":"shortTimeFormat","$v":"%I:%M %p"},{"$i":"shortTimeFormat12","$v":"%I:%M %p"},{"$i":"shortTimeFormat24","$v":"%H:%M"},{"$i":"time_am","$v":"de."},{"$i":"time_pm","$v":"du."},{"$i":"weekday-0-long","$v":"Vasárnap"},{"$i":"weekday-0-short","$v":"Vas"},{"$i":"weekday-1-long","$v":"Hétfő"},{"$i":"weekday-1-short","$v":"Hé."},{"$i":"weekday-2-long","$v":"Kedd"},{"$i":"weekday-2-short","$v":"Ke."},{"$i":"weekday-3-long","$v":"Szerda"},{"$i":"weekday-3-short","$v":"Sze."},{"$i":"weekday-4-long","$v":"Csütörtök"},{"$i":"weekday-4-short","$v":"Csü."},{"$i":"weekday-5-long","$v":"Péntek"},{"$i":"weekday-5-short","$v":"Pé."},{"$i":"weekday-6-long","$v":"Szombat"},{"$i":"weekday-6-short","$v":"Szo."},{"$i":"weeks-ago-long","$v":{"few":[{"t":"idOrVar","v":"value"}," héttel ezelőtt"],"many":[{"t":"idOrVar","v":"value"}," héttel ezelőtt"],"one":"múlt héten","other":[{"t":"idOrVar","v":"value"}," héttel ezelőtt"],"two":[{"t":"idOrVar","v":"value"}," héttel ezelőtt"],"zero":"ezen a héten"},"$x":[{"t":"idOrVar","v":"plural"},"value"]},{"$i":"weeks-until-long","$v":{"few":[{"t":"idOrVar","v":"value"}," hét múlva"],"many":[{"t":"idOrVar","v":"value"}," hét múlva"],"one":"jövő héten","other":[{"t":"idOrVar","v":"value"}," hét múlva"],"two":[{"t":"idOrVar","v":"value"}," hét múlva"],"zero":"ezen a héten"},"$x":[{"t":"idOrVar","v":"plural"},"value"]},{"$i":"years-ago-long","$v":{"few":[{"t":"idOrVar","v":"value"}," évvel ezelőtt"],"many":[{"t":"idOrVar","v":"value"}," évvel ezelőtt"],"one":"tavaly","other":[{"t":"idOrVar","v":"value"}," évvel ezelőtt"],"two":[{"t":"idOrVar","v":"value"}," évvel ezelőtt"],"zero":"idén"},"$x":[{"t":"idOrVar","v":"plural"},"value"]},{"$i":"years-until-long","$v":{"few":[{"t":"idOrVar","v":"value"}," év múlva"],"many":[{"t":"idOrVar","v":"value"}," év múlva"],"one":"jövő évben","other":[{"t":"idOrVar","v":"value"}," év múlva"],"two":[{"t":"idOrVar","v":"value"}," év múlva"],"zero":"idén"},"$x":[{"t":"idOrVar","v":"plural"},"value"]},{"$i":"dateTimeFormat_%X","$v":"%I:%M:%S %p"},{"$i":"weekStartsOnMonday","$v":"0"},{"$i":"firstDayOfTheWeek","$v":"1"}]