[{"$i":"clockDateFormat","$v":"%a, %e %b"},{"$i":"deviceIsUnlocked","$v":"Սարքն արգելաբացված է"},{"$i":"simUnlockCodeAccepted","$v":"SIM-ի արգելաբացման կոդն ընդունվեց"},{"$i":"simUnlockCodeFailed","$v":"Չհաջողվեց արգելաբացել SIM-ը"},{"$i":"eccOnly","$v":"Միայն արտակարգ իրավիճակի զանգեր"},{"$i":"emergencyCallsOnly","$v":"Միայն արտակարգ իրավիճակի զանգեր"},{"$i":"lockedSim","$v":"Կողպված SIM"},{"$i":"noService","$v":"Ծառայություն չկա"},{"$i":"noSimCard","$v":"SIM քարտ չկա"},{"$i":"searching","$v":"Որոնվում է..."},{"$i":"airplane-mode","$v":"Օդանավի ռեժիմ"},{"$i":"bluetooth","$v":"Bluetooth"},{"$i":"brightness","$v":"Պյծռությն"},{"$i":"calculator","$v":"Հաշվիչ"},{"$i":"camera","$v":"Խցիկ"},{"$i":"cellular-data","$v":"Բջջային տվյալներ"},{"$i":"confirm-to-uninstall-app","$v":["Ապտղդրե՞լ ",{"t":"idOrVar","v":"appName"}," հվլվծը:"]},{"$i":"flashlight","$v":"Լապտեր"},{"$i":"instant-settings","$v":"արագ պարամետրեր"},{"$i":"off","$v":"Անջատած"},{"$i":"on","$v":"Միացած"},{"$i":"shortcuts","$v":"Դյուրանցմնր"},{"$i":"uninstall","$v":"Ապատեղադրել"},{"$i":"volume","$v":"Ձայնի բրձրթյն"},{"$i":"wifi","$v":"Wi-Fi"},{"$i":"percentage-number","$v":[{"t":"idOrVar","v":"number"},"%"]},{"$i":"all-apps","$v":"Բոլոր ծրագրերը"},{"$i":"scImei","$v":"IMEI"},{"$i":"scMeid","$v":"MEID"},{"$i":"scUssd","$v":"USSD"},{"$i":"CallFailed","$v":"Կանչը ձախողվեց"},{"$i":"GenericFailure","$v":"Ընդհանուր ձախողում"},{"$i":"add-smart-collections","$v":"Ավլցն Խելացի հավաքածուներ"},{"$i":"add-to-existing-contact","$v":"Ավլցն առկա կոնտակտին"},{"$i":"alert-for-contacts-without-number","$v":"Հասանելի հեռախոսահամարով կոնտակտներ չկան:"},{"$i":"app-title","$v":"Իմ ծրագրերը"},{"$i":"app-uninstall","$v":[{"t":"idOrVar","v":"name"}," ապատեղադրվեց"]},{"$i":"assign","$v":"Նշանկլ"},{"$i":"assign-speed-dial","$v":["Կոնտակտը չավելացվեց արագ հավաքմանը ",{"t":"idOrVar","v":"n"}," ստեղնով: Նշանակե՞լ հիմա:"]},{"$i":"assign-voicemail","$v":"Ձայնային նամակի համարը տեղակայված չէ:"},{"$i":"call","$v":"Զանգել"},{"$i":"callAirplaneModeMessage","$v":"Կանչ կատարելու համար անջատեք ինքնաթիռի ռեժիմը պարամետրերից:"},{"$i":"callAirplaneModeTitle","$v":"Օդանավի ռեժիմը ակտիվացված է"},{"$i":"cancel","$v":"Չեղարկել"},{"$i":"change-wallpaper","$v":"Փոխել պաստառը"},{"$i":"clocks-updated","$v":"Ժամացույցները թարմացվեցին"},{"$i":"confirmation","$v":"Հաստատում"},{"$i":"contacts","$v":"Կոնտակտներ"},{"$i":"create-new-contact","$v":"Ստղծլ նոր կնտկտ"},{"$i":"delete","$v":"Ջնջել"},{"$i":"delete-body","$v":[{"t":"idOrVar","v":"name"}," և ողջ տվյլնր կջնջվն:"]},{"$i":"delete-title","$v":["Ջնջել ",{"t":"idOrVar","v":"name"}]},{"$i":"edit","$v":"Խմբգրլ"},{"$i":"edit-done","$v":"Արված է"},{"$i":"edit-group-header","$v":"Խմբգրլ խումբը"},{"$i":"edit-mode","$v":"Խմբգրլ"},{"$i":"emergency-call-error","$v":[{"t":"idOrVar","v":"number"}," արտկրգ իրվճկնր հռխոսհմր չէ:"]},{"$i":"emergency-call-only","$v":"Միայն արտակարգ իրավիճակի կանչ"},{"$i":"emergencyDialogBodyBadNumber","$v":"Կանչ կատարելու համար հեռախոսը պետք է միացված լինին ցանցին:"},{"$i":"emergencyDialogBodyDeviceNotAccepted","$v":"Արտակարգ իրավիճակի կանչերը թույլատրելի չեն առանց ցանցի:"},{"$i":"emergencyDialogTitle","$v":"Ցանցի կապ չկա"},{"$i":"fax-home","$v":"Ֆաքս տուն"},{"$i":"fax-office","$v":"Ֆաքս գրասենյակ"},{"$i":"fax-other","$v":"Ֆաքս այլ"},{"$i":"fdnIsActiveMessage","$v":["FDN-ը (Ֆիքսված հավաքման համարներ) ակտիվացված է և հետևյալ համարը FDN ցանկում չէ. ",{"t":"idOrVar","v":"number"}]},{"$i":"fdnIsActiveTitle","$v":"FDN-ն ակտիվ է"},{"$i":"gaia-shortcut-app-updated","$v":"Ծրագիրը թարմացվեց"},{"$i":"grid-view","$v":"Վանդակացանցի տեսք"},{"$i":"home","$v":"Գլխավոր էջ"},{"$i":"homescreen-settings","$v":"Հիմնական էկրանի պարամետրեր"},{"$i":"invalidNumberToDialMessage","$v":"Հեռախոսահամարը, որին զանգում եք, վավեր չէ:"},{"$i":"invalidNumberToDialTitle","$v":"Անվավեր հեռախոսահամար"},{"$i":"list-view","$v":"Ցանկի տեսք"},{"$i":"longDateFormat","$v":"%A, %B %e"},{"$i":"menu","$v":"Ընտրացանկ"},{"$i":"message","$v":"Հաղորդագրություն"},{"$i":"mobile","$v":"Բջջային"},{"$i":"more","$v":"Ավելին"},{"$i":"move","$v":"Տղփխլ"},{"$i":"notifications","$v":"Ծանուցումներ"},{"$i":"numberIsBusyMessage","$v":"Այս պահին համարը զբաղված է: Կրկին փորձեք ավելի ուշ:"},{"$i":"numberIsBusyTitle","$v":"Համարը զբաղված է"},{"$i":"ok","$v":"OK"},{"$i":"option-remove","$v":"Հռցնլ արագ հվքմն շարքից"},{"$i":"option-replace","$v":"Փխրնլ"},{"$i":"options","$v":"Ընտրանքներ"},{"$i":"otherConnectionInUseMessage","$v":"Դուք ունեք ակտիվ կանչ կամ մեկ այլ միացում: Դուք կարող եք միայ օգտագործել մեկ միացում միաժամանակ:"},{"$i":"otherConnectionInUseTitle","$v":"Օգտգրծվծ այլ միացում"},{"$i":"personal","$v":"Անձնական"},{"$i":"remove","$v":"Հեռացնել"},{"$i":"remove-speed-dial","$v":["Իսկապես հեռացնե՞լ ",{"t":"idOrVar","v":"name"},"-ը արագ հավաքումից:"]},{"$i":"replace","$v":"Փխրնլ"},{"$i":"replace-speed-dial","$v":["Իսկապես փոխարինե՞լ ",{"t":"idOrVar","v":"name"},"-ը ",{"t":"idOrVar","v":"subName"},"-ով:"]},{"$i":"resume-download-action","$v":"Նրբռնլ"},{"$i":"resume-download-body","$v":["Ներբեռնե՞լ ",{"t":"idOrVar","v":"name"},"-ը:"]},{"$i":"resume-download-title","$v":"Վերգրծրկլ բեռնում"},{"$i":"scCallBarring","$v":"Կանչի արգելք"},{"$i":"scCallForwarding","$v":"Կանչի փխնցմ"},{"$i":"scCallWaiting","$v":"Կանչի սպասում"},{"$i":"scClip","$v":"Մուտքային կանչողի ID"},{"$i":"scClir","$v":"Ելքային կանչողի ID"},{"$i":"scPin","$v":"PIN-ի փոխում"},{"$i":"scPin2","$v":"PIN2-ի փոփոխում"},{"$i":"scPuk","$v":"Արգելաբացել PIN-ը"},{"$i":"scPuk2","$v":"Արգելաբացել PIN2-ը"},{"$i":"scPwd","$v":"Անցակոդի փոխում"},{"$i":"search-or-enter-address","placeholder":"Որնլ կամ մտքգրլ հասցե"},{"$i":"select","$v":"Ընտրել"},{"$i":"sending","$v":"Ուղրկմ…"},{"$i":"set","$v":"Տղկյլ"},{"$i":"settings","$v":"Պարամետրեր"},{"$i":"single-view","$v":"Միակի տեսք"},{"$i":"skip","$v":"Բաց թողնել"},{"$i":"speed-dial","$v":"Արագ հավաքում"},{"$i":"speed-dial-empty","ariaLabel":[{"t":"idOrVar","v":"order"},", դատարկ"]},{"$i":"speed-dial-not-empty","ariaLabel":[{"t":"idOrVar","v":"order"},", ",{"t":"idOrVar","v":"name"}]},{"$i":"stop-download-action","$v":"Դադարեցնել"},{"$i":"stop-download-body","$v":"Դադարեցնե՞լ ընթացիկ ներբեռնումը:"},{"$i":"stop-download-title","$v":["Դադարեցնել ",{"t":"idOrVar","v":"name"}]},{"$i":"tcl-wallpaper-changed","$v":"Պաստառը փոփոխված է"},{"$i":"video-call","$v":"Տեսականչ"},{"$i":"voicemail","$v":"Ձայնային նամակ"},{"$i":"work","$v":"Աշխատանք"},{"$i":"apps","$v":"Ծրագրեր"},{"$i":"nocard-eccOnly","$v":"No SIM card-Emergency calls only"},{"$i":"unusablecard-eccOnly","$v":"Unusable SIM card-Emergency calls only"},{"$i":"apn-sim1","$v":"APN պարամետրեր — SIM1"},{"$i":"apn-sim2","$v":"APN պարամետրեր — SIM2"},{"$i":"apnConfigPrepay","$v":"Կանխավճարային"},{"$i":"apnConfigPostpay","$v":"Ետվճարային"},{"$i":"apn-defaultconfig-message","$v":"Տեղակայեք՝ ինչպիսի APN ցուցադրել"},{"$i":"apnDefaultConfig","$v":"APN-ի կանխադրյալ կարգավորում"},{"$i":"without-sim-new","$v":[{"t":"idOrVar","v":"index"}]},{"$i":"with-sim-new","$v":[{"t":"idOrVar","v":"index"}," - ",{"t":"idOrVar","v":"carrier"}]},{"$i":"sim-with-index-and-carrier","$v":["SIM ",{"t":"idOrVar","v":"index"}," - ",{"t":"idOrVar","v":"carrier"}]},{"$i":"sim-without-carrier","$v":["SIM ",{"t":"idOrVar","v":"index"}]},{"$i":"call-forwarding-voice-after-seconds","$v":["Կանչ՝ ",{"t":"idOrVar","v":"voice"}," ",{"t":"idOrVar","v":"timeSeconds"}," վրկ հետո"]},{"$i":"addNewNumber","$v":"Ավլցն նոր համար"},{"$i":"addToExistingContact","$v":"Ավլցն առկա կոնտակտին"},{"$i":"all","$v":"Բոլորը","ariaLabel":"Բոլորը"},{"$i":"bluetooth-handsfree-device","$v":"Bluetooth ձեռնազատ սարք"},{"$i":"bluetoothOption","ariaLabel":"Bluetooth"},{"$i":"callDurationHours","$v":[{"t":"idOrVar","v":"h"},":",{"t":"idOrVar","v":"m"},":",{"t":"idOrVar","v":"s"}]},{"$i":"callDurationMinutes","$v":[{"t":"idOrVar","v":"m"},":",{"t":"idOrVar","v":"s"}]},{"$i":"callDurationTextFormatHours","$v":[{"t":"idOrVar","v":"h"},"ժ ",{"t":"idOrVar","v":"m"},"ր ",{"t":"idOrVar","v":"s"},"վ"]},{"$i":"callDurationTextFormatMinutes","$v":[{"t":"idOrVar","v":"m"}," ր ",{"t":"idOrVar","v":"s"}," վ"]},{"$i":"callDurationTextFormatSeconds","$v":[{"t":"idOrVar","v":"s"}," վ"]},{"$i":"callEnded","$v":"Կանչն ավարտվեց"},{"$i":"callInformation","$v":"Կանչի տվյալներ"},{"$i":"callLog","$v":"Կանչի գրնցմտյն"},{"$i":"callLogEdit","title":"Խմբգրլ զանգերի գրնցմտյանը"},{"$i":"callLogEditDialog","ariaLabel":"Խմբգրլ զանգերի գրնցմտյանի զրույցը"},{"$i":"caller-left-call","$v":[{"t":"idOrVar","v":"caller"}," զնգլ է:"]},{"$i":"calllog-all","$v":"Բոլորը"},{"$i":"calllog-deselectAll","$v":"Ապընտրել բոլորը"},{"$i":"calllog-none","$v":"Ոչ մի"},{"$i":"calllog-selectAll","$v":"Ընտրել բոլորը"},{"$i":"canceled","$v":"Չղրկվծ"},{"$i":"clear-all-text","$v":"Մաքրել ողջ տեքստը"},{"$i":"close","$v":"Փակել"},{"$i":"composeEmail","ariaLabel":"Էլ․ նամակ"},{"$i":"conferenceAddError","$v":"Հնարավոր չէ միավորել կոնտակտները"},{"$i":"conferenceCall","$v":["Համաժողով (",{"t":"idOrVar","v":"n"},")"]},{"$i":"conferenceRemoveError","$v":"Հնարավոր չէ ապմիավորել կոնտակտները"},{"$i":"confirm-deletion","$v":"Մաքրե՞լ ընտրված կանչերը:"},{"$i":"connecting","$v":"Միանում է"},{"$i":"connectingEllipsis","$v":"Կապակցում…"},{"$i":"contactDetails","$v":"Կոնտակտի տվյալներ"},{"$i":"createNewContact","$v":"Ստղծլ նոր կնտկտ"},{"$i":"delete-n-log?","$v":{"few":["Ջնջե՞լ ",{"t":"idOrVar","v":"n"}," գրանցամատյան:"],"many":["Ջնջե՞լ ",{"t":"idOrVar","v":"n"}," գրանցամատյան:"],"one":"Ջնջե՞լ ընտրված գրանցամատյանը:","other":["Ջնջե՞լ ",{"t":"idOrVar","v":"n"}," գրանցամատյան:"],"two":["Ջնջե՞լ ",{"t":"idOrVar","v":"n"}," գրանցամատյան:"],"zero":"Ոչինչ չընտրվեց"},"$x":[{"t":"idOrVar","v":"plural"},"n"]},{"$i":"deselect","$v":"Ապընտրել"},{"$i":"dialed","$v":"Հավաքված"},{"$i":"dialer-prompt","$v":"Հավաքեք համարը կամ ընտրեք կոնտակտ՝ զանգին ավելացնելու համար"},{"$i":"dialerAddContact","ariaLabel":"Ավլցն կնտկտ"},{"$i":"dialerAddContactDialog","ariaLabel":"Ավլցն կնտկ զրյց"},{"$i":"edit-selected","$v":{"few":["ընտրված(",{"t":"idOrVar","v":"n"},")"],"many":["ընտրված(",{"t":"idOrVar","v":"n"},")"],"one":["ընտրված(",{"t":"idOrVar","v":"n"},")"],"other":["ընտրված(",{"t":"idOrVar","v":"n"},")"],"two":["ընտրված(",{"t":"idOrVar","v":"n"},")"]},"$x":[{"t":"idOrVar","v":"plural"},"n"]},{"$i":"emailDetail","ariaLabel":"Էլ․ նամակ"},{"$i":"from-contact","$v":["Սկսած ",{"t":"idOrVar","v":"contact"}]},{"$i":"from-number","$v":["Սկսած ",{"t":"idOrVar","v":"number"}]},{"$i":"from-withheld-number","$v":"Սկսած անհայտ համարից"},{"$i":"hangup-a11y-button","ariaLabel":"Անջատել"},{"$i":"hide","$v":"Թաքցնել"},{"$i":"hideKeypad","ariaLabel":"Թաքցնել ստեղնախումբը"},{"$i":"hold","ariaLabel":"Սպասել"},{"$i":"hours","$v":"ժամեր"},{"$i":"ignore","$v":"Անտեսել կանչը"},{"$i":"incoming","$v":"Մուտքային"},{"$i":"incoming-call","$v":"Մուտքային կանչ"},{"$i":"info-missed","$v":"Բաց թողնված"},{"$i":"keypad","ariaLabel":"Ստեղնախումբ"},{"$i":"log-item","$v":"Ընտրանքներ"},{"$i":"makeCall","ariaLabel":"Կանչ կատարել"},{"$i":"merge","ariaLabel":"Միավորել"},{"$i":"minutes","$v":"րոպեներ"},{"$i":"missed","$v":"Բաց թողնված","ariaLabel":"Բաց թողնված"},{"$i":"missedCall","$v":"Բաց թողած զանգ"},{"$i":"missedCallMultiSims","$v":["(SIM ",{"t":"idOrVar","v":"n"},") Բաց թողած զանգ"]},{"$i":"mmi-error","$v":"Հղրդգրթյնն ուղարկելիս առաջացավ սխալ"},{"$i":"mmi-notification-title-with-sim","$v":["(",{"t":"idOrVar","v":"sim"},") ",{"t":"idOrVar","v":"title"}]},{"$i":"mmi-session-expired","$v":"Աշխտժմն ավարտվեց"},{"$i":"mmi-successfully-sent","$v":"Հղրդգրթյնը հաջողությամբ ուղարկվեց"},{"$i":"mute","ariaLabel":"Խլացնել"},{"$i":"newCall","ariaLabel":"Նոր կանչ"},{"$i":"no-logs-msg-1","$v":"Կանչեր չեն գրանցվել"},{"$i":"no-logs-msg-2","$v":"Սկսել շփվել հիմա"},{"$i":"no-logs-msg-3","$v":"Կանչեր չեն գրանցվել"},{"$i":"no-logs-msg-4","$v":"Սկսել շփվել հիմա"},{"$i":"no-recent-numbers","$v":"Հավաքելու համար կանչերի մատյանում վերջին համարներ չկան։"},{"$i":"onHoldOption","ariaLabel":"Պհվծ"},{"$i":"outgoing","$v":"Ելքային"},{"$i":"outgoing-call","$v":"Ելքային կանչ"},{"$i":"phoneDetail","ariaLabel":"Հռխս"},{"$i":"pickup-a11y-button","ariaLabel":"Վերցնել"},{"$i":"received","$v":"Ստացված"},{"$i":"receiver","$v":"Ստացող"},{"$i":"recents","ariaLabel":"Վերջին զանգեր"},{"$i":"reply","$v":"Պատասխանել"},{"$i":"resume","$v":"Վրսկսել","ariaLabel":"Վրսկսել"},{"$i":"search-results","$v":"Որոնել արդյունքներ"},{"$i":"seconds","$v":"վայրկյաններ"},{"$i":"select-audio-sources","$v":"Ընտրլ ձյնյն աղբյրնր"},{"$i":"send","$v":"Ուղրկլ"},{"$i":"send-sms-button","ariaLabel":"SMS"},{"$i":"sendSms","$v":"Ուղարկել հղգն"},{"$i":"separator","$v":","},{"$i":"sim-number","$v":["SIM",{"t":"idOrVar","v":"n"}]},{"$i":"speaker","$v":"Բարձրախոս"},{"$i":"speakerOption","ariaLabel":"Բարձրախոս"},{"$i":"suggestionMatches","$v":{"few":[{"t":"idOrVar","v":"n"}," համընկնումներ «",{"t":"idOrVar","v":"matchNumber"},"»-ով"],"many":[{"t":"idOrVar","v":"n"}," համընկնումներ «",{"t":"idOrVar","v":"matchNumber"},"»-ով"],"one":[{"t":"idOrVar","v":"n"}," համընկնում «",{"t":"idOrVar","v":"matchNumber"},"»-ով"],"other":[{"t":"idOrVar","v":"n"}," համընկնումներ «",{"t":"idOrVar","v":"matchNumber"},"»-ով"],"two":[{"t":"idOrVar","v":"n"}," համընկնումներ «",{"t":"idOrVar","v":"matchNumber"},"»-ով"]},"$x":[{"t":"idOrVar","v":"plural"},"n"]},{"$i":"switch-calls","$v":"Փոխարկել մյուս կանչին"},{"$i":"tcl-assign","$v":"Նշանկլ"},{"$i":"tcl-assign-speed-dial","$v":{"$o":["Կնտկտ չվլցվց Արգ հվքմն «",{"t":"idOrVar","v":"speedDial"},"»-ով<br></br>Նշնկե՞լ հիմա:"]}},{"$i":"tcl-call-log-delete-group-notification","$v":["Ջնջվեց ",{"t":"idOrVar","v":"n"}," նշում"]},{"$i":"tcl-calllog-entry-removed-err-notification","$v":"Հնարավոր չէ ջնջել Կանչերի գրանցամատյանի մուտքը"},{"$i":"tcl-calllog-entry-removed-succ-notification","$v":"Կանչի գրնցմտյն մտքգրմը հեռացվեց"},{"$i":"tcl-cancel","$v":"Չեղարկել"},{"$i":"tcl-confirmation","$v":"Հաստատում"},{"$i":"tcl-delete-log","$v":"Իսկապես ջնջե՞լ ընտրված մուտքագրումները Կանչերի գրանցամտյանից:"},{"$i":"tcl-dialer","$v":"Հմրհվքիչ"},{"$i":"tcl-edit-not-selected","$v":"ընտրված(0)"},{"$i":"tcl-option-menu-call-log-edit","$v":"Խմբգրլ զանգերի գրնցմտյանը"},{"$i":"today","$v":"Այսօր"},{"$i":"toggleKeypad","ariaLabel":"Փոխրկմն ստղնխմբ"},{"$i":"type-your-response","placeholder":"Մուտքագրեք ձեր պատասխանը…"},{"$i":"unknown","$v":"Անհայտ"},{"$i":"unlock-a11y-button","ariaLabel":"Սահիչ"},{"$i":"ussd-services","$v":[{"t":"idOrVar","v":"operator"}," ծառայություններ"]},{"$i":"via-sim","$v":["SIM",{"t":"idOrVar","v":"n"},"-ով"]},{"$i":"view-all","$v":"Դիտել բոլորը"},{"$i":"wifi-calling","$v":"Wi-Fi կանչ"},{"$i":"withheld-number","$v":"Անհայտ"},{"$i":"yesterday","$v":"Երեկ"},{"$i":"SimPin2","$v":"SIM PIN2"},{"$i":"SimPuk2","$v":"SIM PUK2"},{"$i":"serviceClassFax","$v":"ՖԱՔՍ"},{"$i":"serviceClassPad","$v":"PAD"},{"$i":"serviceClassSms","$v":"SMS"},{"$i":"DialModifiedToDial","$v":"Dial modified to dial"},{"$i":"DialModifiedToSs","$v":"Dial modified to SS"},{"$i":"DialModifiedToUssd","$v":"Dial modified to USSD"},{"$i":"FdnCheckFailure","$v":"Fdn ստուգումը ձախողվեց"},{"$i":"IllegalSimOrMe","$v":"Անօրինական SIM կամ ME"},{"$i":"InvalidParameter","$v":"Անվավեր հարաչափ"},{"$i":"ModeNotSupported","$v":"Ռեժիմը չի աջակցվում"},{"$i":"OpNotAllowedDuringVoiceCall","$v":"Գրծղթյն թյլտրլի չէ ձյնկնչի ժմնկ"},{"$i":"PasswordIncorrect","$v":"Սխալ գաղտնաբառ"},{"$i":"RadioNotAvailable","$v":"Radio not available"},{"$i":"RejectedByRemote","$v":"Հեռակա մերժված է"},{"$i":"RequestNotSupported","$v":"Հայցումը չի բավարարվել"},{"$i":"ServiceIsDisabled","$v":"Ծառայությունն անջատված է"},{"$i":"ServiceIsEnabled","$v":"Ծառայությունը միացված է"},{"$i":"ServiceIsEnabledFor","$v":"Ծռյթյն միցվծ է հտևյլի հմր՝"},{"$i":"SimAbsent","$v":"SIM չկա"},{"$i":"SmsSendFailRetry","$v":"SMS send fail retry"},{"$i":"SsModifiedToDial","$v":"SS-ը փոփոխվեց հավաքման"},{"$i":"SsModifiedToSs","$v":"SS-ը փոփոխվեց SS-ի"},{"$i":"SsModifiedToUssd","$v":"SS-ը փոփոխվեց USSD-ի"},{"$i":"SubscriptionNotAvailable","$v":"Բաժանորդագրությունը հասանելի չէ"},{"$i":"SubscriptionNotSupported","$v":"Բաժանորդագրությունը չի աջակցվում"},{"$i":"UssdModifiedToDial","$v":"USSD-ն փոխվեց հվքմն"},{"$i":"UssdModifiedToSs","$v":"USSD-ն փոփոխվեց SS-ի"},{"$i":"UssdModifiedToUssd","$v":"USSD-ն փոխվեց USSD-ի"},{"$i":"call-forwarding-async","$v":["Ապահմժմվծ՝ ",{"t":"idOrVar","v":"async"}]},{"$i":"call-forwarding-data","$v":["Տվյալներ. ",{"t":"idOrVar","v":"data"}]},{"$i":"call-forwarding-error","$v":"Զանգի վերահասցեավորման կարգավիճակի ստացման ընթացքում առաջացավ սխալ"},{"$i":"call-forwarding-fax","$v":["ՖԱՔՍ. ",{"t":"idOrVar","v":"fax"}]},{"$i":"call-forwarding-inactive","$v":"Ապակտիվ"},{"$i":"call-forwarding-packet","$v":["Փաթեթ՝ ",{"t":"idOrVar","v":"packet"}]},{"$i":"call-forwarding-pad","$v":["PAD՝ ",{"t":"idOrVar","v":"pad"}]},{"$i":"call-forwarding-sms","$v":["SMS՝ ",{"t":"idOrVar","v":"sms"}]},{"$i":"call-forwarding-status","$v":"Կանչի փխնցմն կրգվճկ"},{"$i":"call-forwarding-sync","$v":["Համաժամանակյա՝ ",{"t":"idOrVar","v":"sync"}]},{"$i":"call-forwarding-voice","$v":["Ձայն՝ ",{"t":"idOrVar","v":"voice"}]},{"$i":"emMmiError","$v":"Միացման խնդիր կամ անվավեր MMI կոդ"},{"$i":"emMmiErrorBadPin","$v":"Մուտքագրված հին PIN-ը սխալ է:"},{"$i":"emMmiErrorBadPuk","$v":"Մուտքագրված PUK-ը սխալ է"},{"$i":"emMmiErrorEnablePin","$v":"Չհաջողվեց: Միացնել SIM/RUIM ԿՈՂՊՈՒՄԸ"},{"$i":"emMmiErrorInvalidAction","$v":"Անվավեր գործողություն"},{"$i":"emMmiErrorInvalidPin","$v":"Մտքգրեք 4-ից 8 թվով PIN-ը"},{"$i":"emMmiErrorInvalidScCode","$v":"Անվավեր ծառայության կոդ"},{"$i":"emMmiErrorMismatchPin","$v":"Մուտքագրված PIN-երը չեն համընկնում"},{"$i":"emMmiErrorMmiFdn","$v":"Գրծղթյնը սհմնփկվծ է միայն ամրգրվծ հմրհվքի հմրնրին"},{"$i":"emMmiErrorNeedPuk2","$v":"Մտքագրեք PUK2-ը SIM քարտն արգելաբացելու համար"},{"$i":"emMmiErrorNeedsPuk","$v":"Ձեր SIM քարտը կողպված է PUK-ով"},{"$i":"emMmiErrorNotSupported","$v":"Անվավեր կամ չաջակցվող MMI կոդ"},{"$i":"emMmiErrorPasswordIncorrect","$v":"Սխալ գաղտնաբառ"},{"$i":"emMmiErrorPinPukAttempts","$v":{"few":["Մնաց ",{"t":"idOrVar","v":"n"}," փորձ"],"many":["Մնաց ",{"t":"idOrVar","v":"n"}," փորձ"],"one":["Մնց ընդմն ",{"t":"idOrVar","v":"n"}," փրձ"],"other":["Մնաց ",{"t":"idOrVar","v":"n"}," փորձ"],"two":["Մնաց ",{"t":"idOrVar","v":"n"}," փորձ"]},"$x":[{"t":"idOrVar","v":"plural"},"n"]},{"$i":"emMmiErrorSimBlocked","$v":"Գերազանցվեց փորձերի առավելագույն թիվը: SIM-ն արգելափակվեց"},{"$i":"emMmiErrorStkCcSsDial","$v":"SS հայցը փոփոխվեց ՀԱՎԱՔԵԼ հայցի"},{"$i":"emMmiErrorStkCcSsSs","$v":"SS հայցը փոփոխվեց նոր SS հայցի"},{"$i":"emMmiErrorStkCcSsUssd","$v":"SS հյցը փոխվեց USSD հյցի"},{"$i":"emMmiErrorStkCcUssdDial","$v":"USSD հայցը փոփոխվեց ՀԱՎԱՔԵԼ հայցի"},{"$i":"emMmiErrorStkCcUssdSs","$v":"USSD հայցը փոփոխվեց SS հայցի"},{"$i":"emMmiErrorStkCcUssdUssd","$v":"USSD հայցը փոփոխվեց նոր USSD հայցի"},{"$i":"fihVersion","$v":"FIH տարբերակ"},{"$i":"imeiAndSvn","$v":"IMEI և SVN"},{"$i":"internalVersion","$v":"Ներքին տարբերակ"},{"$i":"serviceClassData","$v":"Տվյալներ"},{"$i":"serviceClassDataAsync","$v":"Ապահմժմվծ"},{"$i":"serviceClassDataSync","$v":"Համաժամացնել"},{"$i":"serviceClassPacket","$v":"Փաթեթ"},{"$i":"serviceClassVoice","$v":"Ձայնագրություն"},{"$i":"smClirDefaultOffNextCallOff","$v":"Կանչողի ID-ն կանխադրյալ սահմանափակված չէ: Հաջորդ կանչը՝ Սահմանափակված չէ"},{"$i":"smClirDefaultOffNextCallOn","$v":"Կանչողի ID-ն կանխադրյալ սահմանափակված չէ: Հաջորդ կանչը՝ Սահմանափակված է"},{"$i":"smClirDefaultOnNextCallOff","$v":"Կանչողի ID-ն կանխադրյալ սահմանափակված է: Հաջորդ կանչը՝ Սահմանափակված չէ"},{"$i":"smClirDefaultOnNextCallOn","$v":"Կնչղի ID-ն կնխդրյլ սհմնփկվծ է: Հջրդ կնչը՝ Սհմնփկվծ է"},{"$i":"smClirPermanent","$v":"Դուք չեք կարող փոփոխել կանչողի ID պարամետրերը"},{"$i":"smPin2Changed","$v":"PIN2-ը փոխվեց"},{"$i":"smPin2Unblocked","$v":"PIN2-ն արգելաբացվեց"},{"$i":"smPinChanged","$v":"PIN-ը փոխվեց"},{"$i":"smPinUnblocked","$v":"PIN-ն արգելաբացվեց"},{"$i":"smServiceDisabled","$v":"Ծառայությունն անջատվել է"},{"$i":"smServiceEnabled","$v":"Ծռյթյնը միացված էր"},{"$i":"smServiceEnabledFor","$v":"Ծառայությունը միացված էր հետևյալի համար՝"},{"$i":"smServiceErased","$v":"Ջնջվեց"},{"$i":"smServiceInterrogated","$v":"Հայցումը հաջողվեց"},{"$i":"smServiceNotProvisioned","$v":"Ծռյթյն ապահովված չէ"},{"$i":"smServiceRegistered","$v":"Գրանցումը հաջող անցավ"},{"$i":"another","$v":"Մեկ այլ"},{"$i":"current","$v":"Ընթացիկ"},{"$i":"customTag","$v":"Հատուկ հատկորոշիչ","placeholder":"Հատուկ հատկորոշիչ"},{"$i":"faxHome","$v":"Ֆաքս տուն"},{"$i":"faxOffice","$v":"Ֆաքս գրասենյակ"},{"$i":"faxOther","$v":"Ֆաքս այլ"},{"$i":"itemWithLabel","$v":[{"t":"idOrVar","v":"label"},", ",{"t":"idOrVar","v":"item"}]},{"$i":"label","$v":"Պիտակ"},{"$i":"other","$v":"Այլ"},{"$i":"tcl-customTag","$v":"Հատուկ հատկորոշիչ"},{"$i":"dateTimeFormat_%c","$v":"%a %b %e %Y %I:%M:%S %p"},{"$i":"dateTimeFormat_%x","$v":"%m/%d/%Y"},{"$i":"days-ago-long","$v":{"few":[{"t":"idOrVar","v":"value"}," օր առաջ"],"many":[{"t":"idOrVar","v":"value"}," օր առաջ"],"one":"երեկ","other":[{"t":"idOrVar","v":"value"}," օր առաջ"],"two":[{"t":"idOrVar","v":"value"}," օր առաջ"],"zero":"այսօր"},"$x":[{"t":"idOrVar","v":"plural"},"value"]},{"$i":"days-ago-short","$v":{"other":[{"t":"idOrVar","v":"value"}," օր առաջ"],"zero":"այսօր"},"$x":[{"t":"idOrVar","v":"plural"},"value"]},{"$i":"days-until-long","$v":{"few":[{"t":"idOrVar","v":"value"}," օրից"],"many":[{"t":"idOrVar","v":"value"}," օրից"],"one":"վաղը","other":[{"t":"idOrVar","v":"value"}," օրից"],"two":[{"t":"idOrVar","v":"value"}," օրից"],"zero":"այսօր"},"$x":[{"t":"idOrVar","v":"plural"},"value"]},{"$i":"days-until-short","$v":{"other":[{"t":"idOrVar","v":"value"}," օրից"],"zero":"այսօր"},"$x":[{"t":"idOrVar","v":"plural"},"value"]},{"$i":"hours-ago-long","$v":{"few":[{"t":"idOrVar","v":"value"}," ժամ առաջ"],"many":[{"t":"idOrVar","v":"value"}," ժամ առաջ"],"one":"մեկ ժամ առաջ","other":[{"t":"idOrVar","v":"value"}," ժամ առաջ"],"two":[{"t":"idOrVar","v":"value"}," ժամ առաջ"],"zero":"հենց նոր"},"$x":[{"t":"idOrVar","v":"plural"},"value"]},{"$i":"hours-ago-short","$v":{"other":[{"t":"idOrVar","v":"value"}," ժ առաջ"],"zero":"հենց նոր"},"$x":[{"t":"idOrVar","v":"plural"},"value"]},{"$i":"hours-until-long","$v":{"few":[{"t":"idOrVar","v":"value"}," ժամից"],"many":[{"t":"idOrVar","v":"value"}," ժամից"],"one":"մեկ ժամից","other":[{"t":"idOrVar","v":"value"}," ժամից"],"two":[{"t":"idOrVar","v":"value"}," ժամից"],"zero":"հիմա"},"$x":[{"t":"idOrVar","v":"plural"},"value"]},{"$i":"hours-until-short","$v":{"other":[{"t":"idOrVar","v":"value"}," ժ-ից"],"zero":"հիմա"},"$x":[{"t":"idOrVar","v":"plural"},"value"]},{"$i":"incorrectDate","$v":"(սխալ ամսաթիվ)"},{"$i":"minutes-ago-long","$v":{"few":[{"t":"idOrVar","v":"value"}," րոպե առաջ"],"many":[{"t":"idOrVar","v":"value"}," րոպե առաջ"],"one":"րոպե առաջ","other":[{"t":"idOrVar","v":"value"}," րոպե առաջ"],"two":[{"t":"idOrVar","v":"value"}," րոպե առաջ"],"zero":"հենց նոր"},"$x":[{"t":"idOrVar","v":"plural"},"value"]},{"$i":"minutes-ago-short","$v":{"other":[{"t":"idOrVar","v":"value"}," ր առաջ"],"zero":"հենց նոր"},"$x":[{"t":"idOrVar","v":"plural"},"value"]},{"$i":"minutes-until-long","$v":{"few":[{"t":"idOrVar","v":"value"}," րոպեից"],"many":[{"t":"idOrVar","v":"value"}," րոպեից"],"one":"մեկ րոպեից","other":[{"t":"idOrVar","v":"value"}," րոպեից"],"two":[{"t":"idOrVar","v":"value"}," րոպեից"],"zero":"հիմա"},"$x":[{"t":"idOrVar","v":"plural"},"value"]},{"$i":"minutes-until-short","$v":{"other":[{"t":"idOrVar","v":"value"}," ր-ից"],"zero":"հիմա"},"$x":[{"t":"idOrVar","v":"plural"},"value"]},{"$i":"month-0-genitive","$v":"Հունվար"},{"$i":"month-0-long","$v":"Հունվար"},{"$i":"month-0-short","$v":"Հունվ"},{"$i":"month-1-genitive","$v":"Փետրվար"},{"$i":"month-1-long","$v":"Փետրվար"},{"$i":"month-1-short","$v":"Փետ"},{"$i":"month-10-genitive","$v":"Նոյեմբեր"},{"$i":"month-10-long","$v":"Նոյեմբեր"},{"$i":"month-10-short","$v":"Նոյ"},{"$i":"month-11-genitive","$v":"Դեկտեմբեր"},{"$i":"month-11-long","$v":"Դեկտեմբեր"},{"$i":"month-11-short","$v":"Դեկ"},{"$i":"month-2-genitive","$v":"Մարտ"},{"$i":"month-2-long","$v":"Մարտ"},{"$i":"month-2-short","$v":"Մրտ"},{"$i":"month-3-genitive","$v":"Ապրիլ"},{"$i":"month-3-long","$v":"Ապրիլ"},{"$i":"month-3-short","$v":"Ապլ"},{"$i":"month-4-genitive","$v":"Մյս"},{"$i":"month-4-long","$v":"Մյս"},{"$i":"month-4-short","$v":"Մյս"},{"$i":"month-5-genitive","$v":"Հունիս"},{"$i":"month-5-long","$v":"Հունիս"},{"$i":"month-5-short","$v":"Հուն"},{"$i":"month-6-genitive","$v":"Հուլիս"},{"$i":"month-6-long","$v":"Հուլիս"},{"$i":"month-6-short","$v":"Հուլ"},{"$i":"month-7-genitive","$v":"Օգոստոս"},{"$i":"month-7-long","$v":"Օգոստոս"},{"$i":"month-7-short","$v":"Օգս"},{"$i":"month-8-genitive","$v":"Սեպտեմբեր"},{"$i":"month-8-long","$v":"Սեպտեմբեր"},{"$i":"month-8-short","$v":"Սպտ"},{"$i":"month-9-genitive","$v":"Հոկտեմբեր"},{"$i":"month-9-long","$v":"Հոկտեմբեր"},{"$i":"month-9-short","$v":"Հոկտ"},{"$i":"months-ago-long","$v":{"few":[{"t":"idOrVar","v":"value"}," ամիս առաջ"],"many":[{"t":"idOrVar","v":"value"}," ամիս առաջ"],"one":"անցած ամիս","other":[{"t":"idOrVar","v":"value"}," ամիս առաջ"],"two":[{"t":"idOrVar","v":"value"}," ամիս առաջ"],"zero":"այս ամիս"},"$x":[{"t":"idOrVar","v":"plural"},"value"]},{"$i":"months-until-long","$v":{"few":[{"t":"idOrVar","v":"value"}," ամսից"],"many":[{"t":"idOrVar","v":"value"}," ամսից"],"one":"հաջորդ ամիս","other":[{"t":"idOrVar","v":"value"}," ամսից"],"two":[{"t":"idOrVar","v":"value"}," ամսից"],"zero":"այս ամիս"},"$x":[{"t":"idOrVar","v":"plural"},"value"]},{"$i":"shortDateTimeFormat","$v":"%x %I:%M %p"},{"$i":"shortTimeFormat","$v":"%I:%M %p"},{"$i":"shortTimeFormat12","$v":"%I:%M %p"},{"$i":"shortTimeFormat24","$v":"%H:%M"},{"$i":"time_am","$v":"AM"},{"$i":"time_pm","$v":"PM"},{"$i":"weekday-0-long","$v":"Կիրակի"},{"$i":"weekday-0-short","$v":"Կիր"},{"$i":"weekday-1-long","$v":"Երկուշաբթի"},{"$i":"weekday-1-short","$v":"Երկ"},{"$i":"weekday-2-long","$v":"Երեքշաբթի"},{"$i":"weekday-2-short","$v":"Երք"},{"$i":"weekday-3-long","$v":"Չորեքշաբթի"},{"$i":"weekday-3-short","$v":"Չրք"},{"$i":"weekday-4-long","$v":"Հինգշաբթի"},{"$i":"weekday-4-short","$v":"Հնգ"},{"$i":"weekday-5-long","$v":"Ուրբաթ"},{"$i":"weekday-5-short","$v":"Ուրբ"},{"$i":"weekday-6-long","$v":"Շաբաթ"},{"$i":"weekday-6-short","$v":"Շբթ"},{"$i":"weeks-ago-long","$v":{"few":[{"t":"idOrVar","v":"value"}," շաբաթ առաջ"],"many":[{"t":"idOrVar","v":"value"}," շաբաթ առաջ"],"one":"անցյալ շաբաթ","other":[{"t":"idOrVar","v":"value"}," շաբաթ առաջ"],"two":[{"t":"idOrVar","v":"value"}," շաբաթ առաջ"],"zero":"այս շաբաթ"},"$x":[{"t":"idOrVar","v":"plural"},"value"]},{"$i":"weeks-until-long","$v":{"few":[{"t":"idOrVar","v":"value"}," շաբաթից"],"many":[{"t":"idOrVar","v":"value"}," շաբաթից"],"one":"հաջորդ շաբաթ","other":[{"t":"idOrVar","v":"value"}," շաբաթից"],"two":[{"t":"idOrVar","v":"value"}," շաբաթից"],"zero":"այս շաբաթ"},"$x":[{"t":"idOrVar","v":"plural"},"value"]},{"$i":"years-ago-long","$v":{"few":[{"t":"idOrVar","v":"value"}," տարի առաջ"],"many":[{"t":"idOrVar","v":"value"}," տարի առաջ"],"one":"անցյալ տարի","other":[{"t":"idOrVar","v":"value"}," տարի առաջ"],"two":[{"t":"idOrVar","v":"value"}," տարի առաջ"],"zero":"այս տարի"},"$x":[{"t":"idOrVar","v":"plural"},"value"]},{"$i":"years-until-long","$v":{"few":[{"t":"idOrVar","v":"value"}," տարուց"],"many":[{"t":"idOrVar","v":"value"}," տարուց"],"one":"հաջորդ տարի","other":[{"t":"idOrVar","v":"value"}," տարուց"],"two":[{"t":"idOrVar","v":"value"}," տարուց"],"zero":"այս տարի"},"$x":[{"t":"idOrVar","v":"plural"},"value"]},{"$i":"dateTimeFormat_%X","$v":"%I:%M:%S %p"},{"$i":"weekStartsOnMonday","$v":"0"},{"$i":"firstDayOfTheWeek","$v":"0"}]