[{"$i":"clockDateFormat","$v":"%a, %e %b"},{"$i":"deviceIsUnlocked","$v":"Perangkat terbuka"},{"$i":"simUnlockCodeAccepted","$v":"Kode buka kunci SIM diterima"},{"$i":"simUnlockCodeFailed","$v":"Membuka kunci SIM gagal"},{"$i":"eccOnly","$v":"Hanya panggilan darurat"},{"$i":"emergencyCallsOnly","$v":"Panggilan darurat saja"},{"$i":"lockedSim","$v":"SIM terkunci"},{"$i":"noService","$v":"Tidak Ada Layanan"},{"$i":"noSimCard","$v":"Tidak ada kartu SIM"},{"$i":"searching","$v":"Mencari..."},{"$i":"airplane-mode","$v":"Mode Pesawat"},{"$i":"bluetooth","$v":"Bluetooth"},{"$i":"brightness","$v":"Kecerahan"},{"$i":"calculator","$v":"Kalkulator"},{"$i":"camera","$v":"Kamera"},{"$i":"cellular-data","$v":"Data Seluler"},{"$i":"confirm-to-uninstall-app","$v":["Mencopot pemasangan aplikasi ",{"t":"idOrVar","v":"appName"},"?"]},{"$i":"flashlight","$v":"Senter"},{"$i":"instant-settings","$v":"pengaturan instan"},{"$i":"off","$v":"Mati"},{"$i":"on","$v":"Aktif"},{"$i":"shortcuts","$v":"Pintasan"},{"$i":"uninstall","$v":"Melepaskan"},{"$i":"volume","$v":"Volume"},{"$i":"wifi","$v":"Wi-Fi"},{"$i":"percentage-number","$v":[{"t":"idOrVar","v":"number"},"%"]},{"$i":"all-apps","$v":"Semua aplikasi"},{"$i":"scImei","$v":"IMEI"},{"$i":"scMeid","$v":"MEID"},{"$i":"scUssd","$v":"USSD"},{"$i":"CallFailed","$v":"Panggilan gagal"},{"$i":"GenericFailure","$v":"Kegagalan umum"},{"$i":"add-smart-collections","$v":"Tambahkan Koleksi Pintar"},{"$i":"add-to-existing-contact","$v":"Tambahkan ke kontak yang sudah ada"},{"$i":"alert-for-contacts-without-number","$v":"Tidak ada kontak dengan nomor telepon tersedia."},{"$i":"app-title","$v":"Aplikasi Saya"},{"$i":"app-uninstall","$v":[{"t":"idOrVar","v":"name"}," telah dilepaskan"]},{"$i":"assign","$v":"Menetapkan"},{"$i":"assign-speed-dial","$v":["Kontak tidak ditambahkan sebagai panggilan cepat pada tombot ",{"t":"idOrVar","v":"n"},". Tetapkan sekarang?"]},{"$i":"assign-voicemail","$v":"Nomor Pesan Suara belun ditetapkan."},{"$i":"call","$v":"Panggilan"},{"$i":"callAirplaneModeMessage","$v":"Untuk melakukan panggilan Anda perlu mematikan mode pesawat terbang di pengaturan."},{"$i":"callAirplaneModeTitle","$v":"Mode pesawat terbang aktif"},{"$i":"cancel","$v":"Batal"},{"$i":"change-wallpaper","$v":"Ubah Wallpaper"},{"$i":"clocks-updated","$v":"Jam diperbaharui"},{"$i":"confirmation","$v":"Konfirmasi"},{"$i":"contacts","$v":"Kontak"},{"$i":"create-new-contact","$v":"Buat kontak baru"},{"$i":"delete","$v":"Hapus"},{"$i":"delete-body","$v":[{"t":"idOrVar","v":"name"}," dan semua datanya akan dihapus."]},{"$i":"delete-title","$v":["Hapus ",{"t":"idOrVar","v":"name"}]},{"$i":"edit","$v":"Edit"},{"$i":"edit-done","$v":"Selesai"},{"$i":"edit-group-header","$v":"Edit grup"},{"$i":"edit-mode","$v":"Edit"},{"$i":"emergency-call-error","$v":[{"t":"idOrVar","v":"number"}," bukan nomor darurat."]},{"$i":"emergency-call-only","$v":"Hanya Panggilan Darurat"},{"$i":"emergencyDialogBodyBadNumber","$v":"Untuk melakukan panggilan, ponsel harus tersambung ke jaringan."},{"$i":"emergencyDialogBodyDeviceNotAccepted","$v":"Panggilan darurat tidak diizinkan oleh jaringan."},{"$i":"emergencyDialogTitle","$v":"Tidak ada koneksi jaringan"},{"$i":"fax-home","$v":"Fax rumah"},{"$i":"fax-office","$v":"Fax kantor"},{"$i":"fax-other","$v":"Fax lainnya"},{"$i":"fdnIsActiveMessage","$v":["FDN (Fixed Dialing Numbers) diaktifkan dan nomor berikut tidak dalam daftar NPT Anda: ",{"t":"idOrVar","v":"number"}]},{"$i":"fdnIsActiveTitle","$v":"NPT aktif"},{"$i":"gaia-shortcut-app-updated","$v":"Aplikasi Diperbaharui"},{"$i":"grid-view","$v":"Tampilan Kisi"},{"$i":"home","$v":"Rumah"},{"$i":"homescreen-settings","$v":"Pengaturan Tampilan Awal"},{"$i":"invalidNumberToDialMessage","$v":"Nomor telepon yang ada panggil tidak valid."},{"$i":"invalidNumberToDialTitle","$v":"Nomor telepon tidak valid"},{"$i":"list-view","$v":"Tampilan Daftar"},{"$i":"longDateFormat","$v":"%A, %B %e"},{"$i":"menu","$v":"Menu"},{"$i":"message","$v":"Pesan"},{"$i":"mobile","$v":"Seluler"},{"$i":"more","$v":"Lebih"},{"$i":"move","$v":"Pindahkan"},{"$i":"notifications","$v":"Pemberitahuan"},{"$i":"numberIsBusyMessage","$v":"Nomor sedang sibuk. Silakan coba sesaat lagi."},{"$i":"numberIsBusyTitle","$v":"Nomor sedang sibuk"},{"$i":"ok","$v":"OK"},{"$i":"option-remove","$v":"Hapus dari Panggilan Cepat"},{"$i":"option-replace","$v":"Ganti"},{"$i":"options","$v":"Opsi"},{"$i":"otherConnectionInUseMessage","$v":"Anda memiliki panggilan aktif di koneksi lain. Anda hanya dapat menggunakan satu koneksi pada satu waktu."},{"$i":"otherConnectionInUseTitle","$v":"Koneksi lain sedang digunakan"},{"$i":"personal","$v":"Pribadi"},{"$i":"remove","$v":"Hapus"},{"$i":"remove-speed-dial","$v":["Anda yakin ingin membuang ",{"t":"idOrVar","v":"name"}," dari Panggilan Cepat ?"]},{"$i":"replace","$v":"Ganti"},{"$i":"replace-speed-dial","$v":["Anda yakin ingin mengganti ",{"t":"idOrVar","v":"name"}," dengan ",{"t":"idOrVar","v":"subName"},"?"]},{"$i":"resume-download-action","$v":"Unduh"},{"$i":"resume-download-body","$v":["Apakah Anda ingin mengunduh ",{"t":"idOrVar","v":"name"},"?"]},{"$i":"resume-download-title","$v":"Mulai ulang Unduhan"},{"$i":"scCallBarring","$v":"Pembatasan panggilan"},{"$i":"scCallForwarding","$v":"Penerusan panggilan"},{"$i":"scCallWaiting","$v":"Panggilan tunggu"},{"$i":"scClip","$v":"ID Pemanggil Masuk"},{"$i":"scClir","$v":"ID Pemanggil Keluar"},{"$i":"scPin","$v":"PIN berubah"},{"$i":"scPin2","$v":"PIN2 berubah"},{"$i":"scPuk","$v":"Lepas blokir PIN"},{"$i":"scPuk2","$v":"Lepas blokir PIN2"},{"$i":"scPwd","$v":"Sandi berubah"},{"$i":"search-or-enter-address","placeholder":"Cari atau masukkan alamat"},{"$i":"select","$v":"Pilih"},{"$i":"sending","$v":"Mengirim…"},{"$i":"set","$v":"Tetapkan"},{"$i":"settings","$v":"Pengaturan"},{"$i":"single-view","$v":"Tampilan Tunggal"},{"$i":"skip","$v":"Lewati"},{"$i":"speed-dial","$v":"Panggilan Cepat"},{"$i":"speed-dial-empty","ariaLabel":[{"t":"idOrVar","v":"order"},", kosong"]},{"$i":"speed-dial-not-empty","ariaLabel":[{"t":"idOrVar","v":"order"},", ",{"t":"idOrVar","v":"name"}]},{"$i":"stop-download-action","$v":"Berhenti"},{"$i":"stop-download-body","$v":"Apakah Anda ingin menghentikan unduhan yang berlangsung?"},{"$i":"stop-download-title","$v":["Hentikan ",{"t":"idOrVar","v":"name"}]},{"$i":"tcl-wallpaper-changed","$v":"Wallpaper diubah"},{"$i":"video-call","$v":"Panggilan video"},{"$i":"voicemail","$v":"Pesan suara"},{"$i":"work","$v":"Kantor"},{"$i":"apps","$v":"Aplikasi"},{"$i":"nocard-eccOnly","$v":"No SIM card-Emergency calls only"},{"$i":"unusablecard-eccOnly","$v":"Unusable SIM card-Emergency calls only"},{"$i":"apn-sim1","$v":"Pengaturan APN - SIM1"},{"$i":"apn-sim2","$v":"Pengaturan APN - SIM2"},{"$i":"apnConfigPrepay","$v":"Prabayar"},{"$i":"apnConfigPostpay","$v":"Pasca bayar"},{"$i":"apn-defaultconfig-message","$v":"Set tipe APN yang akan ditampilkan"},{"$i":"apnDefaultConfig","$v":"Konfigurasi Standar APN"},{"$i":"without-sim-new","$v":[{"t":"idOrVar","v":"index"}]},{"$i":"with-sim-new","$v":[{"t":"idOrVar","v":"index"}," - ",{"t":"idOrVar","v":"carrier"}]},{"$i":"sim-with-index-and-carrier","$v":["SIM ",{"t":"idOrVar","v":"index"}," - ",{"t":"idOrVar","v":"carrier"}]},{"$i":"sim-without-carrier","$v":["SIM ",{"t":"idOrVar","v":"index"}]},{"$i":"call-forwarding-voice-after-seconds","$v":["Suara: ",{"t":"idOrVar","v":"voice"}," setelah ",{"t":"idOrVar","v":"timeSeconds"}," detik"]},{"$i":"addNewNumber","$v":"Tambah nomor baru"},{"$i":"addToExistingContact","$v":"Tambahkan ke kontak yang sudah ada"},{"$i":"all","$v":"Semua","ariaLabel":"Semua"},{"$i":"bluetooth-handsfree-device","$v":"Perangkat handsfree Bluetooth"},{"$i":"bluetoothOption","ariaLabel":"Bluetooth"},{"$i":"callDurationHours","$v":[{"t":"idOrVar","v":"h"},":",{"t":"idOrVar","v":"m"},":",{"t":"idOrVar","v":"s"}]},{"$i":"callDurationMinutes","$v":[{"t":"idOrVar","v":"m"},":",{"t":"idOrVar","v":"s"}]},{"$i":"callDurationTextFormatHours","$v":[{"t":"idOrVar","v":"h"}," h ",{"t":"idOrVar","v":"m"}," m ",{"t":"idOrVar","v":"s"}," s"]},{"$i":"callDurationTextFormatMinutes","$v":[{"t":"idOrVar","v":"m"}," m ",{"t":"idOrVar","v":"s"}," s"]},{"$i":"callDurationTextFormatSeconds","$v":[{"t":"idOrVar","v":"s"}," s"]},{"$i":"callEnded","$v":"Panggilan Selesai"},{"$i":"callInformation","$v":"Informasi Panggilan"},{"$i":"callLog","$v":"Log Panggilan"},{"$i":"callLogEdit","title":"Edit log panggilan"},{"$i":"callLogEditDialog","ariaLabel":"Edit dialog log panggilan"},{"$i":"caller-left-call","$v":[{"t":"idOrVar","v":"caller"}," telah meninggalkan panggilan."]},{"$i":"calllog-all","$v":"Semua"},{"$i":"calllog-deselectAll","$v":"Batalkan Semua Pilihan"},{"$i":"calllog-none","$v":"Tidak ada"},{"$i":"calllog-selectAll","$v":"Pilih Semua"},{"$i":"canceled","$v":"Dibatalkan"},{"$i":"clear-all-text","$v":"Hapus semua teks"},{"$i":"close","$v":"Tutup"},{"$i":"composeEmail","ariaLabel":"Email"},{"$i":"conferenceAddError","$v":"Tidak dapat menggabungkan panggilan"},{"$i":"conferenceCall","$v":["Konferensi (",{"t":"idOrVar","v":"n"},")"]},{"$i":"conferenceRemoveError","$v":"Tidak dapat melepas gabungan panggilan"},{"$i":"confirm-deletion","$v":"Hapus panggilan yang dipilih?"},{"$i":"connecting","$v":"Menyambungkan"},{"$i":"connectingEllipsis","$v":"Menyambungkan…"},{"$i":"contactDetails","$v":"Rincian kontak"},{"$i":"createNewContact","$v":"Buat kontak baru"},{"$i":"delete-n-log?","$v":{"few":["Hapus ",{"t":"idOrVar","v":"n"}," log?"],"many":["Hapus ",{"t":"idOrVar","v":"n"}," log?"],"one":"Hapus log yang dipilih?","other":["Hapus ",{"t":"idOrVar","v":"n"}," log?"],"two":["Hapus ",{"t":"idOrVar","v":"n"}," log?"],"zero":"Tidak ada yang dipilih"},"$x":[{"t":"idOrVar","v":"plural"},"n"]},{"$i":"deselect","$v":"Hapus pilihan"},{"$i":"dialed","$v":"Ditekan"},{"$i":"dialer-prompt","$v":"Nomor panggilan atau pilih kontak untuk menambahkan panggilan"},{"$i":"dialerAddContact","ariaLabel":"Tambah kontak"},{"$i":"dialerAddContactDialog","ariaLabel":"Tambah Dialog Kontak"},{"$i":"edit-selected","$v":{"few":["dipilih(",{"t":"idOrVar","v":"n"},")"],"many":["dipilih(",{"t":"idOrVar","v":"n"},")"],"one":["dipilih(",{"t":"idOrVar","v":"n"},")"],"other":["dipilih(",{"t":"idOrVar","v":"n"},")"],"two":["dipilih(",{"t":"idOrVar","v":"n"},")"]},"$x":[{"t":"idOrVar","v":"plural"},"n"]},{"$i":"emailDetail","ariaLabel":"Email"},{"$i":"from-contact","$v":["Dari ",{"t":"idOrVar","v":"contact"}]},{"$i":"from-number","$v":["Dari ",{"t":"idOrVar","v":"number"}]},{"$i":"from-withheld-number","$v":"Dari nomor tidak diketahui"},{"$i":"hangup-a11y-button","ariaLabel":"Tutup Telepon"},{"$i":"hide","$v":"Sembunyikan"},{"$i":"hideKeypad","ariaLabel":"Sembunyikan keypad"},{"$i":"hold","ariaLabel":"Tahan"},{"$i":"hours","$v":"jam"},{"$i":"ignore","$v":"Abaikan Panggilan"},{"$i":"incoming","$v":"Masuk"},{"$i":"incoming-call","$v":"Panggilan masuk"},{"$i":"info-missed","$v":"Tak terjawab"},{"$i":"keypad","ariaLabel":"Keypad"},{"$i":"log-item","$v":"Opsi"},{"$i":"makeCall","ariaLabel":"Buat panggilan"},{"$i":"merge","ariaLabel":"Gabungkan"},{"$i":"minutes","$v":"menit"},{"$i":"missed","$v":"Tak terjawab","ariaLabel":"Tak terjawab"},{"$i":"missedCall","$v":"Panggilan tak terjawab"},{"$i":"missedCallMultiSims","$v":["(SIM ",{"t":"idOrVar","v":"n"},") Panggilan tidak terjawab"]},{"$i":"mmi-error","$v":"Kesalahan terjadi selagi mengirim pesan"},{"$i":"mmi-notification-title-with-sim","$v":["(",{"t":"idOrVar","v":"sim"},") ",{"t":"idOrVar","v":"title"}]},{"$i":"mmi-session-expired","$v":"Sesi berakhir"},{"$i":"mmi-successfully-sent","$v":"Pesan berhasil terkirim"},{"$i":"mute","ariaLabel":"Bisu"},{"$i":"newCall","ariaLabel":"Panggilan baru"},{"$i":"no-logs-msg-1","$v":"Tidak ada panggilan terekam"},{"$i":"no-logs-msg-2","$v":"Mulai komunikasi sekarang"},{"$i":"no-logs-msg-3","$v":"Tidak ada panggilan terekam"},{"$i":"no-logs-msg-4","$v":"Mulai komunikasi sekarang"},{"$i":"no-recent-numbers","$v":"Tidak ada nomor terbaru pada Log Panggilan untuk dipanggil."},{"$i":"onHoldOption","ariaLabel":"Ditangguhkan"},{"$i":"outgoing","$v":"Keluar"},{"$i":"outgoing-call","$v":"Panggilan keluar"},{"$i":"phoneDetail","ariaLabel":"Ponsel"},{"$i":"pickup-a11y-button","ariaLabel":"Diangkat"},{"$i":"received","$v":"Diterima"},{"$i":"receiver","$v":"Penerima"},{"$i":"recents","ariaLabel":"Panggilan terbaru"},{"$i":"reply","$v":"Balas"},{"$i":"resume","$v":"Lanjutkan","ariaLabel":"Lanjutkan"},{"$i":"search-results","$v":"Hasil Pencarian"},{"$i":"seconds","$v":"detik"},{"$i":"select-audio-sources","$v":"Pilih sumber audio"},{"$i":"send","$v":"Kirim"},{"$i":"send-sms-button","ariaLabel":"SMS"},{"$i":"sendSms","$v":"Kirim Pesan"},{"$i":"separator","$v":","},{"$i":"sim-number","$v":["SIM",{"t":"idOrVar","v":"n"}]},{"$i":"speaker","$v":"Speaker"},{"$i":"speakerOption","ariaLabel":"Speaker"},{"$i":"suggestionMatches","$v":{"few":[{"t":"idOrVar","v":"n"}," cocok untuk \"",{"t":"idOrVar","v":"matchNumber"}],"many":[{"t":"idOrVar","v":"n"}," cocok untuk \"",{"t":"idOrVar","v":"matchNumber"}],"one":[{"t":"idOrVar","v":"n"}," cocok untuk \"",{"t":"idOrVar","v":"matchNumber"}],"other":[{"t":"idOrVar","v":"n"}," cocok untuk \"",{"t":"idOrVar","v":"matchNumber"}],"two":[{"t":"idOrVar","v":"n"}," cocok untuk \"",{"t":"idOrVar","v":"matchNumber"}]},"$x":[{"t":"idOrVar","v":"plural"},"n"]},{"$i":"switch-calls","$v":"Alihkan panggilan"},{"$i":"tcl-assign","$v":"Menetapkan"},{"$i":"tcl-assign-speed-dial","$v":{"$o":["Kontak tidak ditambahkan sebagai Panggilan Cepat pada tombol \"",{"t":"idOrVar","v":"speedDial"},"\"<br><br>Tetapkan sekarang?"]}},{"$i":"tcl-call-log-delete-group-notification","$v":[{"t":"idOrVar","v":"n"}," entri dihapus"]},{"$i":"tcl-calllog-entry-removed-err-notification","$v":"Tidak dapat menghapus entri Log Panggilan"},{"$i":"tcl-calllog-entry-removed-succ-notification","$v":"Entri Log Panggilan dihapus"},{"$i":"tcl-cancel","$v":"Batal"},{"$i":"tcl-confirmation","$v":"Konfirmasi"},{"$i":"tcl-delete-log","$v":"Anda yakin ingin menghapus entri yang dipilih dari Log Panggilan?"},{"$i":"tcl-dialer","$v":"Pendial"},{"$i":"tcl-edit-not-selected","$v":"dipilih(0)"},{"$i":"tcl-option-menu-call-log-edit","$v":"Edit Log panggilan"},{"$i":"today","$v":"Hari ini"},{"$i":"toggleKeypad","ariaLabel":"Aktifkan keypad"},{"$i":"type-your-response","placeholder":"Ketik repon Anda…"},{"$i":"unknown","$v":"Tidak diketahui"},{"$i":"unlock-a11y-button","ariaLabel":"Slider"},{"$i":"ussd-services","$v":[{"t":"idOrVar","v":"operator"}," layanan"]},{"$i":"via-sim","$v":["melalui SIM",{"t":"idOrVar","v":"n"}]},{"$i":"view-all","$v":"Lihat semua"},{"$i":"wifi-calling","$v":"Panggilan Wi-Fi"},{"$i":"withheld-number","$v":"Tidak diketahui"},{"$i":"yesterday","$v":"Kemarin"},{"$i":"SimPin2","$v":"SIM PIN2"},{"$i":"SimPuk2","$v":"SIM PUK2"},{"$i":"serviceClassFax","$v":"FAKS"},{"$i":"serviceClassPad","$v":"PAD"},{"$i":"serviceClassSms","$v":"SMS"},{"$i":"DialModifiedToDial","$v":"Panggilan dimodifikasi ke panggilan"},{"$i":"DialModifiedToSs","$v":"Panggilan dimodifikasi ke SS"},{"$i":"DialModifiedToUssd","$v":"Panggilan dimodifikasi ke USSD"},{"$i":"FdnCheckFailure","$v":"Pemeriksaan fdn gagal"},{"$i":"IllegalSimOrMe","$v":"SIM atau ME ilegal"},{"$i":"InvalidParameter","$v":"Parameter tidak valid"},{"$i":"ModeNotSupported","$v":"Mode tidak didukung"},{"$i":"OpNotAllowedDuringVoiceCall","$v":"Operasi tidak diizinkan selama panggilan suara"},{"$i":"PasswordIncorrect","$v":"Sandi salah"},{"$i":"RadioNotAvailable","$v":"Radio tidak tersedia"},{"$i":"RejectedByRemote","$v":"Ditolak secara jarak jauh"},{"$i":"RequestNotSupported","$v":"Permintaan tidak didukung"},{"$i":"ServiceIsDisabled","$v":"Layanan dinonaktifkan"},{"$i":"ServiceIsEnabled","$v":"Layanan diaktifkan"},{"$i":"ServiceIsEnabledFor","$v":"Layanan diaktifkan untuk:"},{"$i":"SimAbsent","$v":"SIM tidak ada"},{"$i":"SmsSendFailRetry","$v":"Coba ulang kegagalan pengiriman SMS"},{"$i":"SsModifiedToDial","$v":"SS dimodifikasi ke panggilan"},{"$i":"SsModifiedToSs","$v":"SS dimodifikasi ke SS"},{"$i":"SsModifiedToUssd","$v":"SS dimodifikasi ke USSD"},{"$i":"SubscriptionNotAvailable","$v":"Langganan tidak tersedia"},{"$i":"SubscriptionNotSupported","$v":"Langganan tidak didukung"},{"$i":"UssdModifiedToDial","$v":"USSD dimodifikasi ke panggilan"},{"$i":"UssdModifiedToSs","$v":"USSD dimodifikasi ke SS"},{"$i":"UssdModifiedToUssd","$v":"USSD dimodifikasi ke USSD"},{"$i":"call-forwarding-async","$v":["Asinkron: ",{"t":"idOrVar","v":"async"}]},{"$i":"call-forwarding-data","$v":["Data: ",{"t":"idOrVar","v":"data"}]},{"$i":"call-forwarding-error","$v":"Kesalahan terjadi selagi mengambil status penerusan panggilan"},{"$i":"call-forwarding-fax","$v":["FAX: ",{"t":"idOrVar","v":"fax"}]},{"$i":"call-forwarding-inactive","$v":"Tidak aktif"},{"$i":"call-forwarding-packet","$v":["Paket: ",{"t":"idOrVar","v":"packet"}]},{"$i":"call-forwarding-pad","$v":["PAD: ",{"t":"idOrVar","v":"pad"}]},{"$i":"call-forwarding-sms","$v":["SMS: ",{"t":"idOrVar","v":"sms"}]},{"$i":"call-forwarding-status","$v":"Status penerusan panggilan"},{"$i":"call-forwarding-sync","$v":["Sinkronisasi: ",{"t":"idOrVar","v":"sync"}]},{"$i":"call-forwarding-voice","$v":["Suara: ",{"t":"idOrVar","v":"voice"}]},{"$i":"emMmiError","$v":"Masalah koneksi atau kode MMI tidak valid"},{"$i":"emMmiErrorBadPin","$v":"PIN lama yang Anda ketik tidak benar."},{"$i":"emMmiErrorBadPuk","$v":"PUK yang Anda ketik tidak benar"},{"$i":"emMmiErrorEnablePin","$v":"Tidak berhasil. Aktifkan SIM/RUIM LOCK"},{"$i":"emMmiErrorInvalidAction","$v":"Aksi tidak valid"},{"$i":"emMmiErrorInvalidPin","$v":"Ketik PIN 4 hingga 8 nomor"},{"$i":"emMmiErrorInvalidScCode","$v":"Kode layanan tidak valid"},{"$i":"emMmiErrorMismatchPin","$v":"PIN yang Anda ketik tidak cocok"},{"$i":"emMmiErrorMmiFdn","$v":"Operasi ditahan untuk memperbaiki nomor panggilan saja"},{"$i":"emMmiErrorNeedPuk2","$v":"Ketik PUK2 untuk lepas blokir kartu SIM"},{"$i":"emMmiErrorNeedsPuk","$v":"Kartu SIM Anda terkunci-PUK"},{"$i":"emMmiErrorNotSupported","$v":"Kode MMI tidak valid atau tidak didukung"},{"$i":"emMmiErrorPasswordIncorrect","$v":"Sandi Salah"},{"$i":"emMmiErrorPinPukAttempts","$v":{"few":[{"t":"idOrVar","v":"n"}," sisa percobaan ulang"],"many":[{"t":"idOrVar","v":"n"}," sisa percobaan ulang"],"one":["Hanya ",{"t":"idOrVar","v":"n"}," sisa percobaan ulang"],"other":[{"t":"idOrVar","v":"n"}," sisa percobaan ulang"],"two":[{"t":"idOrVar","v":"n"}," sisa percobaan ulang"]},"$x":[{"t":"idOrVar","v":"plural"},"n"]},{"$i":"emMmiErrorSimBlocked","$v":"Jumlah maksimal percobaan ulang terlamapaui. SIM diblokir"},{"$i":"emMmiErrorStkCcSsDial","$v":"Permintaan SS dimodifikasi untuk permintaan DIAL"},{"$i":"emMmiErrorStkCcSsSs","$v":"Permintaan SS dimodifikasi untuk permintaan SS baru"},{"$i":"emMmiErrorStkCcSsUssd","$v":"Permintaan SS dimodifikasi untuk permintaan USSD"},{"$i":"emMmiErrorStkCcUssdDial","$v":"Permintaan USSD dimodifikasi untuk permintaan DIAL"},{"$i":"emMmiErrorStkCcUssdSs","$v":"Permintaan USSD dimodifikasi untuk permintaan SS"},{"$i":"emMmiErrorStkCcUssdUssd","$v":"Permintaan USSD dimodifikasi untuk permintaan USSD baru"},{"$i":"fihVersion","$v":"Versi FIH"},{"$i":"imeiAndSvn","$v":"IMEI dan SVN"},{"$i":"internalVersion","$v":"Versi Internal"},{"$i":"serviceClassData","$v":"Data"},{"$i":"serviceClassDataAsync","$v":"Async"},{"$i":"serviceClassDataSync","$v":"Sinkronisasi"},{"$i":"serviceClassPacket","$v":"Paket"},{"$i":"serviceClassVoice","$v":"Suara"},{"$i":"smClirDefaultOffNextCallOff","$v":"ID Penelepon asali ke tidak dibatasi. Panggilan berikutnya: Tidak dibatasi"},{"$i":"smClirDefaultOffNextCallOn","$v":"ID Penelepon asali ke tidak dibatasi. Panggilan berikutnya: Dibatasi"},{"$i":"smClirDefaultOnNextCallOff","$v":"ID Penelepon aslinya diatur ke terbatas. Panggilan berikutnya: Tidak dibatasi"},{"$i":"smClirDefaultOnNextCallOn","$v":"ID Penelepon aslinya diatur ke terbatas. Panggilan berikutnya: Dibatasi"},{"$i":"smClirPermanent","$v":"Anda tidak dapat mengubah pengaturan ID pemanggil"},{"$i":"smPin2Changed","$v":"PIN2 berhasil diubah"},{"$i":"smPin2Unblocked","$v":"PIN2 berhasil lepas blokir"},{"$i":"smPinChanged","$v":"PIN berhasil diubah"},{"$i":"smPinUnblocked","$v":"PIN berhasil lepas blokir"},{"$i":"smServiceDisabled","$v":"Layanan telah dinonaktifkan"},{"$i":"smServiceEnabled","$v":"Layanan dinyalakan"},{"$i":"smServiceEnabledFor","$v":"Layanan dinyalakan untuk:"},{"$i":"smServiceErased","$v":"Penghapusan berhasil"},{"$i":"smServiceInterrogated","$v":"Permintaan berhasil"},{"$i":"smServiceNotProvisioned","$v":"Layanan tidak tersedia"},{"$i":"smServiceRegistered","$v":"Registrasi berhasil"},{"$i":"another","$v":"Lainnya"},{"$i":"current","$v":"Saat ini"},{"$i":"customTag","$v":"Tag kustom","placeholder":"Tag kustom"},{"$i":"faxHome","$v":"Fax rumah"},{"$i":"faxOffice","$v":"Fax kantor"},{"$i":"faxOther","$v":"Fax lainnya"},{"$i":"itemWithLabel","$v":[{"t":"idOrVar","v":"label"},", ",{"t":"idOrVar","v":"item"}]},{"$i":"label","$v":"Label"},{"$i":"other","$v":"Lainnya"},{"$i":"tcl-customTag","$v":"Tag kustom"},{"$i":"dateTimeFormat_%c","$v":"%a %b %e %Y %I:%M:%S %p"},{"$i":"dateTimeFormat_%x","$v":"%m/%d/%Y"},{"$i":"days-ago-long","$v":{"few":[{"t":"idOrVar","v":"value"}," hari yang lalu"],"many":[{"t":"idOrVar","v":"value"}," hari yang lalu"],"one":"kemarin","other":[{"t":"idOrVar","v":"value"}," hari yang lalu"],"two":[{"t":"idOrVar","v":"value"}," hari yang lalu"],"zero":"hari ini"},"$x":[{"t":"idOrVar","v":"plural"},"value"]},{"$i":"days-ago-short","$v":{"other":[{"t":"idOrVar","v":"value"},"h yang lalu"],"zero":"hari ini"},"$x":[{"t":"idOrVar","v":"plural"},"value"]},{"$i":"days-until-long","$v":{"few":["dalam ",{"t":"idOrVar","v":"value"}," hari"],"many":["dalam ",{"t":"idOrVar","v":"value"}," hari"],"one":"besok","other":["dalam ",{"t":"idOrVar","v":"value"}," hari"],"two":["dalam ",{"t":"idOrVar","v":"value"}," hari"],"zero":"hari ini"},"$x":[{"t":"idOrVar","v":"plural"},"value"]},{"$i":"days-until-short","$v":{"other":["dalam ",{"t":"idOrVar","v":"value"},"h"],"zero":"hari ini"},"$x":[{"t":"idOrVar","v":"plural"},"value"]},{"$i":"hours-ago-long","$v":{"few":[{"t":"idOrVar","v":"value"}," jam yang lalu"],"many":[{"t":"idOrVar","v":"value"}," jam yang lalu"],"one":"sejam yang lalu","other":[{"t":"idOrVar","v":"value"}," jam yang lalu"],"two":[{"t":"idOrVar","v":"value"}," jam yang lalu"],"zero":"baru saja"},"$x":[{"t":"idOrVar","v":"plural"},"value"]},{"$i":"hours-ago-short","$v":{"other":[{"t":"idOrVar","v":"value"},"j yang lalu"],"zero":"baru saja"},"$x":[{"t":"idOrVar","v":"plural"},"value"]},{"$i":"hours-until-long","$v":{"few":["dalam ",{"t":"idOrVar","v":"value"}," jam"],"many":["dalam ",{"t":"idOrVar","v":"value"}," jam"],"one":"dalam satu jam","other":["dalam ",{"t":"idOrVar","v":"value"}," jam"],"two":["dalam ",{"t":"idOrVar","v":"value"}," jam"],"zero":"sekarang"},"$x":[{"t":"idOrVar","v":"plural"},"value"]},{"$i":"hours-until-short","$v":{"other":["dalam ",{"t":"idOrVar","v":"value"},"j"],"zero":"sekarang"},"$x":[{"t":"idOrVar","v":"plural"},"value"]},{"$i":"incorrectDate","$v":"(tanggal salah)"},{"$i":"minutes-ago-long","$v":{"few":[{"t":"idOrVar","v":"value"}," menit yang lalu"],"many":[{"t":"idOrVar","v":"value"}," menit yang lalu"],"one":"semenit yang lalu","other":[{"t":"idOrVar","v":"value"}," menit yang lalu"],"two":[{"t":"idOrVar","v":"value"}," menit yang lalu"],"zero":"baru saja"},"$x":[{"t":"idOrVar","v":"plural"},"value"]},{"$i":"minutes-ago-short","$v":{"other":[{"t":"idOrVar","v":"value"},"menit yang lalu"],"zero":"baru saja"},"$x":[{"t":"idOrVar","v":"plural"},"value"]},{"$i":"minutes-until-long","$v":{"few":["dalam ",{"t":"idOrVar","v":"value"}," menit"],"many":["dalam ",{"t":"idOrVar","v":"value"}," menit"],"one":"dalam satu menit","other":["dalam ",{"t":"idOrVar","v":"value"}," menit"],"two":["dalam ",{"t":"idOrVar","v":"value"}," menit"],"zero":"sekarang"},"$x":[{"t":"idOrVar","v":"plural"},"value"]},{"$i":"minutes-until-short","$v":{"other":["dalam ",{"t":"idOrVar","v":"value"},"m"],"zero":"sekarang"},"$x":[{"t":"idOrVar","v":"plural"},"value"]},{"$i":"month-0-genitive","$v":"Januari"},{"$i":"month-0-long","$v":"Januari"},{"$i":"month-0-short","$v":"Jan"},{"$i":"month-1-genitive","$v":"Februari"},{"$i":"month-1-long","$v":"Februari"},{"$i":"month-1-short","$v":"Feb"},{"$i":"month-10-genitive","$v":"November"},{"$i":"month-10-long","$v":"November"},{"$i":"month-10-short","$v":"Nov"},{"$i":"month-11-genitive","$v":"Desember"},{"$i":"month-11-long","$v":"Desember"},{"$i":"month-11-short","$v":"Des"},{"$i":"month-2-genitive","$v":"Maret"},{"$i":"month-2-long","$v":"Maret"},{"$i":"month-2-short","$v":"Mar"},{"$i":"month-3-genitive","$v":"April"},{"$i":"month-3-long","$v":"April"},{"$i":"month-3-short","$v":"Apr"},{"$i":"month-4-genitive","$v":"Mei"},{"$i":"month-4-long","$v":"Mei"},{"$i":"month-4-short","$v":"Mei"},{"$i":"month-5-genitive","$v":"Juni"},{"$i":"month-5-long","$v":"Juni"},{"$i":"month-5-short","$v":"Jun"},{"$i":"month-6-genitive","$v":"Juli"},{"$i":"month-6-long","$v":"Juli"},{"$i":"month-6-short","$v":"Jul"},{"$i":"month-7-genitive","$v":"Agustus"},{"$i":"month-7-long","$v":"Agustus"},{"$i":"month-7-short","$v":"Agt"},{"$i":"month-8-genitive","$v":"September"},{"$i":"month-8-long","$v":"September"},{"$i":"month-8-short","$v":"Sep"},{"$i":"month-9-genitive","$v":"Oktober"},{"$i":"month-9-long","$v":"Oktober"},{"$i":"month-9-short","$v":"Okt"},{"$i":"months-ago-long","$v":{"few":[{"t":"idOrVar","v":"value"}," bulan yang lalu"],"many":[{"t":"idOrVar","v":"value"}," bulan yang lalu"],"one":"bulan lalu","other":[{"t":"idOrVar","v":"value"}," bulan yang lalu"],"two":[{"t":"idOrVar","v":"value"}," bulan yang lalu"],"zero":"bulan ini"},"$x":[{"t":"idOrVar","v":"plural"},"value"]},{"$i":"months-until-long","$v":{"few":["dalam ",{"t":"idOrVar","v":"value"}," bulan"],"many":["dalam ",{"t":"idOrVar","v":"value"}," bulan"],"one":"bulan depan","other":["dalam ",{"t":"idOrVar","v":"value"}," bulan"],"two":["dalam ",{"t":"idOrVar","v":"value"}," bulan"],"zero":"bulan ini"},"$x":[{"t":"idOrVar","v":"plural"},"value"]},{"$i":"shortDateTimeFormat","$v":"%x %I:%M %p"},{"$i":"shortTimeFormat","$v":"%I:%M %p"},{"$i":"shortTimeFormat12","$v":"%I:%M %p"},{"$i":"shortTimeFormat24","$v":"%H:%M"},{"$i":"time_am","$v":"AM"},{"$i":"time_pm","$v":"PM"},{"$i":"weekday-0-long","$v":"Minggu"},{"$i":"weekday-0-short","$v":"Min"},{"$i":"weekday-1-long","$v":"Senin"},{"$i":"weekday-1-short","$v":"Sen"},{"$i":"weekday-2-long","$v":"Selasa"},{"$i":"weekday-2-short","$v":"Sel"},{"$i":"weekday-3-long","$v":"Rabu"},{"$i":"weekday-3-short","$v":"Rab"},{"$i":"weekday-4-long","$v":"Kamis"},{"$i":"weekday-4-short","$v":"Kam"},{"$i":"weekday-5-long","$v":"Jumat"},{"$i":"weekday-5-short","$v":"Jum"},{"$i":"weekday-6-long","$v":"Sabtu"},{"$i":"weekday-6-short","$v":"Sab"},{"$i":"weeks-ago-long","$v":{"few":[{"t":"idOrVar","v":"value"}," pekan yang lalu"],"many":[{"t":"idOrVar","v":"value"}," pekan yang lalu"],"one":"pekan lalu","other":[{"t":"idOrVar","v":"value"}," pekan yang lalu"],"two":[{"t":"idOrVar","v":"value"}," pekan yang lalu"],"zero":"pekan ini"},"$x":[{"t":"idOrVar","v":"plural"},"value"]},{"$i":"weeks-until-long","$v":{"few":["dalam ",{"t":"idOrVar","v":"value"}," pekan"],"many":["dalam ",{"t":"idOrVar","v":"value"}," pekan"],"one":"pekan depan","other":["dalam ",{"t":"idOrVar","v":"value"}," pekan"],"two":["dalam ",{"t":"idOrVar","v":"value"}," pekan"],"zero":"pekan ini"},"$x":[{"t":"idOrVar","v":"plural"},"value"]},{"$i":"years-ago-long","$v":{"few":[{"t":"idOrVar","v":"value"}," tahun yang lalu"],"many":[{"t":"idOrVar","v":"value"}," tahun yang lalu"],"one":"tahun lalu","other":[{"t":"idOrVar","v":"value"}," tahun yang lalu"],"two":[{"t":"idOrVar","v":"value"}," tahun yang lalu"],"zero":"tahun ini"},"$x":[{"t":"idOrVar","v":"plural"},"value"]},{"$i":"years-until-long","$v":{"few":["dalam ",{"t":"idOrVar","v":"value"}," tahun"],"many":["dalam ",{"t":"idOrVar","v":"value"}," tahun"],"one":"tahun depan","other":["dalam ",{"t":"idOrVar","v":"value"}," tahun"],"two":["dalam ",{"t":"idOrVar","v":"value"}," tahun"],"zero":"tahun ini"},"$x":[{"t":"idOrVar","v":"plural"},"value"]},{"$i":"dateTimeFormat_%X","$v":"%I:%M:%S %p"},{"$i":"weekStartsOnMonday","$v":"0"},{"$i":"firstDayOfTheWeek","$v":"0"}]