[{"$i":"clockDateFormat","$v":"%a, %e %b"},{"$i":"deviceIsUnlocked","$v":"Tæki er ólæst"},{"$i":"simUnlockCodeAccepted","$v":"SIM-opnunarkóði samþ."},{"$i":"simUnlockCodeFailed","$v":"Ekki tókst að opna SIM-kort"},{"$i":"eccOnly","$v":"Aðeins neyðarsímtöl"},{"$i":"emergencyCallsOnly","$v":"Aðeins neyðarsímtöl"},{"$i":"lockedSim","$v":"Læst SIM"},{"$i":"noService","$v":"Utan símkerfis"},{"$i":"noSimCard","$v":"Ekkert SIM-kort"},{"$i":"searching","$v":"Leitar …"},{"$i":"airplane-mode","$v":"Flugstilling"},{"$i":"bluetooth","$v":"Bluetooth"},{"$i":"brightness","$v":"Birtustig"},{"$i":"calculator","$v":"Reiknivél"},{"$i":"camera","$v":"Myndavél"},{"$i":"cellular-data","$v":"Farsímagögn"},{"$i":"confirm-to-uninstall-app","$v":["Fjarl. forritið ",{"t":"idOrVar","v":"appName"},"?"]},{"$i":"flashlight","$v":"Vasaljós"},{"$i":"instant-settings","$v":"skyndistillingar"},{"$i":"off","$v":"Sl."},{"$i":"on","$v":"Kv."},{"$i":"shortcuts","$v":"Flýtileiðir"},{"$i":"uninstall","$v":"Fjarlægja"},{"$i":"volume","$v":"Hljóðst."},{"$i":"wifi","$v":"Wi-Fi"},{"$i":"percentage-number","$v":[{"t":"idOrVar","v":"number"},"%"]},{"$i":"all-apps","$v":"Öll forr."},{"$i":"scImei","$v":"IMEI-nr."},{"$i":"scMeid","$v":"MEID-nr."},{"$i":"scUssd","$v":"USSD"},{"$i":"CallFailed","$v":"Símtal mistókst"},{"$i":"GenericFailure","$v":"Almenn bilun"},{"$i":"add-smart-collections","$v":"Bæta við snjallsöfnum"},{"$i":"add-to-existing-contact","$v":"Bæta við fyrirl. tengilið"},{"$i":"alert-for-contacts-without-number","$v":"Það eru engir tiltækir tengiliðir með símanúmer."},{"$i":"app-title","$v":"Forr. mín"},{"$i":"app-uninstall","$v":[{"t":"idOrVar","v":"name"}," var fjarlægt"]},{"$i":"assign","$v":"Úthluta"},{"$i":"assign-speed-dial","$v":["Tengilið var ekki bætt við sem hraðvali á hnappi ",{"t":"idOrVar","v":"n"},". Úthluta núna?"]},{"$i":"assign-voicemail","$v":"Talhólfsnúmer hefur ekki verið valið."},{"$i":"call","$v":"Hringja"},{"$i":"callAirplaneModeMessage","$v":"Til að hringja þarftu að slökkva á flugstillingu í stillingum."},{"$i":"callAirplaneModeTitle","$v":"Flugstilling virkjuð"},{"$i":"cancel","$v":"H. við"},{"$i":"change-wallpaper","$v":"Br. veggfóðri"},{"$i":"clocks-updated","$v":"Klukkur uppf."},{"$i":"confirmation","$v":"Staðfesting"},{"$i":"contacts","$v":"Tengil."},{"$i":"create-new-contact","$v":"Búa til nýjan tengil."},{"$i":"delete","$v":"Eyða"},{"$i":"delete-body","$v":[{"t":"idOrVar","v":"name"}," og öllum gögnum þess verður eytt."]},{"$i":"delete-title","$v":["Eyða ",{"t":"idOrVar","v":"name"}]},{"$i":"edit","$v":"Breyta"},{"$i":"edit-done","$v":"Lokið"},{"$i":"edit-group-header","$v":"Br. hópi"},{"$i":"edit-mode","$v":"Br."},{"$i":"emergency-call-error","$v":[{"t":"idOrVar","v":"number"}," er ekki neyðarnúmer."]},{"$i":"emergency-call-only","$v":"Aðeins neyðarsímtöl"},{"$i":"emergencyDialogBodyBadNumber","$v":"Til að hringja þarf síminn að vera nettengdur."},{"$i":"emergencyDialogBodyDeviceNotAccepted","$v":"Símkerfið leyfir ekki neyðarsímtöl."},{"$i":"emergencyDialogTitle","$v":"Engin Tenging Við Símkerfi"},{"$i":"fax-home","$v":"Fax (heima)"},{"$i":"fax-office","$v":"Fax (skrifst.)"},{"$i":"fax-other","$v":"Fax (annað)"},{"$i":"fdnIsActiveMessage","$v":["Fast númeraval (FDN) er virkt og eftirfarandi númer er ekki á lista yfir fast númeraval: ",{"t":"idOrVar","v":"number"}]},{"$i":"fdnIsActiveTitle","$v":"Fast númeraval virkt"},{"$i":"gaia-shortcut-app-updated","$v":"Forr. uppf."},{"$i":"grid-view","$v":"Tafla"},{"$i":"home","$v":"Heim"},{"$i":"homescreen-settings","$v":"Still. heimaskjás"},{"$i":"invalidNumberToDialMessage","$v":"Símanúmerið sem þú hringir í er ekki gilt."},{"$i":"invalidNumberToDialTitle","$v":"Ógilt símanúmer"},{"$i":"list-view","$v":"Listayfirlit"},{"$i":"longDateFormat","$v":"%A, %B %e"},{"$i":"menu","$v":"Valmynd"},{"$i":"message","$v":"Skilaboð"},{"$i":"mobile","$v":"Farsími"},{"$i":"more","$v":"Meira"},{"$i":"move","$v":"Færa"},{"$i":"notifications","$v":"Tilk."},{"$i":"numberIsBusyMessage","$v":"Símanúmerið er á tali. Reyndu aftur síðar."},{"$i":"numberIsBusyTitle","$v":"Númerið er á tali"},{"$i":"ok","$v":"Í lagi"},{"$i":"option-remove","$v":"Fjarlægja úr hraðvali"},{"$i":"option-replace","$v":"Skipta út"},{"$i":"options","$v":"Valkostir"},{"$i":"otherConnectionInUseMessage","$v":"Þú ert með símtal í gangi á annarri tengingu. Þú getur aðeins notað eina tengingu í einu."},{"$i":"otherConnectionInUseTitle","$v":"Önnur tenging í notkun"},{"$i":"personal","$v":"Persónulegt"},{"$i":"remove","$v":"Fjarlægja"},{"$i":"remove-speed-dial","$v":["Viltu örugglega fjarlægja ",{"t":"idOrVar","v":"name"}," úr hraðvali?"]},{"$i":"replace","$v":"Skipta út"},{"$i":"replace-speed-dial","$v":["Viltu örugglega skipta ",{"t":"idOrVar","v":"name"}," út fyrir ",{"t":"idOrVar","v":"subName"},"?"]},{"$i":"resume-download-action","$v":"Niðurhal"},{"$i":"resume-download-body","$v":["Viltu sækja ",{"t":"idOrVar","v":"name"},"?"]},{"$i":"resume-download-title","$v":"Endurræsa niðurhal"},{"$i":"scCallBarring","$v":"Útil. símt."},{"$i":"scCallForwarding","$v":"Framsend. símt."},{"$i":"scCallWaiting","$v":"Símtal bíður"},{"$i":"scClip","$v":"Númerabirting"},{"$i":"scClir","$v":"Númerab. fyrir h. símt."},{"$i":"scPin","$v":"PIN-nr. breytt"},{"$i":"scPin2","$v":"PIN2-nr. breytt"},{"$i":"scPuk","$v":"PIN-nr. fyrir opnun"},{"$i":"scPuk2","$v":"PIN2-nr. fyrir opnun"},{"$i":"scPwd","$v":"Aðgangsorði breytt"},{"$i":"search-or-enter-address","placeholder":"Leita/slá inn veffang"},{"$i":"select","$v":"Velja"},{"$i":"sending","$v":"Sendir …"},{"$i":"set","$v":"Stilla"},{"$i":"settings","$v":"Stillingar"},{"$i":"single-view","$v":"Stakt yfirlit"},{"$i":"skip","$v":"Sleppa"},{"$i":"speed-dial","$v":"Hraðval"},{"$i":"speed-dial-empty","ariaLabel":[{"t":"idOrVar","v":"order"},", tóm"]},{"$i":"speed-dial-not-empty","ariaLabel":[{"t":"idOrVar","v":"order"},", ",{"t":"idOrVar","v":"name"}]},{"$i":"stop-download-action","$v":"Stöðva"},{"$i":"stop-download-body","$v":"Viltu stöðva niðurhalið sem stendur yfir?"},{"$i":"stop-download-title","$v":["Stöðva ",{"t":"idOrVar","v":"name"}]},{"$i":"tcl-wallpaper-changed","$v":"Veggfóðri breytt"},{"$i":"video-call","$v":"Myndsímtal"},{"$i":"voicemail","$v":"Talhólf"},{"$i":"work","$v":"Vinna"},{"$i":"apps","$v":"Forr."},{"$i":"nocard-eccOnly","$v":"No SIM card-Emergency calls only"},{"$i":"unusablecard-eccOnly","$v":"Unusable SIM card-Emergency calls only"},{"$i":"apn-sim1","$v":"Still. aðgangsstaðar – SIM1"},{"$i":"apn-sim2","$v":"Still. aðgangsstaðar – SIM2"},{"$i":"apnConfigPrepay","$v":"Fyrirframgreiðsla"},{"$i":"apnConfigPostpay","$v":"Greiðsla eftir á"},{"$i":"apn-defaultconfig-message","$v":"Stilla hvaða gerð af APN á að sýna"},{"$i":"apnDefaultConfig","$v":"Sjálfgefin grunnst. APN"},{"$i":"without-sim-new","$v":[{"t":"idOrVar","v":"index"}]},{"$i":"with-sim-new","$v":[{"t":"idOrVar","v":"index"}," - ",{"t":"idOrVar","v":"carrier"}]},{"$i":"sim-with-index-and-carrier","$v":["SIM-kort ",{"t":"idOrVar","v":"index"}," - ",{"t":"idOrVar","v":"carrier"}]},{"$i":"sim-without-carrier","$v":["SIM-kort ",{"t":"idOrVar","v":"index"}]},{"$i":"call-forwarding-voice-after-seconds","$v":["Rödd: ",{"t":"idOrVar","v":"voice"}," eftir",{"t":"idOrVar","v":"timeSeconds"}," sekúndur"]},{"$i":"addNewNumber","$v":"Bæta við nýju nr."},{"$i":"addToExistingContact","$v":"Bæta við fyrirl. tengilið"},{"$i":"all","$v":"Allt","ariaLabel":"Allt"},{"$i":"bluetooth-handsfree-device","$v":"Handfrjálst Bluetooth-tæki"},{"$i":"bluetoothOption","ariaLabel":"Bluetooth"},{"$i":"callDurationHours","$v":[{"t":"idOrVar","v":"h"},":",{"t":"idOrVar","v":"m"},":",{"t":"idOrVar","v":"s"}]},{"$i":"callDurationMinutes","$v":[{"t":"idOrVar","v":"m"},":",{"t":"idOrVar","v":"s"}]},{"$i":"callDurationTextFormatHours","$v":[{"t":"idOrVar","v":"h"}," k ",{"t":"idOrVar","v":"m"}," m ",{"t":"idOrVar","v":"s"}," s"]},{"$i":"callDurationTextFormatMinutes","$v":[{"t":"idOrVar","v":"m"}," mín. ",{"t":"idOrVar","v":"s"}," sek."]},{"$i":"callDurationTextFormatSeconds","$v":[{"t":"idOrVar","v":"s"}," sek."]},{"$i":"callEnded","$v":"Símt. lokið"},{"$i":"callInformation","$v":"Uppl. um símtal"},{"$i":"callLog","$v":"Símtalaskrá"},{"$i":"callLogEdit","title":"Br. símtalaskrá"},{"$i":"callLogEditDialog","ariaLabel":"Svargl. f. br. símtalaskr."},{"$i":"caller-left-call","$v":[{"t":"idOrVar","v":"caller"}," hefur yfirgefið símtalið."]},{"$i":"calllog-all","$v":"Allt"},{"$i":"calllog-deselectAll","$v":"Velja ekkert"},{"$i":"calllog-none","$v":"Ekkert"},{"$i":"calllog-selectAll","$v":"Velja allt"},{"$i":"canceled","$v":"Hætt við"},{"$i":"clear-all-text","$v":"Hreinsa allan texta"},{"$i":"close","$v":"Loka"},{"$i":"composeEmail","ariaLabel":"Póstur"},{"$i":"conferenceAddError","$v":"Ekki hægt að sameina símtöl"},{"$i":"conferenceCall","$v":["Símafundur (",{"t":"idOrVar","v":"n"},")"]},{"$i":"conferenceRemoveError","$v":"Ekki hægt að aðsk. símtöl"},{"$i":"confirm-deletion","$v":"Hreinsa valin símtöl?"},{"$i":"connecting","$v":"Tengist"},{"$i":"connectingEllipsis","$v":"Tengist …"},{"$i":"contactDetails","$v":"Uppl. um tengilið"},{"$i":"createNewContact","$v":"Búa til nýjan tengil."},{"$i":"delete-n-log?","$v":{"few":["Eyða ",{"t":"idOrVar","v":"n"}," skrám?"],"many":["Eyða ",{"t":"idOrVar","v":"n"}," skrám?"],"one":"Eyða valinni skrá?","other":["Eyða ",{"t":"idOrVar","v":"n"}," skrám?"],"two":["Eyða ",{"t":"idOrVar","v":"n"}," skrám?"],"zero":"Ekkert valið"},"$x":[{"t":"idOrVar","v":"plural"},"n"]},{"$i":"deselect","$v":"Afturkalla"},{"$i":"dialed","$v":"Hringt"},{"$i":"dialer-prompt","$v":"Hringdu í númer eða veldu tengilið til að bæta við símtal"},{"$i":"dialerAddContact","ariaLabel":"Bæta tengil. við"},{"$i":"dialerAddContactDialog","ariaLabel":"Svargl. til að bæta tengil. við"},{"$i":"edit-selected","$v":{"few":["valið (",{"t":"idOrVar","v":"n"},")"],"many":["valið (",{"t":"idOrVar","v":"n"},")"],"one":["valið (",{"t":"idOrVar","v":"n"},")"],"other":["valið (",{"t":"idOrVar","v":"n"},")"],"two":["valið (",{"t":"idOrVar","v":"n"},")"]},"$x":[{"t":"idOrVar","v":"plural"},"n"]},{"$i":"emailDetail","ariaLabel":"Póstur"},{"$i":"from-contact","$v":["Frá ",{"t":"idOrVar","v":"contact"}]},{"$i":"from-number","$v":["Frá ",{"t":"idOrVar","v":"number"}]},{"$i":"from-withheld-number","$v":"Frá óþekktu númeri"},{"$i":"hangup-a11y-button","ariaLabel":"Leggja á"},{"$i":"hide","$v":"Fela"},{"$i":"hideKeypad","ariaLabel":"Fela takkaborð"},{"$i":"hold","ariaLabel":"Í bið"},{"$i":"hours","$v":"klst."},{"$i":"ignore","$v":"Hunsa símtal"},{"$i":"incoming","$v":"Berst"},{"$i":"incoming-call","$v":"Símtal berst"},{"$i":"info-missed","$v":"Ósvarað"},{"$i":"keypad","ariaLabel":"Takkaborð"},{"$i":"log-item","$v":"Valkostir"},{"$i":"makeCall","ariaLabel":"Hringja símtal"},{"$i":"merge","ariaLabel":"Sameina"},{"$i":"minutes","$v":"mínútur"},{"$i":"missed","$v":"Ósvarað","ariaLabel":"Ósvarað"},{"$i":"missedCall","$v":"Ósv. símtal"},{"$i":"missedCallMultiSims","$v":["(SIM ",{"t":"idOrVar","v":"n"},") ósv. símtal"]},{"$i":"mmi-error","$v":"Villa kom upp þegar skilaboðin voru send"},{"$i":"mmi-notification-title-with-sim","$v":["(",{"t":"idOrVar","v":"sim"},") ",{"t":"idOrVar","v":"title"}]},{"$i":"mmi-session-expired","$v":"Lota rann út"},{"$i":"mmi-successfully-sent","$v":"Skilaboð send"},{"$i":"mute","ariaLabel":"Þagga"},{"$i":"newCall","ariaLabel":"Nýtt símtal"},{"$i":"no-logs-msg-1","$v":"Engin símtöl tekin upp"},{"$i":"no-logs-msg-2","$v":"Hefja samskipti núna"},{"$i":"no-logs-msg-3","$v":"Engin símtöl tekin upp"},{"$i":"no-logs-msg-4","$v":"Hefja samskipti núna"},{"$i":"no-recent-numbers","$v":"Engin nýleg númer í símtalaskrá til að hringja í."},{"$i":"onHoldOption","ariaLabel":"Í bið"},{"$i":"outgoing","$v":"Hringt"},{"$i":"outgoing-call","$v":"Hringt símtal"},{"$i":"phoneDetail","ariaLabel":"Sími"},{"$i":"pickup-a11y-button","ariaLabel":"Afhending"},{"$i":"received","$v":"Móttekið"},{"$i":"receiver","$v":"Viðtakandi"},{"$i":"recents","ariaLabel":"Nýleg símtöl"},{"$i":"reply","$v":"Svara"},{"$i":"resume","$v":"Halda áfram","ariaLabel":"Halda áfram"},{"$i":"search-results","$v":"Leitarniðurstöður"},{"$i":"seconds","$v":"sekúndur"},{"$i":"select-audio-sources","$v":"Velja hljóðgjafa"},{"$i":"send","$v":"Senda"},{"$i":"send-sms-button","ariaLabel":"SMS"},{"$i":"sendSms","$v":"Senda skilaboð"},{"$i":"separator","$v":","},{"$i":"sim-number","$v":["SIM",{"t":"idOrVar","v":"n"},"-kort"]},{"$i":"speaker","$v":"Hátalari"},{"$i":"speakerOption","ariaLabel":"Hátalari"},{"$i":"suggestionMatches","$v":{"few":[{"t":"idOrVar","v":"n"}," samsv. fyrir „",{"t":"idOrVar","v":"matchNumber"},"“"],"many":[{"t":"idOrVar","v":"n"}," samsv. fyrir „",{"t":"idOrVar","v":"matchNumber"},"“"],"one":[{"t":"idOrVar","v":"n"}," samsv. fyrir „",{"t":"idOrVar","v":"matchNumber"},"“"],"other":[{"t":"idOrVar","v":"n"}," samsv. fyrir „",{"t":"idOrVar","v":"matchNumber"},"“"],"two":[{"t":"idOrVar","v":"n"}," samsv. fyrir „",{"t":"idOrVar","v":"matchNumber"},"“"]},"$x":[{"t":"idOrVar","v":"plural"},"n"]},{"$i":"switch-calls","$v":"Skipta um símtal"},{"$i":"tcl-assign","$v":"Úthluta"},{"$i":"tcl-assign-speed-dial","$v":{"$o":["Tengilið var ekki bætt við sem hraðvali á hnappi „",{"t":"idOrVar","v":"speedDial"},"“<br></br>Úthluta núna?"]}},{"$i":"tcl-call-log-delete-group-notification","$v":[{"t":"idOrVar","v":"n"}," færslum var eytt"]},{"$i":"tcl-calllog-entry-removed-err-notification","$v":"Ekki hægt að fjarl. færslu í símtalaskrá"},{"$i":"tcl-calllog-entry-removed-succ-notification","$v":"Færsla í símtalaskrá fjarl."},{"$i":"tcl-cancel","$v":"H. við"},{"$i":"tcl-confirmation","$v":"Staðfesting"},{"$i":"tcl-delete-log","$v":"Viltu örugglega eyða völdum færslum úr símtalaskránni?"},{"$i":"tcl-dialer","$v":"Númeraval"},{"$i":"tcl-edit-not-selected","$v":"valið (0)"},{"$i":"tcl-option-menu-call-log-edit","$v":"Br. símtalaskrá"},{"$i":"today","$v":"Í dag"},{"$i":"toggleKeypad","ariaLabel":"Lyklab. með víxlhn."},{"$i":"type-your-response","placeholder":"Sláðu inn svarið ..."},{"$i":"unknown","$v":"Óþekkt"},{"$i":"unlock-a11y-button","ariaLabel":"Sleði"},{"$i":"ussd-services","$v":[{"t":"idOrVar","v":"operator"},"-þjónusta"]},{"$i":"via-sim","$v":["um SIM",{"t":"idOrVar","v":"n"}]},{"$i":"view-all","$v":"Sjá allt"},{"$i":"wifi-calling","$v":"Wi-Fi símtöl"},{"$i":"withheld-number","$v":"Óþekkt"},{"$i":"yesterday","$v":"Í gær"},{"$i":"SimPin2","$v":"PIN2-nr. SIM-korts"},{"$i":"SimPuk2","$v":"PUK2-nr. SIM-korts"},{"$i":"serviceClassFax","$v":"FAX"},{"$i":"serviceClassPad","$v":"PAD"},{"$i":"serviceClassSms","$v":"SMS"},{"$i":"DialModifiedToDial","$v":"Dial modified to dial"},{"$i":"DialModifiedToSs","$v":"Dial modified to SS"},{"$i":"DialModifiedToUssd","$v":"Dial modified to USSD"},{"$i":"FdnCheckFailure","$v":"Ath. á föstu númeravali mist."},{"$i":"IllegalSimOrMe","$v":"Ólöglegt SIM eða ME"},{"$i":"InvalidParameter","$v":"Ógild færibreyta"},{"$i":"ModeNotSupported","$v":"Stilling ekki studd"},{"$i":"OpNotAllowedDuringVoiceCall","$v":"Aðg. ekki leyfð meðan símt. stendur yfir"},{"$i":"PasswordIncorrect","$v":"Rangt aðgangsorð"},{"$i":"RadioNotAvailable","$v":"Radio not available"},{"$i":"RejectedByRemote","$v":"Hafnað með fjarst."},{"$i":"RequestNotSupported","$v":"Beiðni ekki studd"},{"$i":"ServiceIsDisabled","$v":"Slökkt á þjónustu"},{"$i":"ServiceIsEnabled","$v":"Kveikt á þjónustu"},{"$i":"ServiceIsEnabledFor","$v":"Kveikt á þjónustu fyrir:"},{"$i":"SimAbsent","$v":"SIM-kort greinist ekki"},{"$i":"SmsSendFailRetry","$v":"SMS send fail retry"},{"$i":"SsModifiedToDial","$v":"SS modified to dial"},{"$i":"SsModifiedToSs","$v":"SS modified to SS"},{"$i":"SsModifiedToUssd","$v":"SS modified to USSD"},{"$i":"SubscriptionNotAvailable","$v":"Áskrift ekki í boði"},{"$i":"SubscriptionNotSupported","$v":"Áskrift ekki studd"},{"$i":"UssdModifiedToDial","$v":"USSD modified to dial"},{"$i":"UssdModifiedToSs","$v":"USSD modified to SS"},{"$i":"UssdModifiedToUssd","$v":"USSD modified to USSD"},{"$i":"call-forwarding-async","$v":["Ósamstillt: ",{"t":"idOrVar","v":"async"}]},{"$i":"call-forwarding-data","$v":["Gögn: ",{"t":"idOrVar","v":"data"}]},{"$i":"call-forwarding-error","$v":"Villa kom upp við að sækja stöðu framsendingar símtala"},{"$i":"call-forwarding-fax","$v":["FAX: ",{"t":"idOrVar","v":"fax"}]},{"$i":"call-forwarding-inactive","$v":"Óvirkt"},{"$i":"call-forwarding-packet","$v":["Pakki: ",{"t":"idOrVar","v":"packet"}]},{"$i":"call-forwarding-pad","$v":["PAD: ",{"t":"idOrVar","v":"pad"}]},{"$i":"call-forwarding-sms","$v":["SMS: ",{"t":"idOrVar","v":"sms"}]},{"$i":"call-forwarding-status","$v":"Staða framsend. símt."},{"$i":"call-forwarding-sync","$v":["Samstillt: ",{"t":"idOrVar","v":"sync"}]},{"$i":"call-forwarding-voice","$v":["Rödd: ",{"t":"idOrVar","v":"voice"}]},{"$i":"emMmiError","$v":"Vandamál með tengingu eða ógilt MMI-nr."},{"$i":"emMmiErrorBadPin","$v":"Gamla PIN-nr. sem þú slóst inn er rangt."},{"$i":"emMmiErrorBadPuk","$v":"PUK-nr. sem þú slóst inn er rangt"},{"$i":"emMmiErrorEnablePin","$v":"Mist. Kv. á LÁS SIM-/RUIM-KORTS"},{"$i":"emMmiErrorInvalidAction","$v":"Ógild aðgerð"},{"$i":"emMmiErrorInvalidPin","$v":"Sláðu inn 4 til 8 tölustafa PIN-nr."},{"$i":"emMmiErrorInvalidScCode","$v":"Ógildur þjónustukóði"},{"$i":"emMmiErrorMismatchPin","$v":"Innslegin PIN-númer stemma ekki"},{"$i":"emMmiErrorMmiFdn","$v":"Aðg. er takm. við nr. í föstu númeravali"},{"$i":"emMmiErrorNeedPuk2","$v":"Sláðu inn PUK2-nr. til að opna fyrir SIM-kort"},{"$i":"emMmiErrorNeedsPuk","$v":"SIM-kortið er varið með PUK-nr."},{"$i":"emMmiErrorNotSupported","$v":"Ógilt eða óstutt MMI-númer"},{"$i":"emMmiErrorPasswordIncorrect","$v":"Rangt aðgangsorð"},{"$i":"emMmiErrorPinPukAttempts","$v":{"few":[{"t":"idOrVar","v":"n"}," tilraunir eftir"],"many":[{"t":"idOrVar","v":"n"}," tilraunir eftir"],"one":["Eing. ",{"t":"idOrVar","v":"n"}," tilr. eftir"],"other":[{"t":"idOrVar","v":"n"}," tilraunir eftir"],"two":[{"t":"idOrVar","v":"n"}," tilraunir eftir"]},"$x":[{"t":"idOrVar","v":"plural"},"n"]},{"$i":"emMmiErrorSimBlocked","$v":"Hámarksfjölda tilrauna náð. Lokað fyrir SIM-kort"},{"$i":"emMmiErrorStkCcSsDial","$v":"SS-beiðni breytt í símtalsbeiðni"},{"$i":"emMmiErrorStkCcSsSs","$v":"SS-beiðni br. í nýja SS-beiðni"},{"$i":"emMmiErrorStkCcSsUssd","$v":"SS-beiðni br. í nýja USSD-beiðni"},{"$i":"emMmiErrorStkCcUssdDial","$v":"USSD-beiðni breytt í símtalsbeiðni"},{"$i":"emMmiErrorStkCcUssdSs","$v":"USSD-beiðni breytt í SS-beiðni"},{"$i":"emMmiErrorStkCcUssdUssd","$v":"USSD-beiðni breytt í nýja USSD-beiðni"},{"$i":"fihVersion","$v":"FIH-útgáfa"},{"$i":"imeiAndSvn","$v":"IMEI og SVN"},{"$i":"internalVersion","$v":"Innri útgáfa"},{"$i":"serviceClassData","$v":"Gögn"},{"$i":"serviceClassDataAsync","$v":"Ósamst."},{"$i":"serviceClassDataSync","$v":"Samst."},{"$i":"serviceClassPacket","$v":"Pakki"},{"$i":"serviceClassVoice","$v":"Rödd"},{"$i":"smClirDefaultOffNextCallOff","$v":"Númerabirting sjálfg. ekki takm. Næsta símtal: Ekki takmarkað"},{"$i":"smClirDefaultOffNextCallOn","$v":"Númerabirting sjálfg. ekki takm. Næsta símtal: Takmarkað"},{"$i":"smClirDefaultOnNextCallOff","$v":"Númerabirting sjálfg. takm. Næsta símtal: Ekki takmarkað"},{"$i":"smClirDefaultOnNextCallOn","$v":"Númerabirt. sjálfg. takm. Næ. símt.: Takm."},{"$i":"smClirPermanent","$v":"Þú getur ekki breytt still. númerabirt."},{"$i":"smPin2Changed","$v":"PIN2-nr. var breytt"},{"$i":"smPin2Unblocked","$v":"Opnað var fyrir PIN2-nr."},{"$i":"smPinChanged","$v":"PIN-nr. breytt"},{"$i":"smPinUnblocked","$v":"Opnað fyrir PIN-nr."},{"$i":"smServiceDisabled","$v":"Slökkt var á þjónustu"},{"$i":"smServiceEnabled","$v":"Kveikt var á þjónustu"},{"$i":"smServiceEnabledFor","$v":"Kveikt var þjónustu fyrir:"},{"$i":"smServiceErased","$v":"Eyðing tókst"},{"$i":"smServiceInterrogated","$v":"Beiðni tókst"},{"$i":"smServiceNotProvisioned","$v":"Þjónustu ekki úthlutað"},{"$i":"smServiceRegistered","$v":"Skráning tókst"},{"$i":"another","$v":"Annað"},{"$i":"current","$v":"Núverandi"},{"$i":"customTag","$v":"Sérsn. merki","placeholder":"Sérsn. merki"},{"$i":"faxHome","$v":"Fax (heima)"},{"$i":"faxOffice","$v":"Fax (skrifst.)"},{"$i":"faxOther","$v":"Fax (annað)"},{"$i":"itemWithLabel","$v":[{"t":"idOrVar","v":"label"},", ",{"t":"idOrVar","v":"item"}]},{"$i":"label","$v":"Merki"},{"$i":"other","$v":"Annað"},{"$i":"tcl-customTag","$v":"Sérsn. merki"},{"$i":"dateTimeFormat_%c","$v":"%a %b %e %Y %I:%M:%S %p"},{"$i":"dateTimeFormat_%x","$v":"%m/%d/%Y"},{"$i":"days-ago-long","$v":{"few":["Fyrir ",{"t":"idOrVar","v":"value"}," dögum"],"many":["Fyrir ",{"t":"idOrVar","v":"value"}," dögum"],"one":"í gær","other":["Fyrir ",{"t":"idOrVar","v":"value"}," dögum"],"two":["Fyrir ",{"t":"idOrVar","v":"value"}," dögum"],"zero":"í dag"},"$x":[{"t":"idOrVar","v":"plural"},"value"]},{"$i":"days-ago-short","$v":{"other":["Fyrir ",{"t":"idOrVar","v":"value"}," d."],"zero":"í dag"},"$x":[{"t":"idOrVar","v":"plural"},"value"]},{"$i":"days-until-long","$v":{"few":["eftir ",{"t":"idOrVar","v":"value"}," daga"],"many":["eftir ",{"t":"idOrVar","v":"value"}," daga"],"one":"á morgun","other":["eftir ",{"t":"idOrVar","v":"value"}," daga"],"two":["eftir ",{"t":"idOrVar","v":"value"}," daga"],"zero":"í dag"},"$x":[{"t":"idOrVar","v":"plural"},"value"]},{"$i":"days-until-short","$v":{"other":["eftir ",{"t":"idOrVar","v":"value"}," d"],"zero":"í dag"},"$x":[{"t":"idOrVar","v":"plural"},"value"]},{"$i":"hours-ago-long","$v":{"few":["Fyrir ",{"t":"idOrVar","v":"value"}," klst."],"many":["Fyrir ",{"t":"idOrVar","v":"value"}," klst."],"one":"fyrir klst.","other":["Fyrir ",{"t":"idOrVar","v":"value"}," klst."],"two":["Fyrir ",{"t":"idOrVar","v":"value"}," klst."],"zero":"rétt í þessu"},"$x":[{"t":"idOrVar","v":"plural"},"value"]},{"$i":"hours-ago-short","$v":{"other":["Fyrir ",{"t":"idOrVar","v":"value"}," k."],"zero":"rétt í þessu"},"$x":[{"t":"idOrVar","v":"plural"},"value"]},{"$i":"hours-until-long","$v":{"few":["eftir ",{"t":"idOrVar","v":"value"}," klst."],"many":["eftir ",{"t":"idOrVar","v":"value"}," klst."],"one":"eftir eina klst.","other":["eftir ",{"t":"idOrVar","v":"value"}," klst."],"two":["eftir ",{"t":"idOrVar","v":"value"}," klst."],"zero":"núna"},"$x":[{"t":"idOrVar","v":"plural"},"value"]},{"$i":"hours-until-short","$v":{"other":["eftir ",{"t":"idOrVar","v":"value"}," k"],"zero":"núna"},"$x":[{"t":"idOrVar","v":"plural"},"value"]},{"$i":"incorrectDate","$v":"(röng dags.)"},{"$i":"minutes-ago-long","$v":{"few":["Fyrir ",{"t":"idOrVar","v":"value"}," mín."],"many":["Fyrir ",{"t":"idOrVar","v":"value"}," mín."],"one":"fyrir mínútu","other":["Fyrir ",{"t":"idOrVar","v":"value"}," mín."],"two":["Fyrir ",{"t":"idOrVar","v":"value"}," mín."],"zero":"rétt í þessu"},"$x":[{"t":"idOrVar","v":"plural"},"value"]},{"$i":"minutes-ago-short","$v":{"other":["Fyrir ",{"t":"idOrVar","v":"value"}," m."],"zero":"rétt í þessu"},"$x":[{"t":"idOrVar","v":"plural"},"value"]},{"$i":"minutes-until-long","$v":{"few":["eftir ",{"t":"idOrVar","v":"value"}," mín."],"many":["eftir ",{"t":"idOrVar","v":"value"}," mín."],"one":"eftir eina mín.","other":["eftir ",{"t":"idOrVar","v":"value"}," mín."],"two":["eftir ",{"t":"idOrVar","v":"value"}," mín."],"zero":"núna"},"$x":[{"t":"idOrVar","v":"plural"},"value"]},{"$i":"minutes-until-short","$v":{"other":["eftir ",{"t":"idOrVar","v":"value"}," m"],"zero":"núna"},"$x":[{"t":"idOrVar","v":"plural"},"value"]},{"$i":"month-0-genitive","$v":"Janúar"},{"$i":"month-0-long","$v":"Janúar"},{"$i":"month-0-short","$v":"Jan."},{"$i":"month-1-genitive","$v":"Febrúar"},{"$i":"month-1-long","$v":"Febrúar"},{"$i":"month-1-short","$v":"Feb."},{"$i":"month-10-genitive","$v":"Nóvember"},{"$i":"month-10-long","$v":"Nóvember"},{"$i":"month-10-short","$v":"Nóv."},{"$i":"month-11-genitive","$v":"Desember"},{"$i":"month-11-long","$v":"Desember"},{"$i":"month-11-short","$v":"Des."},{"$i":"month-2-genitive","$v":"Mars"},{"$i":"month-2-long","$v":"Mars"},{"$i":"month-2-short","$v":"Mar."},{"$i":"month-3-genitive","$v":"Apríl"},{"$i":"month-3-long","$v":"Apríl"},{"$i":"month-3-short","$v":"Apr."},{"$i":"month-4-genitive","$v":"Maí"},{"$i":"month-4-long","$v":"Maí"},{"$i":"month-4-short","$v":"Maí"},{"$i":"month-5-genitive","$v":"Júní"},{"$i":"month-5-long","$v":"Júní"},{"$i":"month-5-short","$v":"Jún."},{"$i":"month-6-genitive","$v":"Júlí"},{"$i":"month-6-long","$v":"Júlí"},{"$i":"month-6-short","$v":"Júl."},{"$i":"month-7-genitive","$v":"Ágúst"},{"$i":"month-7-long","$v":"Ágúst"},{"$i":"month-7-short","$v":"Ágú."},{"$i":"month-8-genitive","$v":"September"},{"$i":"month-8-long","$v":"September"},{"$i":"month-8-short","$v":"Sep."},{"$i":"month-9-genitive","$v":"Október"},{"$i":"month-9-long","$v":"Október"},{"$i":"month-9-short","$v":"Okt."},{"$i":"months-ago-long","$v":{"few":["Fyrir ",{"t":"idOrVar","v":"value"}," mánuðum"],"many":["Fyrir ",{"t":"idOrVar","v":"value"}," mánuðum"],"one":"í síð. mán.","other":["Fyrir ",{"t":"idOrVar","v":"value"}," mánuðum"],"two":["Fyrir ",{"t":"idOrVar","v":"value"}," mánuðum"],"zero":"í þessum mán."},"$x":[{"t":"idOrVar","v":"plural"},"value"]},{"$i":"months-until-long","$v":{"few":["eftir ",{"t":"idOrVar","v":"value"}," mán."],"many":["eftir ",{"t":"idOrVar","v":"value"}," mán."],"one":"í næsta mán.","other":["eftir ",{"t":"idOrVar","v":"value"}," mán."],"two":["eftir ",{"t":"idOrVar","v":"value"}," mán."],"zero":"í þessum mán."},"$x":[{"t":"idOrVar","v":"plural"},"value"]},{"$i":"shortDateTimeFormat","$v":"%x %I:%M %p"},{"$i":"shortTimeFormat","$v":"%I:%M %p"},{"$i":"shortTimeFormat12","$v":"%I:%M %p"},{"$i":"shortTimeFormat24","$v":"%H:%M"},{"$i":"time_am","$v":"f.h."},{"$i":"time_pm","$v":"e.h."},{"$i":"weekday-0-long","$v":"Sunnudagur"},{"$i":"weekday-0-short","$v":"Sun."},{"$i":"weekday-1-long","$v":"Mánudagur"},{"$i":"weekday-1-short","$v":"Mán."},{"$i":"weekday-2-long","$v":"Þriðjudagur"},{"$i":"weekday-2-short","$v":"Þri."},{"$i":"weekday-3-long","$v":"Miðvikudagur"},{"$i":"weekday-3-short","$v":"Mið."},{"$i":"weekday-4-long","$v":"Fimmtudagur"},{"$i":"weekday-4-short","$v":"Fim."},{"$i":"weekday-5-long","$v":"Föstudagur"},{"$i":"weekday-5-short","$v":"Fös."},{"$i":"weekday-6-long","$v":"Laugardagur"},{"$i":"weekday-6-short","$v":"Lau."},{"$i":"weeks-ago-long","$v":{"few":["Fyrir ",{"t":"idOrVar","v":"value"}," vikum"],"many":["Fyrir ",{"t":"idOrVar","v":"value"}," vikum"],"one":"í síð. viku","other":["Fyrir ",{"t":"idOrVar","v":"value"}," vikum"],"two":["Fyrir ",{"t":"idOrVar","v":"value"}," vikum"],"zero":"í þessari viku"},"$x":[{"t":"idOrVar","v":"plural"},"value"]},{"$i":"weeks-until-long","$v":{"few":["eftir ",{"t":"idOrVar","v":"value"}," vikur"],"many":["eftir ",{"t":"idOrVar","v":"value"}," vikur"],"one":"í næstu viku","other":["eftir ",{"t":"idOrVar","v":"value"}," vikur"],"two":["eftir ",{"t":"idOrVar","v":"value"}," vikur"],"zero":"í þessari viku"},"$x":[{"t":"idOrVar","v":"plural"},"value"]},{"$i":"years-ago-long","$v":{"few":["Fyrir ",{"t":"idOrVar","v":"value"}," árum"],"many":["Fyrir ",{"t":"idOrVar","v":"value"}," árum"],"one":"á síð. ári","other":["Fyrir ",{"t":"idOrVar","v":"value"}," árum"],"two":["Fyrir ",{"t":"idOrVar","v":"value"}," árum"],"zero":"á þessu ári"},"$x":[{"t":"idOrVar","v":"plural"},"value"]},{"$i":"years-until-long","$v":{"few":["eftir ",{"t":"idOrVar","v":"value"}," ár"],"many":["eftir ",{"t":"idOrVar","v":"value"}," ár"],"one":"á næsta ári","other":["eftir ",{"t":"idOrVar","v":"value"}," ár"],"two":["eftir ",{"t":"idOrVar","v":"value"}," ár"],"zero":"á þessu ári"},"$x":[{"t":"idOrVar","v":"plural"},"value"]},{"$i":"dateTimeFormat_%X","$v":"%I:%M:%S %p"},{"$i":"weekStartsOnMonday","$v":"0"},{"$i":"firstDayOfTheWeek","$v":"0"}]