[{"$i":"clockDateFormat","$v":"%a, %e %b"},{"$i":"deviceIsUnlocked","$v":"Prietaisas atrakintas"},{"$i":"simUnlockCodeAccepted","$v":"SIM atrak. kodas teisin."},{"$i":"simUnlockCodeFailed","$v":"Nepav. atrakinti SIM"},{"$i":"eccOnly","$v":"Tik skambučiai skubios pagalbos tarnyboms"},{"$i":"emergencyCallsOnly","$v":"Tik skambučiai pagalb. tarn."},{"$i":"lockedSim","$v":"Užrakinta SIM"},{"$i":"noService","$v":"Nėra ryšio"},{"$i":"noSimCard","$v":"Nėra SIM k."},{"$i":"searching","$v":"Ieškoma..."},{"$i":"airplane-mode","$v":"Lėkt. rež."},{"$i":"bluetooth","$v":"Bluetooth"},{"$i":"brightness","$v":"Ryškumas"},{"$i":"calculator","$v":"Skaič."},{"$i":"camera","$v":"Vaizd. kam."},{"$i":"cellular-data","$v":"Mob. r. duom."},{"$i":"confirm-to-uninstall-app","$v":["Pašalinti ",{"t":"idOrVar","v":"appName"}," progr.?"]},{"$i":"flashlight","$v":"Žibintuv."},{"$i":"instant-settings","$v":"momentin. param."},{"$i":"off","$v":"Išjungti"},{"$i":"on","$v":"Įjungti"},{"$i":"shortcuts","$v":"Spartieji klavišai"},{"$i":"uninstall","$v":"Šalinti"},{"$i":"volume","$v":"Garsumas"},{"$i":"wifi","$v":"„Wi-Fi“"},{"$i":"percentage-number","$v":[{"t":"idOrVar","v":"number"}," %"]},{"$i":"all-apps","$v":"Vis. pr."},{"$i":"scImei","$v":"IMEI"},{"$i":"scMeid","$v":"MEID"},{"$i":"scUssd","$v":"USSD"},{"$i":"CallFailed","$v":"Paskambinti nepavyko"},{"$i":"GenericFailure","$v":"Bendroji klaida"},{"$i":"add-smart-collections","$v":"Įtr. išman. kolekc."},{"$i":"add-to-existing-contact","$v":"Įtr. į esamą adresatą"},{"$i":"alert-for-contacts-without-number","$v":"Nėra adresatų su tokiu telefono numeriu."},{"$i":"app-title","$v":"Mano prg."},{"$i":"app-uninstall","$v":[{"t":"idOrVar","v":"name"}," buvo pašalintas"]},{"$i":"assign","$v":"Prisk."},{"$i":"assign-speed-dial","$v":["Adresat. neįtr. kaip greit. rinkim. į mygt. ",{"t":"idOrVar","v":"n"},". Prisk. dabar?"]},{"$i":"assign-voicemail","$v":"Balso pašto numeris nenustatytas."},{"$i":"call","$v":"Skam."},{"$i":"callAirplaneModeMessage","$v":"Norinti skambinti, reikia išjungti lėktuvo režimą parametrų skiltyje."},{"$i":"callAirplaneModeTitle","$v":"Lėkt. režimas įjungtas"},{"$i":"cancel","$v":"Atš."},{"$i":"change-wallpaper","$v":"Keisti fono pav."},{"$i":"clocks-updated","$v":"Laikrodž. atn."},{"$i":"confirmation","$v":"Patvirtinim."},{"$i":"contacts","$v":"Adresat."},{"$i":"create-new-contact","$v":"Kurti naują adres."},{"$i":"delete","$v":"Ištrinti"},{"$i":"delete-body","$v":[{"t":"idOrVar","v":"name"}," ir visi sus. duom. bus ištrinti."]},{"$i":"delete-title","$v":["Ištr. ",{"t":"idOrVar","v":"name"},"?"]},{"$i":"edit","$v":"Red."},{"$i":"edit-done","$v":"Atl."},{"$i":"edit-group-header","$v":"Red. grupę"},{"$i":"edit-mode","$v":"Red."},{"$i":"emergency-call-error","$v":[{"t":"idOrVar","v":"number"}," nėra pagalbos tarnybos nr."]},{"$i":"emergency-call-only","$v":"Tik skam. sk. pag. t."},{"$i":"emergencyDialogBodyBadNumber","$v":"Norint skambinti, telefonas turi būti prijungtas prie tinklo."},{"$i":"emergencyDialogBodyDeviceNotAccepted","$v":"Tinkle skamb. skub. pag. tarnyboms neleidžiami."},{"$i":"emergencyDialogTitle","$v":"Nėra tinklo ryšio"},{"$i":"fax-home","$v":"Namų f."},{"$i":"fax-office","$v":"Darbo fak."},{"$i":"fax-other","$v":"Kit. faks"},{"$i":"fdnIsActiveMessage","$v":["FDN (apribotojo rinkimo numerių) funkc. yra įjungta, bet šio numerio nėra jūsų FDN sąraše: ",{"t":"idOrVar","v":"number"}]},{"$i":"fdnIsActiveTitle","$v":"FDN įjung."},{"$i":"gaia-shortcut-app-updated","$v":"Progr. atn,"},{"$i":"grid-view","$v":"Tinklelio rodinys"},{"$i":"home","$v":"Namų"},{"$i":"homescreen-settings","$v":"Prad. ekrano param."},{"$i":"invalidNumberToDialMessage","$v":"Telefono numeris, kuriuo skambinate, neteisingas."},{"$i":"invalidNumberToDialTitle","$v":"Neteis. telef. num."},{"$i":"list-view","$v":"Sąrašo rodinys"},{"$i":"longDateFormat","$v":"%A, %B %e"},{"$i":"menu","$v":"Meniu"},{"$i":"message","$v":"Pranešimas"},{"$i":"mobile","$v":"Mobilusis"},{"$i":"more","$v":"Daug."},{"$i":"move","$v":"Perkelti"},{"$i":"notifications","$v":"Praneš."},{"$i":"numberIsBusyMessage","$v":"Šiuo metu numeris užimtas. Bandykite dar kartą vėliau."},{"$i":"numberIsBusyTitle","$v":"Numeris užimt."},{"$i":"ok","$v":"Gerai"},{"$i":"option-remove","$v":"Pašal. iš greit. rink."},{"$i":"option-replace","$v":"Pakeis."},{"$i":"options","$v":"Funkc."},{"$i":"otherConnectionInUseMessage","$v":"Šiuo metu aktyviai skambinate kitam ryšiui. Galite naudotis tik vienu ryšiu tuo pačiu metu."},{"$i":"otherConnectionInUseTitle","$v":"Naudojamas kitas ryšys"},{"$i":"personal","$v":"Asmenin."},{"$i":"remove","$v":"Pašal."},{"$i":"remove-speed-dial","$v":["Ar tikrai norite pašalinti ",{"t":"idOrVar","v":"name"}," iš greitojo rinkimo?"]},{"$i":"replace","$v":"Pakeis."},{"$i":"replace-speed-dial","$v":["Ar tikrai norite ",{"t":"idOrVar","v":"name"}," pakeisti ",{"t":"idOrVar","v":"subName"},"?"]},{"$i":"resume-download-action","$v":"Parsis."},{"$i":"resume-download-body","$v":["Ar norite parsisiųsti ",{"t":"idOrVar","v":"name"},"?"]},{"$i":"resume-download-title","$v":"Atsis. iš naujo"},{"$i":"scCallBarring","$v":"Skmb. draud."},{"$i":"scCallForwarding","$v":"Skmb. peradres."},{"$i":"scCallWaiting","$v":"Skamb. lauk."},{"$i":"scClip","$v":"Priim. skambin. ID"},{"$i":"scClir","$v":"Siunč. skambin. ID"},{"$i":"scPin","$v":"PIN keit."},{"$i":"scPin2","$v":"PIN2 keit."},{"$i":"scPuk","$v":"Atblokuoti PIN"},{"$i":"scPuk2","$v":"Atblokuoti PIN2"},{"$i":"scPwd","$v":"Slaptaž. keit."},{"$i":"search-or-enter-address","placeholder":"Iešk. arba įves. adresą"},{"$i":"select","$v":"Rinkt."},{"$i":"sending","$v":"Siunčiama…"},{"$i":"set","$v":"Nustatyti"},{"$i":"settings","$v":"Paramet."},{"$i":"single-view","$v":"Vienas rodinys"},{"$i":"skip","$v":"Praleisti"},{"$i":"speed-dial","$v":"Greitasis rinkimas"},{"$i":"speed-dial-empty","ariaLabel":[{"t":"idOrVar","v":"order"},", tušč."]},{"$i":"speed-dial-not-empty","ariaLabel":[{"t":"idOrVar","v":"order"},", ",{"t":"idOrVar","v":"name"}]},{"$i":"stop-download-action","$v":"Stabdyti"},{"$i":"stop-download-body","$v":"Ar norite sustabdyti vykstant. parsisiuntimą?"},{"$i":"stop-download-title","$v":["Stabdyti „",{"t":"idOrVar","v":"name"},"“"]},{"$i":"tcl-wallpaper-changed","$v":"Fono paveikslėlis pakeistas"},{"$i":"video-call","$v":"Vaizdo skambutis"},{"$i":"voicemail","$v":"Balso paštas"},{"$i":"work","$v":"Darbas"},{"$i":"apps","$v":"Prog."},{"$i":"nocard-eccOnly","$v":"No SIM card-Emergency calls only"},{"$i":"unusablecard-eccOnly","$v":"Unusable SIM card-Emergency calls only"},{"$i":"apn-sim1","$v":"APN parametrai – SIM1"},{"$i":"apn-sim2","$v":"APN parametrai – SIM2"},{"$i":"apnConfigPrepay","$v":"Iš. mok."},{"$i":"apnConfigPostpay","$v":"At. mok."},{"$i":"apn-defaultconfig-message","$v":"Nust., kokio tipo APN rodyti"},{"$i":"apnDefaultConfig","$v":"APN numat. konfig."},{"$i":"without-sim-new","$v":[{"t":"idOrVar","v":"index"}]},{"$i":"with-sim-new","$v":[{"t":"idOrVar","v":"index"}," - ",{"t":"idOrVar","v":"carrier"}]},{"$i":"sim-with-index-and-carrier","$v":["SIM ",{"t":"idOrVar","v":"index"}," – ",{"t":"idOrVar","v":"carrier"}]},{"$i":"sim-without-carrier","$v":["SIM ",{"t":"idOrVar","v":"index"}]},{"$i":"call-forwarding-voice-after-seconds","$v":["Balsas: ",{"t":"idOrVar","v":"voice"}," praėjus ",{"t":"idOrVar","v":"timeSeconds"}," sek."]},{"$i":"addNewNumber","$v":"Įtr. naują nr."},{"$i":"addToExistingContact","$v":"Įtr. į esamą adresatą"},{"$i":"all","$v":"Visi","ariaLabel":"Visi"},{"$i":"bluetooth-handsfree-device","$v":"„Bluetooth“ lais. ran. pr."},{"$i":"bluetoothOption","ariaLabel":"Bluetooth"},{"$i":"callDurationHours","$v":[{"t":"idOrVar","v":"h"},":",{"t":"idOrVar","v":"m"},":",{"t":"idOrVar","v":"s"}]},{"$i":"callDurationMinutes","$v":[{"t":"idOrVar","v":"m"},":",{"t":"idOrVar","v":"s"}]},{"$i":"callDurationTextFormatHours","$v":[{"t":"idOrVar","v":"h"}," val. ",{"t":"idOrVar","v":"m"}," min. ",{"t":"idOrVar","v":"s"}," sek."]},{"$i":"callDurationTextFormatMinutes","$v":[{"t":"idOrVar","v":"m"}," m ",{"t":"idOrVar","v":"s"}," s"]},{"$i":"callDurationTextFormatSeconds","$v":[{"t":"idOrVar","v":"s"}," sek."]},{"$i":"callEnded","$v":"Skmb. baig."},{"$i":"callInformation","$v":"Skambučio infor."},{"$i":"callLog","$v":"Skmb. ž."},{"$i":"callLogEdit","title":"Red. sk. žur."},{"$i":"callLogEditDialog","ariaLabel":"Red. skamb. žur. langą"},{"$i":"caller-left-call","$v":[{"t":"idOrVar","v":"caller"}," paliko pokalbį."]},{"$i":"calllog-all","$v":"Visi"},{"$i":"calllog-deselectAll","$v":"Ats. visų pas."},{"$i":"calllog-none","$v":"Jokie"},{"$i":"calllog-selectAll","$v":"Rinktis viską"},{"$i":"canceled","$v":"Atšaukta"},{"$i":"clear-all-text","$v":"Ištr. visą teks."},{"$i":"close","$v":"Užd."},{"$i":"composeEmail","ariaLabel":"El. p."},{"$i":"conferenceAddError","$v":"Nepavyko sujungti skambučių"},{"$i":"conferenceCall","$v":["Konferen. (",{"t":"idOrVar","v":"n"},")"]},{"$i":"conferenceRemoveError","$v":"Nepavyko atšaukti skambučių sujungimo"},{"$i":"confirm-deletion","$v":"Trinti pasir. skamb.?"},{"$i":"connecting","$v":"Jungiamasi"},{"$i":"connectingEllipsis","$v":"Jungiamasi…"},{"$i":"contactDetails","$v":"Adresat. inf."},{"$i":"createNewContact","$v":"Naujo adresato kūr."},{"$i":"delete-n-log?","$v":{"few":["Ištr. ",{"t":"idOrVar","v":"n"}," žur.?"],"many":["Ištr. ",{"t":"idOrVar","v":"n"}," žur.?"],"one":"Ištr. pas. žurnalą?","other":["Ištr. ",{"t":"idOrVar","v":"n"}," žur.?"],"two":["Ištr. ",{"t":"idOrVar","v":"n"}," žur.?"],"zero":"Niekas nepasir."},"$x":[{"t":"idOrVar","v":"plural"},"n"]},{"$i":"deselect","$v":"Atsisak."},{"$i":"dialed","$v":"Rinkti numeriai"},{"$i":"dialer-prompt","$v":"Rink. nr. arba prid. norimą adr. prie skamb."},{"$i":"dialerAddContact","ariaLabel":"Įtr. adres."},{"$i":"dialerAddContactDialog","ariaLabel":"Įtr. adr. dial. lan."},{"$i":"edit-selected","$v":{"few":["pasirinkta(",{"t":"idOrVar","v":"n"},")"],"many":["pasirinkta(",{"t":"idOrVar","v":"n"},")"],"one":["pasirinkta(",{"t":"idOrVar","v":"n"},")"],"other":["pasirinkta(",{"t":"idOrVar","v":"n"},")"],"two":["pasirinkta(",{"t":"idOrVar","v":"n"},")"]},"$x":[{"t":"idOrVar","v":"plural"},"n"]},{"$i":"emailDetail","ariaLabel":"El. p."},{"$i":"from-contact","$v":["Nuo ",{"t":"idOrVar","v":"contact"}]},{"$i":"from-number","$v":["Nuo ",{"t":"idOrVar","v":"number"}]},{"$i":"from-withheld-number","$v":"Nuo nežinomo num."},{"$i":"hangup-a11y-button","ariaLabel":"Pad. rag."},{"$i":"hide","$v":"Slėp."},{"$i":"hideKeypad","ariaLabel":"Slėp. klav."},{"$i":"hold","ariaLabel":"Užlaik."},{"$i":"hours","$v":"val."},{"$i":"ignore","$v":"Ignr. skmb."},{"$i":"incoming","$v":"Gaunamas"},{"$i":"incoming-call","$v":"Gaunamas skambutis"},{"$i":"info-missed","$v":"Praleistas"},{"$i":"keypad","ariaLabel":"Klav."},{"$i":"log-item","$v":"Funkc."},{"$i":"makeCall","ariaLabel":"Skambinti"},{"$i":"merge","ariaLabel":"Sul."},{"$i":"minutes","$v":"min."},{"$i":"missed","$v":"Praleistas","ariaLabel":"Praleistas"},{"$i":"missedCall","$v":"Pral. skmb."},{"$i":"missedCallMultiSims","$v":["(SIM ",{"t":"idOrVar","v":"n"},") pral. skmb."]},{"$i":"mmi-error","$v":"Siunčiant pranešimą įvyko klaida"},{"$i":"mmi-notification-title-with-sim","$v":["(",{"t":"idOrVar","v":"sim"},") ",{"t":"idOrVar","v":"title"}]},{"$i":"mmi-session-expired","$v":"Seansas baigėsi"},{"$i":"mmi-successfully-sent","$v":"Pranešimas sėkm. išsiųst."},{"$i":"mute","ariaLabel":"Išj. mikrofoną"},{"$i":"newCall","ariaLabel":"Nauj. skmb."},{"$i":"no-logs-msg-1","$v":"Nėra įraš. skmb."},{"$i":"no-logs-msg-2","$v":"Pradėkite bendrauti dabar"},{"$i":"no-logs-msg-3","$v":"Nėra įraš. skmb."},{"$i":"no-logs-msg-4","$v":"Pradėkite bendrauti dabar"},{"$i":"no-recent-numbers","$v":"Sk. žurn. nėra nes. rinktų num., kuriuos galėt. rinkti."},{"$i":"onHoldOption","ariaLabel":"Užlaik."},{"$i":"outgoing","$v":"Išeinantis"},{"$i":"outgoing-call","$v":"Išeinantis skambutis"},{"$i":"phoneDetail","ariaLabel":"Telef."},{"$i":"pickup-a11y-button","ariaLabel":"Pakelti"},{"$i":"received","$v":"Gauti"},{"$i":"receiver","$v":"Imtuvas"},{"$i":"recents","ariaLabel":"Nauj. skmb."},{"$i":"reply","$v":"Atsk."},{"$i":"resume","$v":"Tęsti","ariaLabel":"Tęsti"},{"$i":"search-results","$v":"Paieš. rezult."},{"$i":"seconds","$v":"sekun."},{"$i":"select-audio-sources","$v":"Rinktis garso įrašus"},{"$i":"send","$v":"Siųsti"},{"$i":"send-sms-button","ariaLabel":"SMS"},{"$i":"sendSms","$v":"Siųsti pranešimą"},{"$i":"separator","$v":","},{"$i":"sim-number","$v":["SIM",{"t":"idOrVar","v":"n"}]},{"$i":"speaker","$v":"Garsiakalbis"},{"$i":"speakerOption","ariaLabel":"Garsiakalbis"},{"$i":"suggestionMatches","$v":{"few":["„",{"t":"idOrVar","v":"matchNumber"},"“ atitikmenų: ",{"t":"idOrVar","v":"n"}],"many":["„",{"t":"idOrVar","v":"matchNumber"},"“ atitikmenų: ",{"t":"idOrVar","v":"n"}],"one":["„",{"t":"idOrVar","v":"matchNumber"},"“ atitikmenų: ",{"t":"idOrVar","v":"n"}],"other":["„",{"t":"idOrVar","v":"matchNumber"},"“ atitikmenų: ",{"t":"idOrVar","v":"n"}],"two":["„",{"t":"idOrVar","v":"matchNumber"},"“ atitikmenų: ",{"t":"idOrVar","v":"n"}]},"$x":[{"t":"idOrVar","v":"plural"},"n"]},{"$i":"switch-calls","$v":"Perjungti skambučius"},{"$i":"tcl-assign","$v":"Susieti"},{"$i":"tcl-assign-speed-dial","$v":{"$o":["Adresat. neįtr. kaip greit. rink. į mygt. „",{"t":"idOrVar","v":"speedDial"},"“<br></br>Prisk. dabar?"]}},{"$i":"tcl-call-log-delete-group-notification","$v":["Ištrinta įrašų: ",{"t":"idOrVar","v":"n"}]},{"$i":"tcl-calllog-entry-removed-err-notification","$v":"Nepav. paš. skamb. žurn. įr."},{"$i":"tcl-calllog-entry-removed-succ-notification","$v":"Skmb. žur. įr. pašal."},{"$i":"tcl-cancel","$v":"Atš."},{"$i":"tcl-confirmation","$v":"Patvirtinim."},{"$i":"tcl-delete-log","$v":"Ar tikrai norite ištrinti pasirinktus įrašus iš skambučių žurnalo?"},{"$i":"tcl-dialer","$v":"Rinkik."},{"$i":"tcl-edit-not-selected","$v":"pasirinkta(0)"},{"$i":"tcl-option-menu-call-log-edit","$v":"Sk. žur. red."},{"$i":"today","$v":"Šiandien"},{"$i":"toggleKeypad","ariaLabel":"Perjungimo klaviatūra"},{"$i":"type-your-response","placeholder":"Įveskite atsakymą..."},{"$i":"unknown","$v":"Nežinomas"},{"$i":"unlock-a11y-button","ariaLabel":"Slank."},{"$i":"ussd-services","$v":[{"t":"idOrVar","v":"operator"}," paslaug."]},{"$i":"via-sim","$v":["per SIM",{"t":"idOrVar","v":"n"}]},{"$i":"view-all","$v":"Peržiūrėti viską"},{"$i":"wifi-calling","$v":"„Wi-Fi“ skambinimas"},{"$i":"withheld-number","$v":"Nežinomas"},{"$i":"yesterday","$v":"Vakar"},{"$i":"SimPin2","$v":"SIM PIN2"},{"$i":"SimPuk2","$v":"SIM PUK2"},{"$i":"serviceClassFax","$v":"FAKS."},{"$i":"serviceClassPad","$v":"PAD"},{"$i":"serviceClassSms","$v":"SMS"},{"$i":"DialModifiedToDial","$v":"Dial modified to dial"},{"$i":"DialModifiedToSs","$v":"Dial modified to SS"},{"$i":"DialModifiedToUssd","$v":"Dial modified to USSD"},{"$i":"FdnCheckFailure","$v":"Nepavyko pat. FDN"},{"$i":"IllegalSimOrMe","$v":"Neteis. SIM ar ME"},{"$i":"InvalidParameter","$v":"Netink. parametr."},{"$i":"ModeNotSupported","$v":"Režimas nepalaik."},{"$i":"OpNotAllowedDuringVoiceCall","$v":"Operacija balso skam. metu negalima"},{"$i":"PasswordIncorrect","$v":"Neteisin. slaptaž."},{"$i":"RadioNotAvailable","$v":"Radio not available"},{"$i":"RejectedByRemote","$v":"Atmes. nuot. būdu"},{"$i":"RequestNotSupported","$v":"Ataskaita nepalaikoma"},{"$i":"ServiceIsDisabled","$v":"Paslauga išjungta"},{"$i":"ServiceIsEnabled","$v":"Paslauga įjungta"},{"$i":"ServiceIsEnabledFor","$v":"Paslauga įjungta:"},{"$i":"SimAbsent","$v":"SIM nėra"},{"$i":"SmsSendFailRetry","$v":"SMS send fail retry"},{"$i":"SsModifiedToDial","$v":"SS pakeista į skambinimą"},{"$i":"SsModifiedToSs","$v":"SS pakeista į SS"},{"$i":"SsModifiedToUssd","$v":"SS pakeista į USSD"},{"$i":"SubscriptionNotAvailable","$v":"Prenumerata nepasiekiama"},{"$i":"SubscriptionNotSupported","$v":"Prenumerata nepalaikoma"},{"$i":"UssdModifiedToDial","$v":"USSD funkcija pakeista į rinkimą"},{"$i":"UssdModifiedToSs","$v":"USSD funkcija pakeista į SS"},{"$i":"UssdModifiedToUssd","$v":"USSD funkcija pakeista į USSD"},{"$i":"call-forwarding-async","$v":["Asinchron.: ",{"t":"idOrVar","v":"async"}]},{"$i":"call-forwarding-data","$v":["Duom.: ",{"t":"idOrVar","v":"data"}]},{"$i":"call-forwarding-error","$v":"Gaunant skambučio peradresavimo būseną įvyko klaida"},{"$i":"call-forwarding-fax","$v":["FAKS.: ",{"t":"idOrVar","v":"fax"}]},{"$i":"call-forwarding-inactive","$v":"Neaktyv."},{"$i":"call-forwarding-packet","$v":["Paket.: ",{"t":"idOrVar","v":"packet"}]},{"$i":"call-forwarding-pad","$v":["PAD: ",{"t":"idOrVar","v":"pad"}]},{"$i":"call-forwarding-sms","$v":["SMS žinutė: ",{"t":"idOrVar","v":"sms"}]},{"$i":"call-forwarding-status","$v":"Skamb. peradres. būs."},{"$i":"call-forwarding-sync","$v":["Sinchroninis: ",{"t":"idOrVar","v":"sync"}]},{"$i":"call-forwarding-voice","$v":["Balsas: ",{"t":"idOrVar","v":"voice"}]},{"$i":"emMmiError","$v":"Ryšio problema arba netink. MMI kodas"},{"$i":"emMmiErrorBadPin","$v":"Jūsų įvestas senas PIN kodas yra neteisingas."},{"$i":"emMmiErrorBadPuk","$v":"Įvestas neteisingas PUK kodas"},{"$i":"emMmiErrorEnablePin","$v":"Nepavyko. Įgalinti SIM / RUIM UŽRAKTĄ"},{"$i":"emMmiErrorInvalidAction","$v":"Netink. veiks."},{"$i":"emMmiErrorInvalidPin","$v":"Įveskite 4–8 skaitmenų PIN kodą"},{"$i":"emMmiErrorInvalidScCode","$v":"Netink. pasl. kodas"},{"$i":"emMmiErrorMismatchPin","$v":"Jūsų įvesti PIN kodai nesutampa."},{"$i":"emMmiErrorMmiFdn","$v":"Operacija apribota tik apribotojo rinkimo numeriams"},{"$i":"emMmiErrorNeedPuk2","$v":"Įves. PUK2, kad atblok. SIM k."},{"$i":"emMmiErrorNeedsPuk","$v":"Jūsų SIM kortelė užrakinta PUK kodu."},{"$i":"emMmiErrorNotSupported","$v":"Netink. arba nepalaik. MMI kod."},{"$i":"emMmiErrorPasswordIncorrect","$v":"Neteis. slaptažod."},{"$i":"emMmiErrorPinPukAttempts","$v":{"few":["Liko bandymų: ",{"t":"idOrVar","v":"n"}],"many":["Liko bandymų: ",{"t":"idOrVar","v":"n"}],"one":["Liko tik ",{"t":"idOrVar","v":"n"}," band."],"other":["Liko bandymų: ",{"t":"idOrVar","v":"n"}],"two":["Liko bandymų: ",{"t":"idOrVar","v":"n"}]},"$x":[{"t":"idOrVar","v":"plural"},"n"]},{"$i":"emMmiErrorSimBlocked","$v":"Viršytas didž. įrašų skaičius. SIM užblokuota"},{"$i":"emMmiErrorStkCcSsDial","$v":"SS užklausa pakeista į DIAL užklausą"},{"$i":"emMmiErrorStkCcSsSs","$v":"SS užklausa pakeista į naują SS užklausą"},{"$i":"emMmiErrorStkCcSsUssd","$v":"SS užklausa pakeista į USSD užklausą"},{"$i":"emMmiErrorStkCcUssdDial","$v":"USSD užklausa pakeista į DIAL užklausą"},{"$i":"emMmiErrorStkCcUssdSs","$v":"USSD užklausa pakeista į SS užklausą."},{"$i":"emMmiErrorStkCcUssdUssd","$v":"USSD užklausa pakeista į naują USSD užklausą."},{"$i":"fihVersion","$v":"FIH versija"},{"$i":"imeiAndSvn","$v":"IMEI ir SVN"},{"$i":"internalVersion","$v":"Vidinė versija"},{"$i":"serviceClassData","$v":"Duom."},{"$i":"serviceClassDataAsync","$v":"Asin."},{"$i":"serviceClassDataSync","$v":"Sinchronizuoti"},{"$i":"serviceClassPacket","$v":"Paket."},{"$i":"serviceClassVoice","$v":"Balsas"},{"$i":"smClirDefaultOffNextCallOff","$v":"Skambintojo ID numat. nustat. nerib. Kitas skambutis: neribojama"},{"$i":"smClirDefaultOffNextCallOn","$v":"Skambintojo ID numat. nustat. nerib. Kitas skamb.: ribojama"},{"$i":"smClirDefaultOnNextCallOff","$v":"Skambintojo ID numat. nustat. rib. Kitas skamb.: neribojama"},{"$i":"smClirDefaultOnNextCallOn","$v":"Skambint. ID numat. nustat. rib. Kitas skamb.: ribojama"},{"$i":"smClirPermanent","$v":"Negalite keisti skambintojo ID parametro"},{"$i":"smPin2Changed","$v":"PIN2 sėkmingai pakeistas"},{"$i":"smPin2Unblocked","$v":"PIN2 sėkmingai atblokuotas"},{"$i":"smPinChanged","$v":"PIN sėkmingai pakeistas"},{"$i":"smPinUnblocked","$v":"PIN sėkmingai atblokuotas"},{"$i":"smServiceDisabled","$v":"Paslauga išjungta"},{"$i":"smServiceEnabled","$v":"Paslauga buvo įjungta"},{"$i":"smServiceEnabledFor","$v":"Paslauga buvo įjungta norint:"},{"$i":"smServiceErased","$v":"Ištrinta sėkmingai"},{"$i":"smServiceInterrogated","$v":"Užkl. pateikta sėkmin."},{"$i":"smServiceNotProvisioned","$v":"Paslauga neteikiama"},{"$i":"smServiceRegistered","$v":"Registracija buvo sėkminga"},{"$i":"another","$v":"Kitas"},{"$i":"current","$v":"Dabart."},{"$i":"customTag","$v":"Pas. žym.","placeholder":"Pas. žym."},{"$i":"faxHome","$v":"Namų f."},{"$i":"faxOffice","$v":"Darbo fak."},{"$i":"faxOther","$v":"Kit. faks"},{"$i":"itemWithLabel","$v":[{"t":"idOrVar","v":"label"},", ",{"t":"idOrVar","v":"item"}]},{"$i":"label","$v":"Pavad."},{"$i":"other","$v":"Kitas"},{"$i":"tcl-customTag","$v":"Pas. žym."},{"$i":"dateTimeFormat_%c","$v":"%a %b %e %Y %I:%M:%S %p"},{"$i":"dateTimeFormat_%x","$v":"%m/%d/%Y"},{"$i":"days-ago-long","$v":{"few":["Prieš ",{"t":"idOrVar","v":"value"}," d."],"many":["Prieš ",{"t":"idOrVar","v":"value"}," d."],"one":"vakar","other":["Prieš ",{"t":"idOrVar","v":"value"}," d."],"two":["Prieš ",{"t":"idOrVar","v":"value"}," d."],"zero":"šiandien"},"$x":[{"t":"idOrVar","v":"plural"},"value"]},{"$i":"days-ago-short","$v":{"other":["Prieš ",{"t":"idOrVar","v":"value"},"d."],"zero":"šiandien"},"$x":[{"t":"idOrVar","v":"plural"},"value"]},{"$i":"days-until-long","$v":{"few":["per ",{"t":"idOrVar","v":"value"}," d."],"many":["per ",{"t":"idOrVar","v":"value"}," d."],"one":"rytoj","other":["per ",{"t":"idOrVar","v":"value"}," d."],"two":["per ",{"t":"idOrVar","v":"value"}," d."],"zero":"šiandien"},"$x":[{"t":"idOrVar","v":"plural"},"value"]},{"$i":"days-until-short","$v":{"other":["per ",{"t":"idOrVar","v":"value"},"d"],"zero":"šiandien"},"$x":[{"t":"idOrVar","v":"plural"},"value"]},{"$i":"hours-ago-long","$v":{"few":["Prieš ",{"t":"idOrVar","v":"value"}," val."],"many":["Prieš ",{"t":"idOrVar","v":"value"}," val."],"one":"prieš valandą","other":["Prieš ",{"t":"idOrVar","v":"value"}," val."],"two":["Prieš ",{"t":"idOrVar","v":"value"}," val."],"zero":"ką tik"},"$x":[{"t":"idOrVar","v":"plural"},"value"]},{"$i":"hours-ago-short","$v":{"other":["Prieš ",{"t":"idOrVar","v":"value"},"val."],"zero":"ką tik"},"$x":[{"t":"idOrVar","v":"plural"},"value"]},{"$i":"hours-until-long","$v":{"few":["per ",{"t":"idOrVar","v":"value"}," val."],"many":["per ",{"t":"idOrVar","v":"value"}," val."],"one":"per val.","other":["per ",{"t":"idOrVar","v":"value"}," val."],"two":["per ",{"t":"idOrVar","v":"value"}," val."],"zero":"dabar"},"$x":[{"t":"idOrVar","v":"plural"},"value"]},{"$i":"hours-until-short","$v":{"other":["per ",{"t":"idOrVar","v":"value"},"val."],"zero":"dabar"},"$x":[{"t":"idOrVar","v":"plural"},"value"]},{"$i":"incorrectDate","$v":"(neteisinga data)"},{"$i":"minutes-ago-long","$v":{"few":["Prieš ",{"t":"idOrVar","v":"value"}," min."],"many":["Prieš ",{"t":"idOrVar","v":"value"}," min."],"one":"prieš minutę","other":["Prieš ",{"t":"idOrVar","v":"value"}," min."],"two":["Prieš ",{"t":"idOrVar","v":"value"}," min."],"zero":"ką tik"},"$x":[{"t":"idOrVar","v":"plural"},"value"]},{"$i":"minutes-ago-short","$v":{"other":["Prieš ",{"t":"idOrVar","v":"value"},"min."],"zero":"ką tik"},"$x":[{"t":"idOrVar","v":"plural"},"value"]},{"$i":"minutes-until-long","$v":{"few":["per ",{"t":"idOrVar","v":"value"}," min."],"many":["per ",{"t":"idOrVar","v":"value"}," min."],"one":"per min.","other":["per ",{"t":"idOrVar","v":"value"}," min."],"two":["per ",{"t":"idOrVar","v":"value"}," min."],"zero":"dabar"},"$x":[{"t":"idOrVar","v":"plural"},"value"]},{"$i":"minutes-until-short","$v":{"other":["per ",{"t":"idOrVar","v":"value"},"min."],"zero":"dabar"},"$x":[{"t":"idOrVar","v":"plural"},"value"]},{"$i":"month-0-genitive","$v":"Sausis"},{"$i":"month-0-long","$v":"Sausis"},{"$i":"month-0-short","$v":"saus."},{"$i":"month-1-genitive","$v":"Vasaris"},{"$i":"month-1-long","$v":"Vasaris"},{"$i":"month-1-short","$v":"vasar."},{"$i":"month-10-genitive","$v":"Lapkritis"},{"$i":"month-10-long","$v":"Lapkritis"},{"$i":"month-10-short","$v":"lapkr."},{"$i":"month-11-genitive","$v":"Gruodis"},{"$i":"month-11-long","$v":"Gruodis"},{"$i":"month-11-short","$v":"grd."},{"$i":"month-2-genitive","$v":"Kovas"},{"$i":"month-2-long","$v":"Kovas"},{"$i":"month-2-short","$v":"kov."},{"$i":"month-3-genitive","$v":"Balandis"},{"$i":"month-3-long","$v":"Balandis"},{"$i":"month-3-short","$v":"balan."},{"$i":"month-4-genitive","$v":"Gegužė"},{"$i":"month-4-long","$v":"Gegužė"},{"$i":"month-4-short","$v":"Gegužė"},{"$i":"month-5-genitive","$v":"Birželis"},{"$i":"month-5-long","$v":"Birželis"},{"$i":"month-5-short","$v":"birž."},{"$i":"month-6-genitive","$v":"Liepa"},{"$i":"month-6-long","$v":"Liepa"},{"$i":"month-6-short","$v":"liep."},{"$i":"month-7-genitive","$v":"Rugpjūtis"},{"$i":"month-7-long","$v":"Rugpjūtis"},{"$i":"month-7-short","$v":"rugpj."},{"$i":"month-8-genitive","$v":"Rugsėjis"},{"$i":"month-8-long","$v":"Rugsėjis"},{"$i":"month-8-short","$v":"rugs"},{"$i":"month-9-genitive","$v":"Spalis"},{"$i":"month-9-long","$v":"Spalis"},{"$i":"month-9-short","$v":"spal."},{"$i":"months-ago-long","$v":{"few":[{"t":"idOrVar","v":"value"}," mėn. po"],"many":[{"t":"idOrVar","v":"value"}," mėn. po"],"one":"pask. mėn.","other":[{"t":"idOrVar","v":"value"}," mėn. po"],"two":[{"t":"idOrVar","v":"value"}," mėn. po"],"zero":"šis mėnuo"},"$x":[{"t":"idOrVar","v":"plural"},"value"]},{"$i":"months-until-long","$v":{"few":["per ",{"t":"idOrVar","v":"value"}," mėn."],"many":["per ",{"t":"idOrVar","v":"value"}," mėn."],"one":"kit. mėn.","other":["per ",{"t":"idOrVar","v":"value"}," mėn."],"two":["per ",{"t":"idOrVar","v":"value"}," mėn."],"zero":"šis mėnuo"},"$x":[{"t":"idOrVar","v":"plural"},"value"]},{"$i":"shortDateTimeFormat","$v":"%x %I:%M %p"},{"$i":"shortTimeFormat","$v":"%I:%M %p"},{"$i":"shortTimeFormat12","$v":"%I:%M %p"},{"$i":"shortTimeFormat24","$v":"%H:%M"},{"$i":"time_am","$v":"AM"},{"$i":"time_pm","$v":"PM"},{"$i":"weekday-0-long","$v":"Sekmadienis"},{"$i":"weekday-0-short","$v":"Sk"},{"$i":"weekday-1-long","$v":"Pirmadienis"},{"$i":"weekday-1-short","$v":"Pr"},{"$i":"weekday-2-long","$v":"Antradienis"},{"$i":"weekday-2-short","$v":"An"},{"$i":"weekday-3-long","$v":"Trečiadienis"},{"$i":"weekday-3-short","$v":"Tr"},{"$i":"weekday-4-long","$v":"Ketvirtadienis"},{"$i":"weekday-4-short","$v":"Kt"},{"$i":"weekday-5-long","$v":"Penktadienis"},{"$i":"weekday-5-short","$v":"Pn"},{"$i":"weekday-6-long","$v":"Šeštadienis"},{"$i":"weekday-6-short","$v":"Št"},{"$i":"weeks-ago-long","$v":{"few":["Prieš ",{"t":"idOrVar","v":"value"}," sav."],"many":["Prieš ",{"t":"idOrVar","v":"value"}," sav."],"one":"pas. sav.","other":["Prieš ",{"t":"idOrVar","v":"value"}," sav."],"two":["Prieš ",{"t":"idOrVar","v":"value"}," sav."],"zero":"ši savaitė"},"$x":[{"t":"idOrVar","v":"plural"},"value"]},{"$i":"weeks-until-long","$v":{"few":["per ",{"t":"idOrVar","v":"value"}," sav."],"many":["per ",{"t":"idOrVar","v":"value"}," sav."],"one":"kita sav.","other":["per ",{"t":"idOrVar","v":"value"}," sav."],"two":["per ",{"t":"idOrVar","v":"value"}," sav."],"zero":"ši savaitė"},"$x":[{"t":"idOrVar","v":"plural"},"value"]},{"$i":"years-ago-long","$v":{"few":["Prieš ",{"t":"idOrVar","v":"value"}," met."],"many":["Prieš ",{"t":"idOrVar","v":"value"}," met."],"one":"Pas. met.","other":["Prieš ",{"t":"idOrVar","v":"value"}," met."],"two":["Prieš ",{"t":"idOrVar","v":"value"}," met."],"zero":"šie metai"},"$x":[{"t":"idOrVar","v":"plural"},"value"]},{"$i":"years-until-long","$v":{"few":["per ",{"t":"idOrVar","v":"value"}," met."],"many":["per ",{"t":"idOrVar","v":"value"}," met."],"one":"kit. met.","other":["per ",{"t":"idOrVar","v":"value"}," met."],"two":["per ",{"t":"idOrVar","v":"value"}," met."],"zero":"šie metai"},"$x":[{"t":"idOrVar","v":"plural"},"value"]},{"$i":"dateTimeFormat_%X","$v":"%I:%M:%S %p"},{"$i":"weekStartsOnMonday","$v":"0"},{"$i":"firstDayOfTheWeek","$v":"1"}]