[{"$i":"clockDateFormat","$v":"%a, %e %b"},{"$i":"deviceIsUnlocked","$v":"Il dispositivo è sbloccato"},{"$i":"simUnlockCodeAccepted","$v":"Codice di sblocco della SIM accettato"},{"$i":"simUnlockCodeFailed","$v":"Sblocco SIM non riuscito"},{"$i":"eccOnly","$v":"Solo chiamate di emergenza"},{"$i":"emergencyCallsOnly","$v":"Solo chiamate di emergenza"},{"$i":"lockedSim","$v":"SIM bloccata"},{"$i":"noService","$v":"Nessun servizio"},{"$i":"noSimCard","$v":"Nessuna scheda SIM"},{"$i":"searching","$v":"Ricerca in corso..."},{"$i":"airplane-mode","$v":"Modalità aereo"},{"$i":"bluetooth","$v":"Bluetooth"},{"$i":"brightness","$v":"Luminosità"},{"$i":"calculator","$v":"Calcolatrice"},{"$i":"camera","$v":"Fotocamera"},{"$i":"cellular-data","$v":"Dati cellulare"},{"$i":"confirm-to-uninstall-app","$v":["Disinstallare l’applicazione ",{"t":"idOrVar","v":"appName"},"?"]},{"$i":"flashlight","$v":"Flash"},{"$i":"instant-settings","$v":"impostazioni istantanee"},{"$i":"off","$v":"Disattivata"},{"$i":"on","$v":"Attivata"},{"$i":"shortcuts","$v":"Collegamenti"},{"$i":"uninstall","$v":"Disinstalla"},{"$i":"volume","$v":"Volume"},{"$i":"wifi","$v":"Wi-Fi"},{"$i":"percentage-number","$v":[{"t":"idOrVar","v":"number"},"%"]},{"$i":"all-apps","$v":"Tutte le applicazioni"},{"$i":"scImei","$v":"IMEI"},{"$i":"scMeid","$v":"MEID"},{"$i":"scUssd","$v":"USSD"},{"$i":"CallFailed","$v":"Chiamata non riuscita"},{"$i":"GenericFailure","$v":"Errore generico"},{"$i":"add-smart-collections","$v":"Aggiungi raccolte smart"},{"$i":"add-to-existing-contact","$v":"Aggiungi a contatto esistente"},{"$i":"alert-for-contacts-without-number","$v":"Nessun contatto con numero di telefono disponibile."},{"$i":"app-title","$v":"Le mie applicazioni"},{"$i":"app-uninstall","$v":[{"t":"idOrVar","v":"name"}," disinstallato"]},{"$i":"assign","$v":"Assegna"},{"$i":"assign-speed-dial","$v":["Il contatto non è stato aggiunto come Composizione rapida al pulsante ",{"t":"idOrVar","v":"n"},". Assegnare adesso?"]},{"$i":"assign-voicemail","$v":"Numero di segreteria non impostato."},{"$i":"call","$v":"Chiama"},{"$i":"callAirplaneModeMessage","$v":"Per effettuare una chiamata, è necessario disattivare la modalità aereo nelle impostazioni."},{"$i":"callAirplaneModeTitle","$v":"Modalità aereo attivata"},{"$i":"cancel","$v":"Annulla"},{"$i":"change-wallpaper","$v":"Cambia sfondo"},{"$i":"clocks-updated","$v":"Orologi aggiornati"},{"$i":"confirmation","$v":"Conferma"},{"$i":"contacts","$v":"Contatti"},{"$i":"create-new-contact","$v":"Crea nuovo contatto"},{"$i":"delete","$v":"Elimina"},{"$i":"delete-body","$v":[{"t":"idOrVar","v":"name"}," e tutti i relativi dati verranno eliminati."]},{"$i":"delete-title","$v":["Elimina ",{"t":"idOrVar","v":"name"}]},{"$i":"edit","$v":"Modifica"},{"$i":"edit-done","$v":"Fine"},{"$i":"edit-group-header","$v":"Modifica gruppo"},{"$i":"edit-mode","$v":"Modifica"},{"$i":"emergency-call-error","$v":[{"t":"idOrVar","v":"number"}," non è un numero di emergenza."]},{"$i":"emergency-call-only","$v":"Solo chiamata di emergenza"},{"$i":"emergencyDialogBodyBadNumber","$v":"Per effettuare una chiamata, è necessario che il telefono sia connesso a una rete."},{"$i":"emergencyDialogBodyDeviceNotAccepted","$v":"Chiamate di emergenza non consentite dalla rete."},{"$i":"emergencyDialogTitle","$v":"Nessuna connessione di rete"},{"$i":"fax-home","$v":"Fax casa"},{"$i":"fax-office","$v":"Fax ufficio"},{"$i":"fax-other","$v":"Altro fax"},{"$i":"fdnIsActiveMessage","$v":["Funzione Numeri selezione fissa (FDN) attivata. Il seguente numero non è nell'elenco FDN: ",{"t":"idOrVar","v":"number"}]},{"$i":"fdnIsActiveTitle","$v":"Funzione FDN attivata"},{"$i":"gaia-shortcut-app-updated","$v":"Applicazione aggiornata"},{"$i":"grid-view","$v":"Visualizzazione griglia"},{"$i":"home","$v":"Casa"},{"$i":"homescreen-settings","$v":"Impostazioni schermata Home"},{"$i":"invalidNumberToDialMessage","$v":"Il numero di telefono che si sta chiamando non è valido."},{"$i":"invalidNumberToDialTitle","$v":"Numero di telefono non valido"},{"$i":"list-view","$v":"Visualizzazione elenco"},{"$i":"longDateFormat","$v":"%A, %B %e"},{"$i":"menu","$v":"Menu"},{"$i":"message","$v":"Messaggio"},{"$i":"mobile","$v":"Cellulare"},{"$i":"more","$v":"Altro"},{"$i":"move","$v":"Sposta"},{"$i":"notifications","$v":"Notifiche"},{"$i":"numberIsBusyMessage","$v":"Numero attualmente occupato. Riprovare più tardi."},{"$i":"numberIsBusyTitle","$v":"Numero occupato"},{"$i":"ok","$v":"OK"},{"$i":"option-remove","$v":"Rimuovi da Composizione rapida"},{"$i":"option-replace","$v":"Sostituisci"},{"$i":"options","$v":"Opzioni"},{"$i":"otherConnectionInUseMessage","$v":"Chiamata attiva su un'altra connessione. È possibile usare una sola connessione alla volta."},{"$i":"otherConnectionInUseTitle","$v":"Altra connessione in uso"},{"$i":"personal","$v":"Personale"},{"$i":"remove","$v":"Rimuovi"},{"$i":"remove-speed-dial","$v":["Rimuovere ",{"t":"idOrVar","v":"name"}," da Composizione rapida?"]},{"$i":"replace","$v":"Sostituisci"},{"$i":"replace-speed-dial","$v":["Sostituire ",{"t":"idOrVar","v":"name"}," con ",{"t":"idOrVar","v":"subName"}," ?"]},{"$i":"resume-download-action","$v":"Scarica"},{"$i":"resume-download-body","$v":["Scaricare ",{"t":"idOrVar","v":"name"},"?"]},{"$i":"resume-download-title","$v":"Riavvia download"},{"$i":"scCallBarring","$v":"Blocco chiamate"},{"$i":"scCallForwarding","$v":"Inoltro chiamate"},{"$i":"scCallWaiting","$v":"Avviso di chiamata"},{"$i":"scClip","$v":"ID chiamante in arrivo"},{"$i":"scClir","$v":"ID chiamante in uscita"},{"$i":"scPin","$v":"Cambio PIN"},{"$i":"scPin2","$v":"Cambio PIN2"},{"$i":"scPuk","$v":"Sblocca PIN"},{"$i":"scPuk2","$v":"Sblocca PIN2"},{"$i":"scPwd","$v":"Cambio password"},{"$i":"search-or-enter-address","placeholder":"Cercare o inserire l'indirizzo"},{"$i":"select","$v":"Seleziona"},{"$i":"sending","$v":"Invio in corso..."},{"$i":"set","$v":"Imposta"},{"$i":"settings","$v":"Impostazioni"},{"$i":"single-view","$v":"Visualizzazione singola"},{"$i":"skip","$v":"Salta"},{"$i":"speed-dial","$v":"Composizione rapida"},{"$i":"speed-dial-empty","ariaLabel":[{"t":"idOrVar","v":"order"},", vuoto"]},{"$i":"speed-dial-not-empty","ariaLabel":[{"t":"idOrVar","v":"order"},", ",{"t":"idOrVar","v":"name"}]},{"$i":"stop-download-action","$v":"Interrompi"},{"$i":"stop-download-body","$v":"Interrompere il download in corso?"},{"$i":"stop-download-title","$v":["Interrompi ",{"t":"idOrVar","v":"name"}]},{"$i":"tcl-wallpaper-changed","$v":"Sfondo cambiato"},{"$i":"video-call","$v":"Videochiamata"},{"$i":"voicemail","$v":"Segreteria"},{"$i":"work","$v":"Lavoro"},{"$i":"apps","$v":"Applicazioni"},{"$i":"nocard-eccOnly","$v":"No SIM card-Emergency calls only"},{"$i":"unusablecard-eccOnly","$v":"Unusable SIM card-Emergency calls only"},{"$i":"apn-sim1","$v":"Impostazioni APN - SIM1"},{"$i":"apn-sim2","$v":"Impostazioni APN - SIM2"},{"$i":"apnConfigPrepay","$v":"Pag. anticipato"},{"$i":"apnConfigPostpay","$v":"Pag. posticipato"},{"$i":"apn-defaultconfig-message","$v":"Impostare il tipo di APN da mostrare"},{"$i":"apnDefaultConfig","$v":"Config. predefinita APN"},{"$i":"without-sim-new","$v":[{"t":"idOrVar","v":"index"}]},{"$i":"with-sim-new","$v":[{"t":"idOrVar","v":"index"}," - ",{"t":"idOrVar","v":"carrier"}]},{"$i":"sim-with-index-and-carrier","$v":["SIM ",{"t":"idOrVar","v":"index"}," - ",{"t":"idOrVar","v":"carrier"}]},{"$i":"sim-without-carrier","$v":["SIM ",{"t":"idOrVar","v":"index"}]},{"$i":"call-forwarding-voice-after-seconds","$v":["Voce: ",{"t":"idOrVar","v":"voice"}," dopo ",{"t":"idOrVar","v":"timeSeconds"}," secondi"]},{"$i":"addNewNumber","$v":"Aggiungi nuovo numero"},{"$i":"addToExistingContact","$v":"Aggiungi a contatto esistente"},{"$i":"all","$v":"Tutto","ariaLabel":"Tutto"},{"$i":"bluetooth-handsfree-device","$v":"Dispositivo vivavoce Bluetooth"},{"$i":"bluetoothOption","ariaLabel":"Bluetooth"},{"$i":"callDurationHours","$v":[{"t":"idOrVar","v":"h"},":",{"t":"idOrVar","v":"m"},":",{"t":"idOrVar","v":"s"}]},{"$i":"callDurationMinutes","$v":[{"t":"idOrVar","v":"m"},":",{"t":"idOrVar","v":"s"}]},{"$i":"callDurationTextFormatHours","$v":[{"t":"idOrVar","v":"h"}," h ",{"t":"idOrVar","v":"m"}," m ",{"t":"idOrVar","v":"s"}," s"]},{"$i":"callDurationTextFormatMinutes","$v":[{"t":"idOrVar","v":"m"}," m ",{"t":"idOrVar","v":"s"}," s"]},{"$i":"callDurationTextFormatSeconds","$v":[{"t":"idOrVar","v":"s"}," s"]},{"$i":"callEnded","$v":"Chiamata terminata"},{"$i":"callInformation","$v":"Informazioni chiamata"},{"$i":"callLog","$v":"Registro chiamate"},{"$i":"callLogEdit","title":"Modifica registro chiamate"},{"$i":"callLogEditDialog","ariaLabel":"Finestra di dialogo Modifica registro chiamate"},{"$i":"caller-left-call","$v":[{"t":"idOrVar","v":"caller"}," ha abbandonato la chiamata."]},{"$i":"calllog-all","$v":"Tutto"},{"$i":"calllog-deselectAll","$v":"Deseleziona tutto"},{"$i":"calllog-none","$v":"Nessuno"},{"$i":"calllog-selectAll","$v":"Seleziona tutto"},{"$i":"canceled","$v":"Annullato"},{"$i":"clear-all-text","$v":"Cancella tutto il testo"},{"$i":"close","$v":"Chiudi"},{"$i":"composeEmail","ariaLabel":"E-mail"},{"$i":"conferenceAddError","$v":"Impossibile unire le chiamate"},{"$i":"conferenceCall","$v":["Conferenza (",{"t":"idOrVar","v":"n"},")"]},{"$i":"conferenceRemoveError","$v":"Impossibile annullare l'unione delle chiamate"},{"$i":"confirm-deletion","$v":"Cancellare le chiamate selezionate?"},{"$i":"connecting","$v":"Connessione in corso"},{"$i":"connectingEllipsis","$v":"Connessione in corso..."},{"$i":"contactDetails","$v":"Dettagli contatto"},{"$i":"createNewContact","$v":"Crea nuovo contatto"},{"$i":"delete-n-log?","$v":{"few":["Eliminare ",{"t":"idOrVar","v":"n"}," registri?"],"many":["Eliminare ",{"t":"idOrVar","v":"n"}," registri?"],"one":"Eliminare il registro selezionato?","other":["Eliminare ",{"t":"idOrVar","v":"n"}," registri?"],"two":["Eliminare ",{"t":"idOrVar","v":"n"}," registri?"],"zero":"Nessuna selezione"},"$x":[{"t":"idOrVar","v":"plural"},"n"]},{"$i":"deselect","$v":"Deseleziona"},{"$i":"dialed","$v":"Composto"},{"$i":"dialer-prompt","$v":"Comporre il numero o selezionare un contatto da aggiungere alla chiamata"},{"$i":"dialerAddContact","ariaLabel":"Aggiungi contatto"},{"$i":"dialerAddContactDialog","ariaLabel":"Finestra di dialogo Aggiungi contatto"},{"$i":"edit-selected","$v":{"few":["selezionati (",{"t":"idOrVar","v":"n"},")"],"many":["selezionati (",{"t":"idOrVar","v":"n"},")"],"one":["selezionato (",{"t":"idOrVar","v":"n"},")"],"other":["selezionati (",{"t":"idOrVar","v":"n"},")"],"two":["selezionati (",{"t":"idOrVar","v":"n"},")"]},"$x":[{"t":"idOrVar","v":"plural"},"n"]},{"$i":"emailDetail","ariaLabel":"E-mail"},{"$i":"from-contact","$v":["Da ",{"t":"idOrVar","v":"contact"}]},{"$i":"from-number","$v":["Da ",{"t":"idOrVar","v":"number"}]},{"$i":"from-withheld-number","$v":"Da numero sconosciuto"},{"$i":"hangup-a11y-button","ariaLabel":"Termina"},{"$i":"hide","$v":"Nascondi"},{"$i":"hideKeypad","ariaLabel":"Nascondi tastierino"},{"$i":"hold","ariaLabel":"Attesa"},{"$i":"hours","$v":"ore"},{"$i":"ignore","$v":"Ignora chiamata"},{"$i":"incoming","$v":"In arrivo"},{"$i":"incoming-call","$v":"Chiamata in arrivo"},{"$i":"info-missed","$v":"Senza risposta"},{"$i":"keypad","ariaLabel":"Tastierino"},{"$i":"log-item","$v":"Opzioni"},{"$i":"makeCall","ariaLabel":"Effettua chiamata"},{"$i":"merge","ariaLabel":"Unisci"},{"$i":"minutes","$v":"minuti"},{"$i":"missed","$v":"Senza risposta","ariaLabel":"Senza risposta"},{"$i":"missedCall","$v":"Chiamata senza risposta"},{"$i":"missedCallMultiSims","$v":["(SIM ",{"t":"idOrVar","v":"n"},") Chiamata senza risposta"]},{"$i":"mmi-error","$v":"Si è verificato un errore durante l'invio del messaggio"},{"$i":"mmi-notification-title-with-sim","$v":["(",{"t":"idOrVar","v":"sim"},") ",{"t":"idOrVar","v":"title"}]},{"$i":"mmi-session-expired","$v":"Sessione scaduta"},{"$i":"mmi-successfully-sent","$v":"Messaggio inviato"},{"$i":"mute","ariaLabel":"Silenzioso"},{"$i":"newCall","ariaLabel":"Nuova chiamata"},{"$i":"no-logs-msg-1","$v":"Nessuna chiamata registrata"},{"$i":"no-logs-msg-2","$v":"Inizia comunicazione subito"},{"$i":"no-logs-msg-3","$v":"Nessuna chiamata registrata"},{"$i":"no-logs-msg-4","$v":"Inizia comunicazione subito"},{"$i":"no-recent-numbers","$v":"Nessun numero recente in Registri chiamate da comporre."},{"$i":"onHoldOption","ariaLabel":"In attesa"},{"$i":"outgoing","$v":"In uscita"},{"$i":"outgoing-call","$v":"Chiamata in uscita"},{"$i":"phoneDetail","ariaLabel":"Telefono"},{"$i":"pickup-a11y-button","ariaLabel":"Rispondi"},{"$i":"received","$v":"Ricevuto"},{"$i":"receiver","$v":"Ricevitore"},{"$i":"recents","ariaLabel":"Chiamate recenti"},{"$i":"reply","$v":"Rispondi"},{"$i":"resume","$v":"Riprendi","ariaLabel":"Riprendi"},{"$i":"search-results","$v":"Risultati ricerca"},{"$i":"seconds","$v":"secondi"},{"$i":"select-audio-sources","$v":"Seleziona sorgenti audio"},{"$i":"send","$v":"Invia"},{"$i":"send-sms-button","ariaLabel":"SMS"},{"$i":"sendSms","$v":"Invia messaggio"},{"$i":"separator","$v":","},{"$i":"sim-number","$v":["SIM",{"t":"idOrVar","v":"n"}]},{"$i":"speaker","$v":"Altoparlante"},{"$i":"speakerOption","ariaLabel":"Altoparlante"},{"$i":"suggestionMatches","$v":{"few":[{"t":"idOrVar","v":"n"}," corrispondenze per \"",{"t":"idOrVar","v":"matchNumber"}],"many":[{"t":"idOrVar","v":"n"}," corrispondenze per \"",{"t":"idOrVar","v":"matchNumber"}],"one":[{"t":"idOrVar","v":"n"}," corrispondenza per \"",{"t":"idOrVar","v":"matchNumber"}],"other":[{"t":"idOrVar","v":"n"}," corrispondenze per \"",{"t":"idOrVar","v":"matchNumber"}],"two":[{"t":"idOrVar","v":"n"}," corrispondenze per \"",{"t":"idOrVar","v":"matchNumber"}]},"$x":[{"t":"idOrVar","v":"plural"},"n"]},{"$i":"switch-calls","$v":"Commuta chiamate"},{"$i":"tcl-assign","$v":"Assegna"},{"$i":"tcl-assign-speed-dial","$v":{"$o":["Il contatto non è stato aggiunto come Composizione rapida al pulsante \"",{"t":"idOrVar","v":"speedDial"},"\"<br><br>Assegnare adesso?"]}},{"$i":"tcl-call-log-delete-group-notification","$v":[{"t":"idOrVar","v":"n"}," voci sono state eliminate"]},{"$i":"tcl-calllog-entry-removed-err-notification","$v":"Impossibile rimuovere la voce Registro chiamate"},{"$i":"tcl-calllog-entry-removed-succ-notification","$v":"Voce Registro chiamate rimossa"},{"$i":"tcl-cancel","$v":"Annulla"},{"$i":"tcl-confirmation","$v":"Conferma"},{"$i":"tcl-delete-log","$v":"Eliminare le voci selezionate da Registro chiamate?"},{"$i":"tcl-dialer","$v":"Compositore"},{"$i":"tcl-edit-not-selected","$v":"selezionati (0)"},{"$i":"tcl-option-menu-call-log-edit","$v":"Modifica Registro chiamate"},{"$i":"today","$v":"Oggi"},{"$i":"toggleKeypad","ariaLabel":"Commuta tastierino"},{"$i":"type-your-response","placeholder":"Digitare la risposta..."},{"$i":"unknown","$v":"Sconosciuto"},{"$i":"unlock-a11y-button","ariaLabel":"Cursore"},{"$i":"ussd-services","$v":["Servizi ",{"t":"idOrVar","v":"operator"}]},{"$i":"via-sim","$v":["tramite SIM",{"t":"idOrVar","v":"n"}]},{"$i":"view-all","$v":"Visualizza tutto"},{"$i":"wifi-calling","$v":"Wi-Fi Calling"},{"$i":"withheld-number","$v":"Sconosciuto"},{"$i":"yesterday","$v":"Ieri"},{"$i":"SimPin2","$v":"PIN2 SIM"},{"$i":"SimPuk2","$v":"PUK2 SIM"},{"$i":"serviceClassFax","$v":"FAX"},{"$i":"serviceClassPad","$v":"PAD"},{"$i":"serviceClassSms","$v":"SMS"},{"$i":"DialModifiedToDial","$v":"Dial modified to dial"},{"$i":"DialModifiedToSs","$v":"Dial modified to SS"},{"$i":"DialModifiedToUssd","$v":"Dial modified to USSD"},{"$i":"FdnCheckFailure","$v":"Errore di verifica FDN"},{"$i":"IllegalSimOrMe","$v":"SIM o ME illegale"},{"$i":"InvalidParameter","$v":"Parametro non valido"},{"$i":"ModeNotSupported","$v":"Modalità non supportata"},{"$i":"OpNotAllowedDuringVoiceCall","$v":"Operazione non consentita durante una chiamata vocale"},{"$i":"PasswordIncorrect","$v":"Password errata"},{"$i":"RadioNotAvailable","$v":"Radio not available"},{"$i":"RejectedByRemote","$v":"Rifiutato in remoto"},{"$i":"RequestNotSupported","$v":"Richiesta non supportata"},{"$i":"ServiceIsDisabled","$v":"Servizio disattivato"},{"$i":"ServiceIsEnabled","$v":"Servizio attivato"},{"$i":"ServiceIsEnabledFor","$v":"Servizio attivato per:"},{"$i":"SimAbsent","$v":"SIM assente"},{"$i":"SmsSendFailRetry","$v":"Errore di invio SMS. Riprovare"},{"$i":"SsModifiedToDial","$v":"SS modified to dial"},{"$i":"SsModifiedToSs","$v":"SS modified to SS"},{"$i":"SsModifiedToUssd","$v":"SS modified to USSD"},{"$i":"SubscriptionNotAvailable","$v":"Abbonamento non disponibile"},{"$i":"SubscriptionNotSupported","$v":"Abbonamento non supportato"},{"$i":"UssdModifiedToDial","$v":"USSD modified to dial"},{"$i":"UssdModifiedToSs","$v":"USSD modified to SS"},{"$i":"UssdModifiedToUssd","$v":"USSD modified to USSD"},{"$i":"call-forwarding-async","$v":["Asincrono: ",{"t":"idOrVar","v":"async"}]},{"$i":"call-forwarding-data","$v":["Dati: ",{"t":"idOrVar","v":"data"}]},{"$i":"call-forwarding-error","$v":"Si è verificato un errore durante il recupero dello stato di inoltro chiamate"},{"$i":"call-forwarding-fax","$v":["FAX: ",{"t":"idOrVar","v":"fax"}]},{"$i":"call-forwarding-inactive","$v":"Non attivo"},{"$i":"call-forwarding-packet","$v":["Pacchetto: ",{"t":"idOrVar","v":"packet"}]},{"$i":"call-forwarding-pad","$v":["PAD: ",{"t":"idOrVar","v":"pad"}]},{"$i":"call-forwarding-sms","$v":["SMS: ",{"t":"idOrVar","v":"sms"}]},{"$i":"call-forwarding-status","$v":"Stato di inoltro chiamate"},{"$i":"call-forwarding-sync","$v":["Sincrono: ",{"t":"idOrVar","v":"sync"}]},{"$i":"call-forwarding-voice","$v":["Voce: ",{"t":"idOrVar","v":"voice"}]},{"$i":"emMmiError","$v":"Problema di connessione o codice MMI non valido"},{"$i":"emMmiErrorBadPin","$v":"Il vecchio PIN digitato è errato."},{"$i":"emMmiErrorBadPuk","$v":"Il PUK digitato è errato."},{"$i":"emMmiErrorEnablePin","$v":"Operazione non riuscita. Attivare BLOCCO SIM/RUIM"},{"$i":"emMmiErrorInvalidAction","$v":"Operazione non valida"},{"$i":"emMmiErrorInvalidPin","$v":"Digitare un PIN composto da 4-8 cifre"},{"$i":"emMmiErrorInvalidScCode","$v":"Codice di servizio non valido"},{"$i":"emMmiErrorMismatchPin","$v":"I PIN digitati non corrispondono"},{"$i":"emMmiErrorMmiFdn","$v":"Operazione limitata solo ai numeri di selezione fissa"},{"$i":"emMmiErrorNeedPuk2","$v":"Digitare il PUK2 per sbloccare la scheda SIM"},{"$i":"emMmiErrorNeedsPuk","$v":"Scheda SIM bloccata con il PUK"},{"$i":"emMmiErrorNotSupported","$v":"Codice MMI non valido o non supportato"},{"$i":"emMmiErrorPasswordIncorrect","$v":"Password errata"},{"$i":"emMmiErrorPinPukAttempts","$v":{"few":[{"t":"idOrVar","v":"n"}," tentativi rimasti"],"many":[{"t":"idOrVar","v":"n"}," tentativi rimasti"],"one":[{"t":"idOrVar","v":"n"}," tentativo rimasto"],"other":[{"t":"idOrVar","v":"n"}," tentativi rimasti"],"two":[{"t":"idOrVar","v":"n"}," tentativi rimasti"]},"$x":[{"t":"idOrVar","v":"plural"},"n"]},{"$i":"emMmiErrorSimBlocked","$v":"Numero di massimo di tentativi superato. SIM bloccata"},{"$i":"emMmiErrorStkCcSsDial","$v":"Richiesta SS modificata in richiesta DIAL"},{"$i":"emMmiErrorStkCcSsSs","$v":"Richiesta SS modificata in nuova richiesta SS"},{"$i":"emMmiErrorStkCcSsUssd","$v":"Richiesta SS modificata in richiesta USSD"},{"$i":"emMmiErrorStkCcUssdDial","$v":"Richiesta USSD modificata in richiesta DIAL"},{"$i":"emMmiErrorStkCcUssdSs","$v":"Richiesta USSD modificata in richiesta SS"},{"$i":"emMmiErrorStkCcUssdUssd","$v":"Richiesta USSD modificata in nuova richiesta USSD"},{"$i":"fihVersion","$v":"Versione FIH"},{"$i":"imeiAndSvn","$v":"IMEI e SVN"},{"$i":"internalVersion","$v":"Versione interna"},{"$i":"serviceClassData","$v":"Dati"},{"$i":"serviceClassDataAsync","$v":"Asincrona"},{"$i":"serviceClassDataSync","$v":"Sincrona"},{"$i":"serviceClassPacket","$v":"Pacchetto"},{"$i":"serviceClassVoice","$v":"Voce"},{"$i":"smClirDefaultOffNextCallOff","$v":"ID chiamante generalmente non limitato. Prossima chiamata: non limitato"},{"$i":"smClirDefaultOffNextCallOn","$v":"ID chiamante generalmente non limitato. Prossima chiamata: limitato"},{"$i":"smClirDefaultOnNextCallOff","$v":"ID chiamante generalmente limitato. Prossima chiamata: non limitato"},{"$i":"smClirDefaultOnNextCallOn","$v":"ID chiamante generalmente limitato. Prossima chiamata: limitato"},{"$i":"smClirPermanent","$v":"Non è possibile modificare l'impostazione ID chiamante"},{"$i":"smPin2Changed","$v":"PIN2 cambiato"},{"$i":"smPin2Unblocked","$v":"PIN2 sbloccato"},{"$i":"smPinChanged","$v":"PIN cambiato"},{"$i":"smPinUnblocked","$v":"PIN sbloccato"},{"$i":"smServiceDisabled","$v":"Servizio disattivato"},{"$i":"smServiceEnabled","$v":"Servizio attivato"},{"$i":"smServiceEnabledFor","$v":"Servizio attivato per:"},{"$i":"smServiceErased","$v":"Cancellazione eseguita"},{"$i":"smServiceInterrogated","$v":"Richiesta eseguita"},{"$i":"smServiceNotProvisioned","$v":"Servizio non fornito"},{"$i":"smServiceRegistered","$v":"Registrazione eseguita"},{"$i":"another","$v":"Altro"},{"$i":"current","$v":"Attuale"},{"$i":"customTag","$v":"Tag personalizzato","placeholder":"Tag personalizzato"},{"$i":"faxHome","$v":"Fax casa"},{"$i":"faxOffice","$v":"Fax ufficio"},{"$i":"faxOther","$v":"Altro fax"},{"$i":"itemWithLabel","$v":[{"t":"idOrVar","v":"label"},", ",{"t":"idOrVar","v":"item"}]},{"$i":"label","$v":"Etichetta"},{"$i":"other","$v":"Altro"},{"$i":"tcl-customTag","$v":"Tag personalizzato"},{"$i":"dateTimeFormat_%c","$v":"%a %b %e %Y %I:%M:%S %p"},{"$i":"dateTimeFormat_%x","$v":"%m/%d/%Y"},{"$i":"days-ago-long","$v":{"few":[{"t":"idOrVar","v":"value"}," giorni fa"],"many":[{"t":"idOrVar","v":"value"}," giorni fa"],"one":"ieri","other":[{"t":"idOrVar","v":"value"}," giorni fa"],"two":[{"t":"idOrVar","v":"value"}," giorni fa"],"zero":"oggi"},"$x":[{"t":"idOrVar","v":"plural"},"value"]},{"$i":"days-ago-short","$v":{"other":[{"t":"idOrVar","v":"value"}," g fa"],"zero":"oggi"},"$x":[{"t":"idOrVar","v":"plural"},"value"]},{"$i":"days-until-long","$v":{"few":["tra ",{"t":"idOrVar","v":"value"}," giorni"],"many":["tra ",{"t":"idOrVar","v":"value"}," giorni"],"one":"domani","other":["tra ",{"t":"idOrVar","v":"value"}," giorni"],"two":["tra ",{"t":"idOrVar","v":"value"}," giorni"],"zero":"oggi"},"$x":[{"t":"idOrVar","v":"plural"},"value"]},{"$i":"days-until-short","$v":{"other":["tra ",{"t":"idOrVar","v":"value"}," g"],"zero":"oggi"},"$x":[{"t":"idOrVar","v":"plural"},"value"]},{"$i":"hours-ago-long","$v":{"few":[{"t":"idOrVar","v":"value"}," ore fa"],"many":[{"t":"idOrVar","v":"value"}," ore fa"],"one":"un'ora fa","other":[{"t":"idOrVar","v":"value"}," ore fa"],"two":[{"t":"idOrVar","v":"value"}," ore fa"],"zero":"adesso"},"$x":[{"t":"idOrVar","v":"plural"},"value"]},{"$i":"hours-ago-short","$v":{"other":[{"t":"idOrVar","v":"value"}," h fa"],"zero":"adesso"},"$x":[{"t":"idOrVar","v":"plural"},"value"]},{"$i":"hours-until-long","$v":{"few":["tra ",{"t":"idOrVar","v":"value"}," ore"],"many":["tra ",{"t":"idOrVar","v":"value"}," ore"],"one":"tra un'ora","other":["tra ",{"t":"idOrVar","v":"value"}," ore"],"two":["tra ",{"t":"idOrVar","v":"value"}," ore"],"zero":"ora"},"$x":[{"t":"idOrVar","v":"plural"},"value"]},{"$i":"hours-until-short","$v":{"other":["tra ",{"t":"idOrVar","v":"value"}," h"],"zero":"ora"},"$x":[{"t":"idOrVar","v":"plural"},"value"]},{"$i":"incorrectDate","$v":"(data errata)"},{"$i":"minutes-ago-long","$v":{"few":[{"t":"idOrVar","v":"value"}," minuti fa"],"many":[{"t":"idOrVar","v":"value"}," minuti fa"],"one":"un minuto fa","other":[{"t":"idOrVar","v":"value"}," minuti fa"],"two":[{"t":"idOrVar","v":"value"}," minuti fa"],"zero":"adesso"},"$x":[{"t":"idOrVar","v":"plural"},"value"]},{"$i":"minutes-ago-short","$v":{"other":[{"t":"idOrVar","v":"value"}," m fa"],"zero":"adesso"},"$x":[{"t":"idOrVar","v":"plural"},"value"]},{"$i":"minutes-until-long","$v":{"few":["tra ",{"t":"idOrVar","v":"value"}," minuti"],"many":["tra ",{"t":"idOrVar","v":"value"}," minuti"],"one":"tra un minuto","other":["tra ",{"t":"idOrVar","v":"value"}," minuti"],"two":["tra ",{"t":"idOrVar","v":"value"}," minuti"],"zero":"ora"},"$x":[{"t":"idOrVar","v":"plural"},"value"]},{"$i":"minutes-until-short","$v":{"other":["tra ",{"t":"idOrVar","v":"value"}," m"],"zero":"ora"},"$x":[{"t":"idOrVar","v":"plural"},"value"]},{"$i":"month-0-genitive","$v":"Gennaio"},{"$i":"month-0-long","$v":"Gennaio"},{"$i":"month-0-short","$v":"Gen"},{"$i":"month-1-genitive","$v":"Febbraio"},{"$i":"month-1-long","$v":"Febbraio"},{"$i":"month-1-short","$v":"Feb"},{"$i":"month-10-genitive","$v":"Novembre"},{"$i":"month-10-long","$v":"Novembre"},{"$i":"month-10-short","$v":"Nov"},{"$i":"month-11-genitive","$v":"Dicembre"},{"$i":"month-11-long","$v":"Dicembre"},{"$i":"month-11-short","$v":"Dic"},{"$i":"month-2-genitive","$v":"Marzo"},{"$i":"month-2-long","$v":"Marzo"},{"$i":"month-2-short","$v":"Mar"},{"$i":"month-3-genitive","$v":"Aprile"},{"$i":"month-3-long","$v":"Aprile"},{"$i":"month-3-short","$v":"Apr"},{"$i":"month-4-genitive","$v":"Maggio"},{"$i":"month-4-long","$v":"Maggio"},{"$i":"month-4-short","$v":"Mag"},{"$i":"month-5-genitive","$v":"Giugno"},{"$i":"month-5-long","$v":"Giugno"},{"$i":"month-5-short","$v":"Giu"},{"$i":"month-6-genitive","$v":"Luglio"},{"$i":"month-6-long","$v":"Luglio"},{"$i":"month-6-short","$v":"Lug"},{"$i":"month-7-genitive","$v":"Agosto"},{"$i":"month-7-long","$v":"Agosto"},{"$i":"month-7-short","$v":"Ago"},{"$i":"month-8-genitive","$v":"Settembre"},{"$i":"month-8-long","$v":"Settembre"},{"$i":"month-8-short","$v":"Set"},{"$i":"month-9-genitive","$v":"Ottobre"},{"$i":"month-9-long","$v":"Ottobre"},{"$i":"month-9-short","$v":"Ott"},{"$i":"months-ago-long","$v":{"few":[{"t":"idOrVar","v":"value"}," mesi fa"],"many":[{"t":"idOrVar","v":"value"}," mesi fa"],"one":"un mese fa","other":[{"t":"idOrVar","v":"value"}," mesi fa"],"two":[{"t":"idOrVar","v":"value"}," mesi fa"],"zero":"questo mese"},"$x":[{"t":"idOrVar","v":"plural"},"value"]},{"$i":"months-until-long","$v":{"few":["tra ",{"t":"idOrVar","v":"value"}," mesi"],"many":["tra ",{"t":"idOrVar","v":"value"}," mesi"],"one":"tra un mese","other":["tra ",{"t":"idOrVar","v":"value"}," mesi"],"two":["tra ",{"t":"idOrVar","v":"value"}," mesi"],"zero":"questo mese"},"$x":[{"t":"idOrVar","v":"plural"},"value"]},{"$i":"shortDateTimeFormat","$v":"%x %I:%M %p"},{"$i":"shortTimeFormat","$v":"%I:%M %p"},{"$i":"shortTimeFormat12","$v":"%I:%M %p"},{"$i":"shortTimeFormat24","$v":"%H:%M"},{"$i":"time_am","$v":"AM"},{"$i":"time_pm","$v":"PM"},{"$i":"weekday-0-long","$v":"Domenica"},{"$i":"weekday-0-short","$v":"Dom"},{"$i":"weekday-1-long","$v":"Lunedì"},{"$i":"weekday-1-short","$v":"Lun"},{"$i":"weekday-2-long","$v":"Martedì"},{"$i":"weekday-2-short","$v":"Mar"},{"$i":"weekday-3-long","$v":"Mercoledì"},{"$i":"weekday-3-short","$v":"Mer"},{"$i":"weekday-4-long","$v":"Giovedì"},{"$i":"weekday-4-short","$v":"Gio"},{"$i":"weekday-5-long","$v":"Venerdì"},{"$i":"weekday-5-short","$v":"Ven"},{"$i":"weekday-6-long","$v":"Sabato"},{"$i":"weekday-6-short","$v":"Sab"},{"$i":"weeks-ago-long","$v":{"few":[{"t":"idOrVar","v":"value"}," settimane fa"],"many":[{"t":"idOrVar","v":"value"}," settimane fa"],"one":"una settimana fa","other":[{"t":"idOrVar","v":"value"}," settimane fa"],"two":[{"t":"idOrVar","v":"value"}," settimane fa"],"zero":"questa settimana"},"$x":[{"t":"idOrVar","v":"plural"},"value"]},{"$i":"weeks-until-long","$v":{"few":["tra ",{"t":"idOrVar","v":"value"}," settimane"],"many":["tra ",{"t":"idOrVar","v":"value"}," settimane"],"one":"tra una settimana","other":["tra ",{"t":"idOrVar","v":"value"}," settimane"],"two":["tra ",{"t":"idOrVar","v":"value"}," settimane"],"zero":"questa settimana"},"$x":[{"t":"idOrVar","v":"plural"},"value"]},{"$i":"years-ago-long","$v":{"few":[{"t":"idOrVar","v":"value"}," anni fa"],"many":[{"t":"idOrVar","v":"value"}," anni fa"],"one":"un anno fa","other":[{"t":"idOrVar","v":"value"}," anni fa"],"two":[{"t":"idOrVar","v":"value"}," anni fa"],"zero":"quest'anno"},"$x":[{"t":"idOrVar","v":"plural"},"value"]},{"$i":"years-until-long","$v":{"few":["tra ",{"t":"idOrVar","v":"value"}," anni"],"many":["tra ",{"t":"idOrVar","v":"value"}," anni"],"one":"tra un anno","other":["tra ",{"t":"idOrVar","v":"value"}," anni"],"two":["tra ",{"t":"idOrVar","v":"value"}," anni"],"zero":"quest'anno"},"$x":[{"t":"idOrVar","v":"plural"},"value"]},{"$i":"dateTimeFormat_%X","$v":"%I:%M:%S %p"},{"$i":"weekStartsOnMonday","$v":"0"},{"$i":"firstDayOfTheWeek","$v":"1"}]