[{"$i":"clockDateFormat","$v":"%a, %e %b"},{"$i":"deviceIsUnlocked","$v":"მოწყობილობა განბლოკილია"},{"$i":"simUnlockCodeAccepted","$v":"SIM-ის განბლოკვის კოდი მიღებულია"},{"$i":"simUnlockCodeFailed","$v":"SIM-ის განბლოკვა წარუმატებელი გამოდგა"},{"$i":"eccOnly","$v":"მხოლოდ საგანგებო ზარები"},{"$i":"emergencyCallsOnly","$v":"მხოლოდ საგანგებო ზარები"},{"$i":"lockedSim","$v":"დაბლოკილი SIM"},{"$i":"noService","$v":"მომსახურება არ არის"},{"$i":"noSimCard","$v":"SIM ბარათი არ არის"},{"$i":"searching","$v":"ძიება..."},{"$i":"airplane-mode","$v":"ფრენის რეჟიმი"},{"$i":"bluetooth","$v":"ბლუთუზი"},{"$i":"brightness","$v":"სიკაშკაშე"},{"$i":"calculator","$v":"კალკულატ."},{"$i":"camera","$v":"კამერა"},{"$i":"cellular-data","$v":"ფიჭური მონაცემები"},{"$i":"confirm-to-uninstall-app","$v":["წავშალოთ ",{"t":"idOrVar","v":"appName"}," აპი?"]},{"$i":"flashlight","$v":"სასიგნალო შუქი"},{"$i":"instant-settings","$v":"მყისიერი პარამეტრები"},{"$i":"off","$v":"გამორთული"},{"$i":"on","$v":"ჩართული"},{"$i":"shortcuts","$v":"სწრაფი ღილ."},{"$i":"uninstall","$v":"დეინსტალაცია"},{"$i":"volume","$v":"ხმა"},{"$i":"wifi","$v":"Wi-Fi"},{"$i":"percentage-number","$v":[{"t":"idOrVar","v":"number"},"%"]},{"$i":"all-apps","$v":"ყველა აპი"},{"$i":"scImei","$v":"IMEI"},{"$i":"scMeid","$v":"MEID"},{"$i":"scUssd","$v":"USSD"},{"$i":"CallFailed","$v":"ზარი ვერ განხორციელდა"},{"$i":"GenericFailure","$v":"გენერიკული მარცხი"},{"$i":"add-smart-collections","$v":"სმარტ-კოლექციების დამატება"},{"$i":"add-to-existing-contact","$v":"არს. კონტაქტზე დამატება"},{"$i":"alert-for-contacts-without-number","$v":"ამ ტელ. ნომერზე კონტაქტები არ არის."},{"$i":"app-title","$v":"ჩემი აპები"},{"$i":"app-uninstall","$v":[{"t":"idOrVar","v":"name"}," წაიშალა"]},{"$i":"assign","$v":"მიმაგრება"},{"$i":"assign-speed-dial","$v":["კონტაქტი არ დაემატა როგორც სწრაფი აკრეფა ღილაკზე ",{"t":"idOrVar","v":"n"},". მივაწეროთ ახლა?"]},{"$i":"assign-voicemail","$v":"ხმოვანი ფოსტის ნომერი დადგენილი არ არის."},{"$i":"call","$v":"ზარი"},{"$i":"callAirplaneModeMessage","$v":"ზარის განსახორციელებლად, თქვენ უნდა გამორთოთ ფრენის რეჟიმი პარამეტრებიდან."},{"$i":"callAirplaneModeTitle","$v":"თვითმფრინავის რეჟიმი გააქტიურებულია"},{"$i":"cancel","$v":"გაუქმება"},{"$i":"change-wallpaper","$v":"სამუშაო დაფის ფონის შეცვლა"},{"$i":"clocks-updated","$v":"საათები განახლდა"},{"$i":"confirmation","$v":"დადასტურება"},{"$i":"contacts","$v":"კონტაქტები"},{"$i":"create-new-contact","$v":"ახალი კონტაქ. შექმნა"},{"$i":"delete","$v":"წაშლა"},{"$i":"delete-body","$v":[{"t":"idOrVar","v":"name"}," და ყველა მისი მონაცემი წაიშლება."]},{"$i":"delete-title","$v":[{"t":"idOrVar","v":"name"},"-ის წაშლა"]},{"$i":"edit","$v":"რედაქტირება"},{"$i":"edit-done","$v":"დას."},{"$i":"edit-group-header","$v":"ჯგუფის რედაქტირება"},{"$i":"edit-mode","$v":"რედაქტირება"},{"$i":"emergency-call-error","$v":[{"t":"idOrVar","v":"number"}," არ არის საგანგებო სამსახურის ნომერი."]},{"$i":"emergency-call-only","$v":"მხოლოდ საგანგებო ზარი"},{"$i":"emergencyDialogBodyBadNumber","$v":"ზარის განსახორციელებლად, ტელეფონი ჩართული უნდა იყოს ინტერნეტში."},{"$i":"emergencyDialogBodyDeviceNotAccepted","$v":"საგანგებო ზარების განხორციელება ქსელით დაუშვებელია."},{"$i":"emergencyDialogTitle","$v":"ქსელთან კავშირი არ არის"},{"$i":"fax-home","$v":"ფაქსი სახლი"},{"$i":"fax-office","$v":"ფაქსი ოფისი"},{"$i":"fax-other","$v":"ფაქსი სხვა"},{"$i":"fdnIsActiveMessage","$v":["FDN (ფიქსირებული ასაკრეფი ნომრები) გააქტიურებულია, ხოლო შემდეგი ნომერი არ არის თქვენი FDN-ის სიაში: ",{"t":"idOrVar","v":"number"}]},{"$i":"fdnIsActiveTitle","$v":"FDN აქტიური"},{"$i":"gaia-shortcut-app-updated","$v":"აპი განახლებულია"},{"$i":"grid-view","$v":"ბადის სახეობა"},{"$i":"home","$v":"სახლი"},{"$i":"homescreen-settings","$v":"საწყისი ეკრანის პარამეტრები"},{"$i":"invalidNumberToDialMessage","$v":"ტელეფონის ნომერი, რომელზეც რეკავთ, არასწორია."},{"$i":"invalidNumberToDialTitle","$v":"არასწორი ტელეფონის ნომერი"},{"$i":"list-view","$v":"ნახვების სია"},{"$i":"longDateFormat","$v":"%A, %B %e"},{"$i":"menu","$v":"მენიუ"},{"$i":"message","$v":"შეტყობინება"},{"$i":"mobile","$v":"მობილური"},{"$i":"more","$v":"მეტი"},{"$i":"move","$v":"გადატანა"},{"$i":"notifications","$v":"შეტყობინებები"},{"$i":"numberIsBusyMessage","$v":"ნომერი ამჟამად დაკავებული. გთხოვთ, მოგვიანებით კიდევ სცადეთ."},{"$i":"numberIsBusyTitle","$v":"ნომერი დაკავებულია"},{"$i":"ok","$v":"OK"},{"$i":"option-remove","$v":"სწრაფი აკრეფის სიიდან წაშლა"},{"$i":"option-replace","$v":"ჩანაცვლება"},{"$i":"options","$v":"ვარიანტები"},{"$i":"otherConnectionInUseMessage","$v":"თქვენ გაქვთ აქტიური ზარი მეორე ხაზზე. ერთ ჯერზე მხოლოდ ერთი კავშირის გამოყენება შეგიძლიათ."},{"$i":"otherConnectionInUseTitle","$v":"სხვა მოქმედი კავშირები"},{"$i":"personal","$v":"პირადი"},{"$i":"remove","$v":"ამოშლა"},{"$i":"remove-speed-dial","$v":["დარწმუნებული ხართ, რომ გსურთ ",{"t":"idOrVar","v":"name"},"-ის სწრაფი აკრეფის სიიდან ამოშლა ?"]},{"$i":"replace","$v":"ჩანაცვლება"},{"$i":"replace-speed-dial","$v":["დარწმუნებული ხართ, რომ გსურთ ",{"t":"idOrVar","v":"name"},"-ის ",{"t":"idOrVar","v":"subName"},"-ით ჩანაცვლება ?"]},{"$i":"resume-download-action","$v":"ჩამოტვირთვა"},{"$i":"resume-download-body","$v":["გსურთ ",{"t":"idOrVar","v":"name"},"-ის ჩამოტვირთვა?"]},{"$i":"resume-download-title","$v":"ჩამოტ. თავ. დაწყება"},{"$i":"scCallBarring","$v":"ზარის დაბლოკვა"},{"$i":"scCallForwarding","$v":"ზარის გადამისამართება"},{"$i":"scCallWaiting","$v":"ზარის მოცდა"},{"$i":"scClip","$v":"შემოსული აბონენტის ID"},{"$i":"scClir","$v":"გამავალი აბონენტის ID"},{"$i":"scPin","$v":"PIN შეცვლა"},{"$i":"scPin2","$v":"PIN2 შეცვლა"},{"$i":"scPuk","$v":"PIN-ის განბლოკვა"},{"$i":"scPuk2","$v":"PIN2-ის განბლოკვა"},{"$i":"scPwd","$v":"პაროლის შეცვლა"},{"$i":"search-or-enter-address","placeholder":"მოძ. ან შეიყვანეთ მისამ."},{"$i":"select","$v":"არჩევა"},{"$i":"sending","$v":"გაგზავნა…"},{"$i":"set","$v":"დაყენება"},{"$i":"settings","$v":"პარამ."},{"$i":"single-view","$v":"ერთხელ ნახვა"},{"$i":"skip","$v":"გამოტოვება"},{"$i":"speed-dial","$v":"სწრაფი აკრეფა"},{"$i":"speed-dial-empty","ariaLabel":[{"t":"idOrVar","v":"order"},", ცარიელი"]},{"$i":"speed-dial-not-empty","ariaLabel":[{"t":"idOrVar","v":"order"},", ",{"t":"idOrVar","v":"name"}]},{"$i":"stop-download-action","$v":"გაჩერება"},{"$i":"stop-download-body","$v":"გსურთ შეაჩეროთ ჩამოტვირთვის პროცესი?"},{"$i":"stop-download-title","$v":["გაჩერება ",{"t":"idOrVar","v":"name"}]},{"$i":"tcl-wallpaper-changed","$v":"ფონი შეიცვალა"},{"$i":"video-call","$v":"ვიდ. ზარი"},{"$i":"voicemail","$v":"ხმოვანი ფოსტა"},{"$i":"work","$v":"სამუშაო"},{"$i":"apps","$v":"აპები"},{"$i":"nocard-eccOnly","$v":"No SIM card-Emergency calls only"},{"$i":"unusablecard-eccOnly","$v":"Unusable SIM card-Emergency calls only"},{"$i":"apn-sim1","$v":"APN პარამეტრები — SIM1"},{"$i":"apn-sim2","$v":"APN პარამეტრები — SIM2"},{"$i":"apnConfigPrepay","$v":"წინასწარი გადახდა"},{"$i":"apnConfigPostpay","$v":"შემდგომ გადახდა"},{"$i":"apn-defaultconfig-message","$v":"დააყენეთ, რომელი ტიპის APN გაჩვენოთ"},{"$i":"apnDefaultConfig","$v":"APN სტანდარტ. კონფიგურაცია"},{"$i":"without-sim-new","$v":[{"t":"idOrVar","v":"index"}]},{"$i":"with-sim-new","$v":[{"t":"idOrVar","v":"index"}," - ",{"t":"idOrVar","v":"carrier"}]},{"$i":"sim-with-index-and-carrier","$v":["SIM ",{"t":"idOrVar","v":"index"}," — ",{"t":"idOrVar","v":"carrier"}]},{"$i":"sim-without-carrier","$v":["SIM",{"t":"idOrVar","v":"index"}]},{"$i":"call-forwarding-voice-after-seconds","$v":["ხმა: ",{"t":"idOrVar","v":"voice"}," წამის ",{"t":"idOrVar","v":"timeSeconds"}," შემდეგ"]},{"$i":"addNewNumber","$v":"ახალი ნომრის დამატება"},{"$i":"addToExistingContact","$v":"არს. კონტაქტზე დამატება"},{"$i":"all","$v":"ყველა","ariaLabel":"ყველა"},{"$i":"bluetooth-handsfree-device","$v":"Bluetooth უკონტაქტო მოწყობილობა"},{"$i":"bluetoothOption","ariaLabel":"ბლუთუზი"},{"$i":"callDurationHours","$v":[{"t":"idOrVar","v":"h"},":",{"t":"idOrVar","v":"m"},":",{"t":"idOrVar","v":"s"}]},{"$i":"callDurationMinutes","$v":[{"t":"idOrVar","v":"m"},":",{"t":"idOrVar","v":"s"}]},{"$i":"callDurationTextFormatHours","$v":[{"t":"idOrVar","v":"h"}," სთ ",{"t":"idOrVar","v":"m"}," წ ",{"t":"idOrVar","v":"s"},"წ"]},{"$i":"callDurationTextFormatMinutes","$v":[{"t":"idOrVar","v":"m"}," წ ",{"t":"idOrVar","v":"s"}," წ"]},{"$i":"callDurationTextFormatSeconds","$v":[{"t":"idOrVar","v":"s"}," წ"]},{"$i":"callEnded","$v":"ზარი დასრულებულია"},{"$i":"callInformation","$v":"ინფ. ზარის შესახებ"},{"$i":"callLog","$v":"ზარების ჟურნალი"},{"$i":"callLogEdit","title":"ზარების ჟურნალის რედაქტირება"},{"$i":"callLogEditDialog","ariaLabel":"ზარების ჟურნალის დიალოგის რედაქტირება"},{"$i":"caller-left-call","$v":[{"t":"idOrVar","v":"caller"}," გათიშა."]},{"$i":"calllog-all","$v":"ყველა"},{"$i":"calllog-deselectAll","$v":"ყველა მონიშვნის მოხსნა"},{"$i":"calllog-none","$v":"არცერთი"},{"$i":"calllog-selectAll","$v":"ყველას არჩევა"},{"$i":"canceled","$v":"გაუქმდა"},{"$i":"clear-all-text","$v":"ყველა ტექსტის გასუფთავება"},{"$i":"close","$v":"დახურვა"},{"$i":"composeEmail","ariaLabel":"ელფოსტა"},{"$i":"conferenceAddError","$v":"ზარების გაერთიანება შეუძლებელია"},{"$i":"conferenceCall","$v":["კონფერენცია (",{"t":"idOrVar","v":"n"},")"]},{"$i":"conferenceRemoveError","$v":"ზარების გაერთიანების მოხსნა შეუძლებელია"},{"$i":"confirm-deletion","$v":"გავასუფთაო არჩეული ზარები?"},{"$i":"connecting","$v":"დაკავშირება"},{"$i":"connectingEllipsis","$v":"დაკავშირება…"},{"$i":"contactDetails","$v":"კონტაქტის დეტალები"},{"$i":"createNewContact","$v":"ახალი კონტაქ. შექმნა"},{"$i":"delete-n-log?","$v":{"few":["Delete ",{"t":"idOrVar","v":"n"}," logs?"],"many":["Delete ",{"t":"idOrVar","v":"n"}," logs?"],"one":"Delete selected log?","other":["Delete ",{"t":"idOrVar","v":"n"}," logs?"],"two":["Delete ",{"t":"idOrVar","v":"n"}," logs?"],"zero":"Nothing selected"},"$x":[{"t":"idOrVar","v":"plural"},"n"]},{"$i":"deselect","$v":"მონიშვნის მოხსნა"},{"$i":"dialed","$v":"აკრეფილი"},{"$i":"dialer-prompt","$v":"აკრიფეთ ნომერი ან აირჩიეთ კონტაქტი ზარში დასამატებლად"},{"$i":"dialerAddContact","ariaLabel":"კონტ. დამატ."},{"$i":"dialerAddContactDialog","ariaLabel":"კონტ. დიალ. დამატება"},{"$i":"edit-selected","$v":{"few":["selected(",{"t":"idOrVar","v":"n"},")"],"many":["selected(",{"t":"idOrVar","v":"n"},")"],"one":["selected(",{"t":"idOrVar","v":"n"},")"],"other":["selected(",{"t":"idOrVar","v":"n"},")"],"two":["selected(",{"t":"idOrVar","v":"n"},")"]},"$x":[{"t":"idOrVar","v":"plural"},"n"]},{"$i":"emailDetail","ariaLabel":"ელფოსტა"},{"$i":"from-contact","$v":[{"t":"idOrVar","v":"contact"},"-დან"]},{"$i":"from-number","$v":[{"t":"idOrVar","v":"number"},"-დან"]},{"$i":"from-withheld-number","$v":"უცნობი რიცხვიდან"},{"$i":"hangup-a11y-button","ariaLabel":"დაკიდება"},{"$i":"hide","$v":"დამალვა"},{"$i":"hideKeypad","ariaLabel":"კლავიატურის დამალვა"},{"$i":"hold","ariaLabel":"იცდის"},{"$i":"hours","$v":"სთ-ები"},{"$i":"ignore","$v":"ზარის იგნორირება"},{"$i":"incoming","$v":"შემომავალი"},{"$i":"incoming-call","$v":"შემომ. ზარი"},{"$i":"info-missed","$v":"გამოტოვებული"},{"$i":"keypad","ariaLabel":"კლავიატურა"},{"$i":"log-item","$v":"ვარიანტები"},{"$i":"makeCall","ariaLabel":"ზარის განხორციელება"},{"$i":"merge","ariaLabel":"გაერთიანება"},{"$i":"minutes","$v":"წუთები"},{"$i":"missed","$v":"გამოტოვებული","ariaLabel":"გამოტოვებული"},{"$i":"missedCall","$v":"გამოტოვებული ზარი"},{"$i":"missedCallMultiSims","$v":["(SIM ",{"t":"idOrVar","v":"n"},") გამოტოვებული ზარი"]},{"$i":"mmi-error","$v":"შეცდომა დაფიქსირდა შეტყობინების გაგზავნის დროს"},{"$i":"mmi-notification-title-with-sim","$v":["(",{"t":"idOrVar","v":"sim"},") ",{"t":"idOrVar","v":"title"}]},{"$i":"mmi-session-expired","$v":"სესიის დრო ამოიწურა"},{"$i":"mmi-successfully-sent","$v":"შეტყობინება წარმატებულად გაიგზავნა"},{"$i":"mute","ariaLabel":"უხმო"},{"$i":"newCall","ariaLabel":"ახალი ზარი"},{"$i":"no-logs-msg-1","$v":"ჩაწერილი ზარები არ არის"},{"$i":"no-logs-msg-2","$v":"დაიწყე კომუნიკაცია ახლა"},{"$i":"no-logs-msg-3","$v":"ჩაწერილი ზარები არ არის"},{"$i":"no-logs-msg-4","$v":"დაიწყე კომუნიკაცია ახლა"},{"$i":"no-recent-numbers","$v":"ზარების ჟურნალში არ არის ახალი ზარები, რომ აიკრიფოს."},{"$i":"onHoldOption","ariaLabel":"ხაზზე"},{"$i":"outgoing","$v":"გამავალი"},{"$i":"outgoing-call","$v":"გამავ. ზარი"},{"$i":"phoneDetail","ariaLabel":"ტელეფონი"},{"$i":"pickup-a11y-button","ariaLabel":"აღება"},{"$i":"received","$v":"მიღებული"},{"$i":"receiver","$v":"მიმღები"},{"$i":"recents","ariaLabel":"ბოლო ზარები"},{"$i":"reply","$v":"პასუხი"},{"$i":"resume","$v":"გაგრძ.","ariaLabel":"გაგრძ."},{"$i":"search-results","$v":"ძიების შედეგები"},{"$i":"seconds","$v":"წამები"},{"$i":"select-audio-sources","$v":"აირჩიეთ აუდიო წყაროები"},{"$i":"send","$v":"გაგზავნა"},{"$i":"send-sms-button","ariaLabel":"SMS"},{"$i":"sendSms","$v":"გააგზავნე შეტყობინება"},{"$i":"separator","$v":","},{"$i":"sim-number","$v":["SIM",{"t":"idOrVar","v":"n"}]},{"$i":"speaker","$v":"დინამიკი"},{"$i":"speakerOption","ariaLabel":"დინამიკი"},{"$i":"suggestionMatches","$v":{"few":[{"t":"idOrVar","v":"n"}," matches for \"",{"t":"idOrVar","v":"matchNumber"}],"many":[{"t":"idOrVar","v":"n"}," matches for \"",{"t":"idOrVar","v":"matchNumber"}],"one":[{"t":"idOrVar","v":"n"}," match for \"",{"t":"idOrVar","v":"matchNumber"}],"other":[{"t":"idOrVar","v":"n"}," matches for \"",{"t":"idOrVar","v":"matchNumber"}],"two":[{"t":"idOrVar","v":"n"}," matches for \"",{"t":"idOrVar","v":"matchNumber"}]},"$x":[{"t":"idOrVar","v":"plural"},"n"]},{"$i":"switch-calls","$v":"ზარების ჩართვა"},{"$i":"tcl-assign","$v":"მიმაგრება"},{"$i":"tcl-assign-speed-dial","$v":{"$o":["კონტაქტი არ დაემატა როგორც სწრაფი აკრეფა ღილაკზე “",{"t":"idOrVar","v":"speedDial"},"”<br></br>მივაწეროთ ახლა?"]}},{"$i":"tcl-call-log-delete-group-notification","$v":[{"t":"idOrVar","v":"n"}," შეტანილი მონაცემები წაშლილია"]},{"$i":"tcl-calllog-entry-removed-err-notification","$v":"ზარის ჟურნალში შეტანილი მონაცემების წაშლა შეუძლებელია"},{"$i":"tcl-calllog-entry-removed-succ-notification","$v":"ზარების შერნალში შეტანილი მონაცემები ამოშლილია"},{"$i":"tcl-cancel","$v":"გაუქმება"},{"$i":"tcl-confirmation","$v":"დადასტურება"},{"$i":"tcl-delete-log","$v":"დარწმუნებული ხართ, რომ გსურთ ზარების ჟურნალიდან არჩეული შეტანილი მონაცემების წაშლა?"},{"$i":"tcl-dialer","$v":"ამკრეფი"},{"$i":"tcl-edit-not-selected","$v":"არჩეული (0)"},{"$i":"tcl-option-menu-call-log-edit","$v":"ზარების ჟურნალის რედაქტირება"},{"$i":"today","$v":"დღეს"},{"$i":"toggleKeypad","ariaLabel":"გადამრთველი კლავიში"},{"$i":"type-your-response","placeholder":"დაბეჭდეთ თქვენი პასუხი…"},{"$i":"unknown","$v":"უცნობი"},{"$i":"unlock-a11y-button","ariaLabel":"ცოცია"},{"$i":"ussd-services","$v":[{"t":"idOrVar","v":"operator"}," მომსახურებები"]},{"$i":"via-sim","$v":["SIM",{"t":"idOrVar","v":"n"},"-ის საშუალებით"]},{"$i":"view-all","$v":"ყველას ნახვა"},{"$i":"wifi-calling","$v":"Wi-Fi დარეკვა"},{"$i":"withheld-number","$v":"უცნობი"},{"$i":"yesterday","$v":"გუშინ"},{"$i":"SimPin2","$v":"SIM PIN2"},{"$i":"SimPuk2","$v":"SIM PUK2"},{"$i":"serviceClassFax","$v":"ფაქსი"},{"$i":"serviceClassPad","$v":"PAD"},{"$i":"serviceClassSms","$v":"SMS"},{"$i":"DialModifiedToDial","$v":"Dial modified to dial"},{"$i":"DialModifiedToSs","$v":"Dial modified to SS"},{"$i":"DialModifiedToUssd","$v":"Dial modified to USSD"},{"$i":"FdnCheckFailure","$v":"Fdn-ის შემოწმების მარცხი"},{"$i":"IllegalSimOrMe","$v":"უკანონო SIM ან ME"},{"$i":"InvalidParameter","$v":"არასწორი პარამეტრი"},{"$i":"ModeNotSupported","$v":"რეჟიმი მხარდაჭერილი არ არის"},{"$i":"OpNotAllowedDuringVoiceCall","$v":"ოპერაცია არ არის ნებადართული ხმოვ. ზარ. დროს"},{"$i":"PasswordIncorrect","$v":"პაროლი არასწორია"},{"$i":"RadioNotAvailable","$v":"Radio not available"},{"$i":"RejectedByRemote","$v":"უარყოფილია დისტანც."},{"$i":"RequestNotSupported","$v":"მოთხოვნა მხარდაჭერილი არ არის"},{"$i":"ServiceIsDisabled","$v":"მომსახურება გამორთულია"},{"$i":"ServiceIsEnabled","$v":"მომსახურება ჩართულია"},{"$i":"ServiceIsEnabledFor","$v":"მომსახ. გააქტიურებულია -თვის:"},{"$i":"SimAbsent","$v":"SIM არ არის"},{"$i":"SmsSendFailRetry","$v":"SMS send fail retry"},{"$i":"SsModifiedToDial","$v":"SS შეიცვალა აკრეფვით"},{"$i":"SsModifiedToSs","$v":"SS შეიცვალა SS-ზე"},{"$i":"SsModifiedToUssd","$v":"SS შეიცვალა USSD-ზე"},{"$i":"SubscriptionNotAvailable","$v":"გამოწერა ხელმისაწვდომი არ არის"},{"$i":"SubscriptionNotSupported","$v":"გამოწერა მხარდაჭერილი არ არის"},{"$i":"UssdModifiedToDial","$v":"USSD შეიცვალა აკრეფვით"},{"$i":"UssdModifiedToSs","$v":"USSD შეიცვალა SS-ით"},{"$i":"UssdModifiedToUssd","$v":"USSD შეიცვალა USSD-ით"},{"$i":"call-forwarding-async","$v":["ასინქრონული: ",{"t":"idOrVar","v":"async"}]},{"$i":"call-forwarding-data","$v":["მონაცემები: ",{"t":"idOrVar","v":"data"}]},{"$i":"call-forwarding-error","$v":"შეცდომა დაფიქსირდა ზარის გადამისამართების სტატუსის ჩატვირთვისას"},{"$i":"call-forwarding-fax","$v":["ფაქსი: ",{"t":"idOrVar","v":"fax"}]},{"$i":"call-forwarding-inactive","$v":"არააქტიური"},{"$i":"call-forwarding-packet","$v":["პაკეტი: ",{"t":"idOrVar","v":"packet"}]},{"$i":"call-forwarding-pad","$v":["PAD: ",{"t":"idOrVar","v":"pad"}]},{"$i":"call-forwarding-sms","$v":["SMS: ",{"t":"idOrVar","v":"sms"}]},{"$i":"call-forwarding-status","$v":"ზარის გადამის. სტატუსი"},{"$i":"call-forwarding-sync","$v":["სინქრონული: ",{"t":"idOrVar","v":"sync"}]},{"$i":"call-forwarding-voice","$v":["ხმა: ",{"t":"idOrVar","v":"voice"}]},{"$i":"emMmiError","$v":"კავშირის პრობლემა ან არასწორი MMI კოდი"},{"$i":"emMmiErrorBadPin","$v":"ძველი PIN, რომელიც თქვენ შეიყვანეთ, არასწორია."},{"$i":"emMmiErrorBadPuk","$v":"PUK კოდი, რომელიც დაბეჭდეთ, არასწორია"},{"$i":"emMmiErrorEnablePin","$v":"წარუმატებელი. SIM/RUIM ბლოკის გააქტიურება"},{"$i":"emMmiErrorInvalidAction","$v":"არასწორი მოქმედება"},{"$i":"emMmiErrorInvalidPin","$v":"შეიყვანეთ PIN-ი, რომელიც შედგება 4-8 ციფრისაგან"},{"$i":"emMmiErrorInvalidScCode","$v":"არასწორი მომსახურების კოდი"},{"$i":"emMmiErrorMismatchPin","$v":"PIN-ები, რომლებიც შეიყვანეთ, არ ემთხვევა"},{"$i":"emMmiErrorMmiFdn","$v":"ოპერაცია აკრძალულია მხოლოდ ფიქს. ასაკრეფი ნომრებისთვის"},{"$i":"emMmiErrorNeedPuk2","$v":"შეიყვანეთ PUK2 SIM ბარათის განსაბლოკად"},{"$i":"emMmiErrorNeedsPuk","$v":"თქვენს SIM ბარათზე PUK-ი დაბლოკილია"},{"$i":"emMmiErrorNotSupported","$v":"არასწორი ან არამხარდაჭერილი MMI კოდი"},{"$i":"emMmiErrorPasswordIncorrect","$v":"არასწორი პაროლი"},{"$i":"emMmiErrorPinPukAttempts","$v":{"few":[{"t":"idOrVar","v":"n"}," გამეორება დარჩა"],"many":[{"t":"idOrVar","v":"n"}," გამეორება დარჩა"],"one":["მხოლოდ ",{"t":"idOrVar","v":"n"}," მცდელობა დარჩა"],"other":[{"t":"idOrVar","v":"n"}," გამეორება დარჩა"],"two":[{"t":"idOrVar","v":"n"}," გამეორება დარჩა"]},"$x":[{"t":"idOrVar","v":"plural"},"n"]},{"$i":"emMmiErrorSimBlocked","$v":"შეყვანილი მონაცემების მაქსიმალური რაოდენობა გადაჭარბებულია. SIM დაიბლოკა"},{"$i":"emMmiErrorStkCcSsDial","$v":"SS მოთხოვნა შეიცვალა სწრაფი აკრეფის მოთხოვნით"},{"$i":"emMmiErrorStkCcSsSs","$v":"SS მოთხოვნა შეიცვალა ახალი SS მოთხოვნით"},{"$i":"emMmiErrorStkCcSsUssd","$v":"SS მოთხოვნა შეიცვალა USSD მოთხოვნით"},{"$i":"emMmiErrorStkCcUssdDial","$v":"USSD მოთხოვნა შეიცვალა აკრეფის მოთხოვნით"},{"$i":"emMmiErrorStkCcUssdSs","$v":"USSD მოთხოვნა შეიცვალა SS მოთხოვნით"},{"$i":"emMmiErrorStkCcUssdUssd","$v":"USSD მოთხოვნა შეიცვალა ახალი USSD მოთხოვნით"},{"$i":"fihVersion","$v":"FIH ვერსია"},{"$i":"imeiAndSvn","$v":"IMEI და SVN"},{"$i":"internalVersion","$v":"შიდა ვერსია"},{"$i":"serviceClassData","$v":"მონაცემები"},{"$i":"serviceClassDataAsync","$v":"ასინქ."},{"$i":"serviceClassDataSync","$v":"სინქრონიზაცია"},{"$i":"serviceClassPacket","$v":"პაკეტი"},{"$i":"serviceClassVoice","$v":"ხმა"},{"$i":"smClirDefaultOffNextCallOff","$v":"აბონენტის ID-ის ნაგულისხმევი პარამეტრები აკრძალული არ არის. შემდეგი ზარი: აკრძალული არ არის"},{"$i":"smClirDefaultOffNextCallOn","$v":"აბონენტის ID-ის ნაგულისხმევი პარამეტრები აკრძალული არ არის. შემდეგი ზარი: აკრძალულია"},{"$i":"smClirDefaultOnNextCallOff","$v":"აბონენტის ID-ის ნაგულისხმევი პარამეტრები აკრძალულია. შემდეგი ზარი: აკრძალული არ არის"},{"$i":"smClirDefaultOnNextCallOn","$v":"აბონენტის ID-ის ნაგულისხმევი პარამეტრები აკრძალულია. შემდეგი ზარი: აკრძალულია"},{"$i":"smClirPermanent","$v":"თქვენ ვერ შეცვლით აბონენტის ID პარამეტრს"},{"$i":"smPin2Changed","$v":"PIN2 წარმატებით შეიცვალა"},{"$i":"smPin2Unblocked","$v":"PIN2 წარმატებით განიბლოკა"},{"$i":"smPinChanged","$v":"PIN წარმატებით შეიცვალა"},{"$i":"smPinUnblocked","$v":"PIN წარმატებით განიბლოკა"},{"$i":"smServiceDisabled","$v":"მომსახურება გამოირთო"},{"$i":"smServiceEnabled","$v":"მომსახ. გააქტიურდა"},{"$i":"smServiceEnabledFor","$v":"მომსახ. გააქტიურდა -თვის:"},{"$i":"smServiceErased","$v":"წაშლა წარმატებით განხორციელდა"},{"$i":"smServiceInterrogated","$v":"მოთხოვნა წარმატებით განხორციელდა"},{"$i":"smServiceNotProvisioned","$v":"სერვერი არ გამოიყენება"},{"$i":"smServiceRegistered","$v":"რეგის. წარმატებით განხორც."},{"$i":"another","$v":"სხვა"},{"$i":"current","$v":"მიმდინარე"},{"$i":"customTag","$v":"სამომხმარებლო ტეგი","placeholder":"სამომხმარებლო ტეგი"},{"$i":"faxHome","$v":"ფაქსი სახლი"},{"$i":"faxOffice","$v":"ფაქსი ოფისი"},{"$i":"faxOther","$v":"ფაქსი სხვა"},{"$i":"itemWithLabel","$v":[{"t":"idOrVar","v":"label"},", ",{"t":"idOrVar","v":"item"}]},{"$i":"label","$v":"ეტიკეტი"},{"$i":"other","$v":"სხვა"},{"$i":"tcl-customTag","$v":"სამომხმარებლო ტეგი"},{"$i":"dateTimeFormat_%c","$v":"%a %b %e %Y %I:%M:%S %p"},{"$i":"dateTimeFormat_%x","$v":"%m/%d/%Y"},{"$i":"days-ago-long","$v":{"few":[{"t":"idOrVar","v":"value"}," დღის წინ"],"many":[{"t":"idOrVar","v":"value"}," დღის წინ"],"one":"გუშინ","other":[{"t":"idOrVar","v":"value"}," დღის წინ"],"two":[{"t":"idOrVar","v":"value"}," დღის წინ"],"zero":"დღეს"},"$x":[{"t":"idOrVar","v":"plural"},"value"]},{"$i":"days-ago-short","$v":{"other":[{"t":"idOrVar","v":"value"},"დ წინ"],"zero":"დღეს"},"$x":[{"t":"idOrVar","v":"plural"},"value"]},{"$i":"days-until-long","$v":{"few":[{"t":"idOrVar","v":"value"}," დღეში"],"many":[{"t":"idOrVar","v":"value"}," დღეში"],"one":"ხვალ","other":[{"t":"idOrVar","v":"value"}," დღეში"],"two":[{"t":"idOrVar","v":"value"}," დღეში"],"zero":"დღეს"},"$x":[{"t":"idOrVar","v":"plural"},"value"]},{"$i":"days-until-short","$v":{"other":[{"t":"idOrVar","v":"value"},"დღ-ში"],"zero":"დღეს"},"$x":[{"t":"idOrVar","v":"plural"},"value"]},{"$i":"hours-ago-long","$v":{"few":[{"t":"idOrVar","v":"value"}," საათის წინ"],"many":[{"t":"idOrVar","v":"value"}," საათის წინ"],"one":"ერთი საათის წინ","other":[{"t":"idOrVar","v":"value"}," საათის წინ"],"two":[{"t":"idOrVar","v":"value"}," საათის წინ"],"zero":"ეს-ეს არის"},"$x":[{"t":"idOrVar","v":"plural"},"value"]},{"$i":"hours-ago-short","$v":{"other":[{"t":"idOrVar","v":"value"},"სთ წინ"],"zero":"ეს-ეს არის"},"$x":[{"t":"idOrVar","v":"plural"},"value"]},{"$i":"hours-until-long","$v":{"few":[{"t":"idOrVar","v":"value"}," საათში"],"many":[{"t":"idOrVar","v":"value"}," საათში"],"one":"საათში","other":[{"t":"idOrVar","v":"value"}," საათში"],"two":[{"t":"idOrVar","v":"value"}," საათში"],"zero":"ახლა"},"$x":[{"t":"idOrVar","v":"plural"},"value"]},{"$i":"hours-until-short","$v":{"other":[{"t":"idOrVar","v":"value"},"სთ-ში"],"zero":"ახლა"},"$x":[{"t":"idOrVar","v":"plural"},"value"]},{"$i":"incorrectDate","$v":"(არასწორი თარიღი)"},{"$i":"minutes-ago-long","$v":{"few":[{"t":"idOrVar","v":"value"}," წუთის წინ"],"many":[{"t":"idOrVar","v":"value"}," წუთის წინ"],"one":"ერთი წუთის წინ","other":[{"t":"idOrVar","v":"value"}," წუთის წინ"],"two":[{"t":"idOrVar","v":"value"}," წუთის წინ"],"zero":"ეს-ეს არის"},"$x":[{"t":"idOrVar","v":"plural"},"value"]},{"$i":"minutes-ago-short","$v":{"other":[{"t":"idOrVar","v":"value"},"თ წინ"],"zero":"ეს-ეს არის"},"$x":[{"t":"idOrVar","v":"plural"},"value"]},{"$i":"minutes-until-long","$v":{"few":[{"t":"idOrVar","v":"value"}," წუთში"],"many":[{"t":"idOrVar","v":"value"}," წუთში"],"one":"წუთში","other":[{"t":"idOrVar","v":"value"}," წუთში"],"two":[{"t":"idOrVar","v":"value"}," წუთში"],"zero":"ახლა"},"$x":[{"t":"idOrVar","v":"plural"},"value"]},{"$i":"minutes-until-short","$v":{"other":[{"t":"idOrVar","v":"value"},"წთ-ში"],"zero":"ახლა"},"$x":[{"t":"idOrVar","v":"plural"},"value"]},{"$i":"month-0-genitive","$v":"იანვარი"},{"$i":"month-0-long","$v":"იანვარი"},{"$i":"month-0-short","$v":"იანვ"},{"$i":"month-1-genitive","$v":"თებერვალი"},{"$i":"month-1-long","$v":"თებერვალი"},{"$i":"month-1-short","$v":"თებ"},{"$i":"month-10-genitive","$v":"ნოემბერი"},{"$i":"month-10-long","$v":"ნოემბერი"},{"$i":"month-10-short","$v":"ნოე"},{"$i":"month-11-genitive","$v":"დეკემბერი"},{"$i":"month-11-long","$v":"დეკემბერი"},{"$i":"month-11-short","$v":"დეკ"},{"$i":"month-2-genitive","$v":"მარტი"},{"$i":"month-2-long","$v":"მარტი"},{"$i":"month-2-short","$v":"მარ"},{"$i":"month-3-genitive","$v":"აპრილი"},{"$i":"month-3-long","$v":"აპრილი"},{"$i":"month-3-short","$v":"აპრ"},{"$i":"month-4-genitive","$v":"მაისი"},{"$i":"month-4-long","$v":"მაისი"},{"$i":"month-4-short","$v":"მაისი"},{"$i":"month-5-genitive","$v":"ივნისი"},{"$i":"month-5-long","$v":"ივნისი"},{"$i":"month-5-short","$v":"ივნ"},{"$i":"month-6-genitive","$v":"ივლისი"},{"$i":"month-6-long","$v":"ივლისი"},{"$i":"month-6-short","$v":"ივლ"},{"$i":"month-7-genitive","$v":"აგვისტო"},{"$i":"month-7-long","$v":"აგვისტო"},{"$i":"month-7-short","$v":"აგვ"},{"$i":"month-8-genitive","$v":"სექტემბერი"},{"$i":"month-8-long","$v":"სექტემბერი"},{"$i":"month-8-short","$v":"სექ"},{"$i":"month-9-genitive","$v":"ოქტომბერი"},{"$i":"month-9-long","$v":"ოქტომბერი"},{"$i":"month-9-short","$v":"ოქტ"},{"$i":"months-ago-long","$v":{"few":[{"t":"idOrVar","v":"value"}," თვის წინ"],"many":[{"t":"idOrVar","v":"value"}," თვის წინ"],"one":"გასული თვე","other":[{"t":"idOrVar","v":"value"}," თვის წინ"],"two":[{"t":"idOrVar","v":"value"}," თვის წინ"],"zero":"ეს თვე"},"$x":[{"t":"idOrVar","v":"plural"},"value"]},{"$i":"months-until-long","$v":{"few":[{"t":"idOrVar","v":"value"}," თვეში"],"many":[{"t":"idOrVar","v":"value"}," თვეში"],"one":"მომდევნო თვე","other":[{"t":"idOrVar","v":"value"}," თვეში"],"two":[{"t":"idOrVar","v":"value"}," თვეში"],"zero":"ეს თვე"},"$x":[{"t":"idOrVar","v":"plural"},"value"]},{"$i":"shortDateTimeFormat","$v":"%x %I:%M %p"},{"$i":"shortTimeFormat","$v":"%I:%M %p"},{"$i":"shortTimeFormat12","$v":"%I:%M %p"},{"$i":"shortTimeFormat24","$v":"%H:%M"},{"$i":"time_am","$v":"AM"},{"$i":"time_pm","$v":"PM"},{"$i":"weekday-0-long","$v":"კვირა"},{"$i":"weekday-0-short","$v":"კვი"},{"$i":"weekday-1-long","$v":"ორშაბათი"},{"$i":"weekday-1-short","$v":"ორშ"},{"$i":"weekday-2-long","$v":"სამშაბათი"},{"$i":"weekday-2-short","$v":"სამ"},{"$i":"weekday-3-long","$v":"ოთხშაბათი"},{"$i":"weekday-3-short","$v":"ოთხ"},{"$i":"weekday-4-long","$v":"ხუთშაბათი"},{"$i":"weekday-4-short","$v":"ხუთ"},{"$i":"weekday-5-long","$v":"პარასკევი"},{"$i":"weekday-5-short","$v":"პარ"},{"$i":"weekday-6-long","$v":"შაბათი"},{"$i":"weekday-6-short","$v":"შაბ"},{"$i":"weeks-ago-long","$v":{"few":[{"t":"idOrVar","v":"value"}," კვირის წინ"],"many":[{"t":"idOrVar","v":"value"}," კვირის წინ"],"one":"გასული კვირა","other":[{"t":"idOrVar","v":"value"}," კვირის წინ"],"two":[{"t":"idOrVar","v":"value"}," კვირის წინ"],"zero":"ეს კვირა"},"$x":[{"t":"idOrVar","v":"plural"},"value"]},{"$i":"weeks-until-long","$v":{"few":[{"t":"idOrVar","v":"value"}," კვირაში"],"many":[{"t":"idOrVar","v":"value"}," კვირაში"],"one":"მომდევნო კვირა","other":[{"t":"idOrVar","v":"value"}," კვირაში"],"two":[{"t":"idOrVar","v":"value"}," კვირაში"],"zero":"ეს კვირა"},"$x":[{"t":"idOrVar","v":"plural"},"value"]},{"$i":"years-ago-long","$v":{"few":[{"t":"idOrVar","v":"value"}," წლის წინ"],"many":[{"t":"idOrVar","v":"value"}," წლის წინ"],"one":"გასული წელი","other":[{"t":"idOrVar","v":"value"}," წლის წინ"],"two":[{"t":"idOrVar","v":"value"}," წლის წინ"],"zero":"ეს წელი"},"$x":[{"t":"idOrVar","v":"plural"},"value"]},{"$i":"years-until-long","$v":{"few":[{"t":"idOrVar","v":"value"}," წელში"],"many":[{"t":"idOrVar","v":"value"}," წელში"],"one":"მომდევნო წელი","other":[{"t":"idOrVar","v":"value"}," წელში"],"two":[{"t":"idOrVar","v":"value"}," წელში"],"zero":"ეს წელი"},"$x":[{"t":"idOrVar","v":"plural"},"value"]},{"$i":"dateTimeFormat_%X","$v":"%I:%M:%S %p"},{"$i":"weekStartsOnMonday","$v":"0"},{"$i":"firstDayOfTheWeek","$v":"1"}]