[{"$i":"clockDateFormat","$v":"%a, %e %b"},{"$i":"deviceIsUnlocked","$v":"Құрылғының құлпы ашылды"},{"$i":"simUnlockCodeAccepted","$v":"SIM құлпын ашу коды қабылданды"},{"$i":"simUnlockCodeFailed","$v":"SIM құлпын ашу сәтсіз"},{"$i":"eccOnly","$v":"Тек төтенше жағдайдағы қоңыраулар"},{"$i":"emergencyCallsOnly","$v":"Тек төтенше жағдайдағы қоңыраулар"},{"$i":"lockedSim","$v":"Құлыпталған SIM"},{"$i":"noService","$v":"Қызмет жоқ"},{"$i":"noSimCard","$v":"SIM картасы жоқ"},{"$i":"searching","$v":"Іздеу..."},{"$i":"airplane-mode","$v":"Ұшақ режимі"},{"$i":"bluetooth","$v":"Bluetooth"},{"$i":"brightness","$v":"Жарықтық"},{"$i":"calculator","$v":"Калькулятор"},{"$i":"camera","$v":"Камера"},{"$i":"cellular-data","$v":"Ұялы байланыс деректері"},{"$i":"confirm-to-uninstall-app","$v":[{"t":"idOrVar","v":"appName"}," қолданбасын жою керек пе?"]},{"$i":"flashlight","$v":"Жарқыл"},{"$i":"instant-settings","$v":"лездік параметрлер"},{"$i":"off","$v":"Өшірулі"},{"$i":"on","$v":"Қосулы"},{"$i":"shortcuts","$v":"Пернетақ. тірк."},{"$i":"uninstall","$v":"Жою"},{"$i":"volume","$v":"Дыбыс деңгейі"},{"$i":"wifi","$v":"Wi-Fi"},{"$i":"percentage-number","$v":[{"t":"idOrVar","v":"number"},"%"]},{"$i":"all-apps","$v":"Барлық қолданбалар"},{"$i":"scImei","$v":"IMEI"},{"$i":"scMeid","$v":"MEID"},{"$i":"scUssd","$v":"USSD"},{"$i":"CallFailed","$v":"Қоңырау орындалмады"},{"$i":"GenericFailure","$v":"Негізгі ақаулық"},{"$i":"add-smart-collections","$v":"Смарт топтамаларын қосу"},{"$i":"add-to-existing-contact","$v":"Бар контактіге қосу"},{"$i":"alert-for-contacts-without-number","$v":"Қолжетімді телефон нөмірі бар контактілер жоқ."},{"$i":"app-title","$v":"Қолданбаларым"},{"$i":"app-uninstall","$v":[{"t":"idOrVar","v":"name"}," жойылды"]},{"$i":"assign","$v":"Белгілеу"},{"$i":"assign-speed-dial","$v":["Контакт ",{"t":"idOrVar","v":"n"}," түймесіне тез терілетін нөмір ретінде қосылмады. Қазір тағайындау керек пе?"]},{"$i":"assign-voicemail","$v":"Дауыс поштасының нөмірі орнатылмаған."},{"$i":"call","$v":"Қоңырау"},{"$i":"callAirplaneModeMessage","$v":"Қоңырау шалу үшін параметрлерде ұшақ режимін ажырату қажет."},{"$i":"callAirplaneModeTitle","$v":"Ұшақ режимі қосылды"},{"$i":"cancel","$v":"Бас тарту"},{"$i":"change-wallpaper","$v":"Тұсқағазды өзгерту"},{"$i":"clocks-updated","$v":"Сағаттар жаңартылды"},{"$i":"confirmation","$v":"Растау"},{"$i":"contacts","$v":"Контактілер"},{"$i":"create-new-contact","$v":"Жаңа конт. жасау"},{"$i":"delete","$v":"Жою"},{"$i":"delete-body","$v":[{"t":"idOrVar","v":"name"}," және оның барлық деректері жойылады."]},{"$i":"delete-title","$v":[{"t":"idOrVar","v":"name"}," жою"]},{"$i":"edit","$v":"Өзгерту"},{"$i":"edit-done","$v":"Болды"},{"$i":"edit-group-header","$v":"Топты өзгерту"},{"$i":"edit-mode","$v":"Өзгерту"},{"$i":"emergency-call-error","$v":[{"t":"idOrVar","v":"number"}," төтенше жағдайларда қоңырау шалуға арналған телефон нөмірі емес."]},{"$i":"emergency-call-only","$v":"Жедел қоңырау ғана"},{"$i":"emergencyDialogBodyBadNumber","$v":"Қоңырау шалу үшін телефон желіге қосылуы тиіс."},{"$i":"emergencyDialogBodyDeviceNotAccepted","$v":"Желіде төтенше қоңырауларға рұқсат жоқ."},{"$i":"emergencyDialogTitle","$v":"Желі байланысы жоқ"},{"$i":"fax-home","$v":"Үйдегі факс"},{"$i":"fax-office","$v":"Кеңседегі факс"},{"$i":"fax-other","$v":"Басқа факс"},{"$i":"fdnIsActiveMessage","$v":["FDN (Бекітілген терілетін нөмірлер) функциясы белсенді және сіздің FDN тізіміңізде келесі нөмір жоқ: ",{"t":"idOrVar","v":"number"}]},{"$i":"fdnIsActiveTitle","$v":"FDN белсенді"},{"$i":"gaia-shortcut-app-updated","$v":"Қолданба жаңартылды"},{"$i":"grid-view","$v":"Тор көрінісі"},{"$i":"home","$v":"Үй"},{"$i":"homescreen-settings","$v":"Бастапқы экран параметрлері"},{"$i":"invalidNumberToDialMessage","$v":"Сіз қоңырау шалып жатқан телефон нөмірі жарамсыз."},{"$i":"invalidNumberToDialTitle","$v":"Жарамсыз телефон нөмірі"},{"$i":"list-view","$v":"Тізім көрінісі"},{"$i":"longDateFormat","$v":"%A, %B %e"},{"$i":"menu","$v":"Мәзір"},{"$i":"message","$v":"Хабар"},{"$i":"mobile","$v":"Мобильді"},{"$i":"more","$v":"Қосымша"},{"$i":"move","$v":"Жылжыту"},{"$i":"notifications","$v":"Хабарламалар"},{"$i":"numberIsBusyMessage","$v":"Нөмір қазір бос емес. Кейінірек қайталап көріңіз."},{"$i":"numberIsBusyTitle","$v":"Нөмір бос емес"},{"$i":"ok","$v":"OK"},{"$i":"option-remove","$v":"Тез теруден шығару"},{"$i":"option-replace","$v":"Ауыстыру"},{"$i":"options","$v":"Опциялар"},{"$i":"otherConnectionInUseMessage","$v":"Басқа қосылымда белсенді қоңырау бар. Бір уақытта тек бір қосылымды пайдалана аласыз."},{"$i":"otherConnectionInUseTitle","$v":"Пайд. басқа байланыс"},{"$i":"personal","$v":"Жеке"},{"$i":"remove","$v":"Жою"},{"$i":"remove-speed-dial","$v":[{"t":"idOrVar","v":"name"}," контактісін тез терілетін нөмірлерден жою керек пе?"]},{"$i":"replace","$v":"Ауыстыру"},{"$i":"replace-speed-dial","$v":[{"t":"idOrVar","v":"name"}," ",{"t":"idOrVar","v":"subName"}," етіп өзгерту керек пе?"]},{"$i":"resume-download-action","$v":"Жүктеп алу"},{"$i":"resume-download-body","$v":[{"t":"idOrVar","v":"name"}," жүктеп алу керек пе?"]},{"$i":"resume-download-title","$v":"Жүктеуді қайта баст."},{"$i":"scCallBarring","$v":"Қоңырауға тыйым салу"},{"$i":"scCallForwarding","$v":"Коңырауды бұру"},{"$i":"scCallWaiting","$v":"Қоңырау күтуде"},{"$i":"scClip","$v":"Қоңырау шалушының идентификаторы"},{"$i":"scClir","$v":"Шығыс қоң. шалушы ид."},{"$i":"scPin","$v":"PIN өзгерту"},{"$i":"scPin2","$v":"PIN2 өзгерту"},{"$i":"scPuk","$v":"PIN кодын блоктан шығару"},{"$i":"scPuk2","$v":"PIN2 кодын блоктан шығару"},{"$i":"scPwd","$v":"Кілтсөзді өзгерту"},{"$i":"search-or-enter-address","placeholder":"Мекенж. іздеу не енгізу"},{"$i":"select","$v":"Таңдау"},{"$i":"sending","$v":"Жіберілуде…"},{"$i":"set","$v":"Орнату"},{"$i":"settings","$v":"Параметрлер"},{"$i":"single-view","$v":"Бір көрініс"},{"$i":"skip","$v":"Өткізіп жіберу"},{"$i":"speed-dial","$v":"Тез терілетін нөмір"},{"$i":"speed-dial-empty","ariaLabel":[{"t":"idOrVar","v":"order"},", бос"]},{"$i":"speed-dial-not-empty","ariaLabel":[{"t":"idOrVar","v":"order"},", ",{"t":"idOrVar","v":"name"}]},{"$i":"stop-download-action","$v":"Тоқтату"},{"$i":"stop-download-body","$v":"Орындалып жатқан жүктелімді тоқтату керек пе?"},{"$i":"stop-download-title","$v":[{"t":"idOrVar","v":"name"}," тоқтату"]},{"$i":"tcl-wallpaper-changed","$v":"Тұсқағаз өзгертілді"},{"$i":"video-call","$v":"Бейне қоңырау"},{"$i":"voicemail","$v":"Дауыс хаты"},{"$i":"work","$v":"Жұмыс"},{"$i":"apps","$v":"Қолданбалар"},{"$i":"nocard-eccOnly","$v":"No SIM card-Emergency calls only"},{"$i":"unusablecard-eccOnly","$v":"Unusable SIM card-Emergency calls only"},{"$i":"apn-sim1","$v":"APN параметрлері — SIM1"},{"$i":"apn-sim2","$v":"APN параметрлері — SIM2"},{"$i":"apnConfigPrepay","$v":"Алдын ала төлеу"},{"$i":"apnConfigPostpay","$v":"Кейін төлеу"},{"$i":"apn-defaultconfig-message","$v":"Көрсетілетін APN түрін орнату"},{"$i":"apnDefaultConfig","$v":"APN әдепкі конфигурациясы"},{"$i":"without-sim-new","$v":[{"t":"idOrVar","v":"index"}]},{"$i":"with-sim-new","$v":[{"t":"idOrVar","v":"index"}," - ",{"t":"idOrVar","v":"carrier"}]},{"$i":"sim-with-index-and-carrier","$v":["SIM ",{"t":"idOrVar","v":"index"}," — ",{"t":"idOrVar","v":"carrier"}]},{"$i":"sim-without-carrier","$v":["SIM ",{"t":"idOrVar","v":"index"}]},{"$i":"call-forwarding-voice-after-seconds","$v":["Дауыс: ",{"t":"idOrVar","v":"voice"}," ",{"t":"idOrVar","v":"timeSeconds"}," секундтан кейін"]},{"$i":"addNewNumber","$v":"Жаңа нөмір қосу"},{"$i":"addToExistingContact","$v":"Бар контактіге қосу"},{"$i":"all","$v":"Барлығы","ariaLabel":"Барлығы"},{"$i":"bluetooth-handsfree-device","$v":"Bluetooth гарнитурасы"},{"$i":"bluetoothOption","ariaLabel":"Bluetooth"},{"$i":"callDurationHours","$v":[{"t":"idOrVar","v":"h"},":",{"t":"idOrVar","v":"m"},":",{"t":"idOrVar","v":"s"}]},{"$i":"callDurationMinutes","$v":[{"t":"idOrVar","v":"m"},":",{"t":"idOrVar","v":"s"}]},{"$i":"callDurationTextFormatHours","$v":[{"t":"idOrVar","v":"h"}," с ",{"t":"idOrVar","v":"m"}," м ",{"t":"idOrVar","v":"s"}," с"]},{"$i":"callDurationTextFormatMinutes","$v":[{"t":"idOrVar","v":"m"}," м ",{"t":"idOrVar","v":"s"}," с"]},{"$i":"callDurationTextFormatSeconds","$v":[{"t":"idOrVar","v":"s"}," с"]},{"$i":"callEnded","$v":"Қоңырау аяқталды"},{"$i":"callInformation","$v":"Қоңырау туралы ақпарат"},{"$i":"callLog","$v":"Қоңыраулар журналы"},{"$i":"callLogEdit","title":"Қоңыраулар журналын өзгерту"},{"$i":"callLogEditDialog","ariaLabel":"Қоңыраулар журналының диалогын өзгерту"},{"$i":"caller-left-call","$v":[{"t":"idOrVar","v":"caller"}," қоңыраудан шықты."]},{"$i":"calllog-all","$v":"Барлығы"},{"$i":"calllog-deselectAll","$v":"Барлығынан таңдауды алу"},{"$i":"calllog-none","$v":"Жоқ"},{"$i":"calllog-selectAll","$v":"Барлығын таңдау"},{"$i":"canceled","$v":"Бас тартылды"},{"$i":"clear-all-text","$v":"Барлық мәтінді тазалау"},{"$i":"close","$v":"Жабу"},{"$i":"composeEmail","ariaLabel":"Эл. пошта"},{"$i":"conferenceAddError","$v":"Қоңырауларды біріктіру мүмкін емес"},{"$i":"conferenceCall","$v":["Конференция (",{"t":"idOrVar","v":"n"},")"]},{"$i":"conferenceRemoveError","$v":"Қоңырауларды ажырату мүмкін емес"},{"$i":"confirm-deletion","$v":"Таңдалған қоңырауларды жою керек пе?"},{"$i":"connecting","$v":"Қосылуда"},{"$i":"connectingEllipsis","$v":"Қосылуда…"},{"$i":"contactDetails","$v":"Контакт мәліметтері"},{"$i":"createNewContact","$v":"Жаңа конт. жасау"},{"$i":"delete-n-log?","$v":{"few":[{"t":"idOrVar","v":"n"}," журналды жою керек пе?"],"many":[{"t":"idOrVar","v":"n"}," журналды жою керек пе?"],"one":"Таңдалған журналды жою керек пе?","other":[{"t":"idOrVar","v":"n"}," журналды жою керек пе?"],"two":[{"t":"idOrVar","v":"n"}," журналды жою керек пе?"],"zero":"Ештеңе сақталмады"},"$x":[{"t":"idOrVar","v":"plural"},"n"]},{"$i":"deselect","$v":"Таңдауды алу"},{"$i":"dialed","$v":"Терілген"},{"$i":"dialer-prompt","$v":"Қоңырауға қосу үшін нөмірді теріңіз немесе контактіні таңдаңыз"},{"$i":"dialerAddContact","ariaLabel":"Контакт қосу"},{"$i":"dialerAddContactDialog","ariaLabel":"Конт. қосу диал."},{"$i":"edit-selected","$v":{"few":["таңдалды (",{"t":"idOrVar","v":"n"},")"],"many":["таңдалды (",{"t":"idOrVar","v":"n"},")"],"one":["таңдалды (",{"t":"idOrVar","v":"n"},")"],"other":["таңдалды (",{"t":"idOrVar","v":"n"},")"],"two":["таңдалды (",{"t":"idOrVar","v":"n"},")"]},"$x":[{"t":"idOrVar","v":"plural"},"n"]},{"$i":"emailDetail","ariaLabel":"Эл. пошта"},{"$i":"from-contact","$v":["Кімнен: ",{"t":"idOrVar","v":"contact"}]},{"$i":"from-number","$v":["Кімнен: ",{"t":"idOrVar","v":"number"}]},{"$i":"from-withheld-number","$v":"Белгісіз нөмірден"},{"$i":"hangup-a11y-button","ariaLabel":"Тұтқаны қою"},{"$i":"hide","$v":"Жасыру"},{"$i":"hideKeypad","ariaLabel":"Пернетақтаны жасыру"},{"$i":"hold","ariaLabel":"Күтіп тұру"},{"$i":"hours","$v":"сағат"},{"$i":"ignore","$v":"Қоңырауды елемеу"},{"$i":"incoming","$v":"Кіріс"},{"$i":"incoming-call","$v":"Кіріс қоңырау"},{"$i":"info-missed","$v":"Қабылданбағандар"},{"$i":"keypad","ariaLabel":"Пернетақта"},{"$i":"log-item","$v":"Опциялар"},{"$i":"makeCall","ariaLabel":"Қоңырау шалу"},{"$i":"merge","ariaLabel":"Біріктіру"},{"$i":"minutes","$v":"минут"},{"$i":"missed","$v":"Қабылданбағандар","ariaLabel":"Қабылданбағандар"},{"$i":"missedCall","$v":"Қабылданбаған қоңырау"},{"$i":"missedCallMultiSims","$v":["(SIM ",{"t":"idOrVar","v":"n"},") Қабылданбаған қоңырау"]},{"$i":"mmi-error","$v":"Хабар жіберу кезінде қате пайда болды"},{"$i":"mmi-notification-title-with-sim","$v":["(",{"t":"idOrVar","v":"sim"},") ",{"t":"idOrVar","v":"title"}]},{"$i":"mmi-session-expired","$v":"Сеанстың аяқталды"},{"$i":"mmi-successfully-sent","$v":"Хабар сәтті жіберілді"},{"$i":"mute","ariaLabel":"Дыбысты өшіру"},{"$i":"newCall","ariaLabel":"Жаңа қоңырау"},{"$i":"no-logs-msg-1","$v":"Қоңыраулар жазылмады"},{"$i":"no-logs-msg-2","$v":"Байланысты қазір бастау"},{"$i":"no-logs-msg-3","$v":"Қоңыраулар жазылмады"},{"$i":"no-logs-msg-4","$v":"Байланысты қазір бастау"},{"$i":"no-recent-numbers","$v":"Теру үшін қоңыраулар журналдарында соңғы нөмірлер жоқ."},{"$i":"onHoldOption","ariaLabel":"Күтуде"},{"$i":"outgoing","$v":"Шығыс"},{"$i":"outgoing-call","$v":"Шығыс қоңырау"},{"$i":"phoneDetail","ariaLabel":"Телефон"},{"$i":"pickup-a11y-button","ariaLabel":"Алу"},{"$i":"received","$v":"Алынды"},{"$i":"receiver","$v":"Алушы"},{"$i":"recents","ariaLabel":"Соңғы қоңыраулар"},{"$i":"reply","$v":"Жауап беру"},{"$i":"resume","$v":"Жалғастыру","ariaLabel":"Жалғастыру"},{"$i":"search-results","$v":"Іздеу нәтижелері"},{"$i":"seconds","$v":"секундтар"},{"$i":"select-audio-sources","$v":"Дыбыс көздерін таңдау"},{"$i":"send","$v":"Жіберу"},{"$i":"send-sms-button","ariaLabel":"SMS"},{"$i":"sendSms","$v":"Хабар жіберу"},{"$i":"separator","$v":","},{"$i":"sim-number","$v":["SIM",{"t":"idOrVar","v":"n"}]},{"$i":"speaker","$v":"Динамик"},{"$i":"speakerOption","ariaLabel":"Динамик"},{"$i":"suggestionMatches","$v":{"few":[{"t":"idOrVar","v":"matchNumber"},"\" үшін ",{"t":"idOrVar","v":"n"}," сәйкестік"],"many":[{"t":"idOrVar","v":"matchNumber"},"\" үшін ",{"t":"idOrVar","v":"n"}," сәйкестік"],"one":[{"t":"idOrVar","v":"matchNumber"},"\" үшін ",{"t":"idOrVar","v":"n"}," сәйкестік"],"other":[{"t":"idOrVar","v":"matchNumber"},"\" үшін ",{"t":"idOrVar","v":"n"}," сәйкестік"],"two":[{"t":"idOrVar","v":"matchNumber"},"\" үшін ",{"t":"idOrVar","v":"n"}," сәйкестік"]},"$x":[{"t":"idOrVar","v":"plural"},"n"]},{"$i":"switch-calls","$v":"Қоңырауларды ауыстыру"},{"$i":"tcl-assign","$v":"Белгілеу"},{"$i":"tcl-assign-speed-dial","$v":{"$o":["Контакт тез теру ретінде қосылмады \"",{"t":"idOrVar","v":"speedDial"},"\"<br></br>Тағайындау?"]}},{"$i":"tcl-call-log-delete-group-notification","$v":[{"t":"idOrVar","v":"n"}," жазба жойылды"]},{"$i":"tcl-calllog-entry-removed-err-notification","$v":"Қоңыраулар журналының жазбасы жойылмады"},{"$i":"tcl-calllog-entry-removed-succ-notification","$v":"Қоңыраулар журналының жазбасы өшірілді"},{"$i":"tcl-cancel","$v":"Бас тарту"},{"$i":"tcl-confirmation","$v":"Растау"},{"$i":"tcl-delete-log","$v":"Таңдалған жазбаларды қоңыраулар журналынан жою керек пе?"},{"$i":"tcl-dialer","$v":"Теру құралы"},{"$i":"tcl-edit-not-selected","$v":"таңдалды (0)"},{"$i":"tcl-option-menu-call-log-edit","$v":"Қоңыраулар журналын өзгерту"},{"$i":"today","$v":"Бүгін"},{"$i":"toggleKeypad","ariaLabel":"Пернетақтаны ауыстыру"},{"$i":"type-your-response","placeholder":"Жауабыңызды енгізіңіз…"},{"$i":"unknown","$v":"Белгісіз"},{"$i":"unlock-a11y-button","ariaLabel":"Жүгірткі"},{"$i":"ussd-services","$v":[{"t":"idOrVar","v":"operator"}," қызметтері"]},{"$i":"via-sim","$v":["SIM",{"t":"idOrVar","v":"n"}," арқылы"]},{"$i":"view-all","$v":"Бәрін көру"},{"$i":"wifi-calling","$v":"Wi-Fi қоңырауы"},{"$i":"withheld-number","$v":"Белгісіз"},{"$i":"yesterday","$v":"Кеше"},{"$i":"SimPin2","$v":"SIM PIN2"},{"$i":"SimPuk2","$v":"SIM PUK2"},{"$i":"serviceClassFax","$v":"ФАКС"},{"$i":"serviceClassPad","$v":"ТАҚТА"},{"$i":"serviceClassSms","$v":"SMS"},{"$i":"DialModifiedToDial","$v":"Dial modified to dial"},{"$i":"DialModifiedToSs","$v":"Dial modified to SS"},{"$i":"DialModifiedToUssd","$v":"Dial modified to USSD"},{"$i":"FdnCheckFailure","$v":"Fdn тексеру ақаулығы"},{"$i":"IllegalSimOrMe","$v":"Заңсыз SIM немесе ME"},{"$i":"InvalidParameter","$v":"Жарамсыз параметр"},{"$i":"ModeNotSupported","$v":"Режим қолданылмайды"},{"$i":"OpNotAllowedDuringVoiceCall","$v":"Дауыс қоң. кезінде жоқ"},{"$i":"PasswordIncorrect","$v":"Кілтсөз дұрыс емес"},{"$i":"RadioNotAvailable","$v":"Radio not available"},{"$i":"RejectedByRemote","$v":"Қашықтан бас тартылды"},{"$i":"RequestNotSupported","$v":"Есепке қолдау көрсетілмейді"},{"$i":"ServiceIsDisabled","$v":"Қызмет ажыратылған"},{"$i":"ServiceIsEnabled","$v":"Қызмет қосылған"},{"$i":"ServiceIsEnabledFor","$v":"Қызмет қосылады:"},{"$i":"SimAbsent","$v":"SIM жоқ"},{"$i":"SmsSendFailRetry","$v":"SMS send fail retry"},{"$i":"SsModifiedToDial","$v":"SS теру етіп өзгертілді"},{"$i":"SsModifiedToSs","$v":"SS SS етіп өзгертілді"},{"$i":"SsModifiedToUssd","$v":"SS USSD етіп өзгертілді"},{"$i":"SubscriptionNotAvailable","$v":"Жазылым қолжетімді емес"},{"$i":"SubscriptionNotSupported","$v":"Жазылымға қолдау көрсетілмейді"},{"$i":"UssdModifiedToDial","$v":"USSD теру етіп өзгертілді"},{"$i":"UssdModifiedToSs","$v":"USSD SS етіп өзгертілді"},{"$i":"UssdModifiedToUssd","$v":"USSD USSD етіп өзгертілді"},{"$i":"call-forwarding-async","$v":["Асинхронды: ",{"t":"idOrVar","v":"async"}]},{"$i":"call-forwarding-data","$v":["Деректер: ",{"t":"idOrVar","v":"data"}]},{"$i":"call-forwarding-error","$v":"Қоңырауды бұру күйін алу кезінде қате пайда болды"},{"$i":"call-forwarding-fax","$v":["ФАКС: ",{"t":"idOrVar","v":"fax"}]},{"$i":"call-forwarding-inactive","$v":"Белсенді емес"},{"$i":"call-forwarding-packet","$v":["Пакет: ",{"t":"idOrVar","v":"packet"}]},{"$i":"call-forwarding-pad","$v":["ТАҚТА: ",{"t":"idOrVar","v":"pad"}]},{"$i":"call-forwarding-sms","$v":["SMS: ",{"t":"idOrVar","v":"sms"}]},{"$i":"call-forwarding-status","$v":"Коңырауды бұру күйі"},{"$i":"call-forwarding-sync","$v":["Синхрондалған: ",{"t":"idOrVar","v":"sync"}]},{"$i":"call-forwarding-voice","$v":["Дауыс: ",{"t":"idOrVar","v":"voice"}]},{"$i":"emMmiError","$v":"Қосылым проблемасы немесе MMI коды жарамсыз"},{"$i":"emMmiErrorBadPin","$v":"Енгізілген ескі PIN коды дұрыс емес."},{"$i":"emMmiErrorBadPuk","$v":"Енгізілген PUK дұрыс емес"},{"$i":"emMmiErrorEnablePin","$v":"Сәтсіз. SIM/RUIM ҚҰЛЫПТАУЫН қосу"},{"$i":"emMmiErrorInvalidAction","$v":"Жарамсыз әрекет"},{"$i":"emMmiErrorInvalidPin","$v":"4–8 сан аралығындағы PIN кодын енгізіңіз"},{"$i":"emMmiErrorInvalidScCode","$v":"Жарамсыз қызмет коды"},{"$i":"emMmiErrorMismatchPin","$v":"Енгізілген PIN кодтары сәйкес келмейді"},{"$i":"emMmiErrorMmiFdn","$v":"Бек. нөм. терумен шект."},{"$i":"emMmiErrorNeedPuk2","$v":"SIM картасының құлпын ашу үшін PUK2 кодын енгізіңіз"},{"$i":"emMmiErrorNeedsPuk","$v":"SIM картасы PUK арқылы құлыпталды"},{"$i":"emMmiErrorNotSupported","$v":"Жарамсыз немесе қолдау көрсетілмейтін MMI коды"},{"$i":"emMmiErrorPasswordIncorrect","$v":"Дұрыс емес кілтсөз"},{"$i":"emMmiErrorPinPukAttempts","$v":{"few":[{"t":"idOrVar","v":"n"}," қайталау қалды"],"many":[{"t":"idOrVar","v":"n"}," қайталау қалды"],"one":[{"t":"idOrVar","v":"n"}," қайталау"],"other":[{"t":"idOrVar","v":"n"}," қайталау қалды"],"two":[{"t":"idOrVar","v":"n"}," қайталау қалды"]},"$x":[{"t":"idOrVar","v":"plural"},"n"]},{"$i":"emMmiErrorSimBlocked","$v":"Қайталаудың максималды санына жетті. SIM блокталды"},{"$i":"emMmiErrorStkCcSsDial","$v":"SS сұрауы НӨМІР ТЕРУ сұрауына өзгертілді"},{"$i":"emMmiErrorStkCcSsSs","$v":"SS сұрауы жаңа SS сұрауына өзгертілді"},{"$i":"emMmiErrorStkCcSsUssd","$v":"SS USSD сұрауына өзг."},{"$i":"emMmiErrorStkCcUssdDial","$v":"USSD сұрауы НӨМІР ТЕРУ сұрауына өзгертілді"},{"$i":"emMmiErrorStkCcUssdSs","$v":"USSD сұрауы SS сұрауына өзгертілді"},{"$i":"emMmiErrorStkCcUssdUssd","$v":"USSD сұрауы жаңа USSD сұрауына өзгертілді"},{"$i":"fihVersion","$v":"FIH нұсқасы"},{"$i":"imeiAndSvn","$v":"IMEI және SVN"},{"$i":"internalVersion","$v":"Ішкі нұсқа"},{"$i":"serviceClassData","$v":"Деректер"},{"$i":"serviceClassDataAsync","$v":"Асинхронды"},{"$i":"serviceClassDataSync","$v":"Синхрондау"},{"$i":"serviceClassPacket","$v":"Пакет"},{"$i":"serviceClassVoice","$v":"Дауыс"},{"$i":"smClirDefaultOffNextCallOff","$v":"Әдепкі бойынша қоңырау шалушының идентификаторы шектелмеген. Келесі қоңырау: шектелмеген"},{"$i":"smClirDefaultOffNextCallOn","$v":"Әдепкі бойынша қоңырау шалушының идентификаторы шектелмеген. Келесі қоңырау: шектелген"},{"$i":"smClirDefaultOnNextCallOff","$v":"Әдепкі бойынша қоңырау шалушының идентификаторы шектелген. Келесі қоңырау: шектелмеген"},{"$i":"smClirDefaultOnNextCallOn","$v":"Ид. шект. Келесі: шект."},{"$i":"smClirPermanent","$v":"Қоңырау шалушы идентификаторы параметрін өзгерте алмайсыз"},{"$i":"smPin2Changed","$v":"PIN2 сәтті өзгертілді"},{"$i":"smPin2Unblocked","$v":"PIN2 блоктан шығарылды"},{"$i":"smPinChanged","$v":"PIN сәтті өзгертілді"},{"$i":"smPinUnblocked","$v":"PIN блоктан шығарылды"},{"$i":"smServiceDisabled","$v":"Қызмет ажыратылды"},{"$i":"smServiceEnabled","$v":"Қызмет қосылды"},{"$i":"smServiceEnabledFor","$v":"Қызмет қосылды:"},{"$i":"smServiceErased","$v":"Өшіру сәтті болды"},{"$i":"smServiceInterrogated","$v":"Сұрау сәтті болды"},{"$i":"smServiceNotProvisioned","$v":"Қызмет көрсетілмеді"},{"$i":"smServiceRegistered","$v":"Сәтті тіркелді"},{"$i":"another","$v":"Басқа"},{"$i":"current","$v":"Ағымдағы"},{"$i":"customTag","$v":"Реттелетін тег","placeholder":"Реттелетін тег"},{"$i":"faxHome","$v":"Үйдегі факс"},{"$i":"faxOffice","$v":"Кеңседегі факс"},{"$i":"faxOther","$v":"Басқа факс"},{"$i":"itemWithLabel","$v":[{"t":"idOrVar","v":"label"},", ",{"t":"idOrVar","v":"item"}]},{"$i":"label","$v":"Белгі"},{"$i":"other","$v":"Басқа"},{"$i":"tcl-customTag","$v":"Реттелетін тег"},{"$i":"dateTimeFormat_%c","$v":"%a %b %e %Y %I:%M:%S %p"},{"$i":"dateTimeFormat_%x","$v":"%m/%d/%Y"},{"$i":"days-ago-long","$v":{"few":[{"t":"idOrVar","v":"value"}," күн бұрын"],"many":[{"t":"idOrVar","v":"value"}," күн бұрын"],"one":"кеше","other":[{"t":"idOrVar","v":"value"}," күн бұрын"],"two":[{"t":"idOrVar","v":"value"}," күн бұрын"],"zero":"бүгін"},"$x":[{"t":"idOrVar","v":"plural"},"value"]},{"$i":"days-ago-short","$v":{"other":[{"t":"idOrVar","v":"value"}," күн бұрын"],"zero":"бүгін"},"$x":[{"t":"idOrVar","v":"plural"},"value"]},{"$i":"days-until-long","$v":{"few":[{"t":"idOrVar","v":"value"}," күнде"],"many":[{"t":"idOrVar","v":"value"}," күнде"],"one":"ертең","other":[{"t":"idOrVar","v":"value"}," күнде"],"two":[{"t":"idOrVar","v":"value"}," күнде"],"zero":"бүгін"},"$x":[{"t":"idOrVar","v":"plural"},"value"]},{"$i":"days-until-short","$v":{"other":[{"t":"idOrVar","v":"value"}," күнде"],"zero":"бүгін"},"$x":[{"t":"idOrVar","v":"plural"},"value"]},{"$i":"hours-ago-long","$v":{"few":[{"t":"idOrVar","v":"value"}," сағат бұрын"],"many":[{"t":"idOrVar","v":"value"}," сағат бұрын"],"one":"бір сағат бұрын","other":[{"t":"idOrVar","v":"value"}," сағат бұрын"],"two":[{"t":"idOrVar","v":"value"}," сағат бұрын"],"zero":"қазір ғана"},"$x":[{"t":"idOrVar","v":"plural"},"value"]},{"$i":"hours-ago-short","$v":{"other":[{"t":"idOrVar","v":"value"}," сағат бұрын"],"zero":"қазір ғана"},"$x":[{"t":"idOrVar","v":"plural"},"value"]},{"$i":"hours-until-long","$v":{"few":[{"t":"idOrVar","v":"value"}," сағатта"],"many":[{"t":"idOrVar","v":"value"}," сағатта"],"one":"бір сағатта","other":[{"t":"idOrVar","v":"value"}," сағатта"],"two":[{"t":"idOrVar","v":"value"}," сағатта"],"zero":"қазір"},"$x":[{"t":"idOrVar","v":"plural"},"value"]},{"$i":"hours-until-short","$v":{"other":[{"t":"idOrVar","v":"value"}," сағатта"],"zero":"қазір"},"$x":[{"t":"idOrVar","v":"plural"},"value"]},{"$i":"incorrectDate","$v":"(дұрыс емес күн)"},{"$i":"minutes-ago-long","$v":{"few":[{"t":"idOrVar","v":"value"}," минут бұрын"],"many":[{"t":"idOrVar","v":"value"}," минут бұрын"],"one":"бір минут бұрын","other":[{"t":"idOrVar","v":"value"}," минут бұрын"],"two":[{"t":"idOrVar","v":"value"}," минут бұрын"],"zero":"қазір ғана"},"$x":[{"t":"idOrVar","v":"plural"},"value"]},{"$i":"minutes-ago-short","$v":{"other":[{"t":"idOrVar","v":"value"}," минут бұрын"],"zero":"қазір ғана"},"$x":[{"t":"idOrVar","v":"plural"},"value"]},{"$i":"minutes-until-long","$v":{"few":[{"t":"idOrVar","v":"value"}," минутта"],"many":[{"t":"idOrVar","v":"value"}," минутта"],"one":"бір минутта","other":[{"t":"idOrVar","v":"value"}," минутта"],"two":[{"t":"idOrVar","v":"value"}," минутта"],"zero":"қазір"},"$x":[{"t":"idOrVar","v":"plural"},"value"]},{"$i":"minutes-until-short","$v":{"other":[{"t":"idOrVar","v":"value"}," минутта"],"zero":"қазір"},"$x":[{"t":"idOrVar","v":"plural"},"value"]},{"$i":"month-0-genitive","$v":"Қаңтар"},{"$i":"month-0-long","$v":"Қаңтар"},{"$i":"month-0-short","$v":"Қаң"},{"$i":"month-1-genitive","$v":"Ақпан"},{"$i":"month-1-long","$v":"Ақпан"},{"$i":"month-1-short","$v":"Ақп"},{"$i":"month-10-genitive","$v":"Қараша"},{"$i":"month-10-long","$v":"Қараша"},{"$i":"month-10-short","$v":"Қар"},{"$i":"month-11-genitive","$v":"Желтоқсан"},{"$i":"month-11-long","$v":"Желтоқсан"},{"$i":"month-11-short","$v":"Жел"},{"$i":"month-2-genitive","$v":"Наурыз"},{"$i":"month-2-long","$v":"Наурыз"},{"$i":"month-2-short","$v":"Нау"},{"$i":"month-3-genitive","$v":"Сәуір"},{"$i":"month-3-long","$v":"Сәуір"},{"$i":"month-3-short","$v":"Сәу"},{"$i":"month-4-genitive","$v":"Мам"},{"$i":"month-4-long","$v":"Мамыр"},{"$i":"month-4-short","$v":"Мам"},{"$i":"month-5-genitive","$v":"Маусым"},{"$i":"month-5-long","$v":"Маусым"},{"$i":"month-5-short","$v":"Маусым"},{"$i":"month-6-genitive","$v":"Шілде"},{"$i":"month-6-long","$v":"Шілде"},{"$i":"month-6-short","$v":"Шілде"},{"$i":"month-7-genitive","$v":"Тамыз"},{"$i":"month-7-long","$v":"Тамыз"},{"$i":"month-7-short","$v":"Там"},{"$i":"month-8-genitive","$v":"Қыркүйек"},{"$i":"month-8-long","$v":"Қыркүйек"},{"$i":"month-8-short","$v":"Қыр"},{"$i":"month-9-genitive","$v":"Қазан"},{"$i":"month-9-long","$v":"Қазан"},{"$i":"month-9-short","$v":"Қаз"},{"$i":"months-ago-long","$v":{"few":[{"t":"idOrVar","v":"value"}," ай бұрын"],"many":[{"t":"idOrVar","v":"value"}," ай бұрын"],"one":"өткен ай","other":[{"t":"idOrVar","v":"value"}," ай бұрын"],"two":[{"t":"idOrVar","v":"value"}," ай бұрын"],"zero":"осы ай"},"$x":[{"t":"idOrVar","v":"plural"},"value"]},{"$i":"months-until-long","$v":{"few":[{"t":"idOrVar","v":"value"}," айда"],"many":[{"t":"idOrVar","v":"value"}," айда"],"one":"келесі ай","other":[{"t":"idOrVar","v":"value"}," айда"],"two":[{"t":"idOrVar","v":"value"}," айда"],"zero":"осы ай"},"$x":[{"t":"idOrVar","v":"plural"},"value"]},{"$i":"shortDateTimeFormat","$v":"%x %I:%M %p"},{"$i":"shortTimeFormat","$v":"%I:%M %p"},{"$i":"shortTimeFormat12","$v":"%I:%M %p"},{"$i":"shortTimeFormat24","$v":"%H:%M"},{"$i":"time_am","$v":"ТД"},{"$i":"time_pm","$v":"түстен кейін"},{"$i":"weekday-0-long","$v":"Жексенбі"},{"$i":"weekday-0-short","$v":"Жс"},{"$i":"weekday-1-long","$v":"Дүйсенбі"},{"$i":"weekday-1-short","$v":"Дс"},{"$i":"weekday-2-long","$v":"Сейсенбі"},{"$i":"weekday-2-short","$v":"Сс"},{"$i":"weekday-3-long","$v":"Сәрсенбі"},{"$i":"weekday-3-short","$v":"Ср"},{"$i":"weekday-4-long","$v":"Бейсенбі"},{"$i":"weekday-4-short","$v":"Бс"},{"$i":"weekday-5-long","$v":"Жұма"},{"$i":"weekday-5-short","$v":"Жм"},{"$i":"weekday-6-long","$v":"Сенбі"},{"$i":"weekday-6-short","$v":"Сб"},{"$i":"weeks-ago-long","$v":{"few":[{"t":"idOrVar","v":"value"}," апта бұрын"],"many":[{"t":"idOrVar","v":"value"}," апта бұрын"],"one":"өткен апта","other":[{"t":"idOrVar","v":"value"}," апта бұрын"],"two":[{"t":"idOrVar","v":"value"}," апта бұрын"],"zero":"осы апта"},"$x":[{"t":"idOrVar","v":"plural"},"value"]},{"$i":"weeks-until-long","$v":{"few":[{"t":"idOrVar","v":"value"}," аптада"],"many":[{"t":"idOrVar","v":"value"}," аптада"],"one":"келесі апта","other":[{"t":"idOrVar","v":"value"}," аптада"],"two":[{"t":"idOrVar","v":"value"}," аптада"],"zero":"осы апта"},"$x":[{"t":"idOrVar","v":"plural"},"value"]},{"$i":"years-ago-long","$v":{"few":[{"t":"idOrVar","v":"value"}," жыл бұрын"],"many":[{"t":"idOrVar","v":"value"}," жыл бұрын"],"one":"өткен жыл","other":[{"t":"idOrVar","v":"value"}," жыл бұрын"],"two":[{"t":"idOrVar","v":"value"}," жыл бұрын"],"zero":"осы жыл"},"$x":[{"t":"idOrVar","v":"plural"},"value"]},{"$i":"years-until-long","$v":{"few":[{"t":"idOrVar","v":"value"}," жылда"],"many":[{"t":"idOrVar","v":"value"}," жылда"],"one":"келесі жыл","other":[{"t":"idOrVar","v":"value"}," жылда"],"two":[{"t":"idOrVar","v":"value"}," жылда"],"zero":"осы жыл"},"$x":[{"t":"idOrVar","v":"plural"},"value"]},{"$i":"dateTimeFormat_%X","$v":"%I:%M:%S %p"},{"$i":"weekStartsOnMonday","$v":"0"},{"$i":"firstDayOfTheWeek","$v":"0"}]