[{"$i":"clockDateFormat","$v":"%b %e일(%a)"},{"$i":"deviceIsUnlocked","$v":"기기가 잠금 해제 됨"},{"$i":"simUnlockCodeAccepted","$v":"SIM 잠금 해제 코드 허용됨"},{"$i":"simUnlockCodeFailed","$v":"SIM 잠금 해제 실패"},{"$i":"eccOnly","$v":"긴급전화만 가능"},{"$i":"emergencyCallsOnly","$v":"긴급전화만 가능"},{"$i":"lockedSim","$v":"SIM 잠김"},{"$i":"noService","$v":"서비스 없음"},{"$i":"noSimCard","$v":"SIM 없음"},{"$i":"searching","$v":"검색 중…"},{"$i":"airplane-mode","$v":"비행기 모드"},{"$i":"bluetooth","$v":"블루투스"},{"$i":"brightness","$v":"밝기"},{"$i":"calculator","$v":"계산기"},{"$i":"camera","$v":"카메라"},{"$i":"cellular-data","$v":"모바일 데이터"},{"$i":"confirm-to-uninstall-app","$v":[{"t":"idOrVar","v":"appName"}," 앱을 제거 할까요?"]},{"$i":"flashlight","$v":"플래시"},{"$i":"instant-settings","$v":"즉시 설정"},{"$i":"off","$v":"꺼짐"},{"$i":"on","$v":"켜짐"},{"$i":"shortcuts","$v":"바로가기"},{"$i":"uninstall","$v":"제거"},{"$i":"volume","$v":"볼륨"},{"$i":"wifi","$v":"Wi-Fi"},{"$i":"percentage-number","$v":[{"t":"idOrVar","v":"number"},"%"]},{"$i":"all-apps","$v":"모든 앱"},{"$i":"scImei","$v":"IMEI"},{"$i":"scMeid","$v":"MEID"},{"$i":"scUssd","$v":"USSD"},{"$i":"CallFailed","$v":"통화 실패"},{"$i":"GenericFailure","$v":"일반적인 실패"},{"$i":"add-smart-collections","$v":"스마트 컬렉션 추가"},{"$i":"add-to-existing-contact","$v":"기존 연락처에 추가"},{"$i":"alert-for-contacts-without-number","$v":"전화번호가있는 연락처가 없습니다"},{"$i":"app-title","$v":"나의 앱"},{"$i":"app-uninstall","$v":[{"t":"idOrVar","v":"name"},"이(가) 제거되었습니다"]},{"$i":"assign","$v":"지정"},{"$i":"assign-speed-dial","$v":[{"t":"idOrVar","v":"n"},"번에 단축 다이얼이 설정되지 않았습니다. 지금 설정할까요?"]},{"$i":"assign-voicemail","$v":"음성 메일 번호가 설정되지 않았습니다"},{"$i":"call","$v":"전화"},{"$i":"callAirplaneModeMessage","$v":"전화를 사용하시려면 설정에서 비행기 모드를 해제해 주세요"},{"$i":"callAirplaneModeTitle","$v":"비행기 모드가 실행되었습니다"},{"$i":"cancel","$v":"취소"},{"$i":"change-wallpaper","$v":"배경화면 변경"},{"$i":"clocks-updated","$v":"시계가 업데이트되었습니다"},{"$i":"confirmation","$v":"확인"},{"$i":"contacts","$v":"연락처"},{"$i":"create-new-contact","$v":"새 연락처 추가"},{"$i":"delete","$v":"삭제"},{"$i":"delete-body","$v":[{"t":"idOrVar","v":"name"},"을(를) 삭제하면 모든 데이터가 삭제됩니다"]},{"$i":"delete-title","$v":[{"t":"idOrVar","v":"name"}," 삭제"]},{"$i":"edit","$v":"편집"},{"$i":"edit-done","$v":"완료"},{"$i":"edit-group-header","$v":"그룹 편집"},{"$i":"edit-mode","$v":"편집"},{"$i":"emergency-call-error","$v":[{"t":"idOrVar","v":"number"},"은(는) 긴급 전화번호가 아닙니다"]},{"$i":"emergency-call-only","$v":"긴급 전화만 가능"},{"$i":"emergencyDialogBodyBadNumber","$v":"전화를 걸려면 휴대전화가 네트워크에 연결되어 있어야 합니다"},{"$i":"emergencyDialogBodyDeviceNotAccepted","$v":"네트워크에서 긴급전화를 허용하지 않습니다"},{"$i":"emergencyDialogTitle","$v":"네트워크 연결안됨"},{"$i":"fax-home","$v":"집 Fax"},{"$i":"fax-office","$v":"직장 Fax"},{"$i":"fax-other","$v":"기타 Fax"},{"$i":"fdnIsActiveMessage","$v":["FDN (Fixed Dialling Numbers) 이 활성화 되었으며 다음의 번호는 FDN 리스트에 없습니다: ",{"t":"idOrVar","v":"number"}]},{"$i":"fdnIsActiveTitle","$v":"FDN 활성화"},{"$i":"gaia-shortcut-app-updated","$v":"앱 업데이트 됨"},{"$i":"grid-view","$v":"격자보기"},{"$i":"home","$v":"집"},{"$i":"homescreen-settings","$v":"홈 화면 설정"},{"$i":"invalidNumberToDialMessage","$v":"번호가 올바르지 않습니다"},{"$i":"invalidNumberToDialTitle","$v":"유효하지 않은 전화번호"},{"$i":"list-view","$v":"목록보기"},{"$i":"longDateFormat","$v":"%B %e일 %A"},{"$i":"menu","$v":"메뉴"},{"$i":"message","$v":"메시지"},{"$i":"mobile","$v":"휴대전화"},{"$i":"more","$v":"더보기"},{"$i":"move","$v":"이동"},{"$i":"notifications","$v":"알림"},{"$i":"numberIsBusyMessage","$v":"통화중입니다. 나중에 다시 시도해 주세요"},{"$i":"numberIsBusyTitle","$v":"이 번호는 통화중입니다"},{"$i":"ok","$v":"확인"},{"$i":"option-remove","$v":"단축 다이얼에서 삭제"},{"$i":"option-replace","$v":"대체"},{"$i":"options","$v":"옵션"},{"$i":"otherConnectionInUseMessage","$v":"다른번호에서 통화중입니다. 한번에 한 번호만 연결할 수 있습니다"},{"$i":"otherConnectionInUseTitle","$v":"다른 번호가 사용중입니다"},{"$i":"personal","$v":"개인"},{"$i":"remove","$v":"제거"},{"$i":"remove-speed-dial","$v":[{"t":"idOrVar","v":"name"},"을(를) 단축 다이얼에서 제거할까요?"]},{"$i":"replace","$v":"대체"},{"$i":"replace-speed-dial","$v":["{name}}을(를) ",{"t":"idOrVar","v":"subName"},"(으)로 바꿀가요?"]},{"$i":"resume-download-action","$v":"다운로드"},{"$i":"resume-download-body","$v":[{"t":"idOrVar","v":"name"},"을(를) 다운로드 할까요?"]},{"$i":"resume-download-title","$v":"다운로드 재시작"},{"$i":"scCallBarring","$v":"통화 제한"},{"$i":"scCallForwarding","$v":"착신전환"},{"$i":"scCallWaiting","$v":"통화대기"},{"$i":"scClip","$v":"수신전화 ID"},{"$i":"scClir","$v":"내 번호"},{"$i":"scPin","$v":"PIN 변경"},{"$i":"scPin2","$v":"PIN2 변경"},{"$i":"scPuk","$v":"PIN 잠금해제"},{"$i":"scPuk2","$v":"PIN2 잠금해제"},{"$i":"scPwd","$v":"비밀번호 변경"},{"$i":"search-or-enter-address","placeholder":"주소 검색 또는 입력"},{"$i":"select","$v":"선택"},{"$i":"sending","$v":"발송중입니다…"},{"$i":"set","$v":"설정"},{"$i":"settings","$v":"설정"},{"$i":"single-view","$v":"싱글보기"},{"$i":"skip","$v":"건너뛰기"},{"$i":"speed-dial","$v":"단축 다이얼"},{"$i":"speed-dial-empty","ariaLabel":[{"t":"idOrVar","v":"order"},", 비어 있음"]},{"$i":"speed-dial-not-empty","ariaLabel":[{"t":"idOrVar","v":"order"},", ",{"t":"idOrVar","v":"name"}]},{"$i":"stop-download-action","$v":"중지"},{"$i":"stop-download-body","$v":"진행중인 다운로드를 중지 할까요?"},{"$i":"stop-download-title","$v":[{"t":"idOrVar","v":"name"}," 중지"]},{"$i":"tcl-wallpaper-changed","$v":"배경화면이 변경되었습니다"},{"$i":"video-call","$v":"영상 통화"},{"$i":"voicemail","$v":"음성메시지"},{"$i":"work","$v":"직장"},{"$i":"apps","$v":"앱"},{"$i":"nocard-eccOnly","$v":"SIM 카드 없음 - 긴급전화만 가능"},{"$i":"unusablecard-eccOnly","$v":"사용 불가한 SIM 카드 - 긴급전화만 가능"},{"$i":"apn-sim1","$v":"APN 설정 - SIM1"},{"$i":"apn-sim2","$v":"APN 설정 - SIM2"},{"$i":"apnConfigPrepay","$v":"선불"},{"$i":"apnConfigPostpay","$v":"후불"},{"$i":"apn-defaultconfig-message","$v":"보여줄 APN 유형 설정"},{"$i":"apnDefaultConfig","$v":"APN 기본 구성"},{"$i":"without-sim-new","$v":[{"t":"idOrVar","v":"index"}]},{"$i":"with-sim-new","$v":[{"t":"idOrVar","v":"index"}," - ",{"t":"idOrVar","v":"carrier"}]},{"$i":"sim-with-index-and-carrier","$v":["SIM ",{"t":"idOrVar","v":"index"}," - ",{"t":"idOrVar","v":"carrier"}]},{"$i":"sim-without-carrier","$v":["SIM ",{"t":"idOrVar","v":"index"}]},{"$i":"call-forwarding-voice-after-seconds","$v":["음성 : ",{"t":"idOrVar","v":"timeSeconds"},"초 후 ",{"t":"idOrVar","v":"voice"}]},{"$i":"addNewNumber","$v":"새 번호 추가"},{"$i":"addToExistingContact","$v":"기존 연락처에 추가"},{"$i":"all","$v":"전체","ariaLabel":"전체"},{"$i":"bluetooth-handsfree-device","$v":"블루투스 핸즈프리 기기"},{"$i":"bluetoothOption","ariaLabel":"블루투스"},{"$i":"callDurationHours","$v":[{"t":"idOrVar","v":"h"},":",{"t":"idOrVar","v":"m"},":",{"t":"idOrVar","v":"s"}]},{"$i":"callDurationMinutes","$v":[{"t":"idOrVar","v":"m"},":",{"t":"idOrVar","v":"s"}]},{"$i":"callDurationTextFormatHours","$v":[{"t":"idOrVar","v":"h"},"시 ",{"t":"idOrVar","v":"m"},"분 ",{"t":"idOrVar","v":"s"},"초"]},{"$i":"callDurationTextFormatMinutes","$v":[{"t":"idOrVar","v":"m"},"분 ",{"t":"idOrVar","v":"s"},"초"]},{"$i":"callDurationTextFormatSeconds","$v":[{"t":"idOrVar","v":"s"},"초"]},{"$i":"callEnded","$v":"통화 종료"},{"$i":"callInformation","$v":"통화 정보"},{"$i":"callLog","$v":"통화기록"},{"$i":"callLogEdit","title":"통화기록 편집"},{"$i":"callLogEditDialog","ariaLabel":"통화기록 편집"},{"$i":"caller-left-call","$v":[{"t":"idOrVar","v":"caller"}," 님이 전화를 끊었습니다"]},{"$i":"calllog-all","$v":"전체"},{"$i":"calllog-deselectAll","$v":"전체취소"},{"$i":"calllog-none","$v":"없음"},{"$i":"calllog-selectAll","$v":"모두 선택"},{"$i":"canceled","$v":"취소됨"},{"$i":"clear-all-text","$v":"모든 텍스트 지우기"},{"$i":"close","$v":"닫기"},{"$i":"composeEmail","ariaLabel":"이메일"},{"$i":"conferenceAddError","$v":"통화를 병합할 수 없습니다"},{"$i":"conferenceCall","$v":["컨퍼런스 (",{"t":"idOrVar","v":"n"},")"]},{"$i":"conferenceRemoveError","$v":"통화를 병합 해제할 수 없습니다"},{"$i":"confirm-deletion","$v":"선택한 통화를 삭제 할까요?"},{"$i":"connecting","$v":"연결 중"},{"$i":"connectingEllipsis","$v":"연결 중…"},{"$i":"contactDetails","$v":"연락처 세부 정보"},{"$i":"createNewContact","$v":"새 연락처 추가"},{"$i":"delete-n-log?","$v":{"few":[{"t":"idOrVar","v":"n"},"개 기록을 삭제할까요?"],"many":[{"t":"idOrVar","v":"n"},"개 기록을 삭제할까요?"],"one":"선택한 로그를 삭제 할까요?","other":[{"t":"idOrVar","v":"n"},"개 기록을 삭제할까요?"],"two":[{"t":"idOrVar","v":"n"},"개 기록을 삭제할까요?"],"zero":"선택된 항목이 없습니다"},"$x":[{"t":"idOrVar","v":"plural"},"n"]},{"$i":"deselect","$v":"선택 취소"},{"$i":"dialed","$v":"발신됨"},{"$i":"dialer-prompt","$v":"전화를 걸려면 번호를 누르거나 연락처에서 선택해 주세요"},{"$i":"dialerAddContact","ariaLabel":"연락처 추가"},{"$i":"dialerAddContactDialog","ariaLabel":"연락처 대화 추가"},{"$i":"edit-selected","$v":{"few":[{"t":"idOrVar","v":"n"},"개 선택됨"],"many":[{"t":"idOrVar","v":"n"},"개 선택됨"],"one":[{"t":"idOrVar","v":"n"},"개 선택됨"],"other":[{"t":"idOrVar","v":"n"},"개 선택됨"],"two":[{"t":"idOrVar","v":"n"},"개 선택됨"]},"$x":[{"t":"idOrVar","v":"plural"},"n"]},{"$i":"emailDetail","ariaLabel":"이메일"},{"$i":"from-contact","$v":["From ",{"t":"idOrVar","v":"contact"}]},{"$i":"from-number","$v":["From ",{"t":"idOrVar","v":"number"}]},{"$i":"from-withheld-number","$v":"알수없는 번호에서"},{"$i":"hangup-a11y-button","ariaLabel":"끊기"},{"$i":"hide","$v":"숨기기"},{"$i":"hideKeypad","ariaLabel":"키패드 숨김"},{"$i":"hold","ariaLabel":"대기"},{"$i":"hours","$v":"시간"},{"$i":"ignore","$v":"통화 거부"},{"$i":"incoming","$v":"수신"},{"$i":"incoming-call","$v":"수신 전화"},{"$i":"info-missed","$v":"부재중 전화"},{"$i":"keypad","ariaLabel":"키패드"},{"$i":"log-item","$v":"옵션"},{"$i":"makeCall","ariaLabel":"전화 걸기"},{"$i":"merge","ariaLabel":"합치기"},{"$i":"minutes","$v":"분"},{"$i":"missed","$v":"부재중 전화","ariaLabel":"부재중 전화"},{"$i":"missedCall","$v":"부재중 전화"},{"$i":"missedCallMultiSims","$v":["(SIM ",{"t":"idOrVar","v":"n"},") 부재중 전화"]},{"$i":"mmi-error","$v":"메시지 전송중 오류가 발생하였습니다"},{"$i":"mmi-notification-title-with-sim","$v":["(",{"t":"idOrVar","v":"sim"},") ",{"t":"idOrVar","v":"title"}]},{"$i":"mmi-session-expired","$v":"세션이 만료되었습니다"},{"$i":"mmi-successfully-sent","$v":"메시지 전송 완료"},{"$i":"mute","ariaLabel":"무음"},{"$i":"newCall","ariaLabel":"새 전화"},{"$i":"no-logs-msg-1","$v":"통화기록 없음"},{"$i":"no-logs-msg-2","$v":"지금 대화를 시작하세요"},{"$i":"no-logs-msg-3","$v":"통화기록 없음"},{"$i":"no-logs-msg-4","$v":"지금 대화를 시작하세요"},{"$i":"no-recent-numbers","$v":"통화기록에는 최근 번호가 없습니다"},{"$i":"onHoldOption","ariaLabel":"대기 중"},{"$i":"outgoing","$v":"발신 전화"},{"$i":"outgoing-call","$v":"발신전화"},{"$i":"phoneDetail","ariaLabel":"전화"},{"$i":"pickup-a11y-button","ariaLabel":"픽업"},{"$i":"received","$v":"발신전화"},{"$i":"receiver","$v":"리시버"},{"$i":"recents","ariaLabel":"최근 통화"},{"$i":"reply","$v":"답장"},{"$i":"resume","$v":"계속","ariaLabel":"계속"},{"$i":"search-results","$v":"검색결과"},{"$i":"seconds","$v":"초"},{"$i":"select-audio-sources","$v":"오디오 소스 선택"},{"$i":"send","$v":"보내기"},{"$i":"send-sms-button","ariaLabel":"SMS"},{"$i":"sendSms","$v":"메시지 보내기"},{"$i":"separator","$v":","},{"$i":"sim-number","$v":["SIM",{"t":"idOrVar","v":"n"}]},{"$i":"speaker","$v":"스피커"},{"$i":"speakerOption","ariaLabel":"스피커"},{"$i":"suggestionMatches","$v":{"few":[{"t":"idOrVar","v":"n"},"개가 \"",{"t":"idOrVar","v":"matchNumber"},"\"와 일치함"],"many":[{"t":"idOrVar","v":"n"},"개가 \"",{"t":"idOrVar","v":"matchNumber"},"\"와 일치함"],"one":[{"t":"idOrVar","v":"n"},"개가 \"",{"t":"idOrVar","v":"matchNumber"},"\"와 일치함"],"other":[{"t":"idOrVar","v":"n"},"개가 \"",{"t":"idOrVar","v":"matchNumber"},"\"와 일치함"],"two":[{"t":"idOrVar","v":"n"},"개가 \"",{"t":"idOrVar","v":"matchNumber"},"\"와 일치함"]},"$x":[{"t":"idOrVar","v":"plural"},"n"]},{"$i":"switch-calls","$v":"통화 전환"},{"$i":"tcl-assign","$v":"설정"},{"$i":"tcl-assign-speed-dial","$v":{"$o":["{{speedDial}\"번에 단축 다이얼이 설정되지 않았습니다.<br><br>지금 설정할까요?"]}},{"$i":"tcl-call-log-delete-group-notification","$v":[{"t":"idOrVar","v":"n"},"개 항목이 삭제되었습니다"]},{"$i":"tcl-calllog-entry-removed-err-notification","$v":"통화 로그 항목을 제거 할 수 없습니다"},{"$i":"tcl-calllog-entry-removed-succ-notification","$v":"통화 로그 항목이 제거되었습니다."},{"$i":"tcl-cancel","$v":"취소"},{"$i":"tcl-confirmation","$v":"확인"},{"$i":"tcl-delete-log","$v":"선택한 통화기록을 삭제할까요?"},{"$i":"tcl-dialer","$v":"발신자"},{"$i":"tcl-edit-not-selected","$v":"선택됨 (0)"},{"$i":"tcl-option-menu-call-log-edit","$v":"통화기록 편집"},{"$i":"today","$v":"오늘"},{"$i":"toggleKeypad","ariaLabel":"키패드 전환"},{"$i":"type-your-response","placeholder":"답장을 입력하세요…"},{"$i":"unknown","$v":"알 수 없음"},{"$i":"unlock-a11y-button","ariaLabel":"슬라이더"},{"$i":"ussd-services","$v":[{"t":"idOrVar","v":"operator"}," 서비스"]},{"$i":"via-sim","$v":["SIM 카드 사용 ",{"t":"idOrVar","v":"n"}]},{"$i":"view-all","$v":"모두보기"},{"$i":"wifi-calling","$v":"Wi-Fi 통화"},{"$i":"withheld-number","$v":"알 수 없음"},{"$i":"yesterday","$v":"어제"},{"$i":"SimPin2","$v":"SIM PIN2"},{"$i":"SimPuk2","$v":"SIM PUK2"},{"$i":"serviceClassFax","$v":"Fax"},{"$i":"serviceClassPad","$v":"PAD"},{"$i":"serviceClassSms","$v":"SMS"},{"$i":"DialModifiedToDial","$v":"Dial modified to dial"},{"$i":"DialModifiedToSs","$v":"Dial modified to SS"},{"$i":"DialModifiedToUssd","$v":"Dial modified to USSD"},{"$i":"FdnCheckFailure","$v":"Fdn 점검 실패"},{"$i":"IllegalSimOrMe","$v":"잘못된 SIM 또는 ME"},{"$i":"InvalidParameter","$v":"매개 변수가 잘못되었습니다"},{"$i":"ModeNotSupported","$v":"지원되지 않는 모드"},{"$i":"OpNotAllowedDuringVoiceCall","$v":"음성 통화 중에는이 작업을 수행 할 수 없습니다"},{"$i":"PasswordIncorrect","$v":"잘못된 비밀번호"},{"$i":"RadioNotAvailable","$v":"라디오 사용 불가"},{"$i":"RejectedByRemote","$v":"원격 거부됨"},{"$i":"RequestNotSupported","$v":"지원되지 않는 요청"},{"$i":"ServiceIsDisabled","$v":"서비스가 사용 중지되었습니다."},{"$i":"ServiceIsEnabled","$v":"서비스가 사용 가능합니다"},{"$i":"ServiceIsEnabledFor","$v":"서비스가 사용 설정되었습니다"},{"$i":"SimAbsent","$v":"SIM 카드가 없습니다"},{"$i":"SmsSendFailRetry","$v":"SMS 재발신 실패 "},{"$i":"SsModifiedToDial","$v":"SS modified to dial"},{"$i":"SsModifiedToSs","$v":"SS modified to SS"},{"$i":"SsModifiedToUssd","$v":"SS modified to USSD"},{"$i":"SubscriptionNotAvailable","$v":"서브스크립션을 사용할 수 없음"},{"$i":"SubscriptionNotSupported","$v":"서브스크립션 미지원"},{"$i":"UssdModifiedToDial","$v":"USSD modified to dial"},{"$i":"UssdModifiedToSs","$v":"USSD modified to SS"},{"$i":"UssdModifiedToUssd","$v":"USSD modified to USSD"},{"$i":"call-forwarding-async","$v":["비동기 : ",{"t":"idOrVar","v":"async"}]},{"$i":"call-forwarding-data","$v":["데이터 : ",{"t":"idOrVar","v":"data"}]},{"$i":"call-forwarding-error","$v":"착신 전환 상태를 가져 오는 중에 오류가 발생했습니다"},{"$i":"call-forwarding-fax","$v":["팩스 : ",{"t":"idOrVar","v":"fax"}]},{"$i":"call-forwarding-inactive","$v":"비활성"},{"$i":"call-forwarding-packet","$v":["패킷 : ",{"t":"idOrVar","v":"packet"}]},{"$i":"call-forwarding-pad","$v":["PAD: ",{"t":"idOrVar","v":"pad"}]},{"$i":"call-forwarding-sms","$v":["SMS: ",{"t":"idOrVar","v":"sms"}]},{"$i":"call-forwarding-status","$v":"착신 전환 상태"},{"$i":"call-forwarding-sync","$v":["동기식 : ",{"t":"idOrVar","v":"sync"}]},{"$i":"call-forwarding-voice","$v":["음성: ",{"t":"idOrVar","v":"voice"}]},{"$i":"emMmiError","$v":"연결 문제 또는 유효하지 않은 MMI 코드"},{"$i":"emMmiErrorBadPin","$v":"입력 한 PIN이 잘못되었습니다"},{"$i":"emMmiErrorBadPuk","$v":"입력 한 PUK 코드가 잘못되었습니다"},{"$i":"emMmiErrorEnablePin","$v":"실패. SIM / RUIM LOCK 활성화"},{"$i":"emMmiErrorInvalidAction","$v":"잘못된 동작"},{"$i":"emMmiErrorInvalidPin","$v":"4~8자리 PIN을 입력하세요"},{"$i":"emMmiErrorInvalidScCode","$v":"잘못된 서비스 코드"},{"$i":"emMmiErrorMismatchPin","$v":"입력한 PIN이 일치하지 않습니다"},{"$i":"emMmiErrorMmiFdn","$v":"고정 다이얼링으로 작동이 제한됩니다"},{"$i":"emMmiErrorNeedPuk2","$v":"SIM 카드의 잠금을 해제하려면 PUK2를 입력하세요"},{"$i":"emMmiErrorNeedsPuk","$v":"SIM 카드가 PUK 잠김상태 입니다"},{"$i":"emMmiErrorNotSupported","$v":"유효하지 않거나 지원되지 않는 MMI 코드"},{"$i":"emMmiErrorPasswordIncorrect","$v":"비밀번호가 정확하지 않음"},{"$i":"emMmiErrorPinPukAttempts","$v":{"few":[{"t":"idOrVar","v":"n"},"회의 시도 횟수가 남았습니다"],"many":[{"t":"idOrVar","v":"n"},"회의 시도 횟수가 남았습니다"],"one":[{"t":"idOrVar","v":"n"}," 번만 다시 시도하세요"],"other":[{"t":"idOrVar","v":"n"},"회의 시도 횟수가 남았습니다"],"two":[{"t":"idOrVar","v":"n"},"회의 시도 횟수가 남았습니다"]},"$x":[{"t":"idOrVar","v":"plural"},"n"]},{"$i":"emMmiErrorSimBlocked","$v":"최대 재시도 횟수를 초과했습니다. SIM이 차단됨"},{"$i":"emMmiErrorStkCcSsDial","$v":"SS 요청이 DIAL 요청으로 수정됨"},{"$i":"emMmiErrorStkCcSsSs","$v":"SS 요청은 새로운 SS 요청으로 수정됨"},{"$i":"emMmiErrorStkCcSsUssd","$v":"SS 요청이 USSD 요청으로 수정 됨"},{"$i":"emMmiErrorStkCcUssdDial","$v":"USSD 요청이 DIAL 요청으로 수정됨"},{"$i":"emMmiErrorStkCcUssdSs","$v":"USSD 요청이 SS 요청으로 수정됨"},{"$i":"emMmiErrorStkCcUssdUssd","$v":"USSD 요청이 새로운 USSD 요청으로 수정됨"},{"$i":"fihVersion","$v":"FIH 버전"},{"$i":"imeiAndSvn","$v":"IMEI 및 SVN"},{"$i":"internalVersion","$v":"내부 버전"},{"$i":"serviceClassData","$v":"데이터"},{"$i":"serviceClassDataAsync","$v":"비동기식"},{"$i":"serviceClassDataSync","$v":"동기화"},{"$i":"serviceClassPacket","$v":"패킷"},{"$i":"serviceClassVoice","$v":"음성"},{"$i":"smClirDefaultOffNextCallOff","$v":"발신자 표시는 기본적으로 제한되지 않습니다. 다음 호출 : 제한되지 않음"},{"$i":"smClirDefaultOffNextCallOn","$v":"발신자 표시는 기본적으로 제한되지 않습니다. 다음 호출 : 제한됨"},{"$i":"smClirDefaultOnNextCallOff","$v":"발신자 표시는 기본적으로 제한됩니다. 다음 호출 : 제한되지 않음"},{"$i":"smClirDefaultOnNextCallOn","$v":"발신자 표시는 기본적으로 제한됩니다. 다음 호출 : 제한됨"},{"$i":"smClirPermanent","$v":"Caller ID 설정을 변경할 수 없습니다"},{"$i":"smPin2Changed","$v":"PIN2가 변경되었습니다"},{"$i":"smPin2Unblocked","$v":"PIN2가 차단 해제되었습니다"},{"$i":"smPinChanged","$v":"PIN이 변경되었습니다"},{"$i":"smPinUnblocked","$v":"PIN이 차단 해제되었습니다"},{"$i":"smServiceDisabled","$v":"서비스가 사용 중지되었습니다"},{"$i":"smServiceEnabled","$v":"서비스가 활성화되었습니다 "},{"$i":"smServiceEnabledFor","$v":"다음 서비스가 활성화되었습니다"},{"$i":"smServiceErased","$v":"삭제 완료"},{"$i":"smServiceInterrogated","$v":"요청 성공"},{"$i":"smServiceNotProvisioned","$v":"이 서비스를 제공하지 마십시오"},{"$i":"smServiceRegistered","$v":"등록 성공"},{"$i":"another","$v":"푸시 API"},{"$i":"current","$v":"현재"},{"$i":"customTag","$v":"지정 태그","placeholder":"지정 태그"},{"$i":"faxHome","$v":"집 Fax"},{"$i":"faxOffice","$v":"직장 Fax"},{"$i":"faxOther","$v":"기타 Fax"},{"$i":"itemWithLabel","$v":[{"t":"idOrVar","v":"label"},", ",{"t":"idOrVar","v":"item"}]},{"$i":"label","$v":"태그"},{"$i":"other","$v":"기타"},{"$i":"tcl-customTag","$v":"지정 태그"},{"$i":"dateTimeFormat_%c","$v":"%Y년 %b %e일(%a) %p %I:%M:%S"},{"$i":"dateTimeFormat_%x","$v":"%Y/%m/%d"},{"$i":"days-ago-long","$v":{"few":[{"t":"idOrVar","v":"value"},"일 전"],"many":[{"t":"idOrVar","v":"value"},"일 전"],"one":"어제","other":[{"t":"idOrVar","v":"value"},"일 전"],"two":[{"t":"idOrVar","v":"value"},"일 전"],"zero":"오늘"},"$x":[{"t":"idOrVar","v":"plural"},"value"]},{"$i":"days-ago-short","$v":{"other":[{"t":"idOrVar","v":"value"},"일 전"],"zero":"오늘"},"$x":[{"t":"idOrVar","v":"plural"},"value"]},{"$i":"days-until-long","$v":{"few":[{"t":"idOrVar","v":"value"},"일 내"],"many":[{"t":"idOrVar","v":"value"},"일 내"],"one":"내일","other":[{"t":"idOrVar","v":"value"},"일 내"],"two":[{"t":"idOrVar","v":"value"},"일 내"],"zero":"오늘"},"$x":[{"t":"idOrVar","v":"plural"},"value"]},{"$i":"days-until-short","$v":{"other":[{"t":"idOrVar","v":"value"},"일 이내"],"zero":"오늘"},"$x":[{"t":"idOrVar","v":"plural"},"value"]},{"$i":"hours-ago-long","$v":{"few":[{"t":"idOrVar","v":"value"},"시간 전"],"many":[{"t":"idOrVar","v":"value"},"시간 전"],"one":"1시간 전","other":[{"t":"idOrVar","v":"value"},"시간 전"],"two":[{"t":"idOrVar","v":"value"},"시간 전"],"zero":"지금"},"$x":[{"t":"idOrVar","v":"plural"},"value"]},{"$i":"hours-ago-short","$v":{"other":[{"t":"idOrVar","v":"value"},"시간 전"],"zero":"지금"},"$x":[{"t":"idOrVar","v":"plural"},"value"]},{"$i":"hours-until-long","$v":{"few":[{"t":"idOrVar","v":"value"},"시간 내"],"many":[{"t":"idOrVar","v":"value"},"시간 내"],"one":"1시간 이내","other":[{"t":"idOrVar","v":"value"},"시간 내"],"two":[{"t":"idOrVar","v":"value"},"시간 내"],"zero":"지금"},"$x":[{"t":"idOrVar","v":"plural"},"value"]},{"$i":"hours-until-short","$v":{"other":[{"t":"idOrVar","v":"value"},"시간 이내"],"zero":"지금"},"$x":[{"t":"idOrVar","v":"plural"},"value"]},{"$i":"incorrectDate","$v":"(날짜가 잘못됨)"},{"$i":"minutes-ago-long","$v":{"few":[{"t":"idOrVar","v":"value"},"분 전"],"many":[{"t":"idOrVar","v":"value"},"분 전"],"one":"1분 전","other":[{"t":"idOrVar","v":"value"},"분 전"],"two":[{"t":"idOrVar","v":"value"},"분 전"],"zero":"지금"},"$x":[{"t":"idOrVar","v":"plural"},"value"]},{"$i":"minutes-ago-short","$v":{"other":[{"t":"idOrVar","v":"value"},"분 전"],"zero":"지금"},"$x":[{"t":"idOrVar","v":"plural"},"value"]},{"$i":"minutes-until-long","$v":{"few":[{"t":"idOrVar","v":"value"},"분 내"],"many":[{"t":"idOrVar","v":"value"},"분 내"],"one":"1분 이내","other":[{"t":"idOrVar","v":"value"},"분 내"],"two":[{"t":"idOrVar","v":"value"},"분 내"],"zero":"지금"},"$x":[{"t":"idOrVar","v":"plural"},"value"]},{"$i":"minutes-until-short","$v":{"other":[{"t":"idOrVar","v":"value"}," 이내"],"zero":"지금"},"$x":[{"t":"idOrVar","v":"plural"},"value"]},{"$i":"month-0-genitive","$v":"1월"},{"$i":"month-0-long","$v":"1월"},{"$i":"month-0-short","$v":"1월"},{"$i":"month-1-genitive","$v":"2월"},{"$i":"month-1-long","$v":"2월"},{"$i":"month-1-short","$v":"2월"},{"$i":"month-10-genitive","$v":"11월"},{"$i":"month-10-long","$v":"11월"},{"$i":"month-10-short","$v":"11월"},{"$i":"month-11-genitive","$v":"12월"},{"$i":"month-11-long","$v":"12월"},{"$i":"month-11-short","$v":"12월"},{"$i":"month-2-genitive","$v":"3월"},{"$i":"month-2-long","$v":"3월"},{"$i":"month-2-short","$v":"3월"},{"$i":"month-3-genitive","$v":"4월"},{"$i":"month-3-long","$v":"4월"},{"$i":"month-3-short","$v":"4월"},{"$i":"month-4-genitive","$v":"5월"},{"$i":"month-4-long","$v":"5월"},{"$i":"month-4-short","$v":"5월"},{"$i":"month-5-genitive","$v":"6월"},{"$i":"month-5-long","$v":"6월"},{"$i":"month-5-short","$v":"6월"},{"$i":"month-6-genitive","$v":"7월"},{"$i":"month-6-long","$v":"7월"},{"$i":"month-6-short","$v":"7월"},{"$i":"month-7-genitive","$v":"8월"},{"$i":"month-7-long","$v":"8월"},{"$i":"month-7-short","$v":"8월"},{"$i":"month-8-genitive","$v":"9월"},{"$i":"month-8-long","$v":"9월"},{"$i":"month-8-short","$v":"9월"},{"$i":"month-9-genitive","$v":"10월"},{"$i":"month-9-long","$v":"10월"},{"$i":"month-9-short","$v":"10월"},{"$i":"months-ago-long","$v":{"few":[{"t":"idOrVar","v":"value"},"개월 전"],"many":[{"t":"idOrVar","v":"value"},"개월 전"],"one":"지난 달","other":[{"t":"idOrVar","v":"value"},"개월 전"],"two":[{"t":"idOrVar","v":"value"},"개월 전"],"zero":"이번 달"},"$x":[{"t":"idOrVar","v":"plural"},"value"]},{"$i":"months-until-long","$v":{"few":[{"t":"idOrVar","v":"value"},"개월 내"],"many":[{"t":"idOrVar","v":"value"},"개월 내"],"one":"다음 달","other":[{"t":"idOrVar","v":"value"},"개월 내"],"two":[{"t":"idOrVar","v":"value"},"개월 내"],"zero":"이번 달"},"$x":[{"t":"idOrVar","v":"plural"},"value"]},{"$i":"shortDateTimeFormat","$v":"%x %p %I:%M"},{"$i":"shortTimeFormat","$v":"%p %I:%M"},{"$i":"shortTimeFormat12","$v":"%p %I:%M"},{"$i":"shortTimeFormat24","$v":"%H:%M"},{"$i":"time_am","$v":"AM"},{"$i":"time_pm","$v":"PM"},{"$i":"weekday-0-long","$v":"일요일"},{"$i":"weekday-0-short","$v":"일"},{"$i":"weekday-1-long","$v":"월요일"},{"$i":"weekday-1-short","$v":"월"},{"$i":"weekday-2-long","$v":"화요일"},{"$i":"weekday-2-short","$v":"화"},{"$i":"weekday-3-long","$v":"수요일"},{"$i":"weekday-3-short","$v":"수"},{"$i":"weekday-4-long","$v":"목요일"},{"$i":"weekday-4-short","$v":"목"},{"$i":"weekday-5-long","$v":"금요일"},{"$i":"weekday-5-short","$v":"금"},{"$i":"weekday-6-long","$v":"토요일"},{"$i":"weekday-6-short","$v":"토"},{"$i":"weeks-ago-long","$v":{"few":[{"t":"idOrVar","v":"value"},"주 전"],"many":[{"t":"idOrVar","v":"value"},"주 전"],"one":"지난 주","other":[{"t":"idOrVar","v":"value"},"주 전"],"two":[{"t":"idOrVar","v":"value"},"주 전"],"zero":"이번 주"},"$x":[{"t":"idOrVar","v":"plural"},"value"]},{"$i":"weeks-until-long","$v":{"few":[{"t":"idOrVar","v":"value"},"주 내"],"many":[{"t":"idOrVar","v":"value"},"주 내"],"one":"다음 주","other":[{"t":"idOrVar","v":"value"},"주 내"],"two":[{"t":"idOrVar","v":"value"},"주 내"],"zero":"이번 주"},"$x":[{"t":"idOrVar","v":"plural"},"value"]},{"$i":"years-ago-long","$v":{"few":[{"t":"idOrVar","v":"value"},"년 전"],"many":[{"t":"idOrVar","v":"value"},"년 전"],"one":"작년","other":[{"t":"idOrVar","v":"value"},"년 전"],"two":[{"t":"idOrVar","v":"value"},"년 전"],"zero":"금년"},"$x":[{"t":"idOrVar","v":"plural"},"value"]},{"$i":"years-until-long","$v":{"few":[{"t":"idOrVar","v":"value"},"년 내"],"many":[{"t":"idOrVar","v":"value"},"년 내"],"one":"내년","other":[{"t":"idOrVar","v":"value"},"년 내"],"two":[{"t":"idOrVar","v":"value"},"년 내"],"zero":"금년"},"$x":[{"t":"idOrVar","v":"plural"},"value"]},{"$i":"dateTimeFormat_%X","$v":"%I:%M:%S %p"},{"$i":"weekStartsOnMonday","$v":"0"},{"$i":"firstDayOfTheWeek","$v":"0"}]