[{"$i":"clockDateFormat","$v":"%a, %e %b"},{"$i":"deviceIsUnlocked","$v":"ອຸປະກອນຖືກປົດລັອກແລ້ວ"},{"$i":"simUnlockCodeAccepted","$v":"ຍອມຮັບລະຫັດປົດລັອກ SIM ແລ້ວ"},{"$i":"simUnlockCodeFailed","$v":"ການປົດລັອກ SIM ບໍ່ສຳເລັດ"},{"$i":"eccOnly","$v":"ໂທສຸກເສີນເທົ່ານັ້ນ"},{"$i":"emergencyCallsOnly","$v":"ໂທສຸກເສີນເທົ່ານັ້ນ"},{"$i":"lockedSim","$v":"ລັອກ SIM ແລ້ວ"},{"$i":"noService","$v":"ບໍ່ມີບໍລິການ"},{"$i":"noSimCard","$v":"ບໍ່ມີເບີຊິມ"},{"$i":"searching","$v":"ກຳລັງຄົ້ນຫາ…"},{"$i":"airplane-mode","$v":"ໂໝດເຄື່ອງບິນ"},{"$i":"bluetooth","$v":"ບລູທູດ"},{"$i":"brightness","$v":"ຄວາມສະຫວ່າງ"},{"$i":"calculator","$v":"ຈັກ​ຄິດ​ໄລ່"},{"$i":"camera","$v":"ກ້ອງ"},{"$i":"cellular-data","$v":"ຂໍ້ມູນໂທລະສັບມືຖື"},{"$i":"confirm-to-uninstall-app","$v":["ຖອນການຕິດຕັ້ງແອັບຯ ",{"t":"idOrVar","v":"appName"}," ຫຼືບໍ່?"]},{"$i":"flashlight","$v":"ໄຟສາຍ"},{"$i":"instant-settings","$v":"ການຕັ້ງຄ່າທັນທີ"},{"$i":"off","$v":"ປິດ"},{"$i":"on","$v":"ເປີດ"},{"$i":"shortcuts","$v":"ທາງລັດ"},{"$i":"uninstall","$v":"ລຶບການຕິດຕັ້ງ"},{"$i":"volume","$v":"ບໍ​ລິ​ມາດ"},{"$i":"wifi","$v":"Wi-Fi"},{"$i":"percentage-number","$v":[{"t":"idOrVar","v":"number"},"%"]},{"$i":"all-apps","$v":"ແອັບພລິເຄຊັນທັງໝົດ"},{"$i":"scImei","$v":"IMEI"},{"$i":"scMeid","$v":"MEID"},{"$i":"scUssd","$v":"USSD"},{"$i":"CallFailed","$v":"ໂທບໍ່ສຳເລັດ"},{"$i":"GenericFailure","$v":"ຄວາມລົ້ມເຫຼວທົ່ວໄປ"},{"$i":"add-smart-collections","$v":"ເພີ່ມການຈັດລຽງແບບອັດສະ ລິຍະ"},{"$i":"add-to-existing-contact","$v":"ເພີ່ມເຂົ້າຊື່ຕິດຕໍ່ທີ່ມີຢູ່ແລ້ວ"},{"$i":"alert-for-contacts-without-number","$v":"ບໍ່ມີລາຍຊື່ຜູ້ຕິດຕໍ່ໃນເບີໂທລະສັບທີ່ນໍາໃຊ້."},{"$i":"app-title","$v":"ແອັບຂອງຂ້າພະເຈົ້າ"},{"$i":"app-uninstall","$v":[{"t":"idOrVar","v":"name"}," ໄດ້ຖືກຖອນຕິດຕັ້ງແລ້ວ"]},{"$i":"assign","$v":"ສັ່ງງານ"},{"$i":"assign-speed-dial","$v":["ບໍ່ໄດ້ເພີ່ມຊື່ຕິດຕໍ່ເປັນປຸ່ມ ໂທດ່ວນທີ່ປຸ່ມ ",{"t":"idOrVar","v":"n"},".ທ່ານຕ້ອງການກຳນົດຕອນນີ້ ຫຼືບໍ່?"]},{"$i":"assign-voicemail","$v":"ຍັງບໍ່ມີການຕັ້ງຄ່າຈຳນວນ ຂໍ້ຄວາມສຽງ."},{"$i":"call","$v":"ການໂທ"},{"$i":"callAirplaneModeMessage","$v":"ເພື່ອຈະໂທອອກ ທ່ານຕ້ອງປິດ ໂໝດເຄື່ອງບິນໃນການຕັ້ງຄ່າ."},{"$i":"callAirplaneModeTitle","$v":"ເປີດນຳໃຊ້ໂໝດເຄື່ອງບິນ ແລ້ວ"},{"$i":"cancel","$v":"ຍົກເລີກ"},{"$i":"change-wallpaper","$v":"ປ່ຽນວໍເປເປີ"},{"$i":"clocks-updated","$v":"ອັບເດດໂມງແລ້ວ"},{"$i":"confirmation","$v":"ການຢືນຢັນ"},{"$i":"contacts","$v":"ລາຍຊື່ຜູ່ຕິດຕໍ່"},{"$i":"create-new-contact","$v":"ສ້າງລາຍຊື່ຜູ່ຕິດຕໍ່ໃໝ່"},{"$i":"delete","$v":"ລຶບ"},{"$i":"delete-body","$v":[{"t":"idOrVar","v":"name"}," ແລະ ຂໍ້ມູນທັງໝົດຈະຖືກລຶບ."]},{"$i":"delete-title","$v":["ລຶບ ",{"t":"idOrVar","v":"name"}]},{"$i":"edit","$v":"ແກ້ໄຂ"},{"$i":"edit-done","$v":"ສຳເລັດ"},{"$i":"edit-group-header","$v":"ແກ້ໄຂກຸ່ມ"},{"$i":"edit-mode","$v":"ແກ້ໄຂ"},{"$i":"emergency-call-error","$v":[{"t":"idOrVar","v":"number"}," ບໍ່ແມ່ນເບີໂທສຸກເສີນ."]},{"$i":"emergency-call-only","$v":"ສະເພາະການໂທສຸກເສີນ"},{"$i":"emergencyDialogBodyBadNumber","$v":"ເມື່ອຕ້ອງການໂທ, ໂທລະສັບຕ້ອງເຊື່ອມຕໍ່ກັບເຄືອຂ່າຍ."},{"$i":"emergencyDialogBodyDeviceNotAccepted","$v":"ທາງເຄືອຂ່າຍບໍ່ໄດ້ ໃຫ້ອານຸຍາດນຳໃຊ້ ການໂທສຸກເສີນ"},{"$i":"emergencyDialogTitle","$v":"ເຄືອຂ່າຍບໍ່ເຊື່ອມຕໍ່"},{"$i":"fax-home","$v":"ໂທລະສານບ້ານ"},{"$i":"fax-office","$v":"ໂທລະຫານຫ້ອງການ"},{"$i":"fax-other","$v":"ໂທລະສານອື່ນໆ"},{"$i":"fdnIsActiveMessage","$v":["FDN (ເບີກຳນົດແທນເບີໂທ) ໄດ້ຖືກເປີດນຳໃຊ້ ແລະເບີດັ່ງຕໍ່ໄປນີ້ ແມ່ນບໍ່ຢູ່ໃນ ລາຍການ FDN ຂອງທ່ານ: ",{"t":"idOrVar","v":"number"}]},{"$i":"fdnIsActiveTitle","$v":"FDN ຖືກນຳໃຊ້ຢູ່"},{"$i":"gaia-shortcut-app-updated","$v":"ໄດ້ອັບເດດແອັບແລ້ວ"},{"$i":"grid-view","$v":"ມູມມອງຕາໜ່າງ"},{"$i":"home","$v":"ໜ້າຫລັກ"},{"$i":"homescreen-settings","$v":"ການຕັ້ງຄ່າໜ້າຈໍຫຼັກ"},{"$i":"invalidNumberToDialMessage","$v":"ໝາຍເລກໂທລະສັບທີ່ທ່ານ ກຳລັງໂທບໍ່ຖືກຕ້ອງ."},{"$i":"invalidNumberToDialTitle","$v":"ໝາຍເລກໂທລະສັບບໍ່ຖືກຕ້ອງ"},{"$i":"list-view","$v":"ລາຍການເບິ່ງ"},{"$i":"longDateFormat","$v":"%A, %B %e"},{"$i":"menu","$v":"ລາຍການ"},{"$i":"message","$v":"ຂໍ້ຄວາມ"},{"$i":"mobile","$v":"ໂທລະສັບມືຖື"},{"$i":"more","$v":"ຂໍ້ຄວາມອື່ນ"},{"$i":"move","$v":"ຍ້າຍ"},{"$i":"notifications","$v":"ຄຳເຕືອນ"},{"$i":"numberIsBusyMessage","$v":"ໝາຍເລກທີ່ທ່ານເອີ້ນຍັງ ບໍ່ຫວ່າງ. ກະລຸນາໂທໃໝ່ ໃນຄັ້ງໜ້າ."},{"$i":"numberIsBusyTitle","$v":"ໝາຍເລກໂທລະສັບຍັງບໍ່ວ່າງ"},{"$i":"ok","$v":"ຕົກລົງ"},{"$i":"option-remove","$v":"ລຶບອອກຈາກການໂທດ່ວນ"},{"$i":"option-replace","$v":"ແທນທີ່"},{"$i":"options","$v":"ຕົວເລືອກ"},{"$i":"otherConnectionInUseMessage","$v":"ທ່ານມີສາຍທີ່ໃຊ້ງານໄດ້ໃນ ການເຊື່ອມຕໍ່ກັບສາຍອື່ນໆ. ທ່ານສາມາດໃຊ້ການເຊື່ອມຕໍ່ ໄດ້ພຽງຄັ້ງລະເທື່ອເທົ່ານັ້ນ."},{"$i":"otherConnectionInUseTitle","$v":"ການເຊື່ອມຕໍ່ອື່ນກຳລັງໃຊ້ງານ"},{"$i":"personal","$v":"ຄວາມເປັນສ່ວນຕົວ"},{"$i":"remove","$v":"ລຶບອອກ"},{"$i":"remove-speed-dial","$v":["ທ່ານໝັ້ນໃຈຫຼືບໍ່ວ່າ ຕ້ອງການຍ້າຍ ",{"t":"idOrVar","v":"name"}," ຈາກການໂທດ່ວນ?"]},{"$i":"replace","$v":"ແທນທີ່"},{"$i":"replace-speed-dial","$v":["ທ່ານໝັ້ນໃຈຫຼືບໍ່ວ່າ ຕ້ອງການຍ້າຍ ",{"t":"idOrVar","v":"name"}," ກັບ ",{"t":"idOrVar","v":"subName"},"?"]},{"$i":"resume-download-action","$v":"ດາວໂຫຼດ"},{"$i":"resume-download-body","$v":["ທ່ານຕ້ອງການດາວໂຫຼດ ",{"t":"idOrVar","v":"name"}," ບໍ່?"]},{"$i":"resume-download-title","$v":"ເລີ່ມການດາວໂຫຼດຄືນໃໝ່"},{"$i":"scCallBarring","$v":"ຈຳກັດການໂທ"},{"$i":"scCallForwarding","$v":"ການໂອນສາຍ"},{"$i":"scCallWaiting","$v":"ການລໍຖ້າສາຍ"},{"$i":"scClip","$v":"ID ຜູ້ໂທເຂົ້າ"},{"$i":"scClir","$v":"ID ຜູ່ໂທອອກ"},{"$i":"scPin","$v":"ປ່ຽນລະຫັດ PIN"},{"$i":"scPin2","$v":"ປ່ຽນລະຫັດ PIN2"},{"$i":"scPuk","$v":"ປົດລັອກ PIN"},{"$i":"scPuk2","$v":"ປົດລັອກ PIN2"},{"$i":"scPwd","$v":"ປ່ຽນລະຫັດຜ່ານໃໝ່"},{"$i":"search-or-enter-address","placeholder":"ຄົ້ນຫາຂໍ້ມູນທີ່ຢູ່"},{"$i":"select","$v":"ເລືອກ"},{"$i":"sending","$v":"ກຳລັງສົ່ງ…"},{"$i":"set","$v":"ຕັ້ງຄ່າ"},{"$i":"settings","$v":"ຕັ້ງຄ່າ"},{"$i":"single-view","$v":"ເບິ່ງຮູບດ່ຽວ"},{"$i":"skip","$v":"ຜ່ານ"},{"$i":"speed-dial","$v":"ໂທດ່ວນ"},{"$i":"speed-dial-empty","ariaLabel":[{"t":"idOrVar","v":"order"},", ວ່າງເປົ່າ"]},{"$i":"speed-dial-not-empty","ariaLabel":[{"t":"idOrVar","v":"order"},", ",{"t":"idOrVar","v":"name"}]},{"$i":"stop-download-action","$v":"ຢຸດ"},{"$i":"stop-download-body","$v":"ທ່ານຕ້ອງການຢຸຕິການດາວ ໂຫຼດທີ່ກຳລັງດຳເນີນຢູ່ບໍ່?"},{"$i":"stop-download-title","$v":["ຢຸດ ",{"t":"idOrVar","v":"name"}]},{"$i":"tcl-wallpaper-changed","$v":"ໄດ້ປ່ຽນເຈ້ຍແຜ່ນແລ້ວ"},{"$i":"video-call","$v":"ໂທວິດີໂອ"},{"$i":"voicemail","$v":"ຂໍ້ຄວາມສຽງ"},{"$i":"work","$v":"ວຽກງານ"},{"$i":"apps","$v":"ແອັບຕ່າງໆ"},{"$i":"nocard-eccOnly","$v":"No SIM card-Emergency calls only"},{"$i":"unusablecard-eccOnly","$v":"Unusable SIM card-Emergency calls only"},{"$i":"apn-sim1","$v":"ການຕັ້ງຄ່າ APN - SIM1"},{"$i":"apn-sim2","$v":"ການຕັ້ງຄ່າ APN - SIM2"},{"$i":"apnConfigPrepay","$v":"ຊໍາລະເງິນລ່ວງໜ້າ"},{"$i":"apnConfigPostpay","$v":"ຊໍາລະເງິນນຳຫຼັງ"},{"$i":"apn-defaultconfig-message","$v":"ຕັ້ງຄ່າປະເພດຂອງ APN ເພື່ອສະແດງ"},{"$i":"apnDefaultConfig","$v":"ຕັ້ງຄ່າເບື້ອງຕົ້ນ"},{"$i":"without-sim-new","$v":[{"t":"idOrVar","v":"index"}]},{"$i":"with-sim-new","$v":[{"t":"idOrVar","v":"index"}," - ",{"t":"idOrVar","v":"carrier"}]},{"$i":"sim-with-index-and-carrier","$v":["SIM ",{"t":"idOrVar","v":"index"}," - ",{"t":"idOrVar","v":"carrier"}]},{"$i":"sim-without-carrier","$v":["SIM ",{"t":"idOrVar","v":"index"}]},{"$i":"call-forwarding-voice-after-seconds","$v":["ສຽງ: ",{"t":"idOrVar","v":"voice"}," ຫຼັງຈາກ ",{"t":"idOrVar","v":"timeSeconds"}," ວິນາທີ"]},{"$i":"addNewNumber","$v":"ເພີ່ມເລກໝາຍໃໝ່"},{"$i":"addToExistingContact","$v":"ເພີ່ມເຂົ້າລາຍຊື່ຜູ້ຕິດຕໍ່ທີ່ມີແລ້ວ"},{"$i":"all","$v":"ທັງ​ໝົດ","ariaLabel":"ທັງ​ໝົດ"},{"$i":"bluetooth-handsfree-device","$v":"ອຸປະກອນໄຮ້ສາຍ Bluetooth"},{"$i":"bluetoothOption","ariaLabel":"ບລູທູດ"},{"$i":"callDurationHours","$v":[{"t":"idOrVar","v":"h"},":",{"t":"idOrVar","v":"m"},":",{"t":"idOrVar","v":"s"}]},{"$i":"callDurationMinutes","$v":[{"t":"idOrVar","v":"m"},":",{"t":"idOrVar","v":"s"}]},{"$i":"callDurationTextFormatHours","$v":[{"t":"idOrVar","v":"h"}," ມ ",{"t":"idOrVar","v":"m"}," ນ ",{"t":"idOrVar","v":"s"}," ວ"]},{"$i":"callDurationTextFormatMinutes","$v":[{"t":"idOrVar","v":"m"}," ນ ",{"t":"idOrVar","v":"s"}," ວ"]},{"$i":"callDurationTextFormatSeconds","$v":[{"t":"idOrVar","v":"s"}," ວ"]},{"$i":"callEnded","$v":"ການໂທໄດ້ສິ້ນສຸດລົງແລ້ວ"},{"$i":"callInformation","$v":"ຂໍ້ມູນການໂທ"},{"$i":"callLog","$v":"ບັນທຶກການໂທ"},{"$i":"callLogEdit","title":"ແກ້ໄຂບັນທຶກການໂທ"},{"$i":"callLogEditDialog","ariaLabel":"ແກ້ໄຂບັນທຶກການໂທ"},{"$i":"caller-left-call","$v":[{"t":"idOrVar","v":"caller"}," ໄດ້ອອກຈາກສາຍແລ້ວ."]},{"$i":"calllog-all","$v":"ທັງ​ໝົດ"},{"$i":"calllog-deselectAll","$v":"ຍົກເລີກທັງໝົດທີ່ໄດ້ເລືອກໄວ້"},{"$i":"calllog-none","$v":"ບໍ່ມີ"},{"$i":"calllog-selectAll","$v":"ເລືອກທັງໝົດ"},{"$i":"canceled","$v":"ຍົກເລີກແລ້ວ"},{"$i":"clear-all-text","$v":"ລຶບລ້າງຂໍ້ຄວາມທັງໝົດ"},{"$i":"close","$v":"ປິດ"},{"$i":"composeEmail","ariaLabel":"ອີເມວ"},{"$i":"conferenceAddError","$v":"ບໍ່ສາມາດເຂົ້າສາຍໄດ້"},{"$i":"conferenceCall","$v":["ການປະຊຸມ (",{"t":"idOrVar","v":"n"},")"]},{"$i":"conferenceRemoveError","$v":"ບໍ່ສາມາດຍົກເລີກການໂທ ອອກໄດ້"},{"$i":"confirm-deletion","$v":"ທ່ານຕ້ອງການລຶບລ້າງການ ໂທທີ່ເລືອກໄວ້ຫຼືບໍ່?"},{"$i":"connecting","$v":"ກຳລັງເຊື່ອມຕໍ່"},{"$i":"connectingEllipsis","$v":"ກຳລັງເຊື່ອມຕໍ່…"},{"$i":"contactDetails","$v":"ຂໍ້ມູນຂອງຜູ່ຕິດຕໍ່"},{"$i":"createNewContact","$v":"ສ້າງລາຍຊື່ຜູ່ຕິດຕໍ່ໃໝ່"},{"$i":"delete-n-log?","$v":{"few":["ລຶບ ",{"t":"idOrVar","v":"n"}," ບັນທຶກ?"],"many":["ລຶບ ",{"t":"idOrVar","v":"n"}," ບັນທຶກ?"],"one":"ໃຫ້ລຶບບັນທຶກນີ້ບໍ່?","other":["ລຶບ ",{"t":"idOrVar","v":"n"}," ບັນທຶກ?"],"two":["ລຶບ ",{"t":"idOrVar","v":"n"}," ບັນທຶກ?"],"zero":"ຍັງບໍ່ມີຫຍັງຄັດເລືອກແລ້ວ"},"$x":[{"t":"idOrVar","v":"plural"},"n"]},{"$i":"deselect","$v":"ຍົກເລີກການເລືອກ"},{"$i":"dialed","$v":"ໂທອອກ"},{"$i":"dialer-prompt","$v":"ກົດໝາຍເລກ ຫຼືເລືອກບັນຊີລາຍຊື່ ເພື່ອເພີ້ມໃສ່ການສົນທະນາ"},{"$i":"dialerAddContact","ariaLabel":"ເພີ່ມລາຍຊື່ຜູ້ຕິດຕໍ່"},{"$i":"dialerAddContactDialog","ariaLabel":"ເພີ່ມການສົນທະນາລາຍຊື່ຜູ້ຕິດຕໍ່"},{"$i":"edit-selected","$v":{"few":["ເລືອກແລ້ວ(",{"t":"idOrVar","v":"n"},")"],"many":["ເລືອກແລ້ວ(",{"t":"idOrVar","v":"n"},")"],"one":["ເລືອກແລ້ວ(",{"t":"idOrVar","v":"n"},")"],"other":["ເລືອກແລ້ວ(",{"t":"idOrVar","v":"n"},")"],"two":["ເລືອກແລ້ວ(",{"t":"idOrVar","v":"n"},")"]},"$x":[{"t":"idOrVar","v":"plural"},"n"]},{"$i":"emailDetail","ariaLabel":"ອີເມວ"},{"$i":"from-contact","$v":["ຈາກ ",{"t":"idOrVar","v":"contact"}]},{"$i":"from-number","$v":["ຈາກ ",{"t":"idOrVar","v":"number"}]},{"$i":"from-withheld-number","$v":"ຈາກເບີທີ່ບໍ່ລະບຸ"},{"$i":"hangup-a11y-button","ariaLabel":"ວາງສາຍ"},{"$i":"hide","$v":"ເຊື່ອງ"},{"$i":"hideKeypad","ariaLabel":"ເຊື່ອງແປ້ນພິມ"},{"$i":"hold","ariaLabel":"ລໍ​ສາຍ"},{"$i":"hours","$v":"ຫຼາຍຊົ່ວໂມງ"},{"$i":"ignore","$v":"ຍົກເວັ້ນການໂທ"},{"$i":"incoming","$v":"ຂາເຂົ້າ"},{"$i":"incoming-call","$v":"ສາຍໂທເຂົ້າ"},{"$i":"info-missed","$v":"ບໍ່​ໄດ້​ຮັບ"},{"$i":"keypad","ariaLabel":"ປຸ່ມເລກໂທ"},{"$i":"log-item","$v":"ຕົວເລືອກ"},{"$i":"makeCall","ariaLabel":"ໂທອອກ"},{"$i":"merge","ariaLabel":"ປະສານ"},{"$i":"minutes","$v":"ຫຼາຍນາທີ"},{"$i":"missed","$v":"ບໍ່​ໄດ້​ຮັບ","ariaLabel":"ບໍ່​ໄດ້​ຮັບ"},{"$i":"missedCall","$v":"ສາຍບໍ່ໄດ້ຮັບ"},{"$i":"missedCallMultiSims","$v":["(SIM ",{"t":"idOrVar","v":"n"},") ສາຍທີ່ບໍ່ໄດ້ຮັບ"]},{"$i":"mmi-error","$v":"ເກີດຂໍ້ຜິດພາດຂຶ້ນໃນຂະນະ ການສົ່ງຂໍ້ຄວາມ"},{"$i":"mmi-notification-title-with-sim","$v":["(",{"t":"idOrVar","v":"sim"},") ",{"t":"idOrVar","v":"title"}]},{"$i":"mmi-session-expired","$v":"ເຊດຊັ່ນໝົດອາຍຸແລ້ວ"},{"$i":"mmi-successfully-sent","$v":"ສຳເລັດການສົ່ງຂໍ້ຄວາມແລ້ວ"},{"$i":"mute","ariaLabel":"ປິດສຽງ"},{"$i":"newCall","ariaLabel":"ການໂທໃໝ່"},{"$i":"no-logs-msg-1","$v":"ບໍ່ໄດ້ບັນທຶກການໂທ"},{"$i":"no-logs-msg-2","$v":"ເລີ່ມຕົ້ນການສື່ສານດຽວນີ້"},{"$i":"no-logs-msg-3","$v":"ບໍ່ໄດ້ບັນທຶກການໂທ"},{"$i":"no-logs-msg-4","$v":"ເລີ່ມຕົ້ນການສື່ສານດຽວນີ້"},{"$i":"no-recent-numbers","$v":"ບໍ່ມີເລກໝາຍໃນບັນທຶກການໂທທີ່ຈະໂທອອກ."},{"$i":"onHoldOption","ariaLabel":"ລໍ​ສາຍ​ແລ້ວ"},{"$i":"outgoing","$v":"ສາຍໂທອອກ"},{"$i":"outgoing-call","$v":"ສາຍໂທອອກ"},{"$i":"phoneDetail","ariaLabel":"ໂທລະສັບ"},{"$i":"pickup-a11y-button","ariaLabel":"ການຮອງຮັບ"},{"$i":"received","$v":"ໄດ້​ຮັບ"},{"$i":"receiver","$v":"ຜູ່ຮັບ"},{"$i":"recents","ariaLabel":"ການໂທຄັ້ງຫຼ້າສຸດ"},{"$i":"reply","$v":"ຕອບກັບ"},{"$i":"resume","$v":"ດຳເນີນການຕໍ່","ariaLabel":"ດຳເນີນການຕໍ່"},{"$i":"search-results","$v":"ຄົ້ນຫາຜົນຮັບ"},{"$i":"seconds","$v":"ວິນາທີ"},{"$i":"select-audio-sources","$v":"ເລືອກແຫຼ່ງສຽງ"},{"$i":"send","$v":"ສົ່ງ"},{"$i":"send-sms-button","ariaLabel":"SMS"},{"$i":"sendSms","$v":"ສົ່ງ​ຂໍ້​ຄວາມ"},{"$i":"separator","$v":","},{"$i":"sim-number","$v":["SIM",{"t":"idOrVar","v":"n"}]},{"$i":"speaker","$v":"ລຳໂພງ"},{"$i":"speakerOption","ariaLabel":"ລຳໂພງ"},{"$i":"suggestionMatches","$v":{"few":[{"t":"idOrVar","v":"n"}," ລາຍການກົງກັບ \"",{"t":"idOrVar","v":"matchNumber"}],"many":[{"t":"idOrVar","v":"n"}," ລາຍການກົງກັບ \"",{"t":"idOrVar","v":"matchNumber"}],"one":[{"t":"idOrVar","v":"n"}," ລາຍການກົງກັບ \"",{"t":"idOrVar","v":"matchNumber"}],"other":[{"t":"idOrVar","v":"n"}," ລາຍການກົງກັບ \"",{"t":"idOrVar","v":"matchNumber"}],"two":[{"t":"idOrVar","v":"n"}," ລາຍການກົງກັບ \"",{"t":"idOrVar","v":"matchNumber"}]},"$x":[{"t":"idOrVar","v":"plural"},"n"]},{"$i":"switch-calls","$v":"ປ່ຽນສາຍ"},{"$i":"tcl-assign","$v":"ສັ່ງງານ"},{"$i":"tcl-assign-speed-dial","$v":{"$o":["ບໍ່ໄດ້ເພີ່ມລາຍຊື່ຕິດຕໍ່ເປັນປຸ່ມ ໂທດ່ວນທີ່ປຸ່ມ \"",{"t":"idOrVar","v":"speedDial"},"\"<br></br> ທ່ານຕ້ອງການກຳນົດຕອນນີ້ ຫຼືບໍ່?"]}},{"$i":"tcl-call-log-delete-group-notification","$v":[{"t":"idOrVar","v":"n"}," ລາຍການໄດ້ຖືກລຶບແລ້ວ"]},{"$i":"tcl-calllog-entry-removed-err-notification","$v":"ບໍ່ສາມາດລຶບລາຍການບັນທຶກການໂທ"},{"$i":"tcl-calllog-entry-removed-succ-notification","$v":"ບັນທຶກການໂທໄດ້ຖືກ ຍົກເລີກແລ້ວ"},{"$i":"tcl-cancel","$v":"ຍົກເລີກ"},{"$i":"tcl-confirmation","$v":"ການຢືນຢັນ"},{"$i":"tcl-delete-log","$v":"ທ່ານໝັ້ນໃຈ ຫຼືບໍ່ວ່າ ຕ້ອງ ການລຶບລາຍການທີ່ເລືອກ ອອກຈາກບັນທຶກການໂທ?"},{"$i":"tcl-dialer","$v":"ຜູ່ໂທ"},{"$i":"tcl-edit-not-selected","$v":"ເລືອກແລ້ວ(0)"},{"$i":"tcl-option-menu-call-log-edit","$v":"ແກ້ໄຂບັນທຶກການໂທ"},{"$i":"today","$v":"ມື້ນີ້"},{"$i":"toggleKeypad","ariaLabel":"ປຸ່ມກົດສະລັບ"},{"$i":"type-your-response","placeholder":"ພິມຄຳຕອບຂອງທ່ານ…"},{"$i":"unknown","$v":"ບໍ່ຮູ້ຈັກ"},{"$i":"unlock-a11y-button","ariaLabel":"ຕົວເລື່ອນ"},{"$i":"ussd-services","$v":["ບໍລິການ ",{"t":"idOrVar","v":"operator"}]},{"$i":"via-sim","$v":["ຜ່ານ SIM",{"t":"idOrVar","v":"n"}]},{"$i":"view-all","$v":"ເບິ່ງທັງໝົດ"},{"$i":"wifi-calling","$v":"ກຳລັງໂທ Wi-Fi"},{"$i":"withheld-number","$v":"ບໍ່ຮູ້ຈັກ"},{"$i":"yesterday","$v":"ມື້ວານ"},{"$i":"SimPin2","$v":"SIM PIN2"},{"$i":"SimPuk2","$v":"SIM PUK2"},{"$i":"serviceClassFax","$v":"FAX"},{"$i":"serviceClassPad","$v":"PAD"},{"$i":"serviceClassSms","$v":"SMS"},{"$i":"DialModifiedToDial","$v":"Dial modified to dial"},{"$i":"DialModifiedToSs","$v":"Dial modified to SS"},{"$i":"DialModifiedToUssd","$v":"Dial modified to USSD"},{"$i":"FdnCheckFailure","$v":"ກວດສອບ Fdn ຜິດຜາດ"},{"$i":"IllegalSimOrMe","$v":"ຊິມບໍ່ຖືກຕ້ອງ ຫຼືຂ້າພະເຈົ້າ"},{"$i":"InvalidParameter","$v":"ພາລາມິເຕີບໍ່ຖືກຕ້ອງ"},{"$i":"ModeNotSupported","$v":"ໂໝດບໍ່ສະໜັບສະໜູນ"},{"$i":"OpNotAllowedDuringVoiceCall","$v":"ບໍ່ອະນຸຍາດໃຫ້ດຳເນີນການ ໃນລະຫວ່າງການໂທດ້ວຍສຽງ"},{"$i":"PasswordIncorrect","$v":"ລະຫັດຜ່ານບໍ່ຖືກຕ້ອງ"},{"$i":"RadioNotAvailable","$v":"Radio not available"},{"$i":"RejectedByRemote","$v":"ຖືກປະຕິເສດໂດຍທາງໄກ"},{"$i":"RequestNotSupported","$v":"ຄໍາຂໍບໍ່ຖືກຮອງຮັບ"},{"$i":"ServiceIsDisabled","$v":"ບໍລິການຖືກປິດໃຊ້ງານ"},{"$i":"ServiceIsEnabled","$v":"ບໍລິການຖືກເປີດໃຊ້ງານ"},{"$i":"ServiceIsEnabledFor","$v":"ບໍລິການຖືກເປີດໃຊ້ງານເພື່ອ:"},{"$i":"SimAbsent","$v":"SIM ບໍ່ຢູ່"},{"$i":"SmsSendFailRetry","$v":"ສົ່ງ SMS ບໍ່ສຳເລັດ ລອງອີກຄັ້ງ"},{"$i":"SsModifiedToDial","$v":"SS ໄດ້ດັດແກ້ເພື່ອໂທ"},{"$i":"SsModifiedToSs","$v":"SS ໄດ້ດັດແກ້ຕໍ່ SS"},{"$i":"SsModifiedToUssd","$v":"SS ໄດ້ດັດແກ້ຕໍ່ USSD"},{"$i":"SubscriptionNotAvailable","$v":"ບໍ່ມີການຕິດຕາມ"},{"$i":"SubscriptionNotSupported","$v":"ບໍ່ໄດ້ສະໜອງການຕິດຕາມ"},{"$i":"UssdModifiedToDial","$v":"ການແກ້ໄຂເພື່ອໝູນ USSD"},{"$i":"UssdModifiedToSs","$v":"USSD ຖືກແກ້ໄຂເປັນ SS"},{"$i":"UssdModifiedToUssd","$v":"USSD ຖືກແກ້ໄຂເປັນ USSD"},{"$i":"call-forwarding-async","$v":["ບໍ່ກົງກັນ: ",{"t":"idOrVar","v":"async"}]},{"$i":"call-forwarding-data","$v":["ເຊື່ອມຕໍ່ຂໍ້ມູນ: ",{"t":"idOrVar","v":"data"}]},{"$i":"call-forwarding-error","$v":"ເກີດຂໍ້ຜິດພາດຂະນະຮຽກ ສະຖານະການໂອນສາຍ"},{"$i":"call-forwarding-fax","$v":["FAX: ",{"t":"idOrVar","v":"fax"}]},{"$i":"call-forwarding-inactive","$v":"ການໃຊ້ງານ"},{"$i":"call-forwarding-packet","$v":["ຫຸ້ມຫໍ່: ",{"t":"idOrVar","v":"packet"}]},{"$i":"call-forwarding-pad","$v":["PAD: ",{"t":"idOrVar","v":"pad"}]},{"$i":"call-forwarding-sms","$v":["SMS: ",{"t":"idOrVar","v":"sms"}]},{"$i":"call-forwarding-status","$v":"ສະຖານະການໂອນສາຍ"},{"$i":"call-forwarding-sync","$v":["ຊີ້ງພ້ອມກັນ: ",{"t":"idOrVar","v":"sync"}]},{"$i":"call-forwarding-voice","$v":["ສຽງ: ",{"t":"idOrVar","v":"voice"}]},{"$i":"emMmiError","$v":"ການເຊື່ອມຕໍ່ມີບັນຫາ ຫຼື ລະຫັດ MMI ໝົດອາຍຸການໃຊ້ງານ"},{"$i":"emMmiErrorBadPin","$v":"PIN ເກົ່າທີ່ທ່ານປ້ອນບໍ່ຖືກຕ້ອງ."},{"$i":"emMmiErrorBadPuk","$v":"ລະຫັດ PUK ທີ່ທ່ານພິມບໍ່ຖືກຕ້ອງ"},{"$i":"emMmiErrorEnablePin","$v":"ຍັງບໍ່ທັນສຳເລັດ. ເປີດໃຊ້ງານ SIM/RUIM LOCK"},{"$i":"emMmiErrorInvalidAction","$v":"ລະບົບເຮັດວຽກບໍ່ຖືກຕ້ອງ"},{"$i":"emMmiErrorInvalidPin","$v":"ປ້ອນລະຫັດພິນ ທີ່ມີ 4 ຫຼື 8 ໂຕເລກ"},{"$i":"emMmiErrorInvalidScCode","$v":"ລະຫັດການບໍລິການບໍ່ຖືກຕ້ອງ"},{"$i":"emMmiErrorMismatchPin","$v":"ລະຫັດ PINs ທີ່ທ່ານປ້ອນບໍ່ກົງກັນ."},{"$i":"emMmiErrorMmiFdn","$v":"ການດຳເນີນການແມ່ນມີການ ຈຳກັດສະເພາະໝາຍເລກໂທອອກເທົ່ານັ້ນ"},{"$i":"emMmiErrorNeedPuk2","$v":"ປ້ອນລະຫັດ PUK2 ເພື່ອໃຫ້ນຳໃຊ້ຊິມ"},{"$i":"emMmiErrorNeedsPuk","$v":"ບັດຊິມຂອງທ່ານຖືກລັອກໃສ່ PUK"},{"$i":"emMmiErrorNotSupported","$v":"ລະຫັດ MMI ບໍ່ຖືກຕ້ອງ ຫຼືບໍ່ໄດ້ຮັບການສະໜັບສະໜູນ"},{"$i":"emMmiErrorPasswordIncorrect","$v":"ລະຫັດຜ່ານບໍ່ຖືກຕ້ອງ"},{"$i":"emMmiErrorPinPukAttempts","$v":{"few":["ຍັງລອງໄດ້ອີກ ",{"t":"idOrVar","v":"n"}," ເທື່ອ"],"many":["ຍັງລອງໄດ້ອີກ ",{"t":"idOrVar","v":"n"}," ເທື່ອ"],"one":["ລອງໃໝ່ໄດ້ ",{"t":"idOrVar","v":"n"},"ຄັ້ງເທົ່ານັ້ນ"],"other":["ຍັງລອງໄດ້ອີກ ",{"t":"idOrVar","v":"n"}," ເທື່ອ"],"two":["ຍັງລອງໄດ້ອີກ ",{"t":"idOrVar","v":"n"}," ເທື່ອ"]},"$x":[{"t":"idOrVar","v":"plural"},"n"]},{"$i":"emMmiErrorSimBlocked","$v":"ການລອງໃໝ່ເກີນຈຳນວນ ຄັ້ງທີ່ກຳນົດໄວ້. ຊິມໄດ້ຖືກລັອກແລ້ວ."},{"$i":"emMmiErrorStkCcSsDial","$v":"ການຮ້ອງຂໍ SS ໄດ້ຖືກດັດແກ້ເພື່ອໃຫ້ໂທ"},{"$i":"emMmiErrorStkCcSsSs","$v":"ການຮ້ອງຂໍ SS ໄດ້ຖືກດັດແກ້ ການຮ້ອງຂໍ SS ໃໝ່"},{"$i":"emMmiErrorStkCcSsUssd","$v":"ການຮ້ອງຂໍ SS ໄດ້ຖືກດັດແກ້ການຮ້ອງຂໍ USSD"},{"$i":"emMmiErrorStkCcUssdDial","$v":"ຄຳຂໍ USSD ຖືກປ່ຽນແທນເປັນຄຳຂໍ DIAL"},{"$i":"emMmiErrorStkCcUssdSs","$v":"ຄຳຂໍ USSD ໄດ້ຮັບການແກ້ໄຂຕາມຄຳຂໍ SS"},{"$i":"emMmiErrorStkCcUssdUssd","$v":"ຄຳຂໍ USSD ໄດ້ຮັບການແກ້ໄຂເພື່ອຂໍ USSD ໃໝ່"},{"$i":"fihVersion","$v":"ເວີຊັນ FIH"},{"$i":"imeiAndSvn","$v":"IMEI ແລະ SVN"},{"$i":"internalVersion","$v":"ເວີຊັນພາຍໃນ"},{"$i":"serviceClassData","$v":"ຂໍ້ມູນ"},{"$i":"serviceClassDataAsync","$v":"Async"},{"$i":"serviceClassDataSync","$v":"ຊິ້ງຂໍ້ມູນ"},{"$i":"serviceClassPacket","$v":"ຫຸ້ມຫໍ່"},{"$i":"serviceClassVoice","$v":"ສຽງ"},{"$i":"smClirDefaultOffNextCallOff","$v":"ລະຫັດ ID ຜູ່ໂທເຂົ້າເປັນ ຄ່າເລີ່ມຕົ້ນແບບບໍ່ຈຳກັດ. ການໂທຄັ້ງຕໍ່ໄປ: ບໍ່ຈຳກັດ"},{"$i":"smClirDefaultOffNextCallOn","$v":"ລະຫັດ ID ຜູ່ໂທເຂົ້າເປັນ ຄ່າເລີ່ມຕົ້ນແບບບໍ່ຈຳກັດ. ການໂທຄັ້ງຕໍ່ໄປ: ຈຳກັດ"},{"$i":"smClirDefaultOnNextCallOff","$v":"ລະຫັດ ID ຜູ່ໂທເຂົ້າເປັນ ຄ່າເລີ່ມຕົ້ນແບບຈຳກັດ. ການໂທຄັ້ງຕໍ່ໄປ: ບໍ່ຈຳກັດ"},{"$i":"smClirDefaultOnNextCallOn","$v":"ລະຫັດ ID ຜູ່ໂທເຂົ້າເປັນ ຄ່າເລີ່ມຕົ້ນແບບຈຳກັດ. ການໂທຄັ້ງຕໍ່ໄປ: ຈຳກັດ"},{"$i":"smClirPermanent","$v":"ທ່ານບໍ່ສາມາດປ່ຽນການຕັ້ງຄ່າ ID ຜູ່ໂທ"},{"$i":"smPin2Changed","$v":"ປ່ຽນລະຫັດ PIN2 ສຳເລັດ"},{"$i":"smPin2Unblocked","$v":"ປົດລັອກລະຫັດ PIN2 ສຳເລັດ"},{"$i":"smPinChanged","$v":"ປ່ຽນລະຫັດ PIN ສຳເລັດ"},{"$i":"smPinUnblocked","$v":"ປົດລັອກລະຫັດ PIN ສຳເລັດ"},{"$i":"smServiceDisabled","$v":"ບໍລິການໄດ້ຖືກປິດໃຊ້ງານ"},{"$i":"smServiceEnabled","$v":"ບໍລິການຖືກເປີດໃຊ້"},{"$i":"smServiceEnabledFor","$v":"ບໍລິການຖືກເປີດໃຊ້ເພື່ອ:"},{"$i":"smServiceErased","$v":"ໄດ້ສຳເລັດການລຶບລ້າງ ຢ່າງສົມບູນ"},{"$i":"smServiceInterrogated","$v":"ຄຳຂໍໄດ້ສຳເລັດແລ້ວ"},{"$i":"smServiceNotProvisioned","$v":"ບໍລິການບໍໄດ້ຮັບການສະໜອງ"},{"$i":"smServiceRegistered","$v":"ການລົງທະບຽນໄດ້ສຳເລັດ"},{"$i":"another","$v":"ອື່ນໆ"},{"$i":"current","$v":"ປະຈຸບັນ"},{"$i":"customTag","$v":"ປ້າຍກາໝາຍ ການກຳນົດເອງ","placeholder":"ປ້າຍກາໝາຍ ການກຳນົດເອງ"},{"$i":"faxHome","$v":"ໂທລະສານບ້ານ"},{"$i":"faxOffice","$v":"ໂທລະຫານຫ້ອງການ"},{"$i":"faxOther","$v":"ໂທລະສານອື່ນໆ"},{"$i":"itemWithLabel","$v":[{"t":"idOrVar","v":"label"},", ",{"t":"idOrVar","v":"item"}]},{"$i":"label","$v":"ສະຫຼາກ"},{"$i":"other","$v":"ອື່ນໆ"},{"$i":"tcl-customTag","$v":"ປ້າຍກາໝາຍ ການກຳນົດເອງ"},{"$i":"dateTimeFormat_%c","$v":"%a %b %e %Y %I:%M:%S %p"},{"$i":"dateTimeFormat_%x","$v":"%m/%d/%Y"},{"$i":"days-ago-long","$v":{"few":[{"t":"idOrVar","v":"value"}," ມື້ກ່ອນ"],"many":[{"t":"idOrVar","v":"value"}," ມື້ກ່ອນ"],"one":"ມື້ວານ","other":[{"t":"idOrVar","v":"value"}," ມື້ກ່ອນ"],"two":[{"t":"idOrVar","v":"value"}," ມື້ກ່ອນ"],"zero":"ມື້ນີ້"},"$x":[{"t":"idOrVar","v":"plural"},"value"]},{"$i":"days-ago-short","$v":{"other":[{"t":"idOrVar","v":"value"},"ມື້ກ່ອນ"],"zero":"ມື້ນີ້"},"$x":[{"t":"idOrVar","v":"plural"},"value"]},{"$i":"days-until-long","$v":{"few":["ໃນ ",{"t":"idOrVar","v":"value"}," ຫຼາຍວັນ"],"many":["ໃນ ",{"t":"idOrVar","v":"value"}," ຫຼາຍວັນ"],"one":"ມື້ອື່ນ","other":["ໃນ ",{"t":"idOrVar","v":"value"}," ຫຼາຍວັນ"],"two":["ໃນ ",{"t":"idOrVar","v":"value"}," ຫຼາຍວັນ"],"zero":"ມື້ນີ້"},"$x":[{"t":"idOrVar","v":"plural"},"value"]},{"$i":"days-until-short","$v":{"other":["ໃນ ",{"t":"idOrVar","v":"value"},"ວ"],"zero":"ມື້ນີ້"},"$x":[{"t":"idOrVar","v":"plural"},"value"]},{"$i":"hours-ago-long","$v":{"few":[{"t":"idOrVar","v":"value"}," ຊົ່ວໂມງກ່ອນ"],"many":[{"t":"idOrVar","v":"value"}," ຊົ່ວໂມງກ່ອນ"],"one":"ໜຶ່ງຊົ່ວໂມງຜ່ານມາ","other":[{"t":"idOrVar","v":"value"}," ຊົ່ວໂມງກ່ອນ"],"two":[{"t":"idOrVar","v":"value"}," ຊົ່ວໂມງກ່ອນ"],"zero":"ຕອນນີ້"},"$x":[{"t":"idOrVar","v":"plural"},"value"]},{"$i":"hours-ago-short","$v":{"other":[{"t":"idOrVar","v":"value"},"ມ ກ່ອນ"],"zero":"ຕອນນີ້"},"$x":[{"t":"idOrVar","v":"plural"},"value"]},{"$i":"hours-until-long","$v":{"few":["ໃນ ",{"t":"idOrVar","v":"value"}," ຫຼາຍຊົ່ວໂມງ"],"many":["ໃນ ",{"t":"idOrVar","v":"value"}," ຫຼາຍຊົ່ວໂມງ"],"one":"ໃນໜຶ່ງຊົ່ວໂມງ","other":["ໃນ ",{"t":"idOrVar","v":"value"}," ຫຼາຍຊົ່ວໂມງ"],"two":["ໃນ ",{"t":"idOrVar","v":"value"}," ຫຼາຍຊົ່ວໂມງ"],"zero":"ຕອນນີ້"},"$x":[{"t":"idOrVar","v":"plural"},"value"]},{"$i":"hours-until-short","$v":{"other":["ໃນ ",{"t":"idOrVar","v":"value"},"ຊ.ມ"],"zero":"ຕອນນີ້"},"$x":[{"t":"idOrVar","v":"plural"},"value"]},{"$i":"incorrectDate","$v":"(ວັນທີບໍ່ຖືກຕ້ອງ)"},{"$i":"minutes-ago-long","$v":{"few":[{"t":"idOrVar","v":"value"}," ນາທີກ່ອນ"],"many":[{"t":"idOrVar","v":"value"}," ນາທີກ່ອນ"],"one":"ໜຶ່ງນາທີຜ່ານມາ","other":[{"t":"idOrVar","v":"value"}," ນາທີກ່ອນ"],"two":[{"t":"idOrVar","v":"value"}," ນາທີກ່ອນ"],"zero":"ຕອນນີ້"},"$x":[{"t":"idOrVar","v":"plural"},"value"]},{"$i":"minutes-ago-short","$v":{"other":[{"t":"idOrVar","v":"value"},"ນ ກ່ອນ"],"zero":"ຕອນນີ້"},"$x":[{"t":"idOrVar","v":"plural"},"value"]},{"$i":"minutes-until-long","$v":{"few":["ໃນ ",{"t":"idOrVar","v":"value"}," ຫຼາຍນາທີ"],"many":["ໃນ ",{"t":"idOrVar","v":"value"}," ຫຼາຍນາທີ"],"one":"ໃນໜຶ່ງນາທີ","other":["ໃນ ",{"t":"idOrVar","v":"value"}," ຫຼາຍນາທີ"],"two":["ໃນ ",{"t":"idOrVar","v":"value"}," ຫຼາຍນາທີ"],"zero":"ຕອນນີ້"},"$x":[{"t":"idOrVar","v":"plural"},"value"]},{"$i":"minutes-until-short","$v":{"other":["ໃນ ",{"t":"idOrVar","v":"value"},"ດ"],"zero":"ຕອນນີ້"},"$x":[{"t":"idOrVar","v":"plural"},"value"]},{"$i":"month-0-genitive","$v":"ມັງ​ກອນ"},{"$i":"month-0-long","$v":"ມັງ​ກອນ"},{"$i":"month-0-short","$v":"ມັງ​ກອນ"},{"$i":"month-1-genitive","$v":"ມ​ພາ"},{"$i":"month-1-long","$v":"ມ​ພາ"},{"$i":"month-1-short","$v":"ກຸມພາ"},{"$i":"month-10-genitive","$v":"ພະ​ຈິກ"},{"$i":"month-10-long","$v":"ພະ​ຈິກ"},{"$i":"month-10-short","$v":"ພະ​ຈິກ"},{"$i":"month-11-genitive","$v":"ທັນ​ວາ"},{"$i":"month-11-long","$v":"ທັນ​ວາ"},{"$i":"month-11-short","$v":"ທັນ​ວາ"},{"$i":"month-2-genitive","$v":"ມີ​ນາ"},{"$i":"month-2-long","$v":"ມີ​ນາ"},{"$i":"month-2-short","$v":"ມີ​ນາ"},{"$i":"month-3-genitive","$v":"ເມ​ສາ"},{"$i":"month-3-long","$v":"ເມ​ສາ"},{"$i":"month-3-short","$v":"ເມ​ສາ"},{"$i":"month-4-genitive","$v":"ພຶດ​ສະ​ພາ"},{"$i":"month-4-long","$v":"ພຶດ​ສະ​ພາ"},{"$i":"month-4-short","$v":"ພຶດ​ສະ​ພາ"},{"$i":"month-5-genitive","$v":"ມິ​ຖຸ​ນາ"},{"$i":"month-5-long","$v":"ມິ​ຖຸ​ນາ"},{"$i":"month-5-short","$v":"ມິ​ຖຸ​ນາ"},{"$i":"month-6-genitive","$v":"ກໍ​ລະ​ກົດ"},{"$i":"month-6-long","$v":"ກໍ​ລະ​ກົດ"},{"$i":"month-6-short","$v":"ກໍ​​ລະ​​ກົດ"},{"$i":"month-7-genitive","$v":"ສິງຫາ"},{"$i":"month-7-long","$v":"ສິງຫາ"},{"$i":"month-7-short","$v":"ສິງຫາ"},{"$i":"month-8-genitive","$v":"ກັນ​ຍາ"},{"$i":"month-8-long","$v":"ກັນ​ຍາ"},{"$i":"month-8-short","$v":"ກັນຍາ"},{"$i":"month-9-genitive","$v":"ຕຸ​ລາ"},{"$i":"month-9-long","$v":"ຕຸ​ລາ"},{"$i":"month-9-short","$v":"ຕຸ​ລາ"},{"$i":"months-ago-long","$v":{"few":[{"t":"idOrVar","v":"value"}," ເດືອນກ່ອນ"],"many":[{"t":"idOrVar","v":"value"}," ເດືອນກ່ອນ"],"one":"ເດືອນກ່ອນນີ້","other":[{"t":"idOrVar","v":"value"}," ເດືອນກ່ອນ"],"two":[{"t":"idOrVar","v":"value"}," ເດືອນກ່ອນ"],"zero":"ເດືອນນີ້"},"$x":[{"t":"idOrVar","v":"plural"},"value"]},{"$i":"months-until-long","$v":{"few":["ໃນ ",{"t":"idOrVar","v":"value"}," ຫຼາຍເດືອນ"],"many":["ໃນ ",{"t":"idOrVar","v":"value"}," ຫຼາຍເດືອນ"],"one":"ເດືອນໜ້າ","other":["ໃນ ",{"t":"idOrVar","v":"value"}," ຫຼາຍເດືອນ"],"two":["ໃນ ",{"t":"idOrVar","v":"value"}," ຫຼາຍເດືອນ"],"zero":"ເດືອນນີ້"},"$x":[{"t":"idOrVar","v":"plural"},"value"]},{"$i":"shortDateTimeFormat","$v":"%x %I:%M %p"},{"$i":"shortTimeFormat","$v":"%I:%M %p"},{"$i":"shortTimeFormat12","$v":"%I:%M %p"},{"$i":"shortTimeFormat24","$v":"%H:%M"},{"$i":"time_am","$v":"AM"},{"$i":"time_pm","$v":"ຕອນເຊົ້າ"},{"$i":"weekday-0-long","$v":"ວັນອາທິດ"},{"$i":"weekday-0-short","$v":"ອາທິດ"},{"$i":"weekday-1-long","$v":"ວັນ​ຈັນ"},{"$i":"weekday-1-short","$v":"ຈັນ"},{"$i":"weekday-2-long","$v":"ວັນຄານ"},{"$i":"weekday-2-short","$v":"ຄານ"},{"$i":"weekday-3-long","$v":"ວັນ​ພຸດ"},{"$i":"weekday-3-short","$v":"ພຸດ"},{"$i":"weekday-4-long","$v":"ວັນພະຫັດ"},{"$i":"weekday-4-short","$v":"ພະຫັດ"},{"$i":"weekday-5-long","$v":"ວັນ​ສຸກ"},{"$i":"weekday-5-short","$v":"ສຸກ"},{"$i":"weekday-6-long","$v":"ວັນ​ເສົາ"},{"$i":"weekday-6-short","$v":"ເສົາ"},{"$i":"weeks-ago-long","$v":{"few":[{"t":"idOrVar","v":"value"}," ເດືອນກ່ອນໜ້າ"],"many":[{"t":"idOrVar","v":"value"}," ເດືອນກ່ອນໜ້າ"],"one":"ອາທິດຜ່ານມາ","other":[{"t":"idOrVar","v":"value"}," ເດືອນກ່ອນໜ້າ"],"two":[{"t":"idOrVar","v":"value"}," ເດືອນກ່ອນໜ້າ"],"zero":"ທິດນີ້"},"$x":[{"t":"idOrVar","v":"plural"},"value"]},{"$i":"weeks-until-long","$v":{"few":["ໃນ ",{"t":"idOrVar","v":"value"}," ຫຼາຍອາທິດ"],"many":["ໃນ ",{"t":"idOrVar","v":"value"}," ຫຼາຍອາທິດ"],"one":"ອາທິດໜ້າ","other":["ໃນ ",{"t":"idOrVar","v":"value"}," ຫຼາຍອາທິດ"],"two":["ໃນ ",{"t":"idOrVar","v":"value"}," ຫຼາຍອາທິດ"],"zero":"ທິດນີ້"},"$x":[{"t":"idOrVar","v":"plural"},"value"]},{"$i":"years-ago-long","$v":{"few":[{"t":"idOrVar","v":"value"}," ປີຕໍ່ໄປ"],"many":[{"t":"idOrVar","v":"value"}," ປີຕໍ່ໄປ"],"one":"ປີກາຍນີ້","other":[{"t":"idOrVar","v":"value"}," ປີຕໍ່ໄປ"],"two":[{"t":"idOrVar","v":"value"}," ປີຕໍ່ໄປ"],"zero":"ປີນີ້"},"$x":[{"t":"idOrVar","v":"plural"},"value"]},{"$i":"years-until-long","$v":{"few":["ໃນ ",{"t":"idOrVar","v":"value"}," ຫຼາຍປີ"],"many":["ໃນ ",{"t":"idOrVar","v":"value"}," ຫຼາຍປີ"],"one":"ປີໜ້າ","other":["ໃນ ",{"t":"idOrVar","v":"value"}," ຫຼາຍປີ"],"two":["ໃນ ",{"t":"idOrVar","v":"value"}," ຫຼາຍປີ"],"zero":"ປີນີ້"},"$x":[{"t":"idOrVar","v":"plural"},"value"]},{"$i":"dateTimeFormat_%X","$v":"%I:%M:%S %p"},{"$i":"weekStartsOnMonday","$v":"0"},{"$i":"firstDayOfTheWeek","$v":"0"}]