[{"$i":"clockDateFormat","$v":"%a, %e %b"},{"$i":"deviceIsUnlocked","$v":"Ierīce ir atbloķēta"},{"$i":"simUnlockCodeAccepted","$v":"SIM kartes atbloķēšanas kods ir akceptēts"},{"$i":"simUnlockCodeFailed","$v":"SIM kartes atbloķēšana neizdevās"},{"$i":"eccOnly","$v":"Tikai ārkārtas zvani"},{"$i":"emergencyCallsOnly","$v":"Tikai ārkārtas zvani"},{"$i":"lockedSim","$v":"Bloķēta SIM karte"},{"$i":"noService","$v":"Nav pakalpojuma"},{"$i":"noSimCard","$v":"Nav SIM kartes"},{"$i":"searching","$v":"Meklē…"},{"$i":"airplane-mode","$v":"Lidmašīnas režīms"},{"$i":"bluetooth","$v":"Bluetooth"},{"$i":"brightness","$v":"Spilgtums"},{"$i":"calculator","$v":"Kalkulators"},{"$i":"camera","$v":"Kamera"},{"$i":"cellular-data","$v":"Mobilie dati"},{"$i":"confirm-to-uninstall-app","$v":["Vai atinstalēt programmu ",{"t":"idOrVar","v":"appName"},"?"]},{"$i":"flashlight","$v":"Zibspuldze"},{"$i":"instant-settings","$v":"tūlītējie uzstādījumi"},{"$i":"off","$v":"Izslēgta"},{"$i":"on","$v":"Ieslēgta"},{"$i":"shortcuts","$v":"Īsceļi"},{"$i":"uninstall","$v":"Atinstalēt"},{"$i":"volume","$v":"Skaļums"},{"$i":"wifi","$v":"Wi-Fi"},{"$i":"percentage-number","$v":[{"t":"idOrVar","v":"number"},"%"]},{"$i":"all-apps","$v":"Visas programmas"},{"$i":"scImei","$v":"IMEI"},{"$i":"scMeid","$v":"MEID"},{"$i":"scUssd","$v":"USSD"},{"$i":"CallFailed","$v":"Zvans neizdevās"},{"$i":"GenericFailure","$v":"Vispārēja kļūme"},{"$i":"add-smart-collections","$v":"Pievienot viedās kolekcijas"},{"$i":"add-to-existing-contact","$v":"Pievienot esošai kontaktpersonai"},{"$i":"alert-for-contacts-without-number","$v":"Nav pieejams neviens kontakts ar tālruņa numuru."},{"$i":"app-title","$v":"Manas programmas"},{"$i":"app-uninstall","$v":[{"t":"idOrVar","v":"name"}," tika atinstalēts"]},{"$i":"assign","$v":"Piešķirt"},{"$i":"assign-speed-dial","$v":["Kontakts netika pievienots kā ātrais zvans pogai ",{"t":"idOrVar","v":"n"},". Vai piešķirt tagad?"]},{"$i":"assign-voicemail","$v":"Balss pasta numurs nav iestatīts."},{"$i":"call","$v":"Zvans"},{"$i":"callAirplaneModeMessage","$v":"Lai veiktu zvanu, sadaļā Uzstādījumi nepieciešams deaktivizēt lidmašīnas režīmu."},{"$i":"callAirplaneModeTitle","$v":"Aktivizēts lidmašīnas režīms"},{"$i":"cancel","$v":"Atcelt"},{"$i":"change-wallpaper","$v":"Mainīt fona attēlu"},{"$i":"clocks-updated","$v":"Pulksteņi atjaunināti"},{"$i":"confirmation","$v":"Apstiprinājums"},{"$i":"contacts","$v":"Kontakti"},{"$i":"create-new-contact","$v":"Izv. jaunu kontaktu"},{"$i":"delete","$v":"Dzēst"},{"$i":"delete-body","$v":[{"t":"idOrVar","v":"name"}," un visi tā dati tiks dzēsti."]},{"$i":"delete-title","$v":["Dzēst ",{"t":"idOrVar","v":"name"}]},{"$i":"edit","$v":"Rediģēt"},{"$i":"edit-done","$v":"Gatavs"},{"$i":"edit-group-header","$v":"Rediģēt grupu"},{"$i":"edit-mode","$v":"Rediģēt"},{"$i":"emergency-call-error","$v":[{"t":"idOrVar","v":"number"}," nav ārkārtas numurs."]},{"$i":"emergency-call-only","$v":"Tikai ārkārtas zvans"},{"$i":"emergencyDialogBodyBadNumber","$v":"Lai veiktu zvanu, tālrunim jābūt savienotam ar tīklu."},{"$i":"emergencyDialogBodyDeviceNotAccepted","$v":"Tīklā ārkārtas zvani nav atļauti."},{"$i":"emergencyDialogTitle","$v":"Nav tīkla savienojuma"},{"$i":"fax-home","$v":"Fakss mājās"},{"$i":"fax-office","$v":"Faksa birojā"},{"$i":"fax-other","$v":"Fakss cits"},{"$i":"fdnIsActiveMessage","$v":["FDN (Fixed Dialling Numbers — fiksēto zvanu numuri) ir aktivizēti, bet šis numurs nav iekļauts jūsu FDN sarakstā: ",{"t":"idOrVar","v":"number"}]},{"$i":"fdnIsActiveTitle","$v":"FDN aktīvs"},{"$i":"gaia-shortcut-app-updated","$v":"Programma atjaunināta"},{"$i":"grid-view","$v":"Režģa skatījums"},{"$i":"home","$v":"Mājas"},{"$i":"homescreen-settings","$v":"Sākuma ekrāna uzstādījumi"},{"$i":"invalidNumberToDialMessage","$v":"Jūsu izsauktais tālruņa numurs nav derīgs."},{"$i":"invalidNumberToDialTitle","$v":"Nederīgs tālruņa numurs"},{"$i":"list-view","$v":"Saraksta skats"},{"$i":"longDateFormat","$v":"%A, %B %e"},{"$i":"menu","$v":"Izvēlne"},{"$i":"message","$v":"Ziņa"},{"$i":"mobile","$v":"Mobilais tālrunis"},{"$i":"more","$v":"Vairāk"},{"$i":"move","$v":"Pārvietošana"},{"$i":"notifications","$v":"Paziņojumi"},{"$i":"numberIsBusyMessage","$v":"Pašlaik šis numurs ir aizņemts. Vēlāk mēģiniet vēlreiz."},{"$i":"numberIsBusyTitle","$v":"Numurs ir aizņemts"},{"$i":"ok","$v":"Labi"},{"$i":"option-remove","$v":"Noņemt no ātro zvana"},{"$i":"option-replace","$v":"Aizstāt"},{"$i":"options","$v":"Iespējas"},{"$i":"otherConnectionInUseMessage","$v":"Jums ir aktīvs zvans citā savienojumā. Vienlaikus varat izmantot tikai vienu savienojumu."},{"$i":"otherConnectionInUseTitle","$v":"Izmanto citu savienojumu"},{"$i":"personal","$v":"Personiski"},{"$i":"remove","$v":"Noņemt"},{"$i":"remove-speed-dial","$v":["Vai tiešām vēlaties noņemt ",{"t":"idOrVar","v":"name"}," no ātrā zvana?"]},{"$i":"replace","$v":"Aizstāt"},{"$i":"replace-speed-dial","$v":["Vai tiešām vēlaties aizstāt ",{"t":"idOrVar","v":"name"}," ar ",{"t":"idOrVar","v":"subName"},"?"]},{"$i":"resume-download-action","$v":"Lejupielāde"},{"$i":"resume-download-body","$v":["Vai vēlaties lejupielādēt ",{"t":"idOrVar","v":"name"},"?"]},{"$i":"resume-download-title","$v":"Restartēt lejupielādi"},{"$i":"scCallBarring","$v":"Zvanu liegums"},{"$i":"scCallForwarding","$v":"Zvanu pāradresācija"},{"$i":"scCallWaiting","$v":"Zvanu gaidīšana"},{"$i":"scClip","$v":"Ienākošā zvanītāja ID"},{"$i":"scClir","$v":"Izejošais zvanītāja ID"},{"$i":"scPin","$v":"PIN koda maiņa"},{"$i":"scPin2","$v":"PIN2 koda maiņa"},{"$i":"scPuk","$v":"Atbloķēt PIN"},{"$i":"scPuk2","$v":"Atbloķēt PIN2"},{"$i":"scPwd","$v":"Paroles maiņa"},{"$i":"search-or-enter-address","placeholder":"Meklēt vai ievadīt adresi"},{"$i":"select","$v":"Izvēlēties"},{"$i":"sending","$v":"Sūta…"},{"$i":"set","$v":"Kopa"},{"$i":"settings","$v":"Uzstādījumi"},{"$i":"single-view","$v":"Vienotais skats"},{"$i":"skip","$v":"Izlaist"},{"$i":"speed-dial","$v":"Ātrais zvans"},{"$i":"speed-dial-empty","ariaLabel":[{"t":"idOrVar","v":"order"},", tukšs"]},{"$i":"speed-dial-not-empty","ariaLabel":[{"t":"idOrVar","v":"order"},", ",{"t":"idOrVar","v":"name"}]},{"$i":"stop-download-action","$v":"Pārtraukt"},{"$i":"stop-download-body","$v":"Vai vēlaties pārtraukt lejupielādi?"},{"$i":"stop-download-title","$v":["Pārtraukt ",{"t":"idOrVar","v":"name"}]},{"$i":"tcl-wallpaper-changed","$v":"Fona attēls mainīts"},{"$i":"video-call","$v":"Videozvans"},{"$i":"voicemail","$v":"Balss pasts"},{"$i":"work","$v":"Darbs"},{"$i":"apps","$v":"Programmas"},{"$i":"nocard-eccOnly","$v":"No SIM card-Emergency calls only"},{"$i":"unusablecard-eccOnly","$v":"Unusable SIM card-Emergency calls only"},{"$i":"apn-sim1","$v":"APN uzstādījumi — SIM1"},{"$i":"apn-sim2","$v":"APN uzstādījumi — SIM2"},{"$i":"apnConfigPrepay","$v":"Priekšapmaksu"},{"$i":"apnConfigPostpay","$v":"Pēcapmaksa"},{"$i":"apn-defaultconfig-message","$v":"Atlasiet, kādu APN tipu rādīt"},{"$i":"apnDefaultConfig","$v":"APN Default Config"},{"$i":"without-sim-new","$v":[{"t":"idOrVar","v":"index"}]},{"$i":"with-sim-new","$v":[{"t":"idOrVar","v":"index"}," - ",{"t":"idOrVar","v":"carrier"}]},{"$i":"sim-with-index-and-carrier","$v":["SIM ",{"t":"idOrVar","v":"index"}," - ",{"t":"idOrVar","v":"carrier"}]},{"$i":"sim-without-carrier","$v":["SIM ",{"t":"idOrVar","v":"index"}]},{"$i":"call-forwarding-voice-after-seconds","$v":["Balss režīms: ",{"t":"idOrVar","v":"voice"}," pēc ",{"t":"idOrVar","v":"timeSeconds"}," sekundēm"]},{"$i":"addNewNumber","$v":"Pievienot jaunu numuru"},{"$i":"addToExistingContact","$v":"Pievienot esošai kontaktpersonai"},{"$i":"all","$v":"Visi","ariaLabel":"Visi"},{"$i":"bluetooth-handsfree-device","$v":"Bluetooth brīvroku ierīce"},{"$i":"bluetoothOption","ariaLabel":"Bluetooth"},{"$i":"callDurationHours","$v":[{"t":"idOrVar","v":"h"},":",{"t":"idOrVar","v":"m"},":",{"t":"idOrVar","v":"s"}]},{"$i":"callDurationMinutes","$v":[{"t":"idOrVar","v":"m"},":",{"t":"idOrVar","v":"s"}]},{"$i":"callDurationTextFormatHours","$v":[{"t":"idOrVar","v":"h"}," h ",{"t":"idOrVar","v":"m"}," m ",{"t":"idOrVar","v":"s"}," s"]},{"$i":"callDurationTextFormatMinutes","$v":[{"t":"idOrVar","v":"m"}," m ",{"t":"idOrVar","v":"s"}," s"]},{"$i":"callDurationTextFormatSeconds","$v":[{"t":"idOrVar","v":"s"}," s"]},{"$i":"callEnded","$v":"Zvans beidzies"},{"$i":"callInformation","$v":"Zvanu informācija"},{"$i":"callLog","$v":"Zvanu žurnāls"},{"$i":"callLogEdit","title":"Rediģēt zvanu žurnālu"},{"$i":"callLogEditDialog","ariaLabel":"Rediģēt zvanu žurnāla dialogu"},{"$i":"caller-left-call","$v":[{"t":"idOrVar","v":"caller"}," ir atstājis zvanu."]},{"$i":"calllog-all","$v":"Visi"},{"$i":"calllog-deselectAll","$v":"Noņemt izvēli visam"},{"$i":"calllog-none","$v":"Neviens"},{"$i":"calllog-selectAll","$v":"Atlasīt visu"},{"$i":"canceled","$v":"Atcelts"},{"$i":"clear-all-text","$v":"Notīrīt visu tekstu"},{"$i":"close","$v":"Aizvērt"},{"$i":"composeEmail","ariaLabel":"E-pasts"},{"$i":"conferenceAddError","$v":"Nevar apvienot zvanus"},{"$i":"conferenceCall","$v":["Konference (",{"t":"idOrVar","v":"n"},")"]},{"$i":"conferenceRemoveError","$v":"Nevar atvienot zvanus"},{"$i":"confirm-deletion","$v":"Vai notīrīt atlasītos zvanus?"},{"$i":"connecting","$v":"Savieno"},{"$i":"connectingEllipsis","$v":"Savieno…"},{"$i":"contactDetails","$v":"Kontakta dati"},{"$i":"createNewContact","$v":"Izveidot jaunu kontaktu"},{"$i":"delete-n-log?","$v":{"few":["Vai dzēst ",{"t":"idOrVar","v":"n"}," žurnālus?"],"many":["Vai dzēst ",{"t":"idOrVar","v":"n"}," žurnālus?"],"one":"Vai izdzēst izvēlēto žurnālu?","other":["Vai dzēst ",{"t":"idOrVar","v":"n"}," žurnālus?"],"two":["Vai dzēst ",{"t":"idOrVar","v":"n"}," žurnālus?"],"zero":"Nekas nav atlasīts"},"$x":[{"t":"idOrVar","v":"plural"},"n"]},{"$i":"deselect","$v":"Noņemt izvēli"},{"$i":"dialed","$v":"Numurs sastādīts"},{"$i":"dialer-prompt","$v":"Izsauciet numuru vai izvēlieties kontaktu, ko pievienot zvanam"},{"$i":"dialerAddContact","ariaLabel":"Pievienot kontaktu"},{"$i":"dialerAddContactDialog","ariaLabel":"Pievienot kontakta dialogu"},{"$i":"edit-selected","$v":{"few":["atlasīts(",{"t":"idOrVar","v":"n"},")"],"many":["atlasīts(",{"t":"idOrVar","v":"n"},")"],"one":["atlasīts(",{"t":"idOrVar","v":"n"},")"],"other":["atlasīts(",{"t":"idOrVar","v":"n"},")"],"two":["atlasīts(",{"t":"idOrVar","v":"n"},")"]},"$x":[{"t":"idOrVar","v":"plural"},"n"]},{"$i":"emailDetail","ariaLabel":"E-pasts"},{"$i":"from-contact","$v":["No kontakta ",{"t":"idOrVar","v":"contact"}]},{"$i":"from-number","$v":["No ",{"t":"idOrVar","v":"number"}]},{"$i":"from-withheld-number","$v":"No nezināma numura"},{"$i":"hangup-a11y-button","ariaLabel":"Pārtraukt"},{"$i":"hide","$v":"Paslēpt"},{"$i":"hideKeypad","ariaLabel":"Paslēpt tastatūru"},{"$i":"hold","ariaLabel":"Aizturēt"},{"$i":"hours","$v":"stundas"},{"$i":"ignore","$v":"Ignorēt zvanu"},{"$i":"incoming","$v":"Ienākošais"},{"$i":"incoming-call","$v":"Ienākošais zvans"},{"$i":"info-missed","$v":"Neatbildētie"},{"$i":"keypad","ariaLabel":"Tastatūra"},{"$i":"log-item","$v":"Iespējas"},{"$i":"makeCall","ariaLabel":"Zvanu veikšana"},{"$i":"merge","ariaLabel":"Apvienošana"},{"$i":"minutes","$v":"minūtes"},{"$i":"missed","$v":"Neatbildētie","ariaLabel":"Neatbildētie"},{"$i":"missedCall","$v":"Neatbildēts zvans"},{"$i":"missedCallMultiSims","$v":["(SIM ",{"t":"idOrVar","v":"n"},") neatbildēts zvans"]},{"$i":"mmi-error","$v":"Sūtot ziņu, radās kļūda"},{"$i":"mmi-notification-title-with-sim","$v":["(",{"t":"idOrVar","v":"sim"},") ",{"t":"idOrVar","v":"title"}]},{"$i":"mmi-session-expired","$v":"Sesijas laiks beidzies"},{"$i":"mmi-successfully-sent","$v":"Ziņa ir veiksmīgi nosūtīta"},{"$i":"mute","ariaLabel":"Izslēgt skaņu"},{"$i":"newCall","ariaLabel":"Jauns zvans"},{"$i":"no-logs-msg-1","$v":"Nav ierakstīts neviens zvans"},{"$i":"no-logs-msg-2","$v":"Sāciet sazināties tagad"},{"$i":"no-logs-msg-3","$v":"Nav ierakstīts neviens zvans"},{"$i":"no-logs-msg-4","$v":"Sāciet sazināties tagad"},{"$i":"no-recent-numbers","$v":"Sarunu žurnālos nav jaunāko numuru, lai sastādītu numuru."},{"$i":"onHoldOption","ariaLabel":"Aizturēts"},{"$i":"outgoing","$v":"Izejošais"},{"$i":"outgoing-call","$v":"Izejošais zvans"},{"$i":"phoneDetail","ariaLabel":"Tālrunis"},{"$i":"pickup-a11y-button","ariaLabel":"Savākt"},{"$i":"received","$v":"Saņemts"},{"$i":"receiver","$v":"Uztvērējs"},{"$i":"recents","ariaLabel":"Nesenie zvani"},{"$i":"reply","$v":"Atbildēt"},{"$i":"resume","$v":"Atsākt","ariaLabel":"Atsākt"},{"$i":"search-results","$v":"Meklēšanas rezultāti"},{"$i":"seconds","$v":"sekundes"},{"$i":"select-audio-sources","$v":"Atlasiet audio avotus"},{"$i":"send","$v":"Sūtīt"},{"$i":"send-sms-button","ariaLabel":"Īsziņa"},{"$i":"sendSms","$v":"Sūtīt ziņu"},{"$i":"separator","$v":","},{"$i":"sim-number","$v":["SIM",{"t":"idOrVar","v":"n"}]},{"$i":"speaker","$v":"Skaļrunis"},{"$i":"speakerOption","ariaLabel":"Skaļrunis"},{"$i":"suggestionMatches","$v":{"few":[{"t":"idOrVar","v":"n"}," atbilst “",{"t":"idOrVar","v":"matchNumber"},"”"],"many":[{"t":"idOrVar","v":"n"}," atbilst “",{"t":"idOrVar","v":"matchNumber"},"”"],"one":[{"t":"idOrVar","v":"n"}," atbilst “",{"t":"idOrVar","v":"matchNumber"},"”"],"other":[{"t":"idOrVar","v":"n"}," atbilst “",{"t":"idOrVar","v":"matchNumber"},"”"],"two":[{"t":"idOrVar","v":"n"}," atbilst “",{"t":"idOrVar","v":"matchNumber"},"”"]},"$x":[{"t":"idOrVar","v":"plural"},"n"]},{"$i":"switch-calls","$v":"Pārslēgt zvanus"},{"$i":"tcl-assign","$v":"Piešķirt"},{"$i":"tcl-assign-speed-dial","$v":{"$o":["Kontakts netika pievienots kā ātrais zvans pogai “",{"t":"idOrVar","v":"speedDial"},"”<br></br>Vai piešķirt tagad?"]}},{"$i":"tcl-call-log-delete-group-notification","$v":[{"t":"idOrVar","v":"n"}," ieraksti tika dzēsti"]},{"$i":"tcl-calllog-entry-removed-err-notification","$v":"Nevar noņemt zvanu žurnāla ierakstu"},{"$i":"tcl-calllog-entry-removed-succ-notification","$v":"Zvanu žurnāla ieraksts noņemts"},{"$i":"tcl-cancel","$v":"Atcelt"},{"$i":"tcl-confirmation","$v":"Apstiprinājums"},{"$i":"tcl-delete-log","$v":"Vai tiešām vēlaties dzēst atlasītos ierakstus no zvanu žurnāla?"},{"$i":"tcl-dialer","$v":"Izsaucējs"},{"$i":"tcl-edit-not-selected","$v":"atlasīti(0)"},{"$i":"tcl-option-menu-call-log-edit","$v":"Rediģēt zvanu žurnālu"},{"$i":"today","$v":"Šodien"},{"$i":"toggleKeypad","ariaLabel":"pārslēgt tastatūru"},{"$i":"type-your-response","placeholder":"Ierakstiet atbildi..."},{"$i":"unknown","$v":"Nezināms"},{"$i":"unlock-a11y-button","ariaLabel":"Slīdnis"},{"$i":"ussd-services","$v":[{"t":"idOrVar","v":"operator"}," pakalpojumi"]},{"$i":"via-sim","$v":["izmantojot SIM",{"t":"idOrVar","v":"n"}]},{"$i":"view-all","$v":"Skatīt visu"},{"$i":"wifi-calling","$v":"Wi-Fi zvans"},{"$i":"withheld-number","$v":"Nezināms"},{"$i":"yesterday","$v":"Vakar"},{"$i":"SimPin2","$v":"SIM kartes PIN2"},{"$i":"SimPuk2","$v":"SIM kartes PUK2"},{"$i":"serviceClassFax","$v":"FAKSS"},{"$i":"serviceClassPad","$v":"PAD"},{"$i":"serviceClassSms","$v":"Īsziņa"},{"$i":"DialModifiedToDial","$v":"Dial modified to dial"},{"$i":"DialModifiedToSs","$v":"Dial modified to SS"},{"$i":"DialModifiedToUssd","$v":"Dial modified to USSD"},{"$i":"FdnCheckFailure","$v":"Fdn pārbaudes kļūda"},{"$i":"IllegalSimOrMe","$v":"Nelegāla SIM karte vai ME"},{"$i":"InvalidParameter","$v":"Nederīgs parametrs"},{"$i":"ModeNotSupported","$v":"Režīms netiek atbalstīts"},{"$i":"OpNotAllowedDuringVoiceCall","$v":"Nav atļauts balss zvana laikā"},{"$i":"PasswordIncorrect","$v":"Nepareiza parole"},{"$i":"RadioNotAvailable","$v":"Radio not available"},{"$i":"RejectedByRemote","$v":"Noraidīts ar tālvad."},{"$i":"RequestNotSupported","$v":"Pieprasījums nav atbalstīts"},{"$i":"ServiceIsDisabled","$v":"Pakalpojums ir deaktivizēts"},{"$i":"ServiceIsEnabled","$v":"Pakalpojums ir aktivizēts"},{"$i":"ServiceIsEnabledFor","$v":"Pakalpojums ir aktivizēts:"},{"$i":"SimAbsent","$v":"Nav SIM kartes"},{"$i":"SmsSendFailRetry","$v":"Neizdevās atkārt. nosūtīt SMS"},{"$i":"SsModifiedToDial","$v":"SS modificēts, lai zvanītu"},{"$i":"SsModifiedToSs","$v":"SS modificēts par SS"},{"$i":"SsModifiedToUssd","$v":"SS modificēts par USSD"},{"$i":"SubscriptionNotAvailable","$v":"Abonements nav pieejams"},{"$i":"SubscriptionNotSupported","$v":"Abonements netiek atbalstīts"},{"$i":"UssdModifiedToDial","$v":"USSD modif. zvaniem"},{"$i":"UssdModifiedToSs","$v":"USSD modificēts par SS"},{"$i":"UssdModifiedToUssd","$v":"USSD modificēts par USSD"},{"$i":"call-forwarding-async","$v":["Asinhrons: ",{"t":"idOrVar","v":"async"}]},{"$i":"call-forwarding-data","$v":["Dati: ",{"t":"idOrVar","v":"data"}]},{"$i":"call-forwarding-error","$v":"Ielādējot zvanu pāradresācijas statusu, radās kļūda"},{"$i":"call-forwarding-fax","$v":["FAKSS: ",{"t":"idOrVar","v":"fax"}]},{"$i":"call-forwarding-inactive","$v":"Neaktīvs"},{"$i":"call-forwarding-packet","$v":["Pakete: ",{"t":"idOrVar","v":"packet"}]},{"$i":"call-forwarding-pad","$v":["PAD: ",{"t":"idOrVar","v":"pad"}]},{"$i":"call-forwarding-sms","$v":["Īsziņa: ",{"t":"idOrVar","v":"sms"}]},{"$i":"call-forwarding-status","$v":"Zvanu pāradresācijas statuss"},{"$i":"call-forwarding-sync","$v":["Sinhrons: ",{"t":"idOrVar","v":"sync"}]},{"$i":"call-forwarding-voice","$v":["Balss: ",{"t":"idOrVar","v":"voice"}]},{"$i":"emMmiError","$v":"Savienojuma problēma vai nederīgs MMI kods"},{"$i":"emMmiErrorBadPin","$v":"Ievadītais vecais PIN kods nav pareizs."},{"$i":"emMmiErrorBadPuk","$v":"Jūsu ievadītais PUK kods ir nepareizs"},{"$i":"emMmiErrorEnablePin","$v":"Neveiksmīgi. Aktivizēt SIM/RUIM BLOĶĒŠANU"},{"$i":"emMmiErrorInvalidAction","$v":"Nederīga darbība"},{"$i":"emMmiErrorInvalidPin","$v":"Ievadiet PIN kodu, kas sastāv no 4 līdz 8 cipariem"},{"$i":"emMmiErrorInvalidScCode","$v":"Nederīgs pakalpojuma kods"},{"$i":"emMmiErrorMismatchPin","$v":"Ievadītie PIN kodi nesakrīt."},{"$i":"emMmiErrorMmiFdn","$v":"Darbība ir ierob. tikai fiksēto numuru sast."},{"$i":"emMmiErrorNeedPuk2","$v":"Lai atbloķētu SIM karti, ievadiet PUK2 kodu"},{"$i":"emMmiErrorNeedsPuk","$v":"Jūsu SIM karte ir bloķēta, un ir jāievada PUK kods"},{"$i":"emMmiErrorNotSupported","$v":"Nederīgs vai neatbalstīts MMI kods"},{"$i":"emMmiErrorPasswordIncorrect","$v":"Nepareiza parole"},{"$i":"emMmiErrorPinPukAttempts","$v":{"few":["Atlikuši ",{"t":"idOrVar","v":"n"}," mēģinājumi"],"many":["Atlikuši ",{"t":"idOrVar","v":"n"}," mēģinājumi"],"one":["Vēl ",{"t":"idOrVar","v":"n"},"  mēģinājumi"],"other":["Atlikuši ",{"t":"idOrVar","v":"n"}," mēģinājumi"],"two":["Atlikuši ",{"t":"idOrVar","v":"n"}," mēģinājumi"]},"$x":[{"t":"idOrVar","v":"plural"},"n"]},{"$i":"emMmiErrorSimBlocked","$v":"Pārsniegts maksimālais mēģinājumu skaits. SIM karte bloķēta"},{"$i":"emMmiErrorStkCcSsDial","$v":"SS pieprasījums ir modificēts par DIAL pieprasījumu"},{"$i":"emMmiErrorStkCcSsSs","$v":"SS pieprasījums ir modificēts par jaunu SS pieprasījumu"},{"$i":"emMmiErrorStkCcSsUssd","$v":"SS piepras. modificēts par USSD piepras."},{"$i":"emMmiErrorStkCcUssdDial","$v":"USSD pieprasījums ir modificēts par DIAL pieprasījumu"},{"$i":"emMmiErrorStkCcUssdSs","$v":"USSD pieprasījums ir modificēts par SS pieprasījumu"},{"$i":"emMmiErrorStkCcUssdUssd","$v":"USSD pieprasījums ir modificēts par jaunu USSD pieprasījumu"},{"$i":"fihVersion","$v":"FIH versija"},{"$i":"imeiAndSvn","$v":"IMEI un SVN"},{"$i":"internalVersion","$v":"Iekšējā versija"},{"$i":"serviceClassData","$v":"Dati"},{"$i":"serviceClassDataAsync","$v":"Asinhrons"},{"$i":"serviceClassDataSync","$v":"Sinhronizēt"},{"$i":"serviceClassPacket","$v":"Pakete"},{"$i":"serviceClassVoice","$v":"Balss"},{"$i":"smClirDefaultOffNextCallOff","$v":"Zvanītāja ID noklusējums nav ierobežots. Nākamais zvans: nav ierobežots"},{"$i":"smClirDefaultOffNextCallOn","$v":"Zvanītāja ID noklusējums nav ierobežots. Nākamais zvans: ierobežots"},{"$i":"smClirDefaultOnNextCallOff","$v":"Zvanītāja ID noklusējums ir ierobežots. Nākamais zvans: nav ierobežots"},{"$i":"smClirDefaultOnNextCallOn","$v":"Zvanītāja ID noklus.: ierobežots. Nākamais zvans: ierobežots"},{"$i":"smClirPermanent","$v":"Jūs nevarat mainīt zvanītāja ID uzstādījumu"},{"$i":"smPin2Changed","$v":"PIN2 kods veiksmīgi mainīts"},{"$i":"smPin2Unblocked","$v":"PIN2 veiksmīgi atbloķēts"},{"$i":"smPinChanged","$v":"PIN kods veiksmīgi mainīts"},{"$i":"smPinUnblocked","$v":"PIN veiksmīgi atbloķēts"},{"$i":"smServiceDisabled","$v":"Pakalpojums ir deaktivizēts"},{"$i":"smServiceEnabled","$v":"Pakalp. tika aktivizēts"},{"$i":"smServiceEnabledFor","$v":"Pakalp. tika aktivizēts:"},{"$i":"smServiceErased","$v":"Dzēšana bija veiksmīga"},{"$i":"smServiceInterrogated","$v":"Pieprasījums ir veiksmīgs"},{"$i":"smServiceNotProvisioned","$v":"Pakalp. netiek nodrošināts"},{"$i":"smServiceRegistered","$v":"Reģistrācija bija veiksmīga"},{"$i":"another","$v":"Cita"},{"$i":"current","$v":"Pašreizējais"},{"$i":"customTag","$v":"Pielāgots tags","placeholder":"Pielāgots tags"},{"$i":"faxHome","$v":"Fakss mājās"},{"$i":"faxOffice","$v":"Faksa birojā"},{"$i":"faxOther","$v":"Fakss cits"},{"$i":"itemWithLabel","$v":[{"t":"idOrVar","v":"label"},", ",{"t":"idOrVar","v":"item"}]},{"$i":"label","$v":"Etiķete"},{"$i":"other","$v":"Cits"},{"$i":"tcl-customTag","$v":"Pielāgots tags"},{"$i":"dateTimeFormat_%c","$v":"%a %b %e %Y %I:%M:%S %p"},{"$i":"dateTimeFormat_%x","$v":"%m/%d/%Y"},{"$i":"days-ago-long","$v":{"few":["Pirms ",{"t":"idOrVar","v":"value"}," dienām"],"many":["Pirms ",{"t":"idOrVar","v":"value"}," dienām"],"one":"vakar","other":["Pirms ",{"t":"idOrVar","v":"value"}," dienām"],"two":["Pirms ",{"t":"idOrVar","v":"value"}," dienām"],"zero":"šodien"},"$x":[{"t":"idOrVar","v":"plural"},"value"]},{"$i":"days-ago-short","$v":{"other":["Pirms ",{"t":"idOrVar","v":"value"}," d."],"zero":"šodien"},"$x":[{"t":"idOrVar","v":"plural"},"value"]},{"$i":"days-until-long","$v":{"few":[{"t":"idOrVar","v":"value"}," dienās"],"many":[{"t":"idOrVar","v":"value"}," dienās"],"one":"rīt","other":[{"t":"idOrVar","v":"value"}," dienās"],"two":[{"t":"idOrVar","v":"value"}," dienās"],"zero":"šodien"},"$x":[{"t":"idOrVar","v":"plural"},"value"]},{"$i":"days-until-short","$v":{"other":[{"t":"idOrVar","v":"value"}," dienās"],"zero":"šodien"},"$x":[{"t":"idOrVar","v":"plural"},"value"]},{"$i":"hours-ago-long","$v":{"few":["Pirms ",{"t":"idOrVar","v":"value"}," stundām"],"many":["Pirms ",{"t":"idOrVar","v":"value"}," stundām"],"one":"pirms stundas","other":["Pirms ",{"t":"idOrVar","v":"value"}," stundām"],"two":["Pirms ",{"t":"idOrVar","v":"value"}," stundām"],"zero":"tikko"},"$x":[{"t":"idOrVar","v":"plural"},"value"]},{"$i":"hours-ago-short","$v":{"other":["Pirms ",{"t":"idOrVar","v":"value"}," stundām"],"zero":"tikko"},"$x":[{"t":"idOrVar","v":"plural"},"value"]},{"$i":"hours-until-long","$v":{"few":[{"t":"idOrVar","v":"value"}," stundās"],"many":[{"t":"idOrVar","v":"value"}," stundās"],"one":"stundā","other":[{"t":"idOrVar","v":"value"}," stundās"],"two":[{"t":"idOrVar","v":"value"}," stundās"],"zero":"tūlīt"},"$x":[{"t":"idOrVar","v":"plural"},"value"]},{"$i":"hours-until-short","$v":{"other":[{"t":"idOrVar","v":"value"}," st."],"zero":"tūlīt"},"$x":[{"t":"idOrVar","v":"plural"},"value"]},{"$i":"incorrectDate","$v":"(nepareizs datums)"},{"$i":"minutes-ago-long","$v":{"few":["Pirms ",{"t":"idOrVar","v":"value"}," minūtēm"],"many":["Pirms ",{"t":"idOrVar","v":"value"}," minūtēm"],"one":"pirms minūtes","other":["Pirms ",{"t":"idOrVar","v":"value"}," minūtēm"],"two":["Pirms ",{"t":"idOrVar","v":"value"}," minūtēm"],"zero":"tikko"},"$x":[{"t":"idOrVar","v":"plural"},"value"]},{"$i":"minutes-ago-short","$v":{"other":["Pirms ",{"t":"idOrVar","v":"value"}," min."],"zero":"tikko"},"$x":[{"t":"idOrVar","v":"plural"},"value"]},{"$i":"minutes-until-long","$v":{"few":[{"t":"idOrVar","v":"value"}," minūtēs"],"many":[{"t":"idOrVar","v":"value"}," minūtēs"],"one":"minūtē","other":[{"t":"idOrVar","v":"value"}," minūtēs"],"two":[{"t":"idOrVar","v":"value"}," minūtēs"],"zero":"tūlīt"},"$x":[{"t":"idOrVar","v":"plural"},"value"]},{"$i":"minutes-until-short","$v":{"other":[{"t":"idOrVar","v":"value"}," min."],"zero":"tūlīt"},"$x":[{"t":"idOrVar","v":"plural"},"value"]},{"$i":"month-0-genitive","$v":"Janvāris"},{"$i":"month-0-long","$v":"Janvāris"},{"$i":"month-0-short","$v":"Jan."},{"$i":"month-1-genitive","$v":"Februāris"},{"$i":"month-1-long","$v":"Februāris"},{"$i":"month-1-short","$v":"Febr."},{"$i":"month-10-genitive","$v":"Novembris"},{"$i":"month-10-long","$v":"Novembris"},{"$i":"month-10-short","$v":"Nov."},{"$i":"month-11-genitive","$v":"Decembris"},{"$i":"month-11-long","$v":"Decembris"},{"$i":"month-11-short","$v":"Dec."},{"$i":"month-2-genitive","$v":"Marts"},{"$i":"month-2-long","$v":"Marts"},{"$i":"month-2-short","$v":"Marts"},{"$i":"month-3-genitive","$v":"Aprīlis"},{"$i":"month-3-long","$v":"Aprīlis"},{"$i":"month-3-short","$v":"Apr."},{"$i":"month-4-genitive","$v":"Maijs"},{"$i":"month-4-long","$v":"Maijs"},{"$i":"month-4-short","$v":"Maijs"},{"$i":"month-5-genitive","$v":"Jūnijs"},{"$i":"month-5-long","$v":"Jūnijs"},{"$i":"month-5-short","$v":"Jūn."},{"$i":"month-6-genitive","$v":"Jūlijs"},{"$i":"month-6-long","$v":"Jūlijs"},{"$i":"month-6-short","$v":"Jūl."},{"$i":"month-7-genitive","$v":"Augusts"},{"$i":"month-7-long","$v":"Augusts"},{"$i":"month-7-short","$v":"Aug."},{"$i":"month-8-genitive","$v":"Septembris"},{"$i":"month-8-long","$v":"Septembris"},{"$i":"month-8-short","$v":"Sept."},{"$i":"month-9-genitive","$v":"Oktobris"},{"$i":"month-9-long","$v":"Oktobris"},{"$i":"month-9-short","$v":"Okt."},{"$i":"months-ago-long","$v":{"few":["Pirms ",{"t":"idOrVar","v":"value"}," mēnešiem"],"many":["Pirms ",{"t":"idOrVar","v":"value"}," mēnešiem"],"one":"pagājušajā mēnesī","other":["Pirms ",{"t":"idOrVar","v":"value"}," mēnešiem"],"two":["Pirms ",{"t":"idOrVar","v":"value"}," mēnešiem"],"zero":"šomēnes"},"$x":[{"t":"idOrVar","v":"plural"},"value"]},{"$i":"months-until-long","$v":{"few":[{"t":"idOrVar","v":"value"}," mēnešos"],"many":[{"t":"idOrVar","v":"value"}," mēnešos"],"one":"nākamais mēnesis","other":[{"t":"idOrVar","v":"value"}," mēnešos"],"two":[{"t":"idOrVar","v":"value"}," mēnešos"],"zero":"šomēnes"},"$x":[{"t":"idOrVar","v":"plural"},"value"]},{"$i":"shortDateTimeFormat","$v":"%x %I:%M %p"},{"$i":"shortTimeFormat","$v":"%I:%M %p"},{"$i":"shortTimeFormat12","$v":"%I:%M %p"},{"$i":"shortTimeFormat24","$v":"%H:%M"},{"$i":"time_am","$v":"no rīta"},{"$i":"time_pm","$v":"Pēc plkst."},{"$i":"weekday-0-long","$v":"Svētdiena"},{"$i":"weekday-0-short","$v":"Sv"},{"$i":"weekday-1-long","$v":"Pirmdiena"},{"$i":"weekday-1-short","$v":"P"},{"$i":"weekday-2-long","$v":"Otrdiena"},{"$i":"weekday-2-short","$v":"O"},{"$i":"weekday-3-long","$v":"Trešdiens"},{"$i":"weekday-3-short","$v":"T"},{"$i":"weekday-4-long","$v":"Piektdiena"},{"$i":"weekday-4-short","$v":"C"},{"$i":"weekday-5-long","$v":"Piektdiena"},{"$i":"weekday-5-short","$v":"Pk"},{"$i":"weekday-6-long","$v":"Sestdiena"},{"$i":"weekday-6-short","$v":"S"},{"$i":"weeks-ago-long","$v":{"few":["Pirms ",{"t":"idOrVar","v":"value"}," nedēļām"],"many":["Pirms ",{"t":"idOrVar","v":"value"}," nedēļām"],"one":"pagājušajā nedēļā","other":["Pirms ",{"t":"idOrVar","v":"value"}," nedēļām"],"two":["Pirms ",{"t":"idOrVar","v":"value"}," nedēļām"],"zero":"šonedēļ"},"$x":[{"t":"idOrVar","v":"plural"},"value"]},{"$i":"weeks-until-long","$v":{"few":[{"t":"idOrVar","v":"value"}," nedēļās"],"many":[{"t":"idOrVar","v":"value"}," nedēļās"],"one":"nākamā nedēļa","other":[{"t":"idOrVar","v":"value"}," nedēļās"],"two":[{"t":"idOrVar","v":"value"}," nedēļās"],"zero":"šonedēļ"},"$x":[{"t":"idOrVar","v":"plural"},"value"]},{"$i":"years-ago-long","$v":{"few":["Pirms ",{"t":"idOrVar","v":"value"}," gadiem"],"many":["Pirms ",{"t":"idOrVar","v":"value"}," gadiem"],"one":"pagājušajā gadā","other":["Pirms ",{"t":"idOrVar","v":"value"}," gadiem"],"two":["Pirms ",{"t":"idOrVar","v":"value"}," gadiem"],"zero":"šogad"},"$x":[{"t":"idOrVar","v":"plural"},"value"]},{"$i":"years-until-long","$v":{"few":[{"t":"idOrVar","v":"value"}," gados"],"many":[{"t":"idOrVar","v":"value"}," gados"],"one":"nākamais gads","other":[{"t":"idOrVar","v":"value"}," gados"],"two":[{"t":"idOrVar","v":"value"}," gados"],"zero":"šogad"},"$x":[{"t":"idOrVar","v":"plural"},"value"]},{"$i":"dateTimeFormat_%X","$v":"%I:%M:%S %p"},{"$i":"weekStartsOnMonday","$v":"0"},{"$i":"firstDayOfTheWeek","$v":"1"}]