[{"$i":"clockDateFormat","$v":"%a, %e %b"},{"$i":"deviceIsUnlocked","$v":"Уредот е отклучен"},{"$i":"simUnlockCodeAccepted","$v":"Кодот за отклучување на SIM карт. е прифатен"},{"$i":"simUnlockCodeFailed","$v":"Отклучувањето на SIM карт. е неуспешно"},{"$i":"eccOnly","$v":"Само итни повици"},{"$i":"emergencyCallsOnly","$v":"Само итни повици"},{"$i":"lockedSim","$v":"Заклучена SIM карт."},{"$i":"noService","$v":"Нема услуга"},{"$i":"noSimCard","$v":"Нема СИМ картичка"},{"$i":"searching","$v":"Пребарување..."},{"$i":"airplane-mode","$v":"Авионски режим"},{"$i":"bluetooth","$v":"Bluetooth"},{"$i":"brightness","$v":"Осветленост"},{"$i":"calculator","$v":"Калкулатор"},{"$i":"camera","$v":"Камера"},{"$i":"cellular-data","$v":"Мобилни податоци"},{"$i":"confirm-to-uninstall-app","$v":["Деинсталирање на апликацијата ",{"t":"idOrVar","v":"appName"},"?"]},{"$i":"flashlight","$v":"Блиц"},{"$i":"instant-settings","$v":"инстантни поставувања"},{"$i":"off","$v":"Исклучено"},{"$i":"on","$v":"Вклучено"},{"$i":"shortcuts","$v":"Кратенки"},{"$i":"uninstall","$v":"Деинсталирај"},{"$i":"volume","$v":"Јачина"},{"$i":"wifi","$v":"Wi-Fi"},{"$i":"percentage-number","$v":[{"t":"idOrVar","v":"number"},"%"]},{"$i":"all-apps","$v":"Сите апликации"},{"$i":"scImei","$v":"IMEI"},{"$i":"scMeid","$v":"MEID"},{"$i":"scUssd","$v":"USSD"},{"$i":"CallFailed","$v":"Повикот не успеа"},{"$i":"GenericFailure","$v":"Генерички неуспех"},{"$i":"add-smart-collections","$v":"Додајте Умни колекции"},{"$i":"add-to-existing-contact","$v":"Додајте кон постоечки контакт"},{"$i":"alert-for-contacts-without-number","$v":"Нема контакти со важечки телефонски број."},{"$i":"app-title","$v":"Моите апликации"},{"$i":"app-uninstall","$v":[{"t":"idOrVar","v":"name"}," беше деинсталиран"]},{"$i":"assign","$v":"Додели"},{"$i":"assign-speed-dial","$v":["Контактот не беше додаден како копче за брзо избирање ",{"t":"idOrVar","v":"n"},". Да се додели сега?"]},{"$i":"assign-voicemail","$v":"Бројот на глас.пошта не беше испратен."},{"$i":"call","$v":"Повик"},{"$i":"callAirplaneModeMessage","$v":"За да остварите повик, треба да го оневозможите авионскиот режим во поставувања."},{"$i":"callAirplaneModeTitle","$v":"Авионскиот режим е активиран"},{"$i":"cancel","$v":"Откажи"},{"$i":"change-wallpaper","$v":"Промена на тапет"},{"$i":"clocks-updated","$v":"Часов. се ажурирани"},{"$i":"confirmation","$v":"Потврдување"},{"$i":"contacts","$v":"Контакти"},{"$i":"create-new-contact","$v":"Созд.нов конт."},{"$i":"delete","$v":"Избриши"},{"$i":"delete-body","$v":[{"t":"idOrVar","v":"name"}," и сите негови податоци ќе бидат избришани."]},{"$i":"delete-title","$v":["Избриши ",{"t":"idOrVar","v":"name"}]},{"$i":"edit","$v":"Уреди"},{"$i":"edit-done","$v":"Готово"},{"$i":"edit-group-header","$v":"Уредување на група"},{"$i":"edit-mode","$v":"Уредување"},{"$i":"emergency-call-error","$v":[{"t":"idOrVar","v":"number"}," не е број за итни случаи."]},{"$i":"emergency-call-only","$v":"Само итни повици"},{"$i":"emergencyDialogBodyBadNumber","$v":"За да остварите повик, телефонот треба да биде поврзан кон мрежа."},{"$i":"emergencyDialogBodyDeviceNotAccepted","$v":"Мрежата не дозволува итни повици."},{"$i":"emergencyDialogTitle","$v":"Нема врска со мрежата"},{"$i":"fax-home","$v":"Факс дома"},{"$i":"fax-office","$v":"Факс канц."},{"$i":"fax-other","$v":"Факс друго"},{"$i":"fdnIsActiveMessage","$v":["ФБП (Фиксирани Броеви за Повикување) е активиран и следниот број не е во списокот на ФБП: ",{"t":"idOrVar","v":"number"}]},{"$i":"fdnIsActiveTitle","$v":"ФБП е активен"},{"$i":"gaia-shortcut-app-updated","$v":"Апликацијата е ажурирана"},{"$i":"grid-view","$v":"Мрежен приказ"},{"$i":"home","$v":"Домашен"},{"$i":"homescreen-settings","$v":"Поставки за поч. екран"},{"$i":"invalidNumberToDialMessage","$v":"Тел. број што го повикувате е невалиден."},{"$i":"invalidNumberToDialTitle","$v":"Невалиден тел.број"},{"$i":"list-view","$v":"Приказ на список"},{"$i":"longDateFormat","$v":"%A, %B %e"},{"$i":"menu","$v":"Мени"},{"$i":"message","$v":"Порака"},{"$i":"mobile","$v":"Мобилен"},{"$i":"more","$v":"Повеќе"},{"$i":"move","$v":"Премести"},{"$i":"notifications","$v":"Известувања"},{"$i":"numberIsBusyMessage","$v":"Бројот е зафатен во моментот. Обидете се повторно подоцна."},{"$i":"numberIsBusyTitle","$v":"Бројот е зафатен"},{"$i":"ok","$v":"ОК"},{"$i":"option-remove","$v":"Отст.  од Брзо бирање"},{"$i":"option-replace","$v":"Замени"},{"$i":"options","$v":"Опции"},{"$i":"otherConnectionInUseMessage","$v":"Имате активен повик на друга врска. Одеднаш можете да користите само една врска."},{"$i":"otherConnectionInUseTitle","$v":"Во упот. е др.поврз."},{"$i":"personal","$v":"Лични"},{"$i":"remove","$v":"Отстрани"},{"$i":"remove-speed-dial","$v":["Сигурни ли сте дека сакате да го отстраните ",{"t":"idOrVar","v":"name"}," од Брзо избирање?"]},{"$i":"replace","$v":"Замени"},{"$i":"replace-speed-dial","$v":["Сигурни ли сте дека сакате да го замените ",{"t":"idOrVar","v":"name"}," со ",{"t":"idOrVar","v":"subName"}," ?"]},{"$i":"resume-download-action","$v":"Преземи"},{"$i":"resume-download-body","$v":["Сакате ли да го преземете ",{"t":"idOrVar","v":"name"},"?"]},{"$i":"resume-download-title","$v":"Рестарт. го презем."},{"$i":"scCallBarring","$v":"Забрана на пов."},{"$i":"scCallForwarding","$v":"Пренасоч. на повик"},{"$i":"scCallWaiting","$v":"Повик на чекање"},{"$i":"scClip","$v":"ID на дојдовен повик."},{"$i":"scClir","$v":"ID на појдовен повик."},{"$i":"scPin","$v":"Промена на PIN"},{"$i":"scPin2","$v":"Промена на PIN2"},{"$i":"scPuk","$v":"Одблокирајте PIN"},{"$i":"scPuk2","$v":"Одблокирајте PIN2"},{"$i":"scPwd","$v":"Промена на лозинка"},{"$i":"search-or-enter-address","placeholder":"Пребарувајте или вн.адр."},{"$i":"select","$v":"Избирање"},{"$i":"sending","$v":"Испраќање…"},{"$i":"set","$v":"Постави"},{"$i":"settings","$v":"Поставувања"},{"$i":"single-view","$v":"Единичен приказ"},{"$i":"skip","$v":"Прескокни"},{"$i":"speed-dial","$v":"Брзо бирање"},{"$i":"speed-dial-empty","ariaLabel":[{"t":"idOrVar","v":"order"},", празно"]},{"$i":"speed-dial-not-empty","ariaLabel":[{"t":"idOrVar","v":"order"},", ",{"t":"idOrVar","v":"name"}]},{"$i":"stop-download-action","$v":"Запри"},{"$i":"stop-download-body","$v":"Сакате ли да го прекинете преземањето што е во тек?"},{"$i":"stop-download-title","$v":["Запрете го ",{"t":"idOrVar","v":"name"}]},{"$i":"tcl-wallpaper-changed","$v":"Тапетот е променет"},{"$i":"video-call","$v":"Видео разговор"},{"$i":"voicemail","$v":"Глас.пошта"},{"$i":"work","$v":"Работа"},{"$i":"apps","$v":"Апликации"},{"$i":"nocard-eccOnly","$v":"No SIM card-Emergency calls only"},{"$i":"unusablecard-eccOnly","$v":"Unusable SIM card-Emergency calls only"},{"$i":"apn-sim1","$v":"APN поставки - SIM1"},{"$i":"apn-sim2","$v":"APN поставки - SIM2"},{"$i":"apnConfigPrepay","$v":"Претплата"},{"$i":"apnConfigPostpay","$v":"Одл. плаќање"},{"$i":"apn-defaultconfig-message","$v":"Поставете кој тип APN да се покажува"},{"$i":"apnDefaultConfig","$v":"Конфигурација на APN по подразбирање"},{"$i":"without-sim-new","$v":[{"t":"idOrVar","v":"index"}]},{"$i":"with-sim-new","$v":[{"t":"idOrVar","v":"index"}," - ",{"t":"idOrVar","v":"carrier"}]},{"$i":"sim-with-index-and-carrier","$v":["SIM ",{"t":"idOrVar","v":"index"}," - ",{"t":"idOrVar","v":"carrier"}]},{"$i":"sim-without-carrier","$v":["SIM ",{"t":"idOrVar","v":"index"}]},{"$i":"call-forwarding-voice-after-seconds","$v":["Глас: ",{"t":"idOrVar","v":"voice"}," после ",{"t":"idOrVar","v":"timeSeconds"}," секунди"]},{"$i":"addNewNumber","$v":"Додајте нов број"},{"$i":"addToExistingContact","$v":"Додајте кон постоечки контакт"},{"$i":"all","$v":"Сите","ariaLabel":"Сите"},{"$i":"bluetooth-handsfree-device","$v":"Bluetooth хендсфри уред"},{"$i":"bluetoothOption","ariaLabel":"Bluetooth"},{"$i":"callDurationHours","$v":[{"t":"idOrVar","v":"h"},":",{"t":"idOrVar","v":"m"},":",{"t":"idOrVar","v":"s"}]},{"$i":"callDurationMinutes","$v":[{"t":"idOrVar","v":"m"},":",{"t":"idOrVar","v":"s"}]},{"$i":"callDurationTextFormatHours","$v":[{"t":"idOrVar","v":"h"}," ч ",{"t":"idOrVar","v":"m"}," м ",{"t":"idOrVar","v":"s"}," с"]},{"$i":"callDurationTextFormatMinutes","$v":[{"t":"idOrVar","v":"m"}," м ",{"t":"idOrVar","v":"s"}," с"]},{"$i":"callDurationTextFormatSeconds","$v":[{"t":"idOrVar","v":"s"}," сек."]},{"$i":"callEnded","$v":"Повикот е завршен"},{"$i":"callInformation","$v":"Информација за повикот"},{"$i":"callLog","$v":"Дневник за повици"},{"$i":"callLogEdit","title":"Уредување на дневник за повици"},{"$i":"callLogEditDialog","ariaLabel":"Уредување на дневник за разговори"},{"$i":"caller-left-call","$v":[{"t":"idOrVar","v":"caller"}," го напуштил повикот."]},{"$i":"calllog-all","$v":"Сите"},{"$i":"calllog-deselectAll","$v":"Поништи избор на сите"},{"$i":"calllog-none","$v":"Ништо"},{"$i":"calllog-selectAll","$v":"Изберете ги сите"},{"$i":"canceled","$v":"Откажано"},{"$i":"clear-all-text","$v":"Исчисти го целиот текст"},{"$i":"close","$v":"Затвори"},{"$i":"composeEmail","ariaLabel":"Е-пошта"},{"$i":"conferenceAddError","$v":"Контактите не може да се соединат"},{"$i":"conferenceCall","$v":["Конференција (",{"t":"idOrVar","v":"n"},")"]},{"$i":"conferenceRemoveError","$v":"Контактите не може да се разделат"},{"$i":"confirm-deletion","$v":"Да се исчистат ли избр.повици?"},{"$i":"connecting","$v":"Поврзување"},{"$i":"connectingEllipsis","$v":"Поврзување…"},{"$i":"contactDetails","$v":"Детали за контактот"},{"$i":"createNewContact","$v":"Созд.нов конт."},{"$i":"delete-n-log?","$v":{"few":["Избриши ",{"t":"idOrVar","v":"n"}," дневници?"],"many":["Избриши ",{"t":"idOrVar","v":"n"}," дневници?"],"one":"Избриши го избраниот дневник?","other":["Избриши ",{"t":"idOrVar","v":"n"}," дневници?"],"two":["Избриши ",{"t":"idOrVar","v":"n"}," дневници?"],"zero":"Ништо не е избрано"},"$x":[{"t":"idOrVar","v":"plural"},"n"]},{"$i":"deselect","$v":"Пон.ги избр."},{"$i":"dialed","$v":"Повикани"},{"$i":"dialer-prompt","$v":"Бирајте број или изберете контакт што сакате да го додадете во повикот"},{"$i":"dialerAddContact","ariaLabel":"Додај контакт"},{"$i":"dialerAddContactDialog","ariaLabel":"Дод. диј. контакт"},{"$i":"edit-selected","$v":{"few":["избрани(",{"t":"idOrVar","v":"n"},")"],"many":["избрани(",{"t":"idOrVar","v":"n"},")"],"one":["избран(",{"t":"idOrVar","v":"n"},")"],"other":["избрани(",{"t":"idOrVar","v":"n"},")"],"two":["избрани(",{"t":"idOrVar","v":"n"},")"]},"$x":[{"t":"idOrVar","v":"plural"},"n"]},{"$i":"emailDetail","ariaLabel":"Е-пошта"},{"$i":"from-contact","$v":["Од ",{"t":"idOrVar","v":"contact"}]},{"$i":"from-number","$v":["Од ",{"t":"idOrVar","v":"number"}]},{"$i":"from-withheld-number","$v":"Од непознат број"},{"$i":"hangup-a11y-button","ariaLabel":"Спушти слушалка"},{"$i":"hide","$v":"Сокриј"},{"$i":"hideKeypad","ariaLabel":"Скријте ја тастатурата"},{"$i":"hold","ariaLabel":"На чекање"},{"$i":"hours","$v":"часа"},{"$i":"ignore","$v":"Игнорирајте го повикот"},{"$i":"incoming","$v":"Дојдовен"},{"$i":"incoming-call","$v":"Дојдовен повик"},{"$i":"info-missed","$v":"Пропуштени"},{"$i":"keypad","ariaLabel":"Тастатура"},{"$i":"log-item","$v":"Опции"},{"$i":"makeCall","ariaLabel":"Направете повик"},{"$i":"merge","ariaLabel":"Спојување"},{"$i":"minutes","$v":"минути"},{"$i":"missed","$v":"Пропуштени","ariaLabel":"Пропуштени"},{"$i":"missedCall","$v":"Пропуштен повик"},{"$i":"missedCallMultiSims","$v":["(SIM ",{"t":"idOrVar","v":"n"},") пропуштен повик"]},{"$i":"mmi-error","$v":"Се појави грешка при испраќањето на пораката"},{"$i":"mmi-notification-title-with-sim","$v":["(",{"t":"idOrVar","v":"sim"},") ",{"t":"idOrVar","v":"title"}]},{"$i":"mmi-session-expired","$v":"Сесијата истече"},{"$i":"mmi-successfully-sent","$v":"Пораката е успешно испратена"},{"$i":"mute","ariaLabel":"Исклучи звук"},{"$i":"newCall","ariaLabel":"Нов повик"},{"$i":"no-logs-msg-1","$v":"Нема снимени повици"},{"$i":"no-logs-msg-2","$v":"Започни комуник. сега"},{"$i":"no-logs-msg-3","$v":"Нема снимени повици"},{"$i":"no-logs-msg-4","$v":"Започни комуник. сега"},{"$i":"no-recent-numbers","$v":"Во дневникот за повици нема скорошни броеви за бирање."},{"$i":"onHoldOption","ariaLabel":"Чекање"},{"$i":"outgoing","$v":"Појдовен"},{"$i":"outgoing-call","$v":"Појдовен повик"},{"$i":"phoneDetail","ariaLabel":"Телефон"},{"$i":"pickup-a11y-button","ariaLabel":"Подига"},{"$i":"received","$v":"Примени"},{"$i":"receiver","$v":"Ресивер"},{"$i":"recents","ariaLabel":"Неодамнешни повици"},{"$i":"reply","$v":"Одговори"},{"$i":"resume","$v":"Продолжи","ariaLabel":"Продолжи"},{"$i":"search-results","$v":"Резултати од пребарувањето"},{"$i":"seconds","$v":"секунди"},{"$i":"select-audio-sources","$v":"Изберете аудио извори"},{"$i":"send","$v":"Испрати"},{"$i":"send-sms-button","ariaLabel":"SMS"},{"$i":"sendSms","$v":"Испратете порака"},{"$i":"separator","$v":","},{"$i":"sim-number","$v":["SIM",{"t":"idOrVar","v":"n"}]},{"$i":"speaker","$v":"Звучник"},{"$i":"speakerOption","ariaLabel":"Звучник"},{"$i":"suggestionMatches","$v":{"few":[{"t":"idOrVar","v":"n"}," совпаѓања за \"",{"t":"idOrVar","v":"matchNumber"}],"many":[{"t":"idOrVar","v":"n"}," совпаѓања за \"",{"t":"idOrVar","v":"matchNumber"}],"one":[{"t":"idOrVar","v":"n"}," совпаѓање за \"",{"t":"idOrVar","v":"matchNumber"}],"other":[{"t":"idOrVar","v":"n"}," совпаѓања за \"",{"t":"idOrVar","v":"matchNumber"}],"two":[{"t":"idOrVar","v":"n"}," совпаѓања за \"",{"t":"idOrVar","v":"matchNumber"}]},"$x":[{"t":"idOrVar","v":"plural"},"n"]},{"$i":"switch-calls","$v":"Префрлете повици"},{"$i":"tcl-assign","$v":"Додели"},{"$i":"tcl-assign-speed-dial","$v":{"$o":["Кон.не бе.до.како коп.за бр.из. \"",{"t":"idOrVar","v":"speedDial"},"\"<br></br>Да се до.се.?"]}},{"$i":"tcl-call-log-delete-group-notification","$v":[{"t":"idOrVar","v":"n"}," записи беа избришани"]},{"$i":"tcl-calllog-entry-removed-err-notification","$v":"Записот во дневникот за повици не може да се отстрани"},{"$i":"tcl-calllog-entry-removed-succ-notification","$v":"Записот од днев.за повици е отстранет"},{"$i":"tcl-cancel","$v":"Откажи"},{"$i":"tcl-confirmation","$v":"Потврдување"},{"$i":"tcl-delete-log","$v":"Сигурни ли сте дека сакате да ги избришете избраните записи од дневникот за повици?"},{"$i":"tcl-dialer","$v":"Повикувач"},{"$i":"tcl-edit-not-selected","$v":"избрани (0)"},{"$i":"tcl-option-menu-call-log-edit","$v":"Уредување на дневник за повици"},{"$i":"today","$v":"Денес"},{"$i":"toggleKeypad","ariaLabel":"Преклопна тастатура"},{"$i":"type-your-response","placeholder":"Напишете го вашиот одговор..."},{"$i":"unknown","$v":"Непознат"},{"$i":"unlock-a11y-button","ariaLabel":"Лизгач"},{"$i":"ussd-services","$v":[{"t":"idOrVar","v":"operator"}," услуги"]},{"$i":"via-sim","$v":["преку SIM",{"t":"idOrVar","v":"n"}]},{"$i":"view-all","$v":"Видете ги сите"},{"$i":"wifi-calling","$v":"повикување преку Wi-Fi"},{"$i":"withheld-number","$v":"Непознат"},{"$i":"yesterday","$v":"Вчера"},{"$i":"SimPin2","$v":"SIM PIN2"},{"$i":"SimPuk2","$v":"SIM PUK2"},{"$i":"serviceClassFax","$v":"ФАКС"},{"$i":"serviceClassPad","$v":"PAD"},{"$i":"serviceClassSms","$v":"SMS"},{"$i":"DialModifiedToDial","$v":"Dial modified to dial"},{"$i":"DialModifiedToSs","$v":"Dial modified to SS"},{"$i":"DialModifiedToUssd","$v":"Dial modified to USSD"},{"$i":"FdnCheckFailure","$v":"Неуспешна проверка на ФБП"},{"$i":"IllegalSimOrMe","$v":"Нелегална SIM или ME"},{"$i":"InvalidParameter","$v":"Невалиден параметар"},{"$i":"ModeNotSupported","$v":"Реж. не се поддржува"},{"$i":"OpNotAllowedDuringVoiceCall","$v":"Операц. не е дозв. за време на глас. повик"},{"$i":"PasswordIncorrect","$v":"Лозинката е неточна"},{"$i":"RadioNotAvailable","$v":"Radio not available"},{"$i":"RejectedByRemote","$v":"Одбиено од далечина"},{"$i":"RequestNotSupported","$v":"Барањето не се поддржува"},{"$i":"ServiceIsDisabled","$v":"Услугате е оневозможена"},{"$i":"ServiceIsEnabled","$v":"Услугате е овозможена"},{"$i":"ServiceIsEnabledFor","$v":"Услуг. е овозможена за:"},{"$i":"SimAbsent","$v":"SIM отсуствува"},{"$i":"SmsSendFailRetry","$v":"SMS send fail retry"},{"$i":"SsModifiedToDial","$v":"SS променето да бира"},{"$i":"SsModifiedToSs","$v":"SS променето на SS"},{"$i":"SsModifiedToUssd","$v":"SS променето на USSD"},{"$i":"SubscriptionNotAvailable","$v":"Претплатата не е достапна"},{"$i":"SubscriptionNotSupported","$v":"Претплатата не е поддржана"},{"$i":"UssdModifiedToDial","$v":"USSD пром. да изб."},{"$i":"UssdModifiedToSs","$v":"USSD променето на SS"},{"$i":"UssdModifiedToUssd","$v":"USSD променето на USSD"},{"$i":"call-forwarding-async","$v":["Асинхрон: ",{"t":"idOrVar","v":"async"}]},{"$i":"call-forwarding-data","$v":["Податоци: ",{"t":"idOrVar","v":"data"}]},{"$i":"call-forwarding-error","$v":"Се појави грешка при вчитувањето на статусот за проследување на повик"},{"$i":"call-forwarding-fax","$v":["ФАКС: ",{"t":"idOrVar","v":"fax"}]},{"$i":"call-forwarding-inactive","$v":"Неактивен"},{"$i":"call-forwarding-packet","$v":["Пакет: ",{"t":"idOrVar","v":"packet"}]},{"$i":"call-forwarding-pad","$v":["PAD: ",{"t":"idOrVar","v":"pad"}]},{"$i":"call-forwarding-sms","$v":["SMS: ",{"t":"idOrVar","v":"sms"}]},{"$i":"call-forwarding-status","$v":"Статус за пренасоч.на повикот"},{"$i":"call-forwarding-sync","$v":["Синхроничен: ",{"t":"idOrVar","v":"sync"}]},{"$i":"call-forwarding-voice","$v":["Глас: ",{"t":"idOrVar","v":"voice"}]},{"$i":"emMmiError","$v":"Проблем со врската или невалиден MMI код"},{"$i":"emMmiErrorBadPin","$v":"Стариот PIN што го внесовте е неправилен."},{"$i":"emMmiErrorBadPuk","$v":"PUK кодот што го напишавте е неправилен."},{"$i":"emMmiErrorEnablePin","$v":"Неуспешно. Овозможете SIM/RUIM LOCK"},{"$i":"emMmiErrorInvalidAction","$v":"Невалидно дејство"},{"$i":"emMmiErrorInvalidPin","$v":"Внесете PIN што е од 4 до 8 броеви"},{"$i":"emMmiErrorInvalidScCode","$v":"Невалиден код за услуги"},{"$i":"emMmiErrorMismatchPin","$v":"PIN кодовите што ги внесовте не совпаѓаат"},{"$i":"emMmiErrorMmiFdn","$v":"Операц. е огранич. до избир. само на броеви за фикс. бирање (БФБ)"},{"$i":"emMmiErrorNeedPuk2","$v":"Внесете PUK2 за да ја одблокирате SIM карт."},{"$i":"emMmiErrorNeedsPuk","$v":"Вашата SIM карт. е заклучена со PUK"},{"$i":"emMmiErrorNotSupported","$v":"Невалиден или неподдржан MMI код"},{"$i":"emMmiErrorPasswordIncorrect","$v":"Погрешна лозинка"},{"$i":"emMmiErrorPinPukAttempts","$v":{"few":["остануваат ",{"t":"idOrVar","v":"n"}," повторни обиди"],"many":["остануваат ",{"t":"idOrVar","v":"n"}," повторни обиди"],"one":["Ос.сам.",{"t":"idOrVar","v":"n"}," об."],"other":["остануваат ",{"t":"idOrVar","v":"n"}," повторни обиди"],"two":["остануваат ",{"t":"idOrVar","v":"n"}," повторни обиди"]},"$x":[{"t":"idOrVar","v":"plural"},"n"]},{"$i":"emMmiErrorSimBlocked","$v":"Макс.број на обиди е надминат. SIM карт. е блокирана"},{"$i":"emMmiErrorStkCcSsDial","$v":"SS барањето е променето на DIAL барање"},{"$i":"emMmiErrorStkCcSsSs","$v":"SS барањето е променето на ново SS барање"},{"$i":"emMmiErrorStkCcSsUssd","$v":"SS бар.е пром.на USSD бар."},{"$i":"emMmiErrorStkCcUssdDial","$v":"USSD барањето е променето на DIAL барање"},{"$i":"emMmiErrorStkCcUssdSs","$v":"USSD барањето е променето на SS барање"},{"$i":"emMmiErrorStkCcUssdUssd","$v":"USSD барањето е променето на ново USSD барање"},{"$i":"fihVersion","$v":"Верзија FIH"},{"$i":"imeiAndSvn","$v":"IMEI и SVN"},{"$i":"internalVersion","$v":"Внатрешна верзија"},{"$i":"serviceClassData","$v":"Податоци"},{"$i":"serviceClassDataAsync","$v":"Асинх."},{"$i":"serviceClassDataSync","$v":"Синхронизација"},{"$i":"serviceClassPacket","$v":"Пакет"},{"$i":"serviceClassVoice","$v":"Глас"},{"$i":"smClirDefaultOffNextCallOff","$v":"ИД на повикувачот по подразбирање не е ограничен. Следен повик: Не е ограничен"},{"$i":"smClirDefaultOffNextCallOn","$v":"ИД на повикувачот по подразбирање не е ограничен. Следен повик: Ограничен"},{"$i":"smClirDefaultOnNextCallOff","$v":"ИД на повикувачот по подразбирање е ограничен. Следен повик: Не е ограничен"},{"$i":"smClirDefaultOnNextCallOn","$v":"ИД на пов.по под.е огр.Сл.пов.: Огр."},{"$i":"smClirPermanent","$v":"Не можете да го промените поставувањето за ID на повикувачот"},{"$i":"smPin2Changed","$v":"PIN-от 2 е успешно променет"},{"$i":"smPin2Unblocked","$v":"PIN-от 2 е усп. одблок."},{"$i":"smPinChanged","$v":"PIN-от е усп. пром."},{"$i":"smPinUnblocked","$v":"PIN-от е усп. одблок."},{"$i":"smServiceDisabled","$v":"Услугата беше оневозможена"},{"$i":"smServiceEnabled","$v":"Усл.беше овозможена"},{"$i":"smServiceEnabledFor","$v":"Усл. беше овозм. за:"},{"$i":"smServiceErased","$v":"Бришењето беше успешно"},{"$i":"smServiceInterrogated","$v":"Барањето беше успешно"},{"$i":"smServiceNotProvisioned","$v":"Услугата не е обезбедена"},{"$i":"smServiceRegistered","$v":"Рег. беше успешна"},{"$i":"another","$v":"Друг"},{"$i":"current","$v":"Тековно"},{"$i":"customTag","$v":"Прилагодена ознака","placeholder":"Прилагодена ознака"},{"$i":"faxHome","$v":"Факс дома"},{"$i":"faxOffice","$v":"Факс канц."},{"$i":"faxOther","$v":"Факс друго"},{"$i":"itemWithLabel","$v":[{"t":"idOrVar","v":"label"},", ",{"t":"idOrVar","v":"item"}]},{"$i":"label","$v":"Етикета"},{"$i":"other","$v":"Друго"},{"$i":"tcl-customTag","$v":"Прилагодена ознака"},{"$i":"dateTimeFormat_%c","$v":"%a %b %e %Y %I:%M:%S %p"},{"$i":"dateTimeFormat_%x","$v":"%m/%d/%Y"},{"$i":"days-ago-long","$v":{"few":[{"t":"idOrVar","v":"value"}," денови пред"],"many":[{"t":"idOrVar","v":"value"}," денови пред"],"one":"вчера","other":["Пред ",{"t":"idOrVar","v":"value"}," Дена"],"two":[{"t":"idOrVar","v":"value"}," денови пред"],"zero":"денес"},"$x":[{"t":"idOrVar","v":"plural"},"value"]},{"$i":"days-ago-short","$v":{"other":[{"t":"idOrVar","v":"value"},"д. пред"],"zero":"денес"},"$x":[{"t":"idOrVar","v":"plural"},"value"]},{"$i":"days-until-long","$v":{"few":["за ",{"t":"idOrVar","v":"value"}," дена"],"many":["за ",{"t":"idOrVar","v":"value"}," дена"],"one":"утре","other":["за ",{"t":"idOrVar","v":"value"}," дена"],"two":["за ",{"t":"idOrVar","v":"value"}," дена"],"zero":"денес"},"$x":[{"t":"idOrVar","v":"plural"},"value"]},{"$i":"days-until-short","$v":{"other":["за ",{"t":"idOrVar","v":"value"},"д"],"zero":"денес"},"$x":[{"t":"idOrVar","v":"plural"},"value"]},{"$i":"hours-ago-long","$v":{"few":[{"t":"idOrVar","v":"value"}," часови пред"],"many":[{"t":"idOrVar","v":"value"}," часови пред"],"one":"пред еден час","other":["Пред ",{"t":"idOrVar","v":"value"}," Часа"],"two":[{"t":"idOrVar","v":"value"}," часови пред"],"zero":"само што"},"$x":[{"t":"idOrVar","v":"plural"},"value"]},{"$i":"hours-ago-short","$v":{"other":[{"t":"idOrVar","v":"value"},"ч. пред"],"zero":"само што"},"$x":[{"t":"idOrVar","v":"plural"},"value"]},{"$i":"hours-until-long","$v":{"few":["за ",{"t":"idOrVar","v":"value"}," часа"],"many":["за ",{"t":"idOrVar","v":"value"}," часа"],"one":"за еден час","other":["за ",{"t":"idOrVar","v":"value"}," часа"],"two":["за ",{"t":"idOrVar","v":"value"}," часа"],"zero":"сега"},"$x":[{"t":"idOrVar","v":"plural"},"value"]},{"$i":"hours-until-short","$v":{"other":["за ",{"t":"idOrVar","v":"value"},"ч"],"zero":"сега"},"$x":[{"t":"idOrVar","v":"plural"},"value"]},{"$i":"incorrectDate","$v":"(неточна дата)"},{"$i":"minutes-ago-long","$v":{"few":[{"t":"idOrVar","v":"value"}," минути пред"],"many":[{"t":"idOrVar","v":"value"}," минути пред"],"one":"пред 1 минута","other":["Пред ",{"t":"idOrVar","v":"value"}," Минути"],"two":[{"t":"idOrVar","v":"value"}," минути пред"],"zero":"само што"},"$x":[{"t":"idOrVar","v":"plural"},"value"]},{"$i":"minutes-ago-short","$v":{"other":[{"t":"idOrVar","v":"value"},"м. пред"],"zero":"само што"},"$x":[{"t":"idOrVar","v":"plural"},"value"]},{"$i":"minutes-until-long","$v":{"few":["за ",{"t":"idOrVar","v":"value"}," минути"],"many":["за ",{"t":"idOrVar","v":"value"}," минути"],"one":"за една минута","other":["за ",{"t":"idOrVar","v":"value"}," минути"],"two":["за ",{"t":"idOrVar","v":"value"}," минути"],"zero":"сега"},"$x":[{"t":"idOrVar","v":"plural"},"value"]},{"$i":"minutes-until-short","$v":{"other":["за ",{"t":"idOrVar","v":"value"},"м"],"zero":"сега"},"$x":[{"t":"idOrVar","v":"plural"},"value"]},{"$i":"month-0-genitive","$v":"Јануари"},{"$i":"month-0-long","$v":"Јануари"},{"$i":"month-0-short","$v":"Јан"},{"$i":"month-1-genitive","$v":"Февруари"},{"$i":"month-1-long","$v":"Фебруари"},{"$i":"month-1-short","$v":"Фев"},{"$i":"month-10-genitive","$v":"Ноември"},{"$i":"month-10-long","$v":"Ноември"},{"$i":"month-10-short","$v":"Ное"},{"$i":"month-11-genitive","$v":"Декември"},{"$i":"month-11-long","$v":"Декември"},{"$i":"month-11-short","$v":"Дек"},{"$i":"month-2-genitive","$v":"Март"},{"$i":"month-2-long","$v":"Март"},{"$i":"month-2-short","$v":"Мар"},{"$i":"month-3-genitive","$v":"Април"},{"$i":"month-3-long","$v":"Април"},{"$i":"month-3-short","$v":"Апр"},{"$i":"month-4-genitive","$v":"Мај"},{"$i":"month-4-long","$v":"Мај"},{"$i":"month-4-short","$v":"Мај"},{"$i":"month-5-genitive","$v":"Јуни"},{"$i":"month-5-long","$v":"Јуни"},{"$i":"month-5-short","$v":"Јун"},{"$i":"month-6-genitive","$v":"Јули"},{"$i":"month-6-long","$v":"Јули"},{"$i":"month-6-short","$v":"Јул"},{"$i":"month-7-genitive","$v":"Август"},{"$i":"month-7-long","$v":"Август"},{"$i":"month-7-short","$v":"Авг"},{"$i":"month-8-genitive","$v":"Септември"},{"$i":"month-8-long","$v":"Септември"},{"$i":"month-8-short","$v":"Сеп"},{"$i":"month-9-genitive","$v":"Октомври"},{"$i":"month-9-long","$v":"Октомври"},{"$i":"month-9-short","$v":"Окт"},{"$i":"months-ago-long","$v":{"few":[{"t":"idOrVar","v":"value"}," месеци пред"],"many":[{"t":"idOrVar","v":"value"}," месеци пред"],"one":"минатиот месец","other":[{"t":"idOrVar","v":"value"}," месеци пред"],"two":[{"t":"idOrVar","v":"value"}," месеци пред"],"zero":"овој месец"},"$x":[{"t":"idOrVar","v":"plural"},"value"]},{"$i":"months-until-long","$v":{"few":["за ",{"t":"idOrVar","v":"value"}," месеци"],"many":["за ",{"t":"idOrVar","v":"value"}," месеци"],"one":"следниот месец","other":["за ",{"t":"idOrVar","v":"value"}," месеци"],"two":["за ",{"t":"idOrVar","v":"value"}," месеци"],"zero":"овој месец"},"$x":[{"t":"idOrVar","v":"plural"},"value"]},{"$i":"shortDateTimeFormat","$v":"%x %I:%M %p"},{"$i":"shortTimeFormat","$v":"%I:%M %p"},{"$i":"shortTimeFormat12","$v":"%I:%M %p"},{"$i":"shortTimeFormat24","$v":"%H:%M"},{"$i":"time_am","$v":"Претпл."},{"$i":"time_pm","$v":"пм"},{"$i":"weekday-0-long","$v":"Недела"},{"$i":"weekday-0-short","$v":"Нед"},{"$i":"weekday-1-long","$v":"Понеделник"},{"$i":"weekday-1-short","$v":"Пон"},{"$i":"weekday-2-long","$v":"Вторник"},{"$i":"weekday-2-short","$v":"Вто"},{"$i":"weekday-3-long","$v":"Среда"},{"$i":"weekday-3-short","$v":"Сре"},{"$i":"weekday-4-long","$v":"Четврток"},{"$i":"weekday-4-short","$v":"Чет"},{"$i":"weekday-5-long","$v":"Петок"},{"$i":"weekday-5-short","$v":"Пет"},{"$i":"weekday-6-long","$v":"Сабота"},{"$i":"weekday-6-short","$v":"Саб"},{"$i":"weeks-ago-long","$v":{"few":[{"t":"idOrVar","v":"value"}," седмици пред"],"many":[{"t":"idOrVar","v":"value"}," седмици пред"],"one":"минатата недела","other":[{"t":"idOrVar","v":"value"}," седмици пред"],"two":[{"t":"idOrVar","v":"value"}," седмици пред"],"zero":"оваа седмица"},"$x":[{"t":"idOrVar","v":"plural"},"value"]},{"$i":"weeks-until-long","$v":{"few":["за ",{"t":"idOrVar","v":"value"}," седмици"],"many":["за ",{"t":"idOrVar","v":"value"}," седмици"],"one":"следната седмица","other":["за ",{"t":"idOrVar","v":"value"}," седмици"],"two":["за ",{"t":"idOrVar","v":"value"}," седмици"],"zero":"оваа седмица"},"$x":[{"t":"idOrVar","v":"plural"},"value"]},{"$i":"years-ago-long","$v":{"few":[{"t":"idOrVar","v":"value"}," години пред"],"many":[{"t":"idOrVar","v":"value"}," години пред"],"one":"минатата година","other":[{"t":"idOrVar","v":"value"}," години пред"],"two":[{"t":"idOrVar","v":"value"}," години пред"],"zero":"оваа година"},"$x":[{"t":"idOrVar","v":"plural"},"value"]},{"$i":"years-until-long","$v":{"few":["за ",{"t":"idOrVar","v":"value"}," години"],"many":["за ",{"t":"idOrVar","v":"value"}," години"],"one":"следната година","other":["за ",{"t":"idOrVar","v":"value"}," години"],"two":["за ",{"t":"idOrVar","v":"value"}," години"],"zero":"оваа година"},"$x":[{"t":"idOrVar","v":"plural"},"value"]},{"$i":"dateTimeFormat_%X","$v":"%I:%M:%S %p"},{"$i":"weekStartsOnMonday","$v":"0"},{"$i":"firstDayOfTheWeek","$v":"0"}]