[{"$i":"clockDateFormat","$v":"%a, %e %b"},{"$i":"deviceIsUnlocked","$v":"Dispozitivul este deblocat"},{"$i":"simUnlockCodeAccepted","$v":"Cod de deblocare SIM acceptat"},{"$i":"simUnlockCodeFailed","$v":"Deblocarea SIM nu a reușit"},{"$i":"eccOnly","$v":"Numai apeluri de urgență"},{"$i":"emergencyCallsOnly","$v":"Numai apeluri de urgență"},{"$i":"lockedSim","$v":"SIM blocat"},{"$i":"noService","$v":"Fără servicii"},{"$i":"noSimCard","$v":"Fără cartelă SIM"},{"$i":"searching","$v":"Căutare..."},{"$i":"airplane-mode","$v":"Mod avion"},{"$i":"bluetooth","$v":"Bluetooth"},{"$i":"brightness","$v":"Luminozitate"},{"$i":"calculator","$v":"Calculator"},{"$i":"camera","$v":"Cameră"},{"$i":"cellular-data","$v":"Date mobile"},{"$i":"confirm-to-uninstall-app","$v":["Dezinstalați aplicația ",{"t":"idOrVar","v":"appName"},"?"]},{"$i":"flashlight","$v":"Bliț"},{"$i":"instant-settings","$v":"setări instantanee"},{"$i":"off","$v":"Oprit"},{"$i":"on","$v":"Pornit"},{"$i":"shortcuts","$v":"Scurtături"},{"$i":"uninstall","$v":"Dezinstalare"},{"$i":"volume","$v":"Volum"},{"$i":"wifi","$v":"Wi-Fi"},{"$i":"percentage-number","$v":[{"t":"idOrVar","v":"number"},"%"]},{"$i":"all-apps","$v":"Toate aplicațiile"},{"$i":"scImei","$v":"IMEI"},{"$i":"scMeid","$v":"MEID"},{"$i":"scUssd","$v":"USSD"},{"$i":"CallFailed","$v":"Apel nereușit"},{"$i":"GenericFailure","$v":"Nereușită generală"},{"$i":"add-smart-collections","$v":"Adăugați colecții inteligente"},{"$i":"add-to-existing-contact","$v":"Adăugați la contact existent"},{"$i":"alert-for-contacts-without-number","$v":"Nu există contacte cu numărul de telefon disponibil."},{"$i":"app-title","$v":"Aplicațiile mele"},{"$i":"app-uninstall","$v":[{"t":"idOrVar","v":"name"}," a fost dezinstalat"]},{"$i":"assign","$v":"Atribuire"},{"$i":"assign-speed-dial","$v":["Contactul nu a fost adăugat la apelarea rapidă la butonul ",{"t":"idOrVar","v":"n"},". Atribuiți acum?"]},{"$i":"assign-voicemail","$v":"Numărul de căsuță poștală vocală nu a fost setat."},{"$i":"call","$v":"Apel"},{"$i":"callAirplaneModeMessage","$v":"Pentru a efectua un apel, trebuie să dezactivați modul avion din setări."},{"$i":"callAirplaneModeTitle","$v":"Mod avion activat"},{"$i":"cancel","$v":"Anulare"},{"$i":"change-wallpaper","$v":"Modificați imagine de fundal"},{"$i":"clocks-updated","$v":"Ceasuri actualizate"},{"$i":"confirmation","$v":"Confirmare"},{"$i":"contacts","$v":"Contacte"},{"$i":"create-new-contact","$v":"Creați contact nou"},{"$i":"delete","$v":"Ștergere"},{"$i":"delete-body","$v":[{"t":"idOrVar","v":"name"}," și toate datele sale vor fi șterse."]},{"$i":"delete-title","$v":["Ștergeți ",{"t":"idOrVar","v":"name"}]},{"$i":"edit","$v":"Editare"},{"$i":"edit-done","$v":"Efectuat"},{"$i":"edit-group-header","$v":"Editați grup"},{"$i":"edit-mode","$v":"Editare"},{"$i":"emergency-call-error","$v":[{"t":"idOrVar","v":"number"}," nu este un număr de urgență."]},{"$i":"emergency-call-only","$v":"Numai apel de urgență"},{"$i":"emergencyDialogBodyBadNumber","$v":"Pentru a efectua un apel, telefonul trebuie să fie conectat la o rețea."},{"$i":"emergencyDialogBodyDeviceNotAccepted","$v":"Apelurile de urgență nu sunt permise de rețea."},{"$i":"emergencyDialogTitle","$v":"Nicio conexiune de rețea"},{"$i":"fax-home","$v":"Fax acasă"},{"$i":"fax-office","$v":"Fax birou"},{"$i":"fax-other","$v":"Fax altele"},{"$i":"fdnIsActiveMessage","$v":["FDN (Numere pentru apelare permise) este activat și următorul număr nu se află în lista dvs. FDN: ",{"t":"idOrVar","v":"number"}]},{"$i":"fdnIsActiveTitle","$v":"FDN activ"},{"$i":"gaia-shortcut-app-updated","$v":"Aplicație actualizată"},{"$i":"grid-view","$v":"Vizualizare tabel"},{"$i":"home","$v":"Acasă"},{"$i":"homescreen-settings","$v":"Setări ecran de start"},{"$i":"invalidNumberToDialMessage","$v":"Numărul de telefon pe care îl apelați nu este valabil."},{"$i":"invalidNumberToDialTitle","$v":"Număr de telefon nevalid"},{"$i":"list-view","$v":"Vizualizare listă"},{"$i":"longDateFormat","$v":"%A, %B %e"},{"$i":"menu","$v":"Meniu"},{"$i":"message","$v":"Mesaj"},{"$i":"mobile","$v":"Mobil"},{"$i":"more","$v":"Mai multe"},{"$i":"move","$v":"Mutare"},{"$i":"notifications","$v":"Notificări"},{"$i":"numberIsBusyMessage","$v":"Numărul este ocupat momentan. Încercați din nou mai târziu."},{"$i":"numberIsBusyTitle","$v":"Numărul este ocupat"},{"$i":"ok","$v":"OK"},{"$i":"option-remove","$v":"Eliminați de la apelarea rapidă"},{"$i":"option-replace","$v":"Înlocuiți"},{"$i":"options","$v":"Opțiuni"},{"$i":"otherConnectionInUseMessage","$v":"Aveți un apel activ pe altă conexiune. Puteți utiliza o singură conexiune o dată."},{"$i":"otherConnectionInUseTitle","$v":"Altă conexiune utilizată"},{"$i":"personal","$v":"Personal"},{"$i":"remove","$v":"Îndepărtare"},{"$i":"remove-speed-dial","$v":["Sunteți sigur că doriți să eliminați ",{"t":"idOrVar","v":"name"}," din apelarea rapidă?"]},{"$i":"replace","$v":"Înlocuiți"},{"$i":"replace-speed-dial","$v":["Sunteți sigur că doriți să înlocuiți ",{"t":"idOrVar","v":"name"}," cu ",{"t":"idOrVar","v":"subName"},"?"]},{"$i":"resume-download-action","$v":"Descărcare"},{"$i":"resume-download-body","$v":["Doriți să descărcați ",{"t":"idOrVar","v":"name"},"?"]},{"$i":"resume-download-title","$v":"Repornire descărcare"},{"$i":"scCallBarring","$v":"Restricționare apel"},{"$i":"scCallForwarding","$v":"Redirecționare apel"},{"$i":"scCallWaiting","$v":"Apel în așteptare"},{"$i":"scClip","$v":"ID apelant de intrare"},{"$i":"scClir","$v":"ID apelant efectuat"},{"$i":"scPin","$v":"Schimbare PIN"},{"$i":"scPin2","$v":"Schimbare PIN2"},{"$i":"scPuk","$v":"Deblocare PIN"},{"$i":"scPuk2","$v":"Deblocare PIN2"},{"$i":"scPwd","$v":"Schimbare parolă"},{"$i":"search-or-enter-address","placeholder":"Căuați sau introd. adresa"},{"$i":"select","$v":"Selectare"},{"$i":"sending","$v":"Trimitere..."},{"$i":"set","$v":"Setare"},{"$i":"settings","$v":"Setări"},{"$i":"single-view","$v":"Vizualizare unică"},{"$i":"skip","$v":"Ignorare"},{"$i":"speed-dial","$v":"Apelare rapidă"},{"$i":"speed-dial-empty","ariaLabel":[{"t":"idOrVar","v":"order"},", gol"]},{"$i":"speed-dial-not-empty","ariaLabel":[{"t":"idOrVar","v":"order"},", ",{"t":"idOrVar","v":"name"}]},{"$i":"stop-download-action","$v":"Oprire"},{"$i":"stop-download-body","$v":"Doriți să întrerupeți descărcarea în curs?"},{"$i":"stop-download-title","$v":["Oprire ",{"t":"idOrVar","v":"name"}]},{"$i":"tcl-wallpaper-changed","$v":"Imag. de fundal modif."},{"$i":"video-call","$v":"Apel video"},{"$i":"voicemail","$v":"Mesaj de poștă vocală"},{"$i":"work","$v":"Birou"},{"$i":"apps","$v":"Aplicații"},{"$i":"nocard-eccOnly","$v":"No SIM card-Emergency calls only"},{"$i":"unusablecard-eccOnly","$v":"Unusable SIM card-Emergency calls only"},{"$i":"apn-sim1","$v":"Setări APN — SIM1"},{"$i":"apn-sim2","$v":"Setări APN — SIM2"},{"$i":"apnConfigPrepay","$v":"Plată anticipată"},{"$i":"apnConfigPostpay","$v":"Plată ulterioară"},{"$i":"apn-defaultconfig-message","$v":"Setați care tip de APN doriți să afișați"},{"$i":"apnDefaultConfig","$v":"Config. implicită APN"},{"$i":"without-sim-new","$v":[{"t":"idOrVar","v":"index"}]},{"$i":"with-sim-new","$v":[{"t":"idOrVar","v":"index"}," — ",{"t":"idOrVar","v":"carrier"}]},{"$i":"sim-with-index-and-carrier","$v":["SIM ",{"t":"idOrVar","v":"index"}," - ",{"t":"idOrVar","v":"carrier"}]},{"$i":"sim-without-carrier","$v":["SIM ",{"t":"idOrVar","v":"index"}]},{"$i":"call-forwarding-voice-after-seconds","$v":["Apel voce: ",{"t":"idOrVar","v":"voice"}," după ",{"t":"idOrVar","v":"timeSeconds"}," secunde"]},{"$i":"addNewNumber","$v":"Adăugați număr nou"},{"$i":"addToExistingContact","$v":"Adăugați la contact existent"},{"$i":"all","$v":"Toate","ariaLabel":"Toate"},{"$i":"bluetooth-handsfree-device","$v":"Aparat Bluetooth fără comenzi manuale"},{"$i":"bluetoothOption","ariaLabel":"Bluetooth"},{"$i":"callDurationHours","$v":[{"t":"idOrVar","v":"h"},":",{"t":"idOrVar","v":"m"},":",{"t":"idOrVar","v":"s"}]},{"$i":"callDurationMinutes","$v":[{"t":"idOrVar","v":"m"},":",{"t":"idOrVar","v":"s"}]},{"$i":"callDurationTextFormatHours","$v":[{"t":"idOrVar","v":"h"}," h ",{"t":"idOrVar","v":"m"}," m ",{"t":"idOrVar","v":"s"}," s"]},{"$i":"callDurationTextFormatMinutes","$v":[{"t":"idOrVar","v":"m"}," m ",{"t":"idOrVar","v":"s"}," s"]},{"$i":"callDurationTextFormatSeconds","$v":[{"t":"idOrVar","v":"s"}," s"]},{"$i":"callEnded","$v":"Apel terminat"},{"$i":"callInformation","$v":"Informații apel"},{"$i":"callLog","$v":"Jurnal apeluri"},{"$i":"callLogEdit","title":"Editați jurnal apeluri"},{"$i":"callLogEditDialog","ariaLabel":"Editați dialog jurnal apeluri"},{"$i":"caller-left-call","$v":[{"t":"idOrVar","v":"caller"}," a părăsit apelul."]},{"$i":"calllog-all","$v":"Toate"},{"$i":"calllog-deselectAll","$v":"Deselectați toate"},{"$i":"calllog-none","$v":"Niciunul"},{"$i":"calllog-selectAll","$v":"Selectați toate"},{"$i":"canceled","$v":"Anulat"},{"$i":"clear-all-text","$v":"Ștergeți întregul text"},{"$i":"close","$v":"Închidere"},{"$i":"composeEmail","ariaLabel":"E-mail"},{"$i":"conferenceAddError","$v":"Imposibil de fuzionat apelurile"},{"$i":"conferenceCall","$v":["Conferință (",{"t":"idOrVar","v":"n"},")"]},{"$i":"conferenceRemoveError","$v":"Imposibil de defuzionat apelurile"},{"$i":"confirm-deletion","$v":"Ștergeți apelurile selectate?"},{"$i":"connecting","$v":"În curs de conectare"},{"$i":"connectingEllipsis","$v":"În curs de conectare..."},{"$i":"contactDetails","$v":"Detalii contact"},{"$i":"createNewContact","$v":"Creați contact nou"},{"$i":"delete-n-log?","$v":{"few":["Ștergeți ",{"t":"idOrVar","v":"n"}," jurnale?"],"many":["Ștergeți ",{"t":"idOrVar","v":"n"}," jurnale?"],"one":"Ștergeți jurnalul selectat?","other":["Ștergeți ",{"t":"idOrVar","v":"n"}," jurnale?"],"two":["Ștergeți ",{"t":"idOrVar","v":"n"}," jurnale?"],"zero":"Nu s-a selectat nimic"},"$x":[{"t":"idOrVar","v":"plural"},"n"]},{"$i":"deselect","$v":"Deselectați"},{"$i":"dialed","$v":"Format"},{"$i":"dialer-prompt","$v":"Apelați numărul sau selectați contactul pentru a adăuga la apel"},{"$i":"dialerAddContact","ariaLabel":"Adăugați contact"},{"$i":"dialerAddContactDialog","ariaLabel":"Adăugați dialog contact"},{"$i":"edit-selected","$v":{"few":["selectat (",{"t":"idOrVar","v":"n"},")"],"many":["selectat (",{"t":"idOrVar","v":"n"},")"],"one":["selectat (",{"t":"idOrVar","v":"n"},")"],"other":["selectat (",{"t":"idOrVar","v":"n"},")"],"two":["selectat (",{"t":"idOrVar","v":"n"},")"]},"$x":[{"t":"idOrVar","v":"plural"},"n"]},{"$i":"emailDetail","ariaLabel":"E-mail"},{"$i":"from-contact","$v":["De la ",{"t":"idOrVar","v":"contact"}]},{"$i":"from-number","$v":["De la ",{"t":"idOrVar","v":"number"}]},{"$i":"from-withheld-number","$v":"De la număr necunoscut"},{"$i":"hangup-a11y-button","ariaLabel":"Închidere"},{"$i":"hide","$v":"Ascunde"},{"$i":"hideKeypad","ariaLabel":"Ascundeți tastatura"},{"$i":"hold","ariaLabel":"În așteptare"},{"$i":"hours","$v":"ore"},{"$i":"ignore","$v":"Ignorați apelul"},{"$i":"incoming","$v":"Primit"},{"$i":"incoming-call","$v":"Apel primit"},{"$i":"info-missed","$v":"Pierdut"},{"$i":"keypad","ariaLabel":"Tastatură"},{"$i":"log-item","$v":"Opțiuni"},{"$i":"makeCall","ariaLabel":"Efectuați apelul"},{"$i":"merge","ariaLabel":"Fuziune"},{"$i":"minutes","$v":"minute"},{"$i":"missed","$v":"Pierdut","ariaLabel":"Pierdut"},{"$i":"missedCall","$v":"Apel pierdut"},{"$i":"missedCallMultiSims","$v":["(SIM ",{"t":"idOrVar","v":"n"},") Apel pierdut"]},{"$i":"mmi-error","$v":"A apărut o eroare la trimiterea mesajului"},{"$i":"mmi-notification-title-with-sim","$v":["(",{"t":"idOrVar","v":"sim"},") ",{"t":"idOrVar","v":"title"}]},{"$i":"mmi-session-expired","$v":"Sesiunea a expirat"},{"$i":"mmi-successfully-sent","$v":"Mesaj trimis cu succes"},{"$i":"mute","ariaLabel":"Silențios"},{"$i":"newCall","ariaLabel":"Apel nou"},{"$i":"no-logs-msg-1","$v":"Niciun apel înregistrat"},{"$i":"no-logs-msg-2","$v":"Începeți să comunicați acum"},{"$i":"no-logs-msg-3","$v":"Niciun apel înregistrat"},{"$i":"no-logs-msg-4","$v":"Începeți să comunicați acum"},{"$i":"no-recent-numbers","$v":"Nu există numere recente de format în Jurnalul de apeluri."},{"$i":"onHoldOption","ariaLabel":"În așteptare"},{"$i":"outgoing","$v":"Efectuat"},{"$i":"outgoing-call","$v":"Apel efectuat"},{"$i":"phoneDetail","ariaLabel":"Telefon"},{"$i":"pickup-a11y-button","ariaLabel":"Răspunde"},{"$i":"received","$v":"Primit"},{"$i":"receiver","$v":"Receptor"},{"$i":"recents","ariaLabel":"Apeluri recente"},{"$i":"reply","$v":"Răspuns"},{"$i":"resume","$v":"Reluare","ariaLabel":"Reluare"},{"$i":"search-results","$v":"Căutați rezultate"},{"$i":"seconds","$v":"secunde"},{"$i":"select-audio-sources","$v":"Selectați sursele audio"},{"$i":"send","$v":"Trimitere"},{"$i":"send-sms-button","ariaLabel":"SMS"},{"$i":"sendSms","$v":"Trimitere mesaj"},{"$i":"separator","$v":","},{"$i":"sim-number","$v":["SIM",{"t":"idOrVar","v":"n"}]},{"$i":"speaker","$v":"Difuzor"},{"$i":"speakerOption","ariaLabel":"Difuzor"},{"$i":"suggestionMatches","$v":{"few":[{"t":"idOrVar","v":"n"}," potriviri pentru \"",{"t":"idOrVar","v":"matchNumber"}],"many":[{"t":"idOrVar","v":"n"}," potriviri pentru \"",{"t":"idOrVar","v":"matchNumber"}],"one":[{"t":"idOrVar","v":"n"}," potrivire pentru \"",{"t":"idOrVar","v":"matchNumber"}],"other":[{"t":"idOrVar","v":"n"}," potriviri pentru \"",{"t":"idOrVar","v":"matchNumber"}],"two":[{"t":"idOrVar","v":"n"}," potriviri pentru \"",{"t":"idOrVar","v":"matchNumber"}]},"$x":[{"t":"idOrVar","v":"plural"},"n"]},{"$i":"switch-calls","$v":"Comutare apeluri"},{"$i":"tcl-assign","$v":"Atribuire"},{"$i":"tcl-assign-speed-dial","$v":{"$o":["Contactul nu a fost adăugat la apelarea rapidă la butonul „",{"t":"idOrVar","v":"speedDial"},"”<br></br>Atribuiți acum?"]}},{"$i":"tcl-call-log-delete-group-notification","$v":[{"t":"idOrVar","v":"n"}," intrări au fost șterse"]},{"$i":"tcl-calllog-entry-removed-err-notification","$v":"Imposibil de eliminat intrarea din jurnalul de apeluri"},{"$i":"tcl-calllog-entry-removed-succ-notification","$v":"Intrare jurnal apeluri eliminată"},{"$i":"tcl-cancel","$v":"Anulare"},{"$i":"tcl-confirmation","$v":"Confirmare"},{"$i":"tcl-delete-log","$v":"Sunteți sigur că doriți să ștergeți intrările selectate din jurnalul de apeluri?"},{"$i":"tcl-dialer","$v":"Ecran apelare"},{"$i":"tcl-edit-not-selected","$v":"selectat (0)"},{"$i":"tcl-option-menu-call-log-edit","$v":"Editați jurnal apeluri"},{"$i":"today","$v":"Azi"},{"$i":"toggleKeypad","ariaLabel":"Comutare tastatură"},{"$i":"type-your-response","placeholder":"Tastați răspunsul…"},{"$i":"unknown","$v":"Necunoscut"},{"$i":"unlock-a11y-button","ariaLabel":"Cursor"},{"$i":"ussd-services","$v":[{"t":"idOrVar","v":"operator"}," servicii"]},{"$i":"via-sim","$v":["prin SIM",{"t":"idOrVar","v":"n"}]},{"$i":"view-all","$v":"Vizualizare toate"},{"$i":"wifi-calling","$v":"Apelare Wi-Fi"},{"$i":"withheld-number","$v":"Necunoscut"},{"$i":"yesterday","$v":"Ieri"},{"$i":"SimPin2","$v":"PIN2 SIM"},{"$i":"SimPuk2","$v":"PUK2 SIM"},{"$i":"serviceClassFax","$v":"FAX"},{"$i":"serviceClassPad","$v":"PAD"},{"$i":"serviceClassSms","$v":"SMS"},{"$i":"DialModifiedToDial","$v":"Dial modified to dial"},{"$i":"DialModifiedToSs","$v":"Dial modified to SS"},{"$i":"DialModifiedToUssd","$v":"Dial modified to USSD"},{"$i":"FdnCheckFailure","$v":"Verificare Fdn nereușită"},{"$i":"IllegalSimOrMe","$v":"SIM sau ME ilegal"},{"$i":"InvalidParameter","$v":"Parametru nevalid"},{"$i":"ModeNotSupported","$v":"Mod nesuportat"},{"$i":"OpNotAllowedDuringVoiceCall","$v":"Operațiunea nu este permisă în timpul apelului vocal"},{"$i":"PasswordIncorrect","$v":"Parolă greșită"},{"$i":"RadioNotAvailable","$v":"Radio not available"},{"$i":"RejectedByRemote","$v":"Respins de la distanță"},{"$i":"RequestNotSupported","$v":"Cerere nesuportată"},{"$i":"ServiceIsDisabled","$v":"Serviciul este dezactivat"},{"$i":"ServiceIsEnabled","$v":"Serviciul este activat"},{"$i":"ServiceIsEnabledFor","$v":"Serviciul este activat pt.:"},{"$i":"SimAbsent","$v":"SIM absent"},{"$i":"SmsSendFailRetry","$v":"SMS send fail retry"},{"$i":"SsModifiedToDial","$v":"SS modificat pentru apelare"},{"$i":"SsModifiedToSs","$v":"SS modificat pentru SS"},{"$i":"SsModifiedToUssd","$v":"SS modificat pentru USSD"},{"$i":"SubscriptionNotAvailable","$v":"Abonare indisponibilă"},{"$i":"SubscriptionNotSupported","$v":"Abonare nesuportată"},{"$i":"UssdModifiedToDial","$v":"USSD modif. pentru apelare"},{"$i":"UssdModifiedToSs","$v":"USSD modificat pentru SS"},{"$i":"UssdModifiedToUssd","$v":"USSD modif. pentru USSD."},{"$i":"call-forwarding-async","$v":["Asincon: ",{"t":"idOrVar","v":"async"}]},{"$i":"call-forwarding-data","$v":["Data: ",{"t":"idOrVar","v":"data"}]},{"$i":"call-forwarding-error","$v":"A apărut o eroare la preluarea stării de redirecționare a apelului"},{"$i":"call-forwarding-fax","$v":["FAX: ",{"t":"idOrVar","v":"fax"}]},{"$i":"call-forwarding-inactive","$v":"Inactiv"},{"$i":"call-forwarding-packet","$v":["Pachet: ",{"t":"idOrVar","v":"packet"}]},{"$i":"call-forwarding-pad","$v":["PAD: ",{"t":"idOrVar","v":"pad"}]},{"$i":"call-forwarding-sms","$v":["SMS: ",{"t":"idOrVar","v":"sms"}]},{"$i":"call-forwarding-status","$v":"Stare redirecționare apel"},{"$i":"call-forwarding-sync","$v":["Sincron: ",{"t":"idOrVar","v":"sync"}]},{"$i":"call-forwarding-voice","$v":["Voce: ",{"t":"idOrVar","v":"voice"}]},{"$i":"emMmiError","$v":"Problemă de conectare sau cod MMI nevalid"},{"$i":"emMmiErrorBadPin","$v":"Codul PIN vechi pe care l-ați introdus este incorect."},{"$i":"emMmiErrorBadPuk","$v":"Codul PUK pe care l-ați tastat este incorect"},{"$i":"emMmiErrorEnablePin","$v":"Nereușit. Activași BLOCARE SIM/RUIM"},{"$i":"emMmiErrorInvalidAction","$v":"Acțiune nevalidă"},{"$i":"emMmiErrorInvalidPin","$v":"Introduceți un PIN care are între 4 și 8 cifre"},{"$i":"emMmiErrorInvalidScCode","$v":"Cod serviciu nevalid"},{"$i":"emMmiErrorMismatchPin","$v":"Codurile PIN pe care le-ați introdus nu corespund"},{"$i":"emMmiErrorMmiFdn","$v":"Operațiunea este restricț. numai la nr. permise pentru apelare"},{"$i":"emMmiErrorNeedPuk2","$v":"Introduceți codul PUK2 pentru a debloca SIM-ul"},{"$i":"emMmiErrorNeedsPuk","$v":"Cartela dvs. SIM este blocată cu codul PUK"},{"$i":"emMmiErrorNotSupported","$v":"Cod MMI nevalid sau nesuportat"},{"$i":"emMmiErrorPasswordIncorrect","$v":"Parolă incorectă"},{"$i":"emMmiErrorPinPukAttempts","$v":{"few":[{"t":"idOrVar","v":"n"}," reîncercări rămase"],"many":[{"t":"idOrVar","v":"n"}," reîncercări rămase"],"one":["Doar ",{"t":"idOrVar","v":"n"}," reîncercare rămasă."],"other":[{"t":"idOrVar","v":"n"}," reîncercări rămase"],"two":[{"t":"idOrVar","v":"n"}," reîncercări rămase"]},"$x":[{"t":"idOrVar","v":"plural"},"n"]},{"$i":"emMmiErrorSimBlocked","$v":"Numărul maxim al reintrărilor a fost depășit. SIM blocat"},{"$i":"emMmiErrorStkCcSsDial","$v":"Cererea SS este modificată în cerere APELARE"},{"$i":"emMmiErrorStkCcSsSs","$v":"Cererea SS este modificată în cerere SS nouă"},{"$i":"emMmiErrorStkCcSsUssd","$v":"Cererea SS este modificată în cerere USSD"},{"$i":"emMmiErrorStkCcUssdDial","$v":"Cererea USSD este modificată în cerere APELARE"},{"$i":"emMmiErrorStkCcUssdSs","$v":"Cererea USSD este modificată în cerere SS"},{"$i":"emMmiErrorStkCcUssdUssd","$v":"Cererea USSD este modificată în cerere USSD nouă"},{"$i":"fihVersion","$v":"Versiune FIH"},{"$i":"imeiAndSvn","$v":"IMEI și SVN"},{"$i":"internalVersion","$v":"Versiune internă"},{"$i":"serviceClassData","$v":"Date"},{"$i":"serviceClassDataAsync","$v":"Asinc"},{"$i":"serviceClassDataSync","$v":"Sinc."},{"$i":"serviceClassPacket","$v":"Pachet"},{"$i":"serviceClassVoice","$v":"Voce"},{"$i":"smClirDefaultOffNextCallOff","$v":"ID-ul apelantului este setat în mod implicit pe nerestricționat. Apelul următor: nerestricționat"},{"$i":"smClirDefaultOffNextCallOn","$v":"ID-ul apelantului este setat în mod implicit pe nerestricționat. Apelul următor: restricționat"},{"$i":"smClirDefaultOnNextCallOff","$v":"ID-ul apelantului este setat în mod implicit pe restricționat. Apelul următor: nerestricționat"},{"$i":"smClirDefaultOnNextCallOn","$v":"ID-ul apelantului setat în mod implicit pe restricț. Apelul următor: restricț."},{"$i":"smClirPermanent","$v":"Nu puteți modifica setarea ID apelant"},{"$i":"smPin2Changed","$v":"PIN2 schimbat cu succes"},{"$i":"smPin2Unblocked","$v":"PIN2 deblocat cu succes"},{"$i":"smPinChanged","$v":"PIN schimbat cu succes"},{"$i":"smPinUnblocked","$v":"PIN deblocat cu succes"},{"$i":"smServiceDisabled","$v":"Serviciul a fost dezactivat"},{"$i":"smServiceEnabled","$v":"Serviciul a fost activat"},{"$i":"smServiceEnabledFor","$v":"Serviciul a fost activat pt.:"},{"$i":"smServiceErased","$v":"Ștergerea a reușit"},{"$i":"smServiceInterrogated","$v":"Cererea s-a realizat cu succes"},{"$i":"smServiceNotProvisioned","$v":"Serviciu nefurnizat"},{"$i":"smServiceRegistered","$v":"Înregistrarea s-a realizat cu succes"},{"$i":"another","$v":"Alta"},{"$i":"current","$v":"Actual"},{"$i":"customTag","$v":"Etichetă personalizare","placeholder":"Etichetă personalizare"},{"$i":"faxHome","$v":"Fax acasă"},{"$i":"faxOffice","$v":"Fax birou"},{"$i":"faxOther","$v":"Fax altele"},{"$i":"itemWithLabel","$v":[{"t":"idOrVar","v":"label"},", ",{"t":"idOrVar","v":"item"}]},{"$i":"label","$v":"Etichetă"},{"$i":"other","$v":"Altele"},{"$i":"tcl-customTag","$v":"Etichetă personalizare"},{"$i":"dateTimeFormat_%c","$v":"%a %b %e %Y %I:%M:%S %p"},{"$i":"dateTimeFormat_%x","$v":"%m/%d/%Y"},{"$i":"days-ago-long","$v":{"few":[{"t":"idOrVar","v":"value"}," zile în urmă"],"many":[{"t":"idOrVar","v":"value"}," zile în urmă"],"one":"ieri","other":[{"t":"idOrVar","v":"value"}," zile în urmă"],"two":[{"t":"idOrVar","v":"value"}," zile în urmă"],"zero":"azi"},"$x":[{"t":"idOrVar","v":"plural"},"value"]},{"$i":"days-ago-short","$v":{"other":[{"t":"idOrVar","v":"value"},"z în urmă"],"zero":"azi"},"$x":[{"t":"idOrVar","v":"plural"},"value"]},{"$i":"days-until-long","$v":{"few":["în ",{"t":"idOrVar","v":"value"}," zile"],"many":["în ",{"t":"idOrVar","v":"value"}," zile"],"one":"mâine","other":["în ",{"t":"idOrVar","v":"value"}," zile"],"two":["în ",{"t":"idOrVar","v":"value"}," zile"],"zero":"azi"},"$x":[{"t":"idOrVar","v":"plural"},"value"]},{"$i":"days-until-short","$v":{"other":["în ",{"t":"idOrVar","v":"value"},"z"],"zero":"azi"},"$x":[{"t":"idOrVar","v":"plural"},"value"]},{"$i":"hours-ago-long","$v":{"few":[{"t":"idOrVar","v":"value"}," ore în urmă"],"many":[{"t":"idOrVar","v":"value"}," ore în urmă"],"one":"o oră în urmă","other":[{"t":"idOrVar","v":"value"}," ore în urmă"],"two":[{"t":"idOrVar","v":"value"}," ore în urmă"],"zero":"chiar acum"},"$x":[{"t":"idOrVar","v":"plural"},"value"]},{"$i":"hours-ago-short","$v":{"other":[{"t":"idOrVar","v":"value"},"h în urmă"],"zero":"chiar acum"},"$x":[{"t":"idOrVar","v":"plural"},"value"]},{"$i":"hours-until-long","$v":{"few":["în ",{"t":"idOrVar","v":"value"}," ore"],"many":["în ",{"t":"idOrVar","v":"value"}," ore"],"one":"într-o oră","other":["în ",{"t":"idOrVar","v":"value"}," ore"],"two":["în ",{"t":"idOrVar","v":"value"}," ore"],"zero":"acum"},"$x":[{"t":"idOrVar","v":"plural"},"value"]},{"$i":"hours-until-short","$v":{"other":["în ",{"t":"idOrVar","v":"value"},"h"],"zero":"acum"},"$x":[{"t":"idOrVar","v":"plural"},"value"]},{"$i":"incorrectDate","$v":"(dată incorectă)"},{"$i":"minutes-ago-long","$v":{"few":[{"t":"idOrVar","v":"value"}," minute în urmă"],"many":[{"t":"idOrVar","v":"value"}," minute în urmă"],"one":"un minut în urmă","other":[{"t":"idOrVar","v":"value"}," minute în urmă"],"two":[{"t":"idOrVar","v":"value"}," minute în urmă"],"zero":"chiar acum"},"$x":[{"t":"idOrVar","v":"plural"},"value"]},{"$i":"minutes-ago-short","$v":{"other":[{"t":"idOrVar","v":"value"},"m în urmă"],"zero":"chiar acum"},"$x":[{"t":"idOrVar","v":"plural"},"value"]},{"$i":"minutes-until-long","$v":{"few":["în ",{"t":"idOrVar","v":"value"}," minute"],"many":["în ",{"t":"idOrVar","v":"value"}," minute"],"one":"într-un minut","other":["în ",{"t":"idOrVar","v":"value"}," minute"],"two":["în ",{"t":"idOrVar","v":"value"}," minute"],"zero":"acum"},"$x":[{"t":"idOrVar","v":"plural"},"value"]},{"$i":"minutes-until-short","$v":{"other":["în ",{"t":"idOrVar","v":"value"},"m"],"zero":"acum"},"$x":[{"t":"idOrVar","v":"plural"},"value"]},{"$i":"month-0-genitive","$v":"Ianuarie"},{"$i":"month-0-long","$v":"Ianuarie"},{"$i":"month-0-short","$v":"Ian"},{"$i":"month-1-genitive","$v":"Februarie"},{"$i":"month-1-long","$v":"Februarie"},{"$i":"month-1-short","$v":"Feb"},{"$i":"month-10-genitive","$v":"Noiembrie"},{"$i":"month-10-long","$v":"Noiembrie"},{"$i":"month-10-short","$v":"Nov"},{"$i":"month-11-genitive","$v":"Decembrie"},{"$i":"month-11-long","$v":"Decembrie"},{"$i":"month-11-short","$v":"Dec"},{"$i":"month-2-genitive","$v":"Martie"},{"$i":"month-2-long","$v":"Martie"},{"$i":"month-2-short","$v":"Mar"},{"$i":"month-3-genitive","$v":"Aprilie"},{"$i":"month-3-long","$v":"Aprilie"},{"$i":"month-3-short","$v":"Apr"},{"$i":"month-4-genitive","$v":"Mai"},{"$i":"month-4-long","$v":"Mai"},{"$i":"month-4-short","$v":"Mai"},{"$i":"month-5-genitive","$v":"Iunie"},{"$i":"month-5-long","$v":"Iunie"},{"$i":"month-5-short","$v":"Iun"},{"$i":"month-6-genitive","$v":"Iulie"},{"$i":"month-6-long","$v":"Iulie"},{"$i":"month-6-short","$v":"Iul"},{"$i":"month-7-genitive","$v":"August"},{"$i":"month-7-long","$v":"August"},{"$i":"month-7-short","$v":"Aug"},{"$i":"month-8-genitive","$v":"Septembrie"},{"$i":"month-8-long","$v":"Septembrie"},{"$i":"month-8-short","$v":"Sep"},{"$i":"month-9-genitive","$v":"Octombrie"},{"$i":"month-9-long","$v":"Octombrie"},{"$i":"month-9-short","$v":"Oct"},{"$i":"months-ago-long","$v":{"few":[{"t":"idOrVar","v":"value"}," luni în urmă"],"many":[{"t":"idOrVar","v":"value"}," luni în urmă"],"one":"ultima lună","other":[{"t":"idOrVar","v":"value"}," luni în urmă"],"two":[{"t":"idOrVar","v":"value"}," luni în urmă"],"zero":"această lună"},"$x":[{"t":"idOrVar","v":"plural"},"value"]},{"$i":"months-until-long","$v":{"few":["în ",{"t":"idOrVar","v":"value"}," luni"],"many":["în ",{"t":"idOrVar","v":"value"}," luni"],"one":"luna viitoare","other":["în ",{"t":"idOrVar","v":"value"}," luni"],"two":["în ",{"t":"idOrVar","v":"value"}," luni"],"zero":"această lună"},"$x":[{"t":"idOrVar","v":"plural"},"value"]},{"$i":"shortDateTimeFormat","$v":"%x %I:%M %p"},{"$i":"shortTimeFormat","$v":"%I:%M %p"},{"$i":"shortTimeFormat12","$v":"%I:%M %p"},{"$i":"shortTimeFormat24","$v":"%H:%M"},{"$i":"time_am","$v":"AM"},{"$i":"time_pm","$v":"PM"},{"$i":"weekday-0-long","$v":"Duminică"},{"$i":"weekday-0-short","$v":"Dum"},{"$i":"weekday-1-long","$v":"Luni"},{"$i":"weekday-1-short","$v":"Lun"},{"$i":"weekday-2-long","$v":"Marți"},{"$i":"weekday-2-short","$v":"Ma"},{"$i":"weekday-3-long","$v":"Miercuri"},{"$i":"weekday-3-short","$v":"Mie"},{"$i":"weekday-4-long","$v":"Joi"},{"$i":"weekday-4-short","$v":"Joi"},{"$i":"weekday-5-long","$v":"Vineri"},{"$i":"weekday-5-short","$v":"Vi"},{"$i":"weekday-6-long","$v":"Sâmbătă"},{"$i":"weekday-6-short","$v":"Sâm"},{"$i":"weeks-ago-long","$v":{"few":[{"t":"idOrVar","v":"value"}," săptămâni în urmă"],"many":[{"t":"idOrVar","v":"value"}," săptămâni în urmă"],"one":"ultima săptămână","other":[{"t":"idOrVar","v":"value"}," săptămâni în urmă"],"two":[{"t":"idOrVar","v":"value"}," săptămâni în urmă"],"zero":"această săptămână"},"$x":[{"t":"idOrVar","v":"plural"},"value"]},{"$i":"weeks-until-long","$v":{"few":["în ",{"t":"idOrVar","v":"value"}," săptămâni"],"many":["în ",{"t":"idOrVar","v":"value"}," săptămâni"],"one":"săptămâna viitoare","other":["în ",{"t":"idOrVar","v":"value"}," săptămâni"],"two":["în ",{"t":"idOrVar","v":"value"}," săptămâni"],"zero":"această săptămână"},"$x":[{"t":"idOrVar","v":"plural"},"value"]},{"$i":"years-ago-long","$v":{"few":[{"t":"idOrVar","v":"value"}," ani în urmă"],"many":[{"t":"idOrVar","v":"value"}," ani în urmă"],"one":"ultimul an","other":[{"t":"idOrVar","v":"value"}," ani în urmă"],"two":[{"t":"idOrVar","v":"value"}," ani în urmă"],"zero":"acest an"},"$x":[{"t":"idOrVar","v":"plural"},"value"]},{"$i":"years-until-long","$v":{"few":["în ",{"t":"idOrVar","v":"value"}," ani"],"many":["în ",{"t":"idOrVar","v":"value"}," ani"],"one":"anul viitor","other":["în ",{"t":"idOrVar","v":"value"}," ani"],"two":["în ",{"t":"idOrVar","v":"value"}," ani"],"zero":"acest an"},"$x":[{"t":"idOrVar","v":"plural"},"value"]},{"$i":"dateTimeFormat_%X","$v":"%I:%M:%S %p"},{"$i":"weekStartsOnMonday","$v":"0"},{"$i":"firstDayOfTheWeek","$v":"0"}]