[{"$i":"clockDateFormat","$v":"%a, %e %b"},{"$i":"deviceIsUnlocked","$v":"Peranti dibuka kunci"},{"$i":"simUnlockCodeAccepted","$v":"Kod buka kunci SIM diterima"},{"$i":"simUnlockCodeFailed","$v":"Tidak berjaya membuka kunci SIM"},{"$i":"eccOnly","$v":"Panggilan kecemasan sahaja"},{"$i":"emergencyCallsOnly","$v":"Panggilan kecemasan sahaja"},{"$i":"lockedSim","$v":"SIM Dikunci"},{"$i":"noService","$v":"Tiada Perkhidmatan"},{"$i":"noSimCard","$v":"Tiada kad SIM"},{"$i":"searching","$v":"Mencari…"},{"$i":"airplane-mode","$v":"Mod Pesawat"},{"$i":"bluetooth","$v":"Bluetooth"},{"$i":"brightness","$v":"Kecerahan"},{"$i":"calculator","$v":"Kalkulator"},{"$i":"camera","$v":"Kamera"},{"$i":"cellular-data","$v":"Data Selular"},{"$i":"confirm-to-uninstall-app","$v":["Nyahpasang aplikasi ",{"t":"idOrVar","v":"appName"},"?"]},{"$i":"flashlight","$v":"Lampu suluh"},{"$i":"instant-settings","$v":"tetapan segera"},{"$i":"off","$v":"Matikan"},{"$i":"on","$v":"Hidupkan"},{"$i":"shortcuts","$v":"Pintasan"},{"$i":"uninstall","$v":"Nyahpasang"},{"$i":"volume","$v":"Kelantangan"},{"$i":"wifi","$v":"Wi-Fi"},{"$i":"percentage-number","$v":[{"t":"idOrVar","v":"number"},"%"]},{"$i":"all-apps","$v":"Semua aplikasi"},{"$i":"scImei","$v":"IMEI"},{"$i":"scMeid","$v":"MEID"},{"$i":"scUssd","$v":"USSD"},{"$i":"CallFailed","$v":"Panggilan gagal"},{"$i":"GenericFailure","$v":"Kegagalan generik"},{"$i":"add-smart-collections","$v":"Tambah Koleksi Pintar"},{"$i":"add-to-existing-contact","$v":"Tambah ke kenalan sedia ada"},{"$i":"alert-for-contacts-without-number","$v":"Tiada kenalan dengan nombor telefon yang tersedia."},{"$i":"app-title","$v":"Aplikasi Saya"},{"$i":"app-uninstall","$v":[{"t":"idOrVar","v":"name"}," telah dinyahpasang"]},{"$i":"assign","$v":"Peruntukkan"},{"$i":"assign-speed-dial","$v":["Kenalan tidak ditambah sebagai dail pantas pada butang ",{"t":"idOrVar","v":"n"},". Peruntukkan sekarang ?"]},{"$i":"assign-voicemail","$v":"Nombor Mel Suara belum ditetapkan."},{"$i":"call","$v":"Panggil"},{"$i":"callAirplaneModeMessage","$v":"Untuk membuat panggilan, anda perlu menyahdayakan mod pesawat dalam tetapan."},{"$i":"callAirplaneModeTitle","$v":"Mod pesawat diaktifkan"},{"$i":"cancel","$v":"Batal"},{"$i":"change-wallpaper","$v":"Tukar Kertas Dinding"},{"$i":"clocks-updated","$v":"Jam dikemas kini"},{"$i":"confirmation","$v":"Pengesahan"},{"$i":"contacts","$v":"Kenalan"},{"$i":"create-new-contact","$v":"Buat kenalan baharu"},{"$i":"delete","$v":"Padam"},{"$i":"delete-body","$v":[{"t":"idOrVar","v":"name"}," dan semua datanya akan dipadam."]},{"$i":"delete-title","$v":["Padam ",{"t":"idOrVar","v":"name"}]},{"$i":"edit","$v":"Edit"},{"$i":"edit-done","$v":"Selesai"},{"$i":"edit-group-header","$v":"Edit kumpulan"},{"$i":"edit-mode","$v":"Edit"},{"$i":"emergency-call-error","$v":[{"t":"idOrVar","v":"number"}," bukan nombor kecemasan."]},{"$i":"emergency-call-only","$v":"Panggilan Kecemasan Sahaja"},{"$i":"emergencyDialogBodyBadNumber","$v":"Untuk membuat panggilan, telefon mestilah bersambung kepada rangkaian."},{"$i":"emergencyDialogBodyDeviceNotAccepted","$v":"Panggilan kecemasan tidak dibenarkan oleh rangkaian."},{"$i":"emergencyDialogTitle","$v":"Tiada sambungan rangkaian"},{"$i":"fax-home","$v":"Faks rumah"},{"$i":"fax-office","$v":"Faks pejabat"},{"$i":"fax-other","$v":"Faks lain-lain"},{"$i":"fdnIsActiveMessage","$v":["FDN (Nombor Dailan Tetap) diaktifkan dan nombor yang berikut tiada dalam senarai FDN anda: ",{"t":"idOrVar","v":"number"}]},{"$i":"fdnIsActiveTitle","$v":"FDN aktif"},{"$i":"gaia-shortcut-app-updated","$v":"Aplikasi Dikemas kini"},{"$i":"grid-view","$v":"Paparan Grid"},{"$i":"home","$v":"Rumah"},{"$i":"homescreen-settings","$v":"Tetapan Skrin Utama"},{"$i":"invalidNumberToDialMessage","$v":"Nombor telefon yang anda panggil tidak sah."},{"$i":"invalidNumberToDialTitle","$v":"Nombor telefon tidak sah"},{"$i":"list-view","$v":"Paparan Senarai"},{"$i":"longDateFormat","$v":"%A, %B %e"},{"$i":"menu","$v":"Menu"},{"$i":"message","$v":"Mesej"},{"$i":"mobile","$v":"Mudah alih"},{"$i":"more","$v":"Lagi"},{"$i":"move","$v":"Pindahkan"},{"$i":"notifications","$v":"Notis"},{"$i":"numberIsBusyMessage","$v":"Nombor tidak tersedia pada masa ini. Sila cuba lagi kemudian."},{"$i":"numberIsBusyTitle","$v":"Nombor sibuk"},{"$i":"ok","$v":"OK"},{"$i":"option-remove","$v":"Alih keluar daripada Dail Pantas"},{"$i":"option-replace","$v":"Gantikan"},{"$i":"options","$v":"Pilihan"},{"$i":"otherConnectionInUseMessage","$v":"Anda mempunyai panggilan aktif dalam sambungan yang lain. Anda hanya boleh menggunakan satu sambungan pada satu-satu masa."},{"$i":"otherConnectionInUseTitle","$v":"Sambungan yang satu lagi sedang digunakan"},{"$i":"personal","$v":"Peribadi"},{"$i":"remove","$v":"Alih keluar"},{"$i":"remove-speed-dial","$v":["Adakah anda pasti anda ingin mengalih keluar ",{"t":"idOrVar","v":"name"}," daripada Dail Pantas ?"]},{"$i":"replace","$v":"Gantikan"},{"$i":"replace-speed-dial","$v":["Adakah anda pasti anda ingin menggantikan ",{"t":"idOrVar","v":"name"}," dengan ",{"t":"idOrVar","v":"subName"}," ?"]},{"$i":"resume-download-action","$v":"Muat turun"},{"$i":"resume-download-body","$v":["Adakah anda ingin memuat turun ",{"t":"idOrVar","v":"name"},"?"]},{"$i":"resume-download-title","$v":"Mulakan Semula Muat Turun"},{"$i":"scCallBarring","$v":"Sekatan panggilan"},{"$i":"scCallForwarding","$v":"Pemajuan panggilan"},{"$i":"scCallWaiting","$v":"Panggilan menunggu"},{"$i":"scClip","$v":"ID Pemanggil Masuk"},{"$i":"scClir","$v":"ID Pemanggil Keluar"},{"$i":"scPin","$v":"Menukar PIN"},{"$i":"scPin2","$v":"Menukar PIN2"},{"$i":"scPuk","$v":"Nyahsekat PIN"},{"$i":"scPuk2","$v":"Nyahsekat PIN2"},{"$i":"scPwd","$v":"Penukaran kata laluan"},{"$i":"search-or-enter-address","placeholder":"Buat carian atau masukkan alamat"},{"$i":"select","$v":"Pilih"},{"$i":"sending","$v":"Menghantar…"},{"$i":"set","$v":"Tetapkan"},{"$i":"settings","$v":"Tetapan"},{"$i":"single-view","$v":"Paparan Tunggal"},{"$i":"skip","$v":"Langkau"},{"$i":"speed-dial","$v":"Dail Pantas"},{"$i":"speed-dial-empty","ariaLabel":[{"t":"idOrVar","v":"order"},", kosong"]},{"$i":"speed-dial-not-empty","ariaLabel":[{"t":"idOrVar","v":"order"},", ",{"t":"idOrVar","v":"name"}]},{"$i":"stop-download-action","$v":"Henti"},{"$i":"stop-download-body","$v":"Adakah anda ingin menghentikan muat turun yang sedang berjalan?"},{"$i":"stop-download-title","$v":["Hentikan ",{"t":"idOrVar","v":"name"}]},{"$i":"tcl-wallpaper-changed","$v":"Kertas dinding ditukar"},{"$i":"video-call","$v":"Panggilan video"},{"$i":"voicemail","$v":"Mel suara"},{"$i":"work","$v":"Kerja"},{"$i":"apps","$v":"Aplikasi"},{"$i":"nocard-eccOnly","$v":"No SIM card-Emergency calls only"},{"$i":"unusablecard-eccOnly","$v":"Unusable SIM card-Emergency calls only"},{"$i":"apn-sim1","$v":"Tetapan APN - SIM1"},{"$i":"apn-sim2","$v":"Tetapan APN - SIM2"},{"$i":"apnConfigPrepay","$v":"Prabayar"},{"$i":"apnConfigPostpay","$v":"Pascabayar"},{"$i":"apn-defaultconfig-message","$v":"Tetap jenis APN mana untuk ditunjukkan"},{"$i":"apnDefaultConfig","$v":"Konfig Lalai APN"},{"$i":"without-sim-new","$v":[{"t":"idOrVar","v":"index"}]},{"$i":"with-sim-new","$v":[{"t":"idOrVar","v":"index"}," - ",{"t":"idOrVar","v":"carrier"}]},{"$i":"sim-with-index-and-carrier","$v":["SIM ",{"t":"idOrVar","v":"index"}," - ",{"t":"idOrVar","v":"carrier"}]},{"$i":"sim-without-carrier","$v":["SIM ",{"t":"idOrVar","v":"index"}]},{"$i":"call-forwarding-voice-after-seconds","$v":["Suara: ",{"t":"idOrVar","v":"voice"}," selepas ",{"t":"idOrVar","v":"timeSeconds"}," saat"]},{"$i":"addNewNumber","$v":"Tambah nombor baharu"},{"$i":"addToExistingContact","$v":"Tambah ke kenalan sedia ada"},{"$i":"all","$v":"Semua","ariaLabel":"Semua"},{"$i":"bluetooth-handsfree-device","$v":"Peranti bebas tangan Bluetooth"},{"$i":"bluetoothOption","ariaLabel":"Bluetooth"},{"$i":"callDurationHours","$v":[{"t":"idOrVar","v":"h"},":",{"t":"idOrVar","v":"m"},":",{"t":"idOrVar","v":"s"}]},{"$i":"callDurationMinutes","$v":[{"t":"idOrVar","v":"m"},":",{"t":"idOrVar","v":"s"}]},{"$i":"callDurationTextFormatHours","$v":[{"t":"idOrVar","v":"h"}," j ",{"t":"idOrVar","v":"m"}," m ",{"t":"idOrVar","v":"s"}," s"]},{"$i":"callDurationTextFormatMinutes","$v":[{"t":"idOrVar","v":"m"}," m ",{"t":"idOrVar","v":"s"}," s"]},{"$i":"callDurationTextFormatSeconds","$v":[{"t":"idOrVar","v":"s"}," s"]},{"$i":"callEnded","$v":"Panggilan Tamat"},{"$i":"callInformation","$v":"Maklumat Panggilan"},{"$i":"callLog","$v":"Log panggilan"},{"$i":"callLogEdit","title":"Edit log panggilan"},{"$i":"callLogEditDialog","ariaLabel":"Edit dialog log panggilan"},{"$i":"caller-left-call","$v":[{"t":"idOrVar","v":"caller"}," telah meninggalkan panggilan."]},{"$i":"calllog-all","$v":"Semua"},{"$i":"calllog-deselectAll","$v":"Nyahpilih Semua"},{"$i":"calllog-none","$v":"Tiada"},{"$i":"calllog-selectAll","$v":"Pilih Semua"},{"$i":"canceled","$v":"Dibatalkan"},{"$i":"clear-all-text","$v":"Padam bersih semua teks"},{"$i":"close","$v":"Tutup"},{"$i":"composeEmail","ariaLabel":"E-mel"},{"$i":"conferenceAddError","$v":"Tidak dapat gabungkan panggilan"},{"$i":"conferenceCall","$v":["Persidangan (",{"t":"idOrVar","v":"n"},")"]},{"$i":"conferenceRemoveError","$v":"Tidak dapat nyahgabungkan panggilan"},{"$i":"confirm-deletion","$v":"Padam bersih panggilan yang dipilih?"},{"$i":"connecting","$v":"Menyambung"},{"$i":"connectingEllipsis","$v":"Menyambung…"},{"$i":"contactDetails","$v":"Butiran kenalan"},{"$i":"createNewContact","$v":"Buat kenalan baharu"},{"$i":"delete-n-log?","$v":{"few":["Padam ",{"t":"idOrVar","v":"n"}," log?"],"many":["Padam ",{"t":"idOrVar","v":"n"}," log?"],"one":"Padam log yang dipilih?","other":["Padam ",{"t":"idOrVar","v":"n"}," log?"],"two":["Padam ",{"t":"idOrVar","v":"n"}," log?"],"zero":"Tiada yang dipilih"},"$x":[{"t":"idOrVar","v":"plural"},"n"]},{"$i":"deselect","$v":"Nyahpilih"},{"$i":"dialed","$v":"Didail"},{"$i":"dialer-prompt","$v":"Dail nombor atau pilih kenalan untuk ditambah pada panggilan"},{"$i":"dialerAddContact","ariaLabel":"Tambah kenalan"},{"$i":"dialerAddContactDialog","ariaLabel":"Tambah Dialog Kenalan"},{"$i":"edit-selected","$v":{"few":["memilih(",{"t":"idOrVar","v":"n"},")"],"many":["memilih(",{"t":"idOrVar","v":"n"},")"],"one":["memilih(",{"t":"idOrVar","v":"n"},")"],"other":["memilih(",{"t":"idOrVar","v":"n"},")"],"two":["memilih(",{"t":"idOrVar","v":"n"},")"]},"$x":[{"t":"idOrVar","v":"plural"},"n"]},{"$i":"emailDetail","ariaLabel":"E-mel"},{"$i":"from-contact","$v":["Daripada ",{"t":"idOrVar","v":"contact"}]},{"$i":"from-number","$v":["Daripada ",{"t":"idOrVar","v":"number"}]},{"$i":"from-withheld-number","$v":"Daripada nombor tidak dikenali"},{"$i":"hangup-a11y-button","ariaLabel":"Letakkan Telefon"},{"$i":"hide","$v":"Sembunyikan"},{"$i":"hideKeypad","ariaLabel":"Sembunyikan pad kekunci"},{"$i":"hold","ariaLabel":"Tunda"},{"$i":"hours","$v":"jam"},{"$i":"ignore","$v":"Abaikan Panggilan"},{"$i":"incoming","$v":"Masuk"},{"$i":"incoming-call","$v":"Panggilan masuk"},{"$i":"info-missed","$v":"Tidak dijawab"},{"$i":"keypad","ariaLabel":"Pad kekunci"},{"$i":"log-item","$v":"Pilihan"},{"$i":"makeCall","ariaLabel":"Buat panggilan"},{"$i":"merge","ariaLabel":"Gabungkan"},{"$i":"minutes","$v":"minit"},{"$i":"missed","$v":"Tidak dijawab","ariaLabel":"Tidak dijawab"},{"$i":"missedCall","$v":"Panggilan tidak dijawab"},{"$i":"missedCallMultiSims","$v":["(SIM ",{"t":"idOrVar","v":"n"},") Panggilan tidak dijawab"]},{"$i":"mmi-error","$v":"Ralat berlaku ketika menghantar mesej"},{"$i":"mmi-notification-title-with-sim","$v":["(",{"t":"idOrVar","v":"sim"},") ",{"t":"idOrVar","v":"title"}]},{"$i":"mmi-session-expired","$v":"Sesi tamat tempoh"},{"$i":"mmi-successfully-sent","$v":"Mesej berjaya dihantar"},{"$i":"mute","ariaLabel":"Senyapkan"},{"$i":"newCall","ariaLabel":"Panggilan baharu"},{"$i":"no-logs-msg-1","$v":"Tiada panggilan direkodkan"},{"$i":"no-logs-msg-2","$v":"Mula berkomunikasi sekarang"},{"$i":"no-logs-msg-3","$v":"Tiada panggilan direkodkan"},{"$i":"no-logs-msg-4","$v":"Mula berkomunikasi sekarang"},{"$i":"no-recent-numbers","$v":"Tiada nombor terbaharu dalam Log Panggilan untuk didail."},{"$i":"onHoldOption","ariaLabel":"Ditunda"},{"$i":"outgoing","$v":"Keluar"},{"$i":"outgoing-call","$v":"Panggilan keluar"},{"$i":"phoneDetail","ariaLabel":"Telefon"},{"$i":"pickup-a11y-button","ariaLabel":"Angkat"},{"$i":"received","$v":"Diterima"},{"$i":"receiver","$v":"Penerima"},{"$i":"recents","ariaLabel":"Panggilan terbaharu"},{"$i":"reply","$v":"Balas"},{"$i":"resume","$v":"Sambung semula","ariaLabel":"Sambung semula"},{"$i":"search-results","$v":"Hasil Carian"},{"$i":"seconds","$v":"saat"},{"$i":"select-audio-sources","$v":"Pilih sumber audio"},{"$i":"send","$v":"Hantar"},{"$i":"send-sms-button","ariaLabel":"SMS"},{"$i":"sendSms","$v":"Hantar Mesej"},{"$i":"separator","$v":","},{"$i":"sim-number","$v":["SIM",{"t":"idOrVar","v":"n"}]},{"$i":"speaker","$v":"Pembesar suara"},{"$i":"speakerOption","ariaLabel":"Pembesar suara"},{"$i":"suggestionMatches","$v":{"few":[{"t":"idOrVar","v":"n"}," padanan untuk \"",{"t":"idOrVar","v":"matchNumber"}],"many":[{"t":"idOrVar","v":"n"}," padanan untuk \"",{"t":"idOrVar","v":"matchNumber"}],"one":[{"t":"idOrVar","v":"n"}," padanan untuk \"",{"t":"idOrVar","v":"matchNumber"}],"other":[{"t":"idOrVar","v":"n"}," padanan untuk \"",{"t":"idOrVar","v":"matchNumber"}],"two":[{"t":"idOrVar","v":"n"}," padanan untuk \"",{"t":"idOrVar","v":"matchNumber"}]},"$x":[{"t":"idOrVar","v":"plural"},"n"]},{"$i":"switch-calls","$v":"Tukar panggilan"},{"$i":"tcl-assign","$v":"Peruntukkan"},{"$i":"tcl-assign-speed-dial","$v":{"$o":["Kenalan tidak ditambah sebagai Dail Pantas pada butang \"",{"t":"idOrVar","v":"speedDial"},"\"<br><br>Peruntukkan sekarang?"]}},{"$i":"tcl-call-log-delete-group-notification","$v":[{"t":"idOrVar","v":"n"}," masukan dipadam"]},{"$i":"tcl-calllog-entry-removed-err-notification","$v":"Tidak boleh mengalih keluar masukan Log Panggilan"},{"$i":"tcl-calllog-entry-removed-succ-notification","$v":"Masukan Log panggilan dialih keluar"},{"$i":"tcl-cancel","$v":"Batal"},{"$i":"tcl-confirmation","$v":"Pengesahan"},{"$i":"tcl-delete-log","$v":"Adakah anda pasti ingin memadam masukan terpilih daripada Log Panggilan?"},{"$i":"tcl-dialer","$v":"Pendail"},{"$i":"tcl-edit-not-selected","$v":"dipilih(0)"},{"$i":"tcl-option-menu-call-log-edit","$v":"Edit Log panggilan"},{"$i":"today","$v":"Hari ini"},{"$i":"toggleKeypad","ariaLabel":"Togol pad kekunci"},{"$i":"type-your-response","placeholder":"Taipkan respons anda…"},{"$i":"unknown","$v":"Tidak diketahui"},{"$i":"unlock-a11y-button","ariaLabel":"Penggelangsar"},{"$i":"ussd-services","$v":["Perkhidmatan ",{"t":"idOrVar","v":"operator"}]},{"$i":"via-sim","$v":["melalui SIM",{"t":"idOrVar","v":"n"}]},{"$i":"view-all","$v":"Lihat semua"},{"$i":"wifi-calling","$v":"Panggilan Wi-Fi"},{"$i":"withheld-number","$v":"Tidak diketahui"},{"$i":"yesterday","$v":"Semalam"},{"$i":"SimPin2","$v":"PIN2 SIM"},{"$i":"SimPuk2","$v":"PUK2 SIM"},{"$i":"serviceClassFax","$v":"FAKS"},{"$i":"serviceClassPad","$v":"PAD"},{"$i":"serviceClassSms","$v":"SMS"},{"$i":"DialModifiedToDial","$v":"Dail diubah suai kepada dail"},{"$i":"DialModifiedToSs","$v":"Dail diubah suai kepada SS"},{"$i":"DialModifiedToUssd","$v":"Dail diubah suai kepada USSD"},{"$i":"FdnCheckFailure","$v":"Kegagalan pemeriksaan fdn"},{"$i":"IllegalSimOrMe","$v":"SIM atau ME tidak sah"},{"$i":"InvalidParameter","$v":"Parameter tidak sah"},{"$i":"ModeNotSupported","$v":"Mod tidak disokong"},{"$i":"OpNotAllowedDuringVoiceCall","$v":"Operasi tidak dibenarkan ketika panggilan suara"},{"$i":"PasswordIncorrect","$v":"Kata laluan salah"},{"$i":"RadioNotAvailable","$v":"Radio tidak tersedia"},{"$i":"RejectedByRemote","$v":"Ditolak oleh yang jauh"},{"$i":"RequestNotSupported","$v":"Permintaan tidak disokong"},{"$i":"ServiceIsDisabled","$v":"Perkhidmatan dinyahdayakan"},{"$i":"ServiceIsEnabled","$v":"Perkhidmatan didayakan"},{"$i":"ServiceIsEnabledFor","$v":"Perkhidmatan didayakan untuk:"},{"$i":"SimAbsent","$v":"Tiada SIM"},{"$i":"SmsSendFailRetry","$v":"Gagal hantar SMS cuba semula"},{"$i":"SsModifiedToDial","$v":"SS diubah suai kepada dail"},{"$i":"SsModifiedToSs","$v":"SS diubah suai kepada SS"},{"$i":"SsModifiedToUssd","$v":"SS diubah suai kepada USSD"},{"$i":"SubscriptionNotAvailable","$v":"Langganan tidak tersedia"},{"$i":"SubscriptionNotSupported","$v":"Langganan tidak disokong"},{"$i":"UssdModifiedToDial","$v":"USSD diubah suai kepada dail"},{"$i":"UssdModifiedToSs","$v":"USSD diubah suai kepada SS"},{"$i":"UssdModifiedToUssd","$v":"USSD diubah suai kepada USSD"},{"$i":"call-forwarding-async","$v":["Tak segerak: ",{"t":"idOrVar","v":"async"}]},{"$i":"call-forwarding-data","$v":["Data: ",{"t":"idOrVar","v":"data"}]},{"$i":"call-forwarding-error","$v":"Ralat berlaku ketika mendapatkan semula status pemajuan panggilan"},{"$i":"call-forwarding-fax","$v":["FAKS: ",{"t":"idOrVar","v":"fax"}]},{"$i":"call-forwarding-inactive","$v":"Tidak aktif"},{"$i":"call-forwarding-packet","$v":["Paket: ",{"t":"idOrVar","v":"packet"}]},{"$i":"call-forwarding-pad","$v":["PAD: ",{"t":"idOrVar","v":"pad"}]},{"$i":"call-forwarding-sms","$v":["SMS: ",{"t":"idOrVar","v":"sms"}]},{"$i":"call-forwarding-status","$v":"Status pemajuan panggilan"},{"$i":"call-forwarding-sync","$v":["Segerak: ",{"t":"idOrVar","v":"sync"}]},{"$i":"call-forwarding-voice","$v":["Suara: ",{"t":"idOrVar","v":"voice"}]},{"$i":"emMmiError","$v":"Masalah sambungan atau kod MMI tidak sah"},{"$i":"emMmiErrorBadPin","$v":"PIN lama yang anda taip tidak betul."},{"$i":"emMmiErrorBadPuk","$v":"PUK yang anda taip tidak betul"},{"$i":"emMmiErrorEnablePin","$v":"Tidak berjaya. Dayakan KUNCI SIM/RUIM"},{"$i":"emMmiErrorInvalidAction","$v":"Tindakan tidak sah"},{"$i":"emMmiErrorInvalidPin","$v":"Taipkan PIN yang 4 hingga 8 nombor"},{"$i":"emMmiErrorInvalidScCode","$v":"Kod perkhidmatan tidak sah"},{"$i":"emMmiErrorMismatchPin","$v":"PIN yang anda taipkan tidak sepadan"},{"$i":"emMmiErrorMmiFdn","$v":"Pengendalian dihadkan kepada nombor dailan tetap sahaja"},{"$i":"emMmiErrorNeedPuk2","$v":"Taipkan PUK2 untuk nyahsekat kad SIM"},{"$i":"emMmiErrorNeedsPuk","$v":"Kad SIM anda dikunci PUK"},{"$i":"emMmiErrorNotSupported","$v":"Kod MMI Tidak sah atau Tidak disokong"},{"$i":"emMmiErrorPasswordIncorrect","$v":"Kata Laluan Salah"},{"$i":"emMmiErrorPinPukAttempts","$v":{"few":["Tinggal ",{"t":"idOrVar","v":"n"}," cubaan semula"],"many":["Tinggal ",{"t":"idOrVar","v":"n"}," cubaan semula"],"one":["Tinggal ",{"t":"idOrVar","v":"n"}," cubaan semula sahaja"],"other":["Tinggal ",{"t":"idOrVar","v":"n"}," cubaan semula"],"two":["Tinggal ",{"t":"idOrVar","v":"n"}," cubaan semula"]},"$x":[{"t":"idOrVar","v":"plural"},"n"]},{"$i":"emMmiErrorSimBlocked","$v":"Melebihi bilangan maksimum cubaan. SIM disekat"},{"$i":"emMmiErrorStkCcSsDial","$v":"Permintaan SS diubah suai kepada permintaan DAIL"},{"$i":"emMmiErrorStkCcSsSs","$v":"Permintaan SS diubah suai kepada permintaan SS baharu"},{"$i":"emMmiErrorStkCcSsUssd","$v":"Permintaan SS diubah suai kepada permintaan USSD"},{"$i":"emMmiErrorStkCcUssdDial","$v":"Permintaan USSD diubah suai kepada permintaan DAIL"},{"$i":"emMmiErrorStkCcUssdSs","$v":"Permintaan USSD diubah suai kepada permintaan SS"},{"$i":"emMmiErrorStkCcUssdUssd","$v":"Permintaan USSD diubah suai kepada permintaan USSD baharu"},{"$i":"fihVersion","$v":"Versi FIH"},{"$i":"imeiAndSvn","$v":"IMEI dan SVN"},{"$i":"internalVersion","$v":"Versi Dalaman"},{"$i":"serviceClassData","$v":"Data"},{"$i":"serviceClassDataAsync","$v":"Tak segerak"},{"$i":"serviceClassDataSync","$v":"Segerakkan"},{"$i":"serviceClassPacket","$v":"Paket"},{"$i":"serviceClassVoice","$v":"Suara"},{"$i":"smClirDefaultOffNextCallOff","$v":"ID pemanggil menjadi lalai kepada tidak disekat. Panggilan seterusnya: Tidak disekat"},{"$i":"smClirDefaultOffNextCallOn","$v":"ID pemanggil menjadi lalai kepada tidak disekat. Panggilan seterusnya: Disekat"},{"$i":"smClirDefaultOnNextCallOff","$v":"ID pemanggil menjadi lalai kepada disekat. Panggilan seterusnya: Tidak disekat"},{"$i":"smClirDefaultOnNextCallOn","$v":"ID pemanggil menjadi lalai kepada disekat. Panggilan seterusnya: Disekat"},{"$i":"smClirPermanent","$v":"Anda tidak boleh mengubah tetapan ID pemanggil"},{"$i":"smPin2Changed","$v":"PIN2 berjaya ditukar"},{"$i":"smPin2Unblocked","$v":"PIN2 berjaya dinyahsekat"},{"$i":"smPinChanged","$v":"PIN berjaya ditukar"},{"$i":"smPinUnblocked","$v":"PIN berjaya dinyahsekat"},{"$i":"smServiceDisabled","$v":"Perkhidmatan telah dinyahdayakan"},{"$i":"smServiceEnabled","$v":"Perkhidmatan telah didayakan"},{"$i":"smServiceEnabledFor","$v":"Perkhidmatan telah didayakan untuk:"},{"$i":"smServiceErased","$v":"Pemadaman berjaya"},{"$i":"smServiceInterrogated","$v":"Permintaan berjaya"},{"$i":"smServiceNotProvisioned","$v":"Perkhidmatan tidak diperuntukkan"},{"$i":"smServiceRegistered","$v":"Pendaftaran berjaya"},{"$i":"another","$v":"Yang lain"},{"$i":"current","$v":"Semasa"},{"$i":"customTag","$v":"Tag tersuai","placeholder":"Tag tersuai"},{"$i":"faxHome","$v":"Faks rumah"},{"$i":"faxOffice","$v":"Faks pejabat"},{"$i":"faxOther","$v":"Faks lain-lain"},{"$i":"itemWithLabel","$v":[{"t":"idOrVar","v":"label"},", ",{"t":"idOrVar","v":"item"}]},{"$i":"label","$v":"Label"},{"$i":"other","$v":"Lain-lain"},{"$i":"tcl-customTag","$v":"Tag tersuai"},{"$i":"dateTimeFormat_%c","$v":"%a %b %e %Y %I:%M:%S %p"},{"$i":"dateTimeFormat_%x","$v":"%m/%d/%Y"},{"$i":"days-ago-long","$v":{"few":[{"t":"idOrVar","v":"value"}," hari yang lalu"],"many":[{"t":"idOrVar","v":"value"}," hari yang lalu"],"one":"semalam","other":[{"t":"idOrVar","v":"value"}," hari yang lalu"],"two":[{"t":"idOrVar","v":"value"}," hari yang lalu"],"zero":"hari ini"},"$x":[{"t":"idOrVar","v":"plural"},"value"]},{"$i":"days-ago-short","$v":{"other":[{"t":"idOrVar","v":"value"},"h yang lalu"],"zero":"hari ini"},"$x":[{"t":"idOrVar","v":"plural"},"value"]},{"$i":"days-until-long","$v":{"few":["dalam ",{"t":"idOrVar","v":"value"}," hari"],"many":["dalam ",{"t":"idOrVar","v":"value"}," hari"],"one":"esok","other":["dalam ",{"t":"idOrVar","v":"value"}," hari"],"two":["dalam ",{"t":"idOrVar","v":"value"}," hari"],"zero":"hari ini"},"$x":[{"t":"idOrVar","v":"plural"},"value"]},{"$i":"days-until-short","$v":{"other":["dalam ",{"t":"idOrVar","v":"value"},"h"],"zero":"hari ini"},"$x":[{"t":"idOrVar","v":"plural"},"value"]},{"$i":"hours-ago-long","$v":{"few":[{"t":"idOrVar","v":"value"}," jam yang lalu"],"many":[{"t":"idOrVar","v":"value"}," jam yang lalu"],"one":"sejam yang lalu","other":[{"t":"idOrVar","v":"value"}," jam yang lalu"],"two":[{"t":"idOrVar","v":"value"}," jam yang lalu"],"zero":"sebentar tadi"},"$x":[{"t":"idOrVar","v":"plural"},"value"]},{"$i":"hours-ago-short","$v":{"other":[{"t":"idOrVar","v":"value"},"j yang lalu"],"zero":"sebentar tadi"},"$x":[{"t":"idOrVar","v":"plural"},"value"]},{"$i":"hours-until-long","$v":{"few":["dalam ",{"t":"idOrVar","v":"value"}," jam"],"many":["dalam ",{"t":"idOrVar","v":"value"}," jam"],"one":"dalam masa sejam","other":["dalam ",{"t":"idOrVar","v":"value"}," jam"],"two":["dalam ",{"t":"idOrVar","v":"value"}," jam"],"zero":"sekarang"},"$x":[{"t":"idOrVar","v":"plural"},"value"]},{"$i":"hours-until-short","$v":{"other":["dalam ",{"t":"idOrVar","v":"value"},"j"],"zero":"sekarang"},"$x":[{"t":"idOrVar","v":"plural"},"value"]},{"$i":"incorrectDate","$v":"(tarikh salah)"},{"$i":"minutes-ago-long","$v":{"few":[{"t":"idOrVar","v":"value"}," minit yang lalu"],"many":[{"t":"idOrVar","v":"value"}," minit yang lalu"],"one":"seminit yang lalu","other":[{"t":"idOrVar","v":"value"}," minit yang lalu"],"two":[{"t":"idOrVar","v":"value"}," minit yang lalu"],"zero":"sebentar tadi"},"$x":[{"t":"idOrVar","v":"plural"},"value"]},{"$i":"minutes-ago-short","$v":{"other":[{"t":"idOrVar","v":"value"},"m yang lalu"],"zero":"sebentar tadi"},"$x":[{"t":"idOrVar","v":"plural"},"value"]},{"$i":"minutes-until-long","$v":{"few":["dalam ",{"t":"idOrVar","v":"value"}," minit"],"many":["dalam ",{"t":"idOrVar","v":"value"}," minit"],"one":"dalam masa seminit","other":["dalam ",{"t":"idOrVar","v":"value"}," minit"],"two":["dalam ",{"t":"idOrVar","v":"value"}," minit"],"zero":"sekarang"},"$x":[{"t":"idOrVar","v":"plural"},"value"]},{"$i":"minutes-until-short","$v":{"other":["dalam ",{"t":"idOrVar","v":"value"},"m"],"zero":"sekarang"},"$x":[{"t":"idOrVar","v":"plural"},"value"]},{"$i":"month-0-genitive","$v":"Januari"},{"$i":"month-0-long","$v":"Januari"},{"$i":"month-0-short","$v":"Jan"},{"$i":"month-1-genitive","$v":"Februari"},{"$i":"month-1-long","$v":"Februari"},{"$i":"month-1-short","$v":"Feb"},{"$i":"month-10-genitive","$v":"November"},{"$i":"month-10-long","$v":"November"},{"$i":"month-10-short","$v":"Nov"},{"$i":"month-11-genitive","$v":"Disember"},{"$i":"month-11-long","$v":"Disember"},{"$i":"month-11-short","$v":"Dis"},{"$i":"month-2-genitive","$v":"Mac"},{"$i":"month-2-long","$v":"Mac"},{"$i":"month-2-short","$v":"Mac"},{"$i":"month-3-genitive","$v":"April"},{"$i":"month-3-long","$v":"April"},{"$i":"month-3-short","$v":"Apr"},{"$i":"month-4-genitive","$v":"Mei"},{"$i":"month-4-long","$v":"Mei"},{"$i":"month-4-short","$v":"Mei"},{"$i":"month-5-genitive","$v":"Jun"},{"$i":"month-5-long","$v":"Jun"},{"$i":"month-5-short","$v":"Jun"},{"$i":"month-6-genitive","$v":"Julai"},{"$i":"month-6-long","$v":"Julai"},{"$i":"month-6-short","$v":"Jul"},{"$i":"month-7-genitive","$v":"Ogos"},{"$i":"month-7-long","$v":"Ogos"},{"$i":"month-7-short","$v":"Ogo"},{"$i":"month-8-genitive","$v":"September"},{"$i":"month-8-long","$v":"September"},{"$i":"month-8-short","$v":"Sep"},{"$i":"month-9-genitive","$v":"Oktober"},{"$i":"month-9-long","$v":"Oktober"},{"$i":"month-9-short","$v":"Okt"},{"$i":"months-ago-long","$v":{"few":[{"t":"idOrVar","v":"value"}," bulan yang lalu"],"many":[{"t":"idOrVar","v":"value"}," bulan yang lalu"],"one":"bulan lepas","other":[{"t":"idOrVar","v":"value"}," bulan yang lalu"],"two":[{"t":"idOrVar","v":"value"}," bulan yang lalu"],"zero":"bulan ini"},"$x":[{"t":"idOrVar","v":"plural"},"value"]},{"$i":"months-until-long","$v":{"few":["dalam ",{"t":"idOrVar","v":"value"}," bulan"],"many":["dalam ",{"t":"idOrVar","v":"value"}," bulan"],"one":"bulan depan","other":["dalam ",{"t":"idOrVar","v":"value"}," bulan"],"two":["dalam ",{"t":"idOrVar","v":"value"}," bulan"],"zero":"bulan ini"},"$x":[{"t":"idOrVar","v":"plural"},"value"]},{"$i":"shortDateTimeFormat","$v":"%x %I:%M %p"},{"$i":"shortTimeFormat","$v":"%I:%M %p"},{"$i":"shortTimeFormat12","$v":"%I:%M %p"},{"$i":"shortTimeFormat24","$v":"%H:%M"},{"$i":"time_am","$v":"AM"},{"$i":"time_pm","$v":"PM"},{"$i":"weekday-0-long","$v":"Ahad"},{"$i":"weekday-0-short","$v":"Aha"},{"$i":"weekday-1-long","$v":"Isnin"},{"$i":"weekday-1-short","$v":"Isn"},{"$i":"weekday-2-long","$v":"Selasa"},{"$i":"weekday-2-short","$v":"Sel"},{"$i":"weekday-3-long","$v":"Rabu"},{"$i":"weekday-3-short","$v":"Rab"},{"$i":"weekday-4-long","$v":"Khamis"},{"$i":"weekday-4-short","$v":"Kha"},{"$i":"weekday-5-long","$v":"Jumaat"},{"$i":"weekday-5-short","$v":"Jum"},{"$i":"weekday-6-long","$v":"Sabtu"},{"$i":"weekday-6-short","$v":"Sab"},{"$i":"weeks-ago-long","$v":{"few":[{"t":"idOrVar","v":"value"}," minggu yang lalu"],"many":[{"t":"idOrVar","v":"value"}," minggu yang lalu"],"one":"minggu lepas","other":[{"t":"idOrVar","v":"value"}," minggu yang lalu"],"two":[{"t":"idOrVar","v":"value"}," minggu yang lalu"],"zero":"minggu ini"},"$x":[{"t":"idOrVar","v":"plural"},"value"]},{"$i":"weeks-until-long","$v":{"few":["dalam ",{"t":"idOrVar","v":"value"}," minggu"],"many":["dalam ",{"t":"idOrVar","v":"value"}," minggu"],"one":"minggu depan","other":["dalam ",{"t":"idOrVar","v":"value"}," minggu"],"two":["dalam ",{"t":"idOrVar","v":"value"}," minggu"],"zero":"minggu ini"},"$x":[{"t":"idOrVar","v":"plural"},"value"]},{"$i":"years-ago-long","$v":{"few":[{"t":"idOrVar","v":"value"}," tahun yang lalu"],"many":[{"t":"idOrVar","v":"value"}," tahun yang lalu"],"one":"tahun lepas","other":[{"t":"idOrVar","v":"value"}," tahun yang lalu"],"two":[{"t":"idOrVar","v":"value"}," tahun yang lalu"],"zero":"tahun ini"},"$x":[{"t":"idOrVar","v":"plural"},"value"]},{"$i":"years-until-long","$v":{"few":["dalam ",{"t":"idOrVar","v":"value"}," tahun"],"many":["dalam ",{"t":"idOrVar","v":"value"}," tahun"],"one":"tahun depan","other":["dalam ",{"t":"idOrVar","v":"value"}," tahun"],"two":["dalam ",{"t":"idOrVar","v":"value"}," tahun"],"zero":"tahun ini"},"$x":[{"t":"idOrVar","v":"plural"},"value"]},{"$i":"dateTimeFormat_%X","$v":"%I:%M:%S %p"},{"$i":"weekStartsOnMonday","$v":"0"},{"$i":"firstDayOfTheWeek","$v":"0"}]