[{"$i":"clockDateFormat","$v":"%a, %e %b"},{"$i":"deviceIsUnlocked","$v":"Device is unlocked"},{"$i":"simUnlockCodeAccepted","$v":"SIM unlock code accepted"},{"$i":"simUnlockCodeFailed","$v":"SIM unlock unsuccessful"},{"$i":"eccOnly","$v":"Bare nødanrop"},{"$i":"emergencyCallsOnly","$v":"Kun nødanrop"},{"$i":"lockedSim","$v":"Låst SIM"},{"$i":"noService","$v":"Ingen dekning"},{"$i":"noSimCard","$v":"Ingen SIM-kort"},{"$i":"searching","$v":"Søker…"},{"$i":"airplane-mode","$v":"Flymodus"},{"$i":"bluetooth","$v":"Bluetooth"},{"$i":"brightness","$v":"Lysstyrke"},{"$i":"calculator","$v":"Kalkulator"},{"$i":"camera","$v":"Kamera"},{"$i":"cellular-data","$v":"Mobildata"},{"$i":"confirm-to-uninstall-app","$v":["Avinstallere appen ",{"t":"idOrVar","v":"appName"},"?"]},{"$i":"flashlight","$v":"Lommelykt"},{"$i":"instant-settings","$v":"øyeblikkelige innstillinger"},{"$i":"off","$v":"Av"},{"$i":"on","$v":"På"},{"$i":"shortcuts","$v":"Snarveier"},{"$i":"uninstall","$v":"Avinstaller"},{"$i":"volume","$v":"Volum"},{"$i":"wifi","$v":"Wi-Fi"},{"$i":"percentage-number","$v":[{"t":"idOrVar","v":"number"}," %"]},{"$i":"all-apps","$v":"Alle apper"},{"$i":"scImei","$v":"IMEI"},{"$i":"scMeid","$v":"MEID"},{"$i":"scUssd","$v":"USSD"},{"$i":"CallFailed","$v":"Anrop mislyktes"},{"$i":"GenericFailure","$v":"Generell feil"},{"$i":"add-smart-collections","$v":"Legg til smarte samlinger"},{"$i":"add-to-existing-contact","$v":"Legg til eksisterende kontakt"},{"$i":"alert-for-contacts-without-number","$v":"Det finnes ingen kontakter med telefonnummer."},{"$i":"app-title","$v":"Mine apper"},{"$i":"app-uninstall","$v":[{"t":"idOrVar","v":"name"}," ble avinstallert"]},{"$i":"assign","$v":"Tildel"},{"$i":"assign-speed-dial","$v":["Kontakt ble ikke lagt til som hurtigvalg på knappen ",{"t":"idOrVar","v":"n"},". Tilordne nå?"]},{"$i":"assign-voicemail","$v":"Talepostnummeret er ikke konfigurert."},{"$i":"call","$v":"Ring"},{"$i":"callAirplaneModeMessage","$v":"For å foreta et anrop må du deaktivere flymodus i innstillinger."},{"$i":"callAirplaneModeTitle","$v":"Flymodus aktivert"},{"$i":"cancel","$v":"Avbryt"},{"$i":"change-wallpaper","$v":"Endre bakgrunn"},{"$i":"clocks-updated","$v":"Klokker oppdatert"},{"$i":"confirmation","$v":"Bekreftelse"},{"$i":"contacts","$v":"Kontakter"},{"$i":"create-new-contact","$v":"Opprett ny kontakt"},{"$i":"delete","$v":"Slett"},{"$i":"delete-body","$v":[{"t":"idOrVar","v":"name"}," og alle dens data blir slettet."]},{"$i":"delete-title","$v":["Slett ",{"t":"idOrVar","v":"name"}]},{"$i":"edit","$v":"Endre"},{"$i":"edit-done","$v":"Fullført"},{"$i":"edit-group-header","$v":"Rediger gruppe"},{"$i":"edit-mode","$v":"Rediger"},{"$i":"emergency-call-error","$v":[{"t":"idOrVar","v":"number"}," er ikke et nødnummer."]},{"$i":"emergency-call-only","$v":"Bare nødanrop"},{"$i":"emergencyDialogBodyBadNumber","$v":"For å foreta et anrop på telefonen være tilkoblet et nettverk."},{"$i":"emergencyDialogBodyDeviceNotAccepted","$v":"Nødanrop er ikke tillatt av nettverket."},{"$i":"emergencyDialogTitle","$v":"Ingen nettverkstilkobling"},{"$i":"fax-home","$v":"Hjemmefaks"},{"$i":"fax-office","$v":"Kontorfaks"},{"$i":"fax-other","$v":"Annen faks"},{"$i":"fdnIsActiveMessage","$v":["FDN (Fixed Dialling Numbers) er aktivert og følgende nummer er ikke i FDN-listen din: ",{"t":"idOrVar","v":"number"}]},{"$i":"fdnIsActiveTitle","$v":"FDN aktiv"},{"$i":"gaia-shortcut-app-updated","$v":"App oppdatert"},{"$i":"grid-view","$v":"Rutenettvisning"},{"$i":"home","$v":"Hjem"},{"$i":"homescreen-settings","$v":"Innstillinger for startskjerm"},{"$i":"invalidNumberToDialMessage","$v":"Telefonnummeret du ringer er ugyldig."},{"$i":"invalidNumberToDialTitle","$v":"Ugyldig telefonnummer"},{"$i":"list-view","$v":"Listevisning"},{"$i":"longDateFormat","$v":"%A, %B %e"},{"$i":"menu","$v":"Meny"},{"$i":"message","$v":"Melding"},{"$i":"mobile","$v":"Mobile"},{"$i":"more","$v":"Mer"},{"$i":"move","$v":"Flytt"},{"$i":"notifications","$v":"Merknader"},{"$i":"numberIsBusyMessage","$v":"Nummeret er opptatt. Prøv igjen senere."},{"$i":"numberIsBusyTitle","$v":"Nummer er opptatt"},{"$i":"ok","$v":"OK"},{"$i":"option-remove","$v":"Fjern fra hurtigvalg"},{"$i":"option-replace","$v":"Bytt ut"},{"$i":"options","$v":"Valg"},{"$i":"otherConnectionInUseMessage","$v":"Du har en annen aktiv samtale i en annen forbindelse. Du kan bare bruke én tilkobling om gangen."},{"$i":"otherConnectionInUseTitle","$v":"Annen tilkobling i bruk"},{"$i":"personal","$v":"Personlig"},{"$i":"remove","$v":"Fjern"},{"$i":"remove-speed-dial","$v":["Er du sikker på at du vil fjerne ",{"t":"idOrVar","v":"name"}," fra hurtigvalg?"]},{"$i":"replace","$v":"Bytt ut"},{"$i":"replace-speed-dial","$v":["Er du sikker på at du vil bytte ut ",{"t":"idOrVar","v":"name"}," med ",{"t":"idOrVar","v":"subName"},"?"]},{"$i":"resume-download-action","$v":"Last ned"},{"$i":"resume-download-body","$v":["Vil du laste ned ",{"t":"idOrVar","v":"name"},"?"]},{"$i":"resume-download-title","$v":"Start nedlasting på nytt"},{"$i":"scCallBarring","$v":"Anropssperring"},{"$i":"scCallForwarding","$v":"Viderekobling"},{"$i":"scCallWaiting","$v":"Samtale venter"},{"$i":"scClip","$v":"Innkommende anrops-ID"},{"$i":"scClir","$v":"Utgående anrops-ID"},{"$i":"scPin","$v":"PIN-endring"},{"$i":"scPin2","$v":"PIN2-endring"},{"$i":"scPuk","$v":"Opphev blokkering av PIN-kode"},{"$i":"scPuk2","$v":"Opphev blokkering av PIN2"},{"$i":"scPwd","$v":"Passordendring"},{"$i":"search-or-enter-address","placeholder":"Søk eller angi adresse"},{"$i":"select","$v":"Velg"},{"$i":"sending","$v":"Sender…"},{"$i":"set","$v":"Angi"},{"$i":"settings","$v":"Innstillinger"},{"$i":"single-view","$v":"Enkeltvisning"},{"$i":"skip","$v":"Hopp over"},{"$i":"speed-dial","$v":"Hurtigvalg"},{"$i":"speed-dial-empty","ariaLabel":[{"t":"idOrVar","v":"order"},", tom"]},{"$i":"speed-dial-not-empty","ariaLabel":[{"t":"idOrVar","v":"order"},", ",{"t":"idOrVar","v":"name"}]},{"$i":"stop-download-action","$v":"Stopp"},{"$i":"stop-download-body","$v":"Vil du stoppe den aktive nedlastingen?"},{"$i":"stop-download-title","$v":["Stopp ",{"t":"idOrVar","v":"name"}]},{"$i":"tcl-wallpaper-changed","$v":"Bakgrunn endret"},{"$i":"video-call","$v":"Videoanrop"},{"$i":"voicemail","$v":"Talemelding"},{"$i":"work","$v":"Arbeid"},{"$i":"apps","$v":"Apper"},{"$i":"nocard-eccOnly","$v":"No SIM card-Emergency calls only"},{"$i":"unusablecard-eccOnly","$v":"Unusable SIM card-Emergency calls only"},{"$i":"apn-sim1","$v":"APN-innstillinger – SIM1"},{"$i":"apn-sim2","$v":"APN-innstillinger – SIM2"},{"$i":"apnConfigPrepay","$v":"Forhåndsbetal"},{"$i":"apnConfigPostpay","$v":"Etterbetal"},{"$i":"apn-defaultconfig-message","$v":"Angi hvilken type APN som skal vises"},{"$i":"apnDefaultConfig","$v":"APN standardkonfig."},{"$i":"without-sim-new","$v":[{"t":"idOrVar","v":"index"}]},{"$i":"with-sim-new","$v":[{"t":"idOrVar","v":"index"}," – ",{"t":"idOrVar","v":"carrier"}]},{"$i":"sim-with-index-and-carrier","$v":["SIM ",{"t":"idOrVar","v":"index"}," – ",{"t":"idOrVar","v":"carrier"}]},{"$i":"sim-without-carrier","$v":["SIM ",{"t":"idOrVar","v":"index"}]},{"$i":"call-forwarding-voice-after-seconds","$v":["Tale: ",{"t":"idOrVar","v":"voice"}," etter ",{"t":"idOrVar","v":"timeSeconds"}," sekunder"]},{"$i":"addNewNumber","$v":"Legg til nytt nummer"},{"$i":"addToExistingContact","$v":"Legg til eksisterende kontakt"},{"$i":"all","$v":"Alle","ariaLabel":"Alle"},{"$i":"bluetooth-handsfree-device","$v":"Bluetooth-håndfri enhet"},{"$i":"bluetoothOption","ariaLabel":"Bluetooth"},{"$i":"callDurationHours","$v":[{"t":"idOrVar","v":"h"},":",{"t":"idOrVar","v":"m"},":",{"t":"idOrVar","v":"s"}]},{"$i":"callDurationMinutes","$v":[{"t":"idOrVar","v":"m"},":",{"t":"idOrVar","v":"s"}]},{"$i":"callDurationTextFormatHours","$v":[{"t":"idOrVar","v":"h"}," t ",{"t":"idOrVar","v":"m"}," m ",{"t":"idOrVar","v":"s"}," s"]},{"$i":"callDurationTextFormatMinutes","$v":[{"t":"idOrVar","v":"m"}," m ",{"t":"idOrVar","v":"s"}," s"]},{"$i":"callDurationTextFormatSeconds","$v":[{"t":"idOrVar","v":"s"}," s"]},{"$i":"callEnded","$v":"Anrop avsluttet"},{"$i":"callInformation","$v":"Anropsinformasjon"},{"$i":"callLog","$v":"Anropslogg"},{"$i":"callLogEdit","title":"Rediger anropslogg"},{"$i":"callLogEditDialog","ariaLabel":"Rediger anropsloggdialog"},{"$i":"caller-left-call","$v":[{"t":"idOrVar","v":"caller"}," har forlatt samtalen."]},{"$i":"calllog-all","$v":"Alle"},{"$i":"calllog-deselectAll","$v":"Velg bort alle"},{"$i":"calllog-none","$v":"Ingen"},{"$i":"calllog-selectAll","$v":"Velg alle"},{"$i":"canceled","$v":"Avbrutt"},{"$i":"clear-all-text","$v":"Fjern alt tekst"},{"$i":"close","$v":"Lukk"},{"$i":"composeEmail","ariaLabel":"E-post"},{"$i":"conferenceAddError","$v":"Kan ikke slå sammen samtaler"},{"$i":"conferenceCall","$v":["Konferanse (",{"t":"idOrVar","v":"n"},")"]},{"$i":"conferenceRemoveError","$v":"Kan ikke oppheve sammenslåtte samtaler"},{"$i":"confirm-deletion","$v":"Slett valgte anrop?"},{"$i":"connecting","$v":"Kobler til"},{"$i":"connectingEllipsis","$v":"Kobler til …"},{"$i":"contactDetails","$v":"Kontaktdetaljer"},{"$i":"createNewContact","$v":"Opprett ny kontakt"},{"$i":"delete-n-log?","$v":{"few":["Slette ",{"t":"idOrVar","v":"n"}," logger?"],"many":["Slette ",{"t":"idOrVar","v":"n"}," logger?"],"one":"Slette valgte logg?","other":["Slette ",{"t":"idOrVar","v":"n"}," logger?"],"two":["Slette ",{"t":"idOrVar","v":"n"}," logger?"],"zero":"Ingenting valgt"},"$x":[{"t":"idOrVar","v":"plural"},"n"]},{"$i":"deselect","$v":"Velg bort"},{"$i":"dialed","$v":"Ringte"},{"$i":"dialer-prompt","$v":"Ring nummer eller velg en kontakt som skal legges til et anrop"},{"$i":"dialerAddContact","ariaLabel":"Legg til kontakt"},{"$i":"dialerAddContactDialog","ariaLabel":"Legg til kontaktdialog"},{"$i":"edit-selected","$v":{"few":["valgt(",{"t":"idOrVar","v":"n"},")"],"many":["valgt(",{"t":"idOrVar","v":"n"},")"],"one":["valgt(",{"t":"idOrVar","v":"n"},")"],"other":["valgt(",{"t":"idOrVar","v":"n"},")"],"two":["valgt(",{"t":"idOrVar","v":"n"},")"]},"$x":[{"t":"idOrVar","v":"plural"},"n"]},{"$i":"emailDetail","ariaLabel":"E-post"},{"$i":"from-contact","$v":["Fra ",{"t":"idOrVar","v":"contact"}]},{"$i":"from-number","$v":["Fra ",{"t":"idOrVar","v":"number"}]},{"$i":"from-withheld-number","$v":"Fra ukjent nummer"},{"$i":"hangup-a11y-button","ariaLabel":"Legg på"},{"$i":"hide","$v":"Skjul"},{"$i":"hideKeypad","ariaLabel":"Skjul tastatur"},{"$i":"hold","ariaLabel":"Sett på venting"},{"$i":"hours","$v":"timer"},{"$i":"ignore","$v":"Ignorer anrop"},{"$i":"incoming","$v":"Innkommende"},{"$i":"incoming-call","$v":"Innkommende anrop"},{"$i":"info-missed","$v":"Ubesvarte"},{"$i":"keypad","ariaLabel":"Tastatur"},{"$i":"log-item","$v":"Valg"},{"$i":"makeCall","ariaLabel":"Foreta anrop"},{"$i":"merge","ariaLabel":"Flett"},{"$i":"minutes","$v":"minutter"},{"$i":"missed","$v":"Ubesvarte","ariaLabel":"Ubesvarte"},{"$i":"missedCall","$v":"Ubesvart anrop"},{"$i":"missedCallMultiSims","$v":["(SIM ",{"t":"idOrVar","v":"n"},") Ubesvart anrop"]},{"$i":"mmi-error","$v":"Det oppstod en feil ved sending av meldingen"},{"$i":"mmi-notification-title-with-sim","$v":["(",{"t":"idOrVar","v":"sim"},") ",{"t":"idOrVar","v":"title"}]},{"$i":"mmi-session-expired","$v":"Økten er utløpt"},{"$i":"mmi-successfully-sent","$v":"Melding sendt"},{"$i":"mute","ariaLabel":"Demp"},{"$i":"newCall","ariaLabel":"Nytt anrop"},{"$i":"no-logs-msg-1","$v":"Ingen anrop registrert"},{"$i":"no-logs-msg-2","$v":"Start kommunikasjon nå"},{"$i":"no-logs-msg-3","$v":"Ingen anrop registrert"},{"$i":"no-logs-msg-4","$v":"Start kommunikasjon nå"},{"$i":"no-recent-numbers","$v":"Det er ingen nylige numre i anropsloggen du kan ringe."},{"$i":"onHoldOption","ariaLabel":"På vent"},{"$i":"outgoing","$v":"Utgående"},{"$i":"outgoing-call","$v":"Utgående anrop"},{"$i":"phoneDetail","ariaLabel":"Telefon"},{"$i":"pickup-a11y-button","ariaLabel":"Svar"},{"$i":"received","$v":"Mottatte"},{"$i":"receiver","$v":"Mottaker"},{"$i":"recents","ariaLabel":"Nylige samtaler"},{"$i":"reply","$v":"Svar"},{"$i":"resume","$v":"Fortsett","ariaLabel":"Fortsett"},{"$i":"search-results","$v":"Søkeresultater"},{"$i":"seconds","$v":"sekunder"},{"$i":"select-audio-sources","$v":"Velg lydkilder"},{"$i":"send","$v":"Send"},{"$i":"send-sms-button","ariaLabel":"SMS"},{"$i":"sendSms","$v":"Send melding"},{"$i":"separator","$v":","},{"$i":"sim-number","$v":["SIM",{"t":"idOrVar","v":"n"}]},{"$i":"speaker","$v":"Høyttaler"},{"$i":"speakerOption","ariaLabel":"Høyttaler"},{"$i":"suggestionMatches","$v":{"few":[{"t":"idOrVar","v":"n"}," matcher for «",{"t":"idOrVar","v":"matchNumber"},"»"],"many":[{"t":"idOrVar","v":"n"}," matcher for «",{"t":"idOrVar","v":"matchNumber"},"»"],"one":[{"t":"idOrVar","v":"n"}," match for «",{"t":"idOrVar","v":"matchNumber"},"»"],"other":[{"t":"idOrVar","v":"n"}," matcher for «",{"t":"idOrVar","v":"matchNumber"},"»"],"two":[{"t":"idOrVar","v":"n"}," matcher for «",{"t":"idOrVar","v":"matchNumber"},"»"]},"$x":[{"t":"idOrVar","v":"plural"},"n"]},{"$i":"switch-calls","$v":"Bytt samtaler"},{"$i":"tcl-assign","$v":"Tildel"},{"$i":"tcl-assign-speed-dial","$v":{"$o":["Kontakt ble ikke lagt til som hurtigvalg på knappen «",{"t":"idOrVar","v":"speedDial"},"»<br></br>Tilordne nå?"]}},{"$i":"tcl-call-log-delete-group-notification","$v":[{"t":"idOrVar","v":"n"}," oppføringer ble slettet"]},{"$i":"tcl-calllog-entry-removed-err-notification","$v":"Kan ikke fjerne oppføring i anropslogg"},{"$i":"tcl-calllog-entry-removed-succ-notification","$v":"Oppføring i anropslogg fjernet"},{"$i":"tcl-cancel","$v":"Avbryt"},{"$i":"tcl-confirmation","$v":"Bekreftelse"},{"$i":"tcl-delete-log","$v":"Er du sikker på at du vil slette de valgte oppføringene fra anropsloggen?"},{"$i":"tcl-dialer","$v":"Oppringer"},{"$i":"tcl-edit-not-selected","$v":"valgte(0)"},{"$i":"tcl-option-menu-call-log-edit","$v":"Rediger anropslogg"},{"$i":"today","$v":"I dag"},{"$i":"toggleKeypad","ariaLabel":"Veksle tastatur"},{"$i":"type-your-response","placeholder":"Skriv inn svaret ditt …"},{"$i":"unknown","$v":"Ukjent"},{"$i":"unlock-a11y-button","ariaLabel":"Glidebryter"},{"$i":"ussd-services","$v":[{"t":"idOrVar","v":"operator"}," tjenester"]},{"$i":"via-sim","$v":["via SIM",{"t":"idOrVar","v":"n"}]},{"$i":"view-all","$v":"Vis alle"},{"$i":"wifi-calling","$v":"Wi-Fi-oppkall"},{"$i":"withheld-number","$v":"Ukjent"},{"$i":"yesterday","$v":"I går"},{"$i":"SimPin2","$v":"SIM PIN2"},{"$i":"SimPuk2","$v":"SIM PUK2"},{"$i":"serviceClassFax","$v":"FAKS"},{"$i":"serviceClassPad","$v":"PAD"},{"$i":"serviceClassSms","$v":"SMS"},{"$i":"DialModifiedToDial","$v":"Dial modified to dial"},{"$i":"DialModifiedToSs","$v":"Dial modified to SS"},{"$i":"DialModifiedToUssd","$v":"Dial modified to USSD"},{"$i":"FdnCheckFailure","$v":"Fdn-kontrollfeil"},{"$i":"IllegalSimOrMe","$v":"Ulovlig SIM eller ME"},{"$i":"InvalidParameter","$v":"Ugyldig parameter"},{"$i":"ModeNotSupported","$v":"Modus støttes ikke"},{"$i":"OpNotAllowedDuringVoiceCall","$v":"Operasj. ikke tillatt under taleanrop"},{"$i":"PasswordIncorrect","$v":"Passord feil"},{"$i":"RadioNotAvailable","$v":"Radio not available"},{"$i":"RejectedByRemote","$v":"Avvist av ekstern"},{"$i":"RequestNotSupported","$v":"Forespørsel støttes ikke"},{"$i":"ServiceIsDisabled","$v":"Tjenesten er deaktivert"},{"$i":"ServiceIsEnabled","$v":"Tjenesten er aktivert"},{"$i":"ServiceIsEnabledFor","$v":"Tjenesten er aktivert for:"},{"$i":"SimAbsent","$v":"SIM mangler"},{"$i":"SmsSendFailRetry","$v":"SMS-sendefeil prøv igjen"},{"$i":"SsModifiedToDial","$v":"SS endret til oppringing"},{"$i":"SsModifiedToSs","$v":"SS endret til SS"},{"$i":"SsModifiedToUssd","$v":"SS endret til USSD"},{"$i":"SubscriptionNotAvailable","$v":"Abonnement er ikke tilgjengelig"},{"$i":"SubscriptionNotSupported","$v":"Abonnement støttes ikke"},{"$i":"UssdModifiedToDial","$v":"USSD endret til oppringing"},{"$i":"UssdModifiedToSs","$v":"USSD endret til SS"},{"$i":"UssdModifiedToUssd","$v":"USSD endret til USSD"},{"$i":"call-forwarding-async","$v":["Asynkron: ",{"t":"idOrVar","v":"async"}]},{"$i":"call-forwarding-data","$v":["Data: ",{"t":"idOrVar","v":"data"}]},{"$i":"call-forwarding-error","$v":"Det oppstod en feil under henting av statusen for viderekobling av anrop"},{"$i":"call-forwarding-fax","$v":["FAKS: ",{"t":"idOrVar","v":"fax"}]},{"$i":"call-forwarding-inactive","$v":"Inaktiv"},{"$i":"call-forwarding-packet","$v":["Pakke: ",{"t":"idOrVar","v":"packet"}]},{"$i":"call-forwarding-pad","$v":["PAD: ",{"t":"idOrVar","v":"pad"}]},{"$i":"call-forwarding-sms","$v":["SMS: ",{"t":"idOrVar","v":"sms"}]},{"$i":"call-forwarding-status","$v":"Viderekoblingsstatus"},{"$i":"call-forwarding-sync","$v":["Synkron: ",{"t":"idOrVar","v":"sync"}]},{"$i":"call-forwarding-voice","$v":["Tale: ",{"t":"idOrVar","v":"voice"}]},{"$i":"emMmiError","$v":"Tilkoblingsproblem eller ugyldig MMI-kode"},{"$i":"emMmiErrorBadPin","$v":"Den gamle PIN-koden du oppga er feil."},{"$i":"emMmiErrorBadPuk","$v":"PUK-koden du oppga er feil"},{"$i":"emMmiErrorEnablePin","$v":"Mislykket. Aktiver SIM/RUIM LOCK"},{"$i":"emMmiErrorInvalidAction","$v":"Ugyldig handling"},{"$i":"emMmiErrorInvalidPin","$v":"Angi en PIN som er på 4 – 8 tall"},{"$i":"emMmiErrorInvalidScCode","$v":"Ugyldig tjenestekode"},{"$i":"emMmiErrorMismatchPin","$v":"De angitte PIN-koden stemmer ikke overens"},{"$i":"emMmiErrorMmiFdn","$v":"Operasjonen er begrenset til bare tillatte numre"},{"$i":"emMmiErrorNeedPuk2","$v":"Angi PUK2 for å oppheve blokkeringen av SIM-kortet"},{"$i":"emMmiErrorNeedsPuk","$v":"SIM-kortet er PUK-låst"},{"$i":"emMmiErrorNotSupported","$v":"Ugyldig eller ikke støttet MMI-kode"},{"$i":"emMmiErrorPasswordIncorrect","$v":"Feil passord"},{"$i":"emMmiErrorPinPukAttempts","$v":{"few":[{"t":"idOrVar","v":"n"}," forsøk igjen"],"many":[{"t":"idOrVar","v":"n"}," forsøk igjen"],"one":["Bare ",{"t":"idOrVar","v":"n"}," gjenstående forsøk"],"other":[{"t":"idOrVar","v":"n"}," forsøk igjen"],"two":[{"t":"idOrVar","v":"n"}," forsøk igjen"]},"$x":[{"t":"idOrVar","v":"plural"},"n"]},{"$i":"emMmiErrorSimBlocked","$v":"Maksimalt antall forsøk nådd. SIM blokkert"},{"$i":"emMmiErrorStkCcSsDial","$v":"SS-forespørsel er endret til DIAL-forespørsel"},{"$i":"emMmiErrorStkCcSsSs","$v":"SS-foresp. endret til ny SS-foresp."},{"$i":"emMmiErrorStkCcSsUssd","$v":"SS-foresp. endret til USSD-foresp."},{"$i":"emMmiErrorStkCcUssdDial","$v":"USSD-forespørsel er endret til DIAL-forespørsel"},{"$i":"emMmiErrorStkCcUssdSs","$v":"USSD-forespørsel er endret til SS-forespørsel"},{"$i":"emMmiErrorStkCcUssdUssd","$v":"USSD-forespørsel er endret til ny USSD-forespørsel"},{"$i":"fihVersion","$v":"FIH-versjon"},{"$i":"imeiAndSvn","$v":"IMEI og SVN"},{"$i":"internalVersion","$v":"Intern versjon"},{"$i":"serviceClassData","$v":"Data"},{"$i":"serviceClassDataAsync","$v":"Asynkron"},{"$i":"serviceClassDataSync","$v":"Synkroniser"},{"$i":"serviceClassPacket","$v":"Pakke"},{"$i":"serviceClassVoice","$v":"Tale"},{"$i":"smClirDefaultOffNextCallOff","$v":"Anrops-ID går automatisk til ikke begrenset. Neste anrop: Ikke begrenset"},{"$i":"smClirDefaultOffNextCallOn","$v":"Anrops-ID går automatisk til ikke begrenset. Neste anrop: Begrenset"},{"$i":"smClirDefaultOnNextCallOff","$v":"Anrops-ID går automatisk til begrenset. Neste anrop: Ikke begrenset"},{"$i":"smClirDefaultOnNextCallOn","$v":"Anrops-ID går automatisk til begrenset. Neste anrop: Begrenset"},{"$i":"smClirPermanent","$v":"Du kan ikke endre innstillingen for anrops-ID"},{"$i":"smPin2Changed","$v":"PIN2 ble endret"},{"$i":"smPin2Unblocked","$v":"PIN2 ble avblokkert"},{"$i":"smPinChanged","$v":"PIN ble endret"},{"$i":"smPinUnblocked","$v":"PIN ble avblokkert"},{"$i":"smServiceDisabled","$v":"Tjenesten er deaktivert"},{"$i":"smServiceEnabled","$v":"Tjenesten ble aktivert"},{"$i":"smServiceEnabledFor","$v":"Tjenesten aktivert for:"},{"$i":"smServiceErased","$v":"Sletting var vellykket"},{"$i":"smServiceInterrogated","$v":"Forespørsel var vellykket"},{"$i":"smServiceNotProvisioned","$v":"Tjenesten er ikke klargjort"},{"$i":"smServiceRegistered","$v":"Registrering fullført"},{"$i":"another","$v":"En annen"},{"$i":"current","$v":"Nåværende"},{"$i":"customTag","$v":"Egendefinert tagg","placeholder":"Egendefinert tagg"},{"$i":"faxHome","$v":"Hjemmefaks"},{"$i":"faxOffice","$v":"Kontorfaks"},{"$i":"faxOther","$v":"Annen faks"},{"$i":"itemWithLabel","$v":[{"t":"idOrVar","v":"label"},", ",{"t":"idOrVar","v":"item"}]},{"$i":"label","$v":"Etikett"},{"$i":"other","$v":"Annet"},{"$i":"tcl-customTag","$v":"Egendefinert tagg"},{"$i":"dateTimeFormat_%c","$v":"%a %b %e %Y %I:%M:%S %p"},{"$i":"dateTimeFormat_%x","$v":"%m/%d/%Y"},{"$i":"days-ago-long","$v":{"few":[{"t":"idOrVar","v":"value"}," dager siden"],"many":[{"t":"idOrVar","v":"value"}," dager siden"],"one":"i går","other":[{"t":"idOrVar","v":"value"}," dager siden"],"two":[{"t":"idOrVar","v":"value"}," dager siden"],"zero":"i dag"},"$x":[{"t":"idOrVar","v":"plural"},"value"]},{"$i":"days-ago-short","$v":{"other":[{"t":"idOrVar","v":"value"}," d siden"],"zero":"i dag"},"$x":[{"t":"idOrVar","v":"plural"},"value"]},{"$i":"days-until-long","$v":{"few":["om ",{"t":"idOrVar","v":"value"}," dager"],"many":["om ",{"t":"idOrVar","v":"value"}," dager"],"one":"i morgen","other":["om ",{"t":"idOrVar","v":"value"}," dager"],"two":["om ",{"t":"idOrVar","v":"value"}," dager"],"zero":"i dag"},"$x":[{"t":"idOrVar","v":"plural"},"value"]},{"$i":"days-until-short","$v":{"other":["om ",{"t":"idOrVar","v":"value"},"d"],"zero":"i dag"},"$x":[{"t":"idOrVar","v":"plural"},"value"]},{"$i":"hours-ago-long","$v":{"few":[{"t":"idOrVar","v":"value"}," timer siden"],"many":[{"t":"idOrVar","v":"value"}," timer siden"],"one":"en time siden","other":[{"t":"idOrVar","v":"value"}," timer siden"],"two":[{"t":"idOrVar","v":"value"}," timer siden"],"zero":"akkurat nå"},"$x":[{"t":"idOrVar","v":"plural"},"value"]},{"$i":"hours-ago-short","$v":{"other":[{"t":"idOrVar","v":"value"}," t siden"],"zero":"akkurat nå"},"$x":[{"t":"idOrVar","v":"plural"},"value"]},{"$i":"hours-until-long","$v":{"few":["om ",{"t":"idOrVar","v":"value"}," timer"],"many":["om ",{"t":"idOrVar","v":"value"}," timer"],"one":"om én time","other":["om ",{"t":"idOrVar","v":"value"}," timer"],"two":["om ",{"t":"idOrVar","v":"value"}," timer"],"zero":"nå"},"$x":[{"t":"idOrVar","v":"plural"},"value"]},{"$i":"hours-until-short","$v":{"other":["om ",{"t":"idOrVar","v":"value"},"t"],"zero":"nå"},"$x":[{"t":"idOrVar","v":"plural"},"value"]},{"$i":"incorrectDate","$v":"(feil dato)"},{"$i":"minutes-ago-long","$v":{"few":[{"t":"idOrVar","v":"value"}," minutter siden"],"many":[{"t":"idOrVar","v":"value"}," minutter siden"],"one":"et minutt siden","other":[{"t":"idOrVar","v":"value"}," minutter siden"],"two":[{"t":"idOrVar","v":"value"}," minutter siden"],"zero":"akkurat nå"},"$x":[{"t":"idOrVar","v":"plural"},"value"]},{"$i":"minutes-ago-short","$v":{"other":[{"t":"idOrVar","v":"value"}," m siden"],"zero":"akkurat nå"},"$x":[{"t":"idOrVar","v":"plural"},"value"]},{"$i":"minutes-until-long","$v":{"few":["om ",{"t":"idOrVar","v":"value"}," minutter"],"many":["om ",{"t":"idOrVar","v":"value"}," minutter"],"one":"om ett minutt","other":["om ",{"t":"idOrVar","v":"value"}," minutter"],"two":["om ",{"t":"idOrVar","v":"value"}," minutter"],"zero":"nå"},"$x":[{"t":"idOrVar","v":"plural"},"value"]},{"$i":"minutes-until-short","$v":{"other":["om ",{"t":"idOrVar","v":"value"},"m"],"zero":"nå"},"$x":[{"t":"idOrVar","v":"plural"},"value"]},{"$i":"month-0-genitive","$v":"Januar"},{"$i":"month-0-long","$v":"Januar"},{"$i":"month-0-short","$v":"Jan."},{"$i":"month-1-genitive","$v":"Februar"},{"$i":"month-1-long","$v":"Februar"},{"$i":"month-1-short","$v":"Feb."},{"$i":"month-10-genitive","$v":"November"},{"$i":"month-10-long","$v":"November"},{"$i":"month-10-short","$v":"Nov."},{"$i":"month-11-genitive","$v":"Desember"},{"$i":"month-11-long","$v":"Desember"},{"$i":"month-11-short","$v":"Des."},{"$i":"month-2-genitive","$v":"Mars"},{"$i":"month-2-long","$v":"Mars"},{"$i":"month-2-short","$v":"Mars"},{"$i":"month-3-genitive","$v":"April"},{"$i":"month-3-long","$v":"April"},{"$i":"month-3-short","$v":"Apr."},{"$i":"month-4-genitive","$v":"Mai"},{"$i":"month-4-long","$v":"Mai"},{"$i":"month-4-short","$v":"Mai"},{"$i":"month-5-genitive","$v":"Juni"},{"$i":"month-5-long","$v":"Juni"},{"$i":"month-5-short","$v":"Juni"},{"$i":"month-6-genitive","$v":"Juli"},{"$i":"month-6-long","$v":"Juli"},{"$i":"month-6-short","$v":"Juli"},{"$i":"month-7-genitive","$v":"August"},{"$i":"month-7-long","$v":"August"},{"$i":"month-7-short","$v":"Aug."},{"$i":"month-8-genitive","$v":"September"},{"$i":"month-8-long","$v":"September"},{"$i":"month-8-short","$v":"Sep."},{"$i":"month-9-genitive","$v":"Oktober"},{"$i":"month-9-long","$v":"Oktober"},{"$i":"month-9-short","$v":"Okt."},{"$i":"months-ago-long","$v":{"few":[{"t":"idOrVar","v":"value"}," måneder siden"],"many":[{"t":"idOrVar","v":"value"}," måneder siden"],"one":"sist måned","other":[{"t":"idOrVar","v":"value"}," måneder siden"],"two":[{"t":"idOrVar","v":"value"}," måneder siden"],"zero":"denne måneden"},"$x":[{"t":"idOrVar","v":"plural"},"value"]},{"$i":"months-until-long","$v":{"few":["om ",{"t":"idOrVar","v":"value"}," måneder"],"many":["om ",{"t":"idOrVar","v":"value"}," måneder"],"one":"neste måned","other":["om ",{"t":"idOrVar","v":"value"}," måneder"],"two":["om ",{"t":"idOrVar","v":"value"}," måneder"],"zero":"denne måneden"},"$x":[{"t":"idOrVar","v":"plural"},"value"]},{"$i":"shortDateTimeFormat","$v":"%x %I:%M %p"},{"$i":"shortTimeFormat","$v":"%I:%M %p"},{"$i":"shortTimeFormat12","$v":"%I:%M %p"},{"$i":"shortTimeFormat24","$v":"%H:%M"},{"$i":"time_am","$v":"AM"},{"$i":"time_pm","$v":"PM"},{"$i":"weekday-0-long","$v":"Søndag"},{"$i":"weekday-0-short","$v":"Sø."},{"$i":"weekday-1-long","$v":"Mandag"},{"$i":"weekday-1-short","$v":"Ma."},{"$i":"weekday-2-long","$v":"Tirsdag"},{"$i":"weekday-2-short","$v":"Ti."},{"$i":"weekday-3-long","$v":"Onsdag"},{"$i":"weekday-3-short","$v":"On."},{"$i":"weekday-4-long","$v":"Torsdag"},{"$i":"weekday-4-short","$v":"To."},{"$i":"weekday-5-long","$v":"Fredag"},{"$i":"weekday-5-short","$v":"Fr."},{"$i":"weekday-6-long","$v":"Lørdag"},{"$i":"weekday-6-short","$v":"Lø."},{"$i":"weeks-ago-long","$v":{"few":[{"t":"idOrVar","v":"value"}," uker siden"],"many":[{"t":"idOrVar","v":"value"}," uker siden"],"one":"sist uke","other":[{"t":"idOrVar","v":"value"}," uker siden"],"two":[{"t":"idOrVar","v":"value"}," uker siden"],"zero":"denne uken"},"$x":[{"t":"idOrVar","v":"plural"},"value"]},{"$i":"weeks-until-long","$v":{"few":["om ",{"t":"idOrVar","v":"value"}," uker"],"many":["om ",{"t":"idOrVar","v":"value"}," uker"],"one":"neste uke","other":["om ",{"t":"idOrVar","v":"value"}," uker"],"two":["om ",{"t":"idOrVar","v":"value"}," uker"],"zero":"denne uken"},"$x":[{"t":"idOrVar","v":"plural"},"value"]},{"$i":"years-ago-long","$v":{"few":[{"t":"idOrVar","v":"value"}," år siden"],"many":[{"t":"idOrVar","v":"value"}," år siden"],"one":"i fjor","other":[{"t":"idOrVar","v":"value"}," år siden"],"two":[{"t":"idOrVar","v":"value"}," år siden"],"zero":"i år"},"$x":[{"t":"idOrVar","v":"plural"},"value"]},{"$i":"years-until-long","$v":{"few":["om ",{"t":"idOrVar","v":"value"}," år"],"many":["om ",{"t":"idOrVar","v":"value"}," år"],"one":"neste år","other":["om ",{"t":"idOrVar","v":"value"}," år"],"two":["om ",{"t":"idOrVar","v":"value"}," år"],"zero":"i år"},"$x":[{"t":"idOrVar","v":"plural"},"value"]},{"$i":"dateTimeFormat_%X","$v":"%I:%M:%S %p"},{"$i":"weekStartsOnMonday","$v":"0"},{"$i":"firstDayOfTheWeek","$v":"1"}]