[{"$i":"clockDateFormat","$v":"%a, %e %b"},{"$i":"deviceIsUnlocked","$v":"यन्त्रलाई अनलक गरिएको छ"},{"$i":"simUnlockCodeAccepted","$v":"सिम अनलक कोड स्वीकार गरियो"},{"$i":"simUnlockCodeFailed","$v":"सिम अनलक असफल भयो"},{"$i":"eccOnly","$v":"आकस्मिक कलहरु मात्रै"},{"$i":"emergencyCallsOnly","$v":"आकस्मिक कलहरु मात्रै"},{"$i":"lockedSim","$v":"लक भएको सिम"},{"$i":"noService","$v":"सेवा छैन"},{"$i":"noSimCard","$v":"सिम कार्ड छैन"},{"$i":"searching","$v":"खोज्दै…"},{"$i":"airplane-mode","$v":"ऐर्प्लने मोड"},{"$i":"bluetooth","$v":"ब्लुटुथ"},{"$i":"brightness","$v":"उज्यालोपन"},{"$i":"calculator","$v":"क्याल्कुलेटर"},{"$i":"camera","$v":"क्यामेरा"},{"$i":"cellular-data","$v":"सेलुलर डेटा"},{"$i":"confirm-to-uninstall-app","$v":[{"t":"idOrVar","v":"appName"}," एपलाई विस्थापित गर्ने?"]},{"$i":"flashlight","$v":"फ्ल्याशलाइट"},{"$i":"instant-settings","$v":"तत्काल सेटिङहरू"},{"$i":"off","$v":"निष्क्रिय"},{"$i":"on","$v":"खुला"},{"$i":"shortcuts","$v":"सर्टकटहरू"},{"$i":"uninstall","$v":"अस्थापना गर्नुहोस्"},{"$i":"volume","$v":"मात्रा"},{"$i":"wifi","$v":"WiFi"},{"$i":"percentage-number","$v":[{"t":"idOrVar","v":"number"},"%"]},{"$i":"all-apps","$v":"सबै-एप्लिकेसन"},{"$i":"scImei","$v":"IMEI"},{"$i":"scMeid","$v":"MEID"},{"$i":"scUssd","$v":"USSD"},{"$i":"CallFailed","$v":"कल असफल भयो"},{"$i":"GenericFailure","$v":"जेनेरिक असफलता"},{"$i":"add-smart-collections","$v":"स्मार्ट संकलनहरू थप्नुहोस्"},{"$i":"add-to-existing-contact","$v":"विद्यमान सम्पर्कमा थप्नुहोस्"},{"$i":"alert-for-contacts-without-number","$v":"उपलब्ध फोन नम्बरमा कुनै सम्पर्कहरू छैनन्।"},{"$i":"app-title","$v":"मेरा एपहरू"},{"$i":"app-uninstall","$v":[{"t":"idOrVar","v":"name"}," को स्थापना रद्द गरियो"]},{"$i":"assign","$v":"स्वीकृति"},{"$i":"assign-speed-dial","$v":["बटन ",{"t":"idOrVar","v":"n"}," मा स्पिड डायलको रूपमा सम्पर्कलाई थपिएन। अहिले निर्दिष्ट गर्ने?"]},{"$i":"assign-voicemail","$v":"भ्वाइस मेल नम्बरलाई सेट गरिएको छैन।"},{"$i":"call","$v":"कल गर्नुहोस्"},{"$i":"callAirplaneModeMessage","$v":"सम्पर्क राख्न चाहनु हुन्छ भनी तपाईंले सेटिङहरूमा गएर हवाइजहाज मोडलाई असक्षम गर्नुपर्छ"},{"$i":"callAirplaneModeTitle","$v":"विमान मोड सक्रिय भयो"},{"$i":"cancel","$v":"रद्द गर्नुहोस्"},{"$i":"change-wallpaper","$v":"वालपेपर परिवर्तन गर्नुहोस्"},{"$i":"clocks-updated","$v":"घडीहरू अद्यावधिक गरियो"},{"$i":"confirmation","$v":"पुष्टिकरण"},{"$i":"contacts","$v":"सम्पर्कहरू"},{"$i":"create-new-contact","$v":"नयाँ सम्पर्क सिर्जना गर्नुहोस्"},{"$i":"delete","$v":"मेट्नुहोस्"},{"$i":"delete-body","$v":[{"t":"idOrVar","v":"name"}," र यसका सबै डेटा मेटाइने छ।"]},{"$i":"delete-title","$v":[{"t":"idOrVar","v":"name"}," मेटाउनुहोस्"]},{"$i":"edit","$v":"सम्पादन गर्नुहोस्"},{"$i":"edit-done","$v":"भयो"},{"$i":"edit-group-header","$v":"समूह सम्पादन गर्नुहोस्"},{"$i":"edit-mode","$v":"सम्पादन गर्नुहोस्"},{"$i":"emergency-call-error","$v":[{"t":"idOrVar","v":"number"}," आकस्मिक नम्बर होइन।"]},{"$i":"emergency-call-only","$v":"आपतकालीन कल मात्र"},{"$i":"emergencyDialogBodyBadNumber","$v":"सम्पर्क राख्न चाहनु हुन्छ भनि फोनलाई नेटवर्कमा जडान गरिएको हुनुपर्छ"},{"$i":"emergencyDialogBodyDeviceNotAccepted","$v":"आपतकालीन कलहरू नेटवर्कद्वारा अनुमति छैन्।"},{"$i":"emergencyDialogTitle","$v":"नेटवर्क जडान छैन"},{"$i":"fax-home","$v":"फ्याक्स गृह"},{"$i":"fax-office","$v":"फ्याक्स अफिस"},{"$i":"fax-other","$v":"अन्य फ्याक्स गर्नुहोस्"},{"$i":"fdnIsActiveMessage","$v":["FDN (फिक्स्ड डायलिङ नम्बर) सक्रिय भयो र तपाईंको FDN नम्बर निम्नलिखित सुचीमा छैन्: ",{"t":"idOrVar","v":"number"}]},{"$i":"fdnIsActiveTitle","$v":"FDN सक्रिय"},{"$i":"gaia-shortcut-app-updated","$v":"एप्लिकेसन अद्यावधिक गरिएको"},{"$i":"grid-view","$v":"ग्रिड दृश्य"},{"$i":"home","$v":"गृह"},{"$i":"homescreen-settings","$v":"गृहस्क्रीन सेटिंग्सहरू"},{"$i":"invalidNumberToDialMessage","$v":"तपाईंले सम्पर्क गर्नु भएको फोन उपलब्ध छैन्"},{"$i":"invalidNumberToDialTitle","$v":"अवैधानिक फोन नम्बर"},{"$i":"list-view","$v":"सूची दृश्य"},{"$i":"longDateFormat","$v":"%A, %B %e"},{"$i":"menu","$v":"मेनु"},{"$i":"message","$v":"सन्देश"},{"$i":"mobile","$v":"मोबाइल"},{"$i":"more","$v":"बढी"},{"$i":"move","$v":"सार्नुहोस्"},{"$i":"notifications","$v":"सूचनाहरू"},{"$i":"numberIsBusyMessage","$v":"नम्बर हालैमा व्यस्त छ। कृपया पछि फेरि प्रयास गर्नुहोस्।"},{"$i":"numberIsBusyTitle","$v":"नम्बर ब्यस्त छ"},{"$i":"ok","$v":"ठीक छ"},{"$i":"option-remove","$v":"स्पिड डायलबाट हटाउनुहोस्"},{"$i":"option-replace","$v":"प्रतिस्थापन गर्नुहोस्"},{"$i":"options","$v":"विकल्पहरू"},{"$i":"otherConnectionInUseMessage","$v":"तपाईंसँग अर्को जडानमा सक्रिय कल छ। एक पटकमा तपाईंले एउटा मात्र जडान गर्न सक्नुहुन्छ?"},{"$i":"otherConnectionInUseTitle","$v":"अन्य जडानलाई प्रयोग गर्नुहोस्"},{"$i":"personal","$v":"व्यक्तिगत"},{"$i":"remove","$v":"हटाउनुहोस्"},{"$i":"remove-speed-dial","$v":["तपाईं निश्चित रूपमा स्पीड डायलबाट ",{"t":"idOrVar","v":"name"}," हटाउन चाहनुहुन्छ?"]},{"$i":"replace","$v":"प्रतिस्थापन गर्नुहोस्"},{"$i":"replace-speed-dial","$v":["तपाईं ",{"t":"idOrVar","v":"name"}," लाई ",{"t":"idOrVar","v":"subName"}," ले प्रतिस्थापन गर्न निश्चित हुनुहुन्छ?"]},{"$i":"resume-download-action","$v":"डाउनलोड गर्नुहोस्"},{"$i":"resume-download-body","$v":["तपाईं ",{"t":"idOrVar","v":"name"}," डाउनलोड गर्न चाहनुहुन्छ?"]},{"$i":"resume-download-title","$v":"डाउनलोड पुन: सुरू गर्नुहोस्"},{"$i":"scCallBarring","$v":"कल ब्यारिङ"},{"$i":"scCallForwarding","$v":"कल फोरवार्डिङ"},{"$i":"scCallWaiting","$v":"कल प्रतिक्षा"},{"$i":"scClip","$v":"आगमन कलर ID"},{"$i":"scClir","$v":"बाहिरिने कलर ID"},{"$i":"scPin","$v":"PIN परिवर्तन"},{"$i":"scPin2","$v":"PIN2 परिवर्तन"},{"$i":"scPuk","$v":"PIN अनब्लक गर्नुहोस्"},{"$i":"scPuk2","$v":"PIN2 अनब्लक गर्नुहोस्"},{"$i":"scPwd","$v":"पासवर्ड परिवर्तन"},{"$i":"search-or-enter-address","placeholder":"ठेगाना खोज्नुहोस् वा प्रविष्ट गर्नुहोस्"},{"$i":"select","$v":"रोज्नुहोस्"},{"$i":"sending","$v":"पठाउदै…"},{"$i":"set","$v":"सेट गर्नुहोस्"},{"$i":"settings","$v":"सेटिङ"},{"$i":"single-view","$v":"एकल दृश्य"},{"$i":"skip","$v":"छोड्नुहोस्"},{"$i":"speed-dial","$v":"द्रूत डायल"},{"$i":"speed-dial-empty","ariaLabel":[{"t":"idOrVar","v":"order"},", खाली"]},{"$i":"speed-dial-not-empty","ariaLabel":[{"t":"idOrVar","v":"order"},", ",{"t":"idOrVar","v":"name"}]},{"$i":"stop-download-action","$v":"रोक्नुहोस्"},{"$i":"stop-download-body","$v":"तपाईं प्रगतिमा रहेको डाउनलोड रोक्न चाहनुहुन्छ?"},{"$i":"stop-download-title","$v":[{"t":"idOrVar","v":"name"}," रोक्नुहोस्"]},{"$i":"tcl-wallpaper-changed","$v":"वालपेपर परिवर्तन भयो"},{"$i":"video-call","$v":"भिडियोकल"},{"$i":"voicemail","$v":"भ्वाइस मेल"},{"$i":"work","$v":"काम"},{"$i":"apps","$v":"अनुप्रयोगहरू"},{"$i":"nocard-eccOnly","$v":"No SIM card-Emergency calls only"},{"$i":"unusablecard-eccOnly","$v":"Unusable SIM card-Emergency calls only"},{"$i":"apn-sim1","$v":"ए.पि.एन सेटिङहरू - सिम1"},{"$i":"apn-sim2","$v":"ए.पि.एन सेटिङहरू - सिम2"},{"$i":"apnConfigPrepay","$v":"अगाडी भुक्तानी"},{"$i":"apnConfigPostpay","$v":"पछि भुक्तानी"},{"$i":"apn-defaultconfig-message","$v":"कुन किसिमको APN देखाउने सेट गर्नुहोस्"},{"$i":"apnDefaultConfig","$v":"पूर्वनिर्धारित APN Config"},{"$i":"without-sim-new","$v":[{"t":"idOrVar","v":"index"}]},{"$i":"with-sim-new","$v":[{"t":"idOrVar","v":"index"}," - ",{"t":"idOrVar","v":"carrier"}]},{"$i":"sim-with-index-and-carrier","$v":["सिम ",{"t":"idOrVar","v":"index"}," - ",{"t":"idOrVar","v":"carrier"}]},{"$i":"sim-without-carrier","$v":["सिम ",{"t":"idOrVar","v":"index"}]},{"$i":"call-forwarding-voice-after-seconds","$v":["भ्वाइस: ",{"t":"idOrVar","v":"timeSeconds"}," सेकेण्डपछि ",{"t":"idOrVar","v":"voice"}]},{"$i":"addNewNumber","$v":"नयाँ नम्बर थप्नुहोस्"},{"$i":"addToExistingContact","$v":"अहिले सम्पर्कमा थप्नुहोस्"},{"$i":"all","$v":"सबै","ariaLabel":"सबै"},{"$i":"bluetooth-handsfree-device","$v":"ब्लुटुथ ह्यान्ड्सफ्री उपकरण"},{"$i":"bluetoothOption","ariaLabel":"ब्लुटुथ"},{"$i":"callDurationHours","$v":[{"t":"idOrVar","v":"h"},":",{"t":"idOrVar","v":"m"},":",{"t":"idOrVar","v":"s"}]},{"$i":"callDurationMinutes","$v":[{"t":"idOrVar","v":"m"},":",{"t":"idOrVar","v":"s"}]},{"$i":"callDurationTextFormatHours","$v":[{"t":"idOrVar","v":"h"}," h ",{"t":"idOrVar","v":"m"}," m ",{"t":"idOrVar","v":"s"}," s"]},{"$i":"callDurationTextFormatMinutes","$v":[{"t":"idOrVar","v":"m"}," m ",{"t":"idOrVar","v":"s"}," s"]},{"$i":"callDurationTextFormatSeconds","$v":[{"t":"idOrVar","v":"s"}," s"]},{"$i":"callEnded","$v":"कल सकियो"},{"$i":"callInformation","$v":"कल सूचना"},{"$i":"callLog","$v":"कल लग"},{"$i":"callLogEdit","title":"कल लग सम्पादन गर्नुहोस्"},{"$i":"callLogEditDialog","ariaLabel":"कल लग डायलग सम्पादन गर्नुहोस्"},{"$i":"caller-left-call","$v":[{"t":"idOrVar","v":"caller"}," ले कल छोडेको छ l"]},{"$i":"calllog-all","$v":"सबै"},{"$i":"calllog-deselectAll","$v":"सबै रोजाईबाट हटाउनुहोस्"},{"$i":"calllog-none","$v":"कुनै हैन"},{"$i":"calllog-selectAll","$v":"सबै रोज्नुहोस्"},{"$i":"canceled","$v":"रद्द गरियो"},{"$i":"clear-all-text","$v":"सबै सन्देश मेटाउनुहोस्"},{"$i":"close","$v":"बन्द गर्नुहोस्"},{"$i":"composeEmail","ariaLabel":"इमेल"},{"$i":"conferenceAddError","$v":"कलहरु मर्ज गर्न असक्षम"},{"$i":"conferenceCall","$v":["कन्फेरेन्स (",{"t":"idOrVar","v":"n"},")"]},{"$i":"conferenceRemoveError","$v":"कलहरु अनमर्ज गर्न असक्षम"},{"$i":"confirm-deletion","$v":"छानिएका कलहरु मेटाउनु चाहनुहुन्छ?"},{"$i":"connecting","$v":"जोड्दै"},{"$i":"connectingEllipsis","$v":"जोड्दै..."},{"$i":"contactDetails","$v":"सम्पर्क विवरण"},{"$i":"createNewContact","$v":"नयाँ सम्पर्क बनाउनुहोस्"},{"$i":"delete-n-log?","$v":{"few":["लगहरु ",{"t":"idOrVar","v":"n"}," मेट्न चाहनुहुन्छ?"],"many":["लगहरु ",{"t":"idOrVar","v":"n"}," मेट्न चाहनुहुन्छ?"],"one":"रोजिएको लग मेट्न चाहनुहुन्छ?","other":["लगहरु ",{"t":"idOrVar","v":"n"}," मेट्न चाहनुहुन्छ?"],"two":["लगहरु ",{"t":"idOrVar","v":"n"}," मेट्न चाहनुहुन्छ?"],"zero":"केही रोजिएको छैन"},"$x":[{"t":"idOrVar","v":"plural"},"n"]},{"$i":"deselect","$v":"रोजाईबाट हटाउनुहोस्"},{"$i":"dialed","$v":"डायल गरिएको"},{"$i":"dialer-prompt","$v":"नम्बर डायल गर्नुहोस् अथवा कल अघि बढाउनकोलागि सम्पर्क रोज्नुहोस्"},{"$i":"dialerAddContact","ariaLabel":"सम्पर्क थप्नुहोस्"},{"$i":"dialerAddContactDialog","ariaLabel":"सम्पर्क थप्ने डाइलोग"},{"$i":"edit-selected","$v":{"few":["रोजिएको (",{"t":"idOrVar","v":"n"},")"],"many":["रोजिएको (",{"t":"idOrVar","v":"n"},")"],"one":["रोजिएको (",{"t":"idOrVar","v":"n"},")"],"other":["रोजिएको (",{"t":"idOrVar","v":"n"},")"],"two":["रोजिएको (",{"t":"idOrVar","v":"n"},")"]},"$x":[{"t":"idOrVar","v":"plural"},"n"]},{"$i":"emailDetail","ariaLabel":"इमेल"},{"$i":"from-contact","$v":[{"t":"idOrVar","v":"contact"}," बाट"]},{"$i":"from-number","$v":[{"t":"idOrVar","v":"number"}," बाट"]},{"$i":"from-withheld-number","$v":"अपरिचित नम्बरबाट"},{"$i":"hangup-a11y-button","ariaLabel":"राख्नुहोस्"},{"$i":"hide","$v":"लुकाउनुहोस्"},{"$i":"hideKeypad","ariaLabel":"किप्याड लुकाउनुहोस्"},{"$i":"hold","ariaLabel":"होल्ड गर्नुहोस्"},{"$i":"hours","$v":"घण्टाहरु"},{"$i":"ignore","$v":"कल बेवास्ता गर्नुहोस्"},{"$i":"incoming","$v":"आउँदै"},{"$i":"incoming-call","$v":"कल आउँदै"},{"$i":"info-missed","$v":"मिस गरिएको"},{"$i":"keypad","ariaLabel":"किप्याड"},{"$i":"log-item","$v":"विकल्पहरु"},{"$i":"makeCall","ariaLabel":"कल गर्नुहोस्"},{"$i":"merge","ariaLabel":"मर्ज"},{"$i":"minutes","$v":"मिनेटहरु"},{"$i":"missed","$v":"मिस गरिएको","ariaLabel":"मिस गरिएको"},{"$i":"missedCall","$v":"मिस गरिएको कल"},{"$i":"missedCallMultiSims","$v":["(सिम ",{"t":"idOrVar","v":"n"},") मिस गरिएको कल"]},{"$i":"mmi-error","$v":"मेसेज पठाउदा एउटा त्रुटी घट्यो"},{"$i":"mmi-notification-title-with-sim","$v":["(",{"t":"idOrVar","v":"sim"},") ",{"t":"idOrVar","v":"title"}]},{"$i":"mmi-session-expired","$v":"सेसन एक्सपायर भयो"},{"$i":"mmi-successfully-sent","$v":"मेसेज सफलतापुर्वक पठाईयो"},{"$i":"mute","ariaLabel":"म्युट"},{"$i":"newCall","ariaLabel":"नयाँ कल"},{"$i":"no-logs-msg-1","$v":"कुनै कलहरु रेकर्ड गरिएन"},{"$i":"no-logs-msg-2","$v":"अहिले कुराकानी गर्न सुरु गर्नुहोस्"},{"$i":"no-logs-msg-3","$v":"कुनै कलहरु रेकर्ड गरिएन"},{"$i":"no-logs-msg-4","$v":"अहिले कुराकानी गर्न सुरु गर्नुहोस्"},{"$i":"no-recent-numbers","$v":"डायल गर्नको लागि कुनै नयाँ नम्बरहरु कल लगमा छैन l"},{"$i":"onHoldOption","ariaLabel":"होल्डमा"},{"$i":"outgoing","$v":"आउटगोइङ"},{"$i":"outgoing-call","$v":"आउटगोइङ कल"},{"$i":"phoneDetail","ariaLabel":"फोन"},{"$i":"pickup-a11y-button","ariaLabel":"उठाउनुहोस्"},{"$i":"received","$v":"प्राप्त भयो"},{"$i":"receiver","$v":"रिसिभर"},{"$i":"recents","ariaLabel":"हालको कलहरु"},{"$i":"reply","$v":"जवाफ दिनुहोस्"},{"$i":"resume","$v":"पुनः फर्किनुहोस्","ariaLabel":"पुनः फर्किनुहोस्"},{"$i":"search-results","$v":"खोजी नतिजाहरु"},{"$i":"seconds","$v":"सेकेन्डहरु"},{"$i":"select-audio-sources","$v":"अडियो श्रोतहरु रोज्नुहोस्"},{"$i":"send","$v":"पठाउनुहोस्"},{"$i":"send-sms-button","ariaLabel":"एसएमएस"},{"$i":"sendSms","$v":"सन्देश पठाउनुहोस्"},{"$i":"separator","$v":","},{"$i":"sim-number","$v":["सिम",{"t":"idOrVar","v":"n"}]},{"$i":"speaker","$v":"स्पिकर"},{"$i":"speakerOption","ariaLabel":"स्पिकर"},{"$i":"suggestionMatches","$v":{"few":[{"t":"idOrVar","v":"n"}," \"",{"t":"idOrVar","v":"matchNumber"},"\" को लागि मेल खान्छ"],"many":[{"t":"idOrVar","v":"n"}," \"",{"t":"idOrVar","v":"matchNumber"},"\" को लागि मेल खान्छ"],"one":[{"t":"idOrVar","v":"n"}," \"",{"t":"idOrVar","v":"matchNumber"},"\" को लागि मेल खान्छ"],"other":[{"t":"idOrVar","v":"n"}," \"",{"t":"idOrVar","v":"matchNumber"},"\" को लागि मेल खान्छ"],"two":[{"t":"idOrVar","v":"n"}," \"",{"t":"idOrVar","v":"matchNumber"},"\" को लागि मेल खान्छ"]},"$x":[{"t":"idOrVar","v":"plural"},"n"]},{"$i":"switch-calls","$v":"कलहरु स्विच गर्नुहोस्"},{"$i":"tcl-assign","$v":"दिनु"},{"$i":"tcl-assign-speed-dial","$v":{"$o":[{"t":"idOrVar","v":"speedDial"},"\" बटनमा स्पिड डायलको रुपमा सम्पर्क एड गरिएको थिएन <br><br> अहिले निर्धारण गर्नुहुन्छ?"]}},{"$i":"tcl-call-log-delete-group-notification","$v":[{"t":"idOrVar","v":"n"}," इन्ट्रीहरु मेटियो"]},{"$i":"tcl-calllog-entry-removed-err-notification","$v":"कल लग इन्ट्री हटाउन सकिदैन"},{"$i":"tcl-calllog-entry-removed-succ-notification","$v":"कल लग इन्ट्री हटाइयो"},{"$i":"tcl-cancel","$v":"रद्द गर्नुहोस्"},{"$i":"tcl-confirmation","$v":"पुष्टिकरण"},{"$i":"tcl-delete-log","$v":"के तपाई कल लगबाट रोजिएको इन्ट्रीहरु मेटाउने कुरामा निश्चित हुनुहुन्छ?"},{"$i":"tcl-dialer","$v":"डायलर"},{"$i":"tcl-edit-not-selected","$v":"रोजिएको (0)"},{"$i":"tcl-option-menu-call-log-edit","$v":"कल लग सम्पादन गर्नुहोस्"},{"$i":"today","$v":"आज"},{"$i":"toggleKeypad","ariaLabel":"टगल किप्याड"},{"$i":"type-your-response","placeholder":"तपाईको प्रतिक्रिया टाइप गर्नुहोस्…"},{"$i":"unknown","$v":"अज्ञात"},{"$i":"unlock-a11y-button","ariaLabel":"स्लाइडर"},{"$i":"ussd-services","$v":[{"t":"idOrVar","v":"operator"}," सेवाहरु"]},{"$i":"via-sim","$v":["सिम द्वारा",{"t":"idOrVar","v":"n"}]},{"$i":"view-all","$v":"सबै हेर्नुहोस्"},{"$i":"wifi-calling","$v":"Wi-Fi कल गर्दै"},{"$i":"withheld-number","$v":"अज्ञात"},{"$i":"yesterday","$v":"हिजो"},{"$i":"SimPin2","$v":"SIM PIN2"},{"$i":"SimPuk2","$v":"SIM PUK2"},{"$i":"serviceClassFax","$v":"FAX"},{"$i":"serviceClassPad","$v":"PAD"},{"$i":"serviceClassSms","$v":"SMS"},{"$i":"DialModifiedToDial","$v":"डायलको लागि डायल संशोधित"},{"$i":"DialModifiedToSs","$v":"एसएसको लागि डायल संशोधित"},{"$i":"DialModifiedToUssd","$v":"USSDको लागि डायल संशोधित"},{"$i":"FdnCheckFailure","$v":"Fdn जाँच असफलता"},{"$i":"IllegalSimOrMe","$v":"गैरकानूनी SIM वाME"},{"$i":"InvalidParameter","$v":"अमान्य मापदण्ड"},{"$i":"ModeNotSupported","$v":"मोड समर्थित छैन"},{"$i":"OpNotAllowedDuringVoiceCall","$v":"भ्वाइस कल चलिरहेको बेला कार्य गर्न पाइँदैन"},{"$i":"PasswordIncorrect","$v":"पासवर्ड गलत छ"},{"$i":"RadioNotAvailable","$v":"रेडियो उपलब्ध छैन"},{"$i":"RejectedByRemote","$v":"रिमोटबाट अस्वीकृत"},{"$i":"RequestNotSupported","$v":"अनुरोध समर्थित भएन"},{"$i":"ServiceIsDisabled","$v":"सेवा असक्षम पारिएको"},{"$i":"ServiceIsEnabled","$v":"सेवा सक्षम गरिएको"},{"$i":"ServiceIsEnabledFor","$v":"यसका लागि सेवा सक्षम गरियो:"},{"$i":"SimAbsent","$v":"SIM अनुपस्थित"},{"$i":"SmsSendFailRetry","$v":"SMS ले असफल प्रयास पठायो"},{"$i":"SsModifiedToDial","$v":"SS लाई डाइलमा परिमार्जन गरियो"},{"$i":"SsModifiedToSs","$v":"SS लाई SS मा परिमार्जन गरियो"},{"$i":"SsModifiedToUssd","$v":"SS लाई USSD मा परिमार्जन गरियो"},{"$i":"SubscriptionNotAvailable","$v":"सदस्यता उपलब्ध छैन"},{"$i":"SubscriptionNotSupported","$v":"सदस्यता समर्थित छैन"},{"$i":"UssdModifiedToDial","$v":"USSD लाई डाइलमा परिमार्जन गरियो"},{"$i":"UssdModifiedToSs","$v":"SS लाई USSD मा परिमार्जन गरियो"},{"$i":"UssdModifiedToUssd","$v":"USSD लाई USSD मा परिमार्जन गरियो"},{"$i":"call-forwarding-async","$v":["असिङ्क्रनस: ",{"t":"idOrVar","v":"async"}]},{"$i":"call-forwarding-data","$v":["डेटा: ",{"t":"idOrVar","v":"data"}]},{"$i":"call-forwarding-error","$v":"अवस्था अगाडि पुनः प्राप्ति कल गर्दै गर्दा त्रुटि आयो"},{"$i":"call-forwarding-fax","$v":["FAX: ",{"t":"idOrVar","v":"fax"}]},{"$i":"call-forwarding-inactive","$v":"निष्क्रिय"},{"$i":"call-forwarding-packet","$v":["प्याकेट: ",{"t":"idOrVar","v":"packet"}]},{"$i":"call-forwarding-pad","$v":["PAD: ",{"t":"idOrVar","v":"pad"}]},{"$i":"call-forwarding-sms","$v":["SMS: ",{"t":"idOrVar","v":"sms"}]},{"$i":"call-forwarding-status","$v":"कल स्थिति अगाडि बढाउदै"},{"$i":"call-forwarding-sync","$v":["समक्रमण गर्न सकिने: ",{"t":"idOrVar","v":"sync"}]},{"$i":"call-forwarding-voice","$v":["भ्वाइस: ",{"t":"idOrVar","v":"voice"}]},{"$i":"emMmiError","$v":"जडान समस्या वा अमान्य MMI कोड"},{"$i":"emMmiErrorBadPin","$v":"तपाईंले टाइप गर्नुभएको पुरानो PIN गलत छ"},{"$i":"emMmiErrorBadPuk","$v":"तपाईंले टाइप गर्नुभएको PUK गलत छ"},{"$i":"emMmiErrorEnablePin","$v":"असफल। SIM/RUIM लकलाई सक्षम पार्नुहोस्"},{"$i":"emMmiErrorInvalidAction","$v":"अवैध कार्य"},{"$i":"emMmiErrorInvalidPin","$v":"4 देखि 8 वटा नम्बरसम्म भएको एउटा PIN टाइप गर्नुहोस्"},{"$i":"emMmiErrorInvalidScCode","$v":"अमान्य सेवा कोड"},{"$i":"emMmiErrorMismatchPin","$v":"तपाईंले टाइप गर्नुभएको PIN हरू मेल खाँदैनन्"},{"$i":"emMmiErrorMmiFdn","$v":"अपरेशन निश्चित डायल नम्बरहरूको लागि मात्र प्रतिबन्धित छ"},{"$i":"emMmiErrorNeedPuk2","$v":"SIM कार्डलाई अन-अवरुद्ध गर्नका लागि PUK2 टाइप गर्नुहोस्"},{"$i":"emMmiErrorNeedsPuk","$v":"तपाईंको SIM कार्ड PUK-लक भएको छ"},{"$i":"emMmiErrorNotSupported","$v":"अमान्य वा असमर्थित MMI कोड"},{"$i":"emMmiErrorPasswordIncorrect","$v":"गलत पासवर्ड"},{"$i":"emMmiErrorPinPukAttempts","$v":{"few":[{"t":"idOrVar","v":"n"}," पुन: प्रयासहरू बाँकी"],"many":[{"t":"idOrVar","v":"n"}," पुन: प्रयासहरू बाँकी"],"one":[{"t":"idOrVar","v":"n"}," पुन: प्रयास बायाँ मात्र"],"other":[{"t":"idOrVar","v":"n"}," पुन: प्रयासहरू बाँकी"],"two":[{"t":"idOrVar","v":"n"}," पुन: प्रयासहरू बाँकी"]},"$x":[{"t":"idOrVar","v":"plural"},"n"]},{"$i":"emMmiErrorSimBlocked","$v":"अधिकतम पुन:प्रयासहरूको नम्बर नाघ्यो। SIM रोकिएको छ"},{"$i":"emMmiErrorStkCcSsDial","$v":"SS अनुरोधलाई DIAL अनुरोधमा परिमार्जन गरिएको छ"},{"$i":"emMmiErrorStkCcSsSs","$v":"SS अनुरोधलाई नयाँ SS अनुरोधमा परिमार्जन गरिएको छ"},{"$i":"emMmiErrorStkCcSsUssd","$v":"SS अनुरोध USSD अनुरोधमा परिमार्जन गरिएको छ"},{"$i":"emMmiErrorStkCcUssdDial","$v":"USSD अनुरोध DIAL अनुरोधमा परिमार्जन गरिएको छ"},{"$i":"emMmiErrorStkCcUssdSs","$v":"USSD अनुरोध SS अनुरोधमा परिमार्जन गरिएको छ"},{"$i":"emMmiErrorStkCcUssdUssd","$v":"USSD अनुरोध नयाँ USSD अनुरोधमा परिमार्जन गरिएको छ"},{"$i":"fihVersion","$v":"FIH भर्सन"},{"$i":"imeiAndSvn","$v":"IMEI र SVN"},{"$i":"internalVersion","$v":"अन्तरिक भर्सन"},{"$i":"serviceClassData","$v":"डेटा"},{"$i":"serviceClassDataAsync","$v":"Async"},{"$i":"serviceClassDataSync","$v":"सिंक गर्नुहोस्"},{"$i":"serviceClassPacket","$v":"प्याकेट"},{"$i":"serviceClassVoice","$v":"आवाज"},{"$i":"smClirDefaultOffNextCallOff","$v":"कलर ID पूर्वनिर्धारितदेखि प्रतिबन्धित छैन। अर्को कल: प्रतिबन्धित छैन"},{"$i":"smClirDefaultOffNextCallOn","$v":"कलर ID पूर्वनिर्धारितदेखि प्रतिबन्धित छैन। अर्को कल: प्रतिबन्धित"},{"$i":"smClirDefaultOnNextCallOff","$v":"कलर ID प्रतिबन्धितमा पूर्वनिर्धारितहरूमा छ। अर्को कल: प्रतिबन्धित छैन"},{"$i":"smClirDefaultOnNextCallOn","$v":"कलर ID प्रतिबन्धितमा पूर्वनिर्धारितहरूमा छ। अर्को कल: प्रतिबन्धित"},{"$i":"smClirPermanent","$v":"तपाईंले कलर ID सेटिङ परिवर्तन गर्न सक्नुहुन्न"},{"$i":"smPin2Changed","$v":"PIN2 सफलतापूर्वक परिवर्तन भयो"},{"$i":"smPin2Unblocked","$v":"PIN2 सफलतापूर्वक अनब्लक गरियो"},{"$i":"smPinChanged","$v":"PIN सफलतापूर्वक परिवर्तन भयो"},{"$i":"smPinUnblocked","$v":"PIN सफलतापूर्वक अनब्लक भयो"},{"$i":"smServiceDisabled","$v":"सेवा असक्षम पारिएको छ"},{"$i":"smServiceEnabled","$v":"सेवा सक्षम पारियो"},{"$i":"smServiceEnabledFor","$v":"निम्न उल्लेखितको लागि सेवा सक्षम पारियो:"},{"$i":"smServiceErased","$v":"मेटाउने कार्य सफलतापूर्वक भयो"},{"$i":"smServiceInterrogated","$v":"अनुरोध सफलतापूर्वक भयो"},{"$i":"smServiceNotProvisioned","$v":"सेवाको व्यवस्था छैन"},{"$i":"smServiceRegistered","$v":"दर्ता सफल भयो"},{"$i":"another","$v":"अर्को"},{"$i":"current","$v":"हालको"},{"$i":"customTag","$v":"कस्टम ट्याग","placeholder":"कस्टम ट्याग"},{"$i":"faxHome","$v":"फ्याक्स गृह"},{"$i":"faxOffice","$v":"फ्याक्स अफिस"},{"$i":"faxOther","$v":"अन्य फ्याक्स गर्नुहोस्"},{"$i":"itemWithLabel","$v":[{"t":"idOrVar","v":"label"},", ",{"t":"idOrVar","v":"item"}]},{"$i":"label","$v":"लेबल"},{"$i":"other","$v":"अन्य"},{"$i":"tcl-customTag","$v":"कस्टम ट्याग"},{"$i":"dateTimeFormat_%c","$v":"%a %b %e %Y %I:%M:%S %p"},{"$i":"dateTimeFormat_%x","$v":"%m/%d/%Y"},{"$i":"days-ago-long","$v":{"few":[{"t":"idOrVar","v":"value"}," दिन पहिला"],"many":[{"t":"idOrVar","v":"value"}," दिन पहिला"],"one":"हिजो","other":[{"t":"idOrVar","v":"value"}," दिन पहिला"],"two":[{"t":"idOrVar","v":"value"}," दिन पहिला"],"zero":"आज"},"$x":[{"t":"idOrVar","v":"plural"},"value"]},{"$i":"days-ago-short","$v":{"other":[{"t":"idOrVar","v":"value"},"दिन पहिला"],"zero":"आज"},"$x":[{"t":"idOrVar","v":"plural"},"value"]},{"$i":"days-until-long","$v":{"few":[{"t":"idOrVar","v":"value"}," दिनमा"],"many":[{"t":"idOrVar","v":"value"}," दिनमा"],"one":"भोली","other":[{"t":"idOrVar","v":"value"}," दिनमा"],"two":[{"t":"idOrVar","v":"value"}," दिनमा"],"zero":"आज"},"$x":[{"t":"idOrVar","v":"plural"},"value"]},{"$i":"days-until-short","$v":{"other":[{"t":"idOrVar","v":"value"}," दिनमा"],"zero":"आज"},"$x":[{"t":"idOrVar","v":"plural"},"value"]},{"$i":"hours-ago-long","$v":{"few":[{"t":"idOrVar","v":"value"}," घण्टा पहिला"],"many":[{"t":"idOrVar","v":"value"}," घण्टा पहिला"],"one":"एक घण्टा अघि","other":[{"t":"idOrVar","v":"value"}," घण्टा पहिला"],"two":[{"t":"idOrVar","v":"value"}," घण्टा पहिला"],"zero":"अहिले भर्खर"},"$x":[{"t":"idOrVar","v":"plural"},"value"]},{"$i":"hours-ago-short","$v":{"other":[{"t":"idOrVar","v":"value"},"घण्टा पहिला"],"zero":"अहिले भर्खर"},"$x":[{"t":"idOrVar","v":"plural"},"value"]},{"$i":"hours-until-long","$v":{"few":[{"t":"idOrVar","v":"value"}," घण्टामा"],"many":[{"t":"idOrVar","v":"value"}," घण्टामा"],"one":"एक घण्टामा","other":[{"t":"idOrVar","v":"value"}," घण्टामा"],"two":[{"t":"idOrVar","v":"value"}," घण्टामा"],"zero":"अहिले"},"$x":[{"t":"idOrVar","v":"plural"},"value"]},{"$i":"hours-until-short","$v":{"other":[{"t":"idOrVar","v":"value"}," घण्टामा"],"zero":"अहिले"},"$x":[{"t":"idOrVar","v":"plural"},"value"]},{"$i":"incorrectDate","$v":"(गलत मिति)"},{"$i":"minutes-ago-long","$v":{"few":[{"t":"idOrVar","v":"value"}," मिनेट पहिला"],"many":[{"t":"idOrVar","v":"value"}," मिनेट पहिला"],"one":"एक मिनेट अघि","other":[{"t":"idOrVar","v":"value"}," मिनेट पहिला"],"two":[{"t":"idOrVar","v":"value"}," मिनेट पहिला"],"zero":"अहिले भर्खर"},"$x":[{"t":"idOrVar","v":"plural"},"value"]},{"$i":"minutes-ago-short","$v":{"other":[{"t":"idOrVar","v":"value"}," मिनेट पहिला"],"zero":"अहिले भर्खर"},"$x":[{"t":"idOrVar","v":"plural"},"value"]},{"$i":"minutes-until-long","$v":{"few":[{"t":"idOrVar","v":"value"}," मिनेटमा"],"many":[{"t":"idOrVar","v":"value"}," मिनेटमा"],"one":"एक मिनेटमा","other":[{"t":"idOrVar","v":"value"}," मिनेटमा"],"two":[{"t":"idOrVar","v":"value"}," मिनेटमा"],"zero":"अहिले"},"$x":[{"t":"idOrVar","v":"plural"},"value"]},{"$i":"minutes-until-short","$v":{"other":[{"t":"idOrVar","v":"value"}," मिनेटमा"],"zero":"अहिले"},"$x":[{"t":"idOrVar","v":"plural"},"value"]},{"$i":"month-0-genitive","$v":"जनवरी"},{"$i":"month-0-long","$v":"जनवरी"},{"$i":"month-0-short","$v":"जनवरी"},{"$i":"month-1-genitive","$v":"फेब्रुअरी"},{"$i":"month-1-long","$v":"फेब्रुअरी"},{"$i":"month-1-short","$v":"फेब्रुअरी"},{"$i":"month-10-genitive","$v":"नोभेम्बर"},{"$i":"month-10-long","$v":"नोभेम्बर"},{"$i":"month-10-short","$v":"नोभेम्बर"},{"$i":"month-11-genitive","$v":"डिसेम्बर"},{"$i":"month-11-long","$v":"डिसेम्बर"},{"$i":"month-11-short","$v":"डिसेम्बर"},{"$i":"month-2-genitive","$v":"मार्च"},{"$i":"month-2-long","$v":"मार्च"},{"$i":"month-2-short","$v":"मार्च"},{"$i":"month-3-genitive","$v":"अप्रिल"},{"$i":"month-3-long","$v":"अप्रिल"},{"$i":"month-3-short","$v":"अप्रिल"},{"$i":"month-4-genitive","$v":"मे"},{"$i":"month-4-long","$v":"मे"},{"$i":"month-4-short","$v":"मे"},{"$i":"month-5-genitive","$v":"जुन"},{"$i":"month-5-long","$v":"जुन"},{"$i":"month-5-short","$v":"जुन"},{"$i":"month-6-genitive","$v":"जुलाइ"},{"$i":"month-6-long","$v":"जुलाइ"},{"$i":"month-6-short","$v":"जुलाई"},{"$i":"month-7-genitive","$v":"अगस्ट"},{"$i":"month-7-long","$v":"अगस्ट"},{"$i":"month-7-short","$v":"अगस्ट"},{"$i":"month-8-genitive","$v":"सेप्टेम्बर"},{"$i":"month-8-long","$v":"सेप्टेम्बर"},{"$i":"month-8-short","$v":"सेप्टेम्बर"},{"$i":"month-9-genitive","$v":"अक्टुबर"},{"$i":"month-9-long","$v":"अक्टुबर"},{"$i":"month-9-short","$v":"अक्टोबर"},{"$i":"months-ago-long","$v":{"few":[{"t":"idOrVar","v":"value"}," महिना पहिला"],"many":[{"t":"idOrVar","v":"value"}," महिना पहिला"],"one":"गत महिना","other":[{"t":"idOrVar","v":"value"}," महिना पहिला"],"two":[{"t":"idOrVar","v":"value"}," महिना पहिला"],"zero":"यो महिना"},"$x":[{"t":"idOrVar","v":"plural"},"value"]},{"$i":"months-until-long","$v":{"few":[{"t":"idOrVar","v":"value"}," महिनामा"],"many":[{"t":"idOrVar","v":"value"}," महिनामा"],"one":"अर्को महिना","other":[{"t":"idOrVar","v":"value"}," महिनामा"],"two":[{"t":"idOrVar","v":"value"}," महिनामा"],"zero":"यो महिना"},"$x":[{"t":"idOrVar","v":"plural"},"value"]},{"$i":"shortDateTimeFormat","$v":"%x %I:%M %p"},{"$i":"shortTimeFormat","$v":"%I:%M %p"},{"$i":"shortTimeFormat12","$v":"%I:%M %p"},{"$i":"shortTimeFormat24","$v":"%H:%M"},{"$i":"time_am","$v":"AM"},{"$i":"time_pm","$v":"PM"},{"$i":"weekday-0-long","$v":"आइतबार"},{"$i":"weekday-0-short","$v":"सूर्य"},{"$i":"weekday-1-long","$v":"सोमबार"},{"$i":"weekday-1-short","$v":"सोमबार"},{"$i":"weekday-2-long","$v":"मङ्गलबार"},{"$i":"weekday-2-short","$v":"मङ्गलबार"},{"$i":"weekday-3-long","$v":"बुधबार"},{"$i":"weekday-3-short","$v":"बुधबार"},{"$i":"weekday-4-long","$v":"बिहिबार"},{"$i":"weekday-4-short","$v":"बिहीबार"},{"$i":"weekday-5-long","$v":"शुक्रबार"},{"$i":"weekday-5-short","$v":"शुक्रबार"},{"$i":"weekday-6-long","$v":"शनिबार"},{"$i":"weekday-6-short","$v":"शनिबार"},{"$i":"weeks-ago-long","$v":{"few":[{"t":"idOrVar","v":"value"}," हप्ता पहिला"],"many":[{"t":"idOrVar","v":"value"}," हप्ता पहिला"],"one":"गत हप्ता","other":[{"t":"idOrVar","v":"value"}," हप्ता पहिला"],"two":[{"t":"idOrVar","v":"value"}," हप्ता पहिला"],"zero":"यो हप्ता"},"$x":[{"t":"idOrVar","v":"plural"},"value"]},{"$i":"weeks-until-long","$v":{"few":[{"t":"idOrVar","v":"value"}," हप्तामा"],"many":[{"t":"idOrVar","v":"value"}," हप्तामा"],"one":"अर्को हप्ता","other":[{"t":"idOrVar","v":"value"}," हप्तामा"],"two":[{"t":"idOrVar","v":"value"}," हप्तामा"],"zero":"यो हप्ता"},"$x":[{"t":"idOrVar","v":"plural"},"value"]},{"$i":"years-ago-long","$v":{"few":[{"t":"idOrVar","v":"value"}," वर्ष पहिला"],"many":[{"t":"idOrVar","v":"value"}," वर्ष पहिला"],"one":"गएको वर्ष","other":[{"t":"idOrVar","v":"value"}," वर्ष पहिला"],"two":[{"t":"idOrVar","v":"value"}," वर्ष पहिला"],"zero":"यो वर्ष"},"$x":[{"t":"idOrVar","v":"plural"},"value"]},{"$i":"years-until-long","$v":{"few":[{"t":"idOrVar","v":"value"}," वर्षमा"],"many":[{"t":"idOrVar","v":"value"}," वर्षमा"],"one":"अर्को वर्ष","other":[{"t":"idOrVar","v":"value"}," वर्षमा"],"two":[{"t":"idOrVar","v":"value"}," वर्षमा"],"zero":"यो वर्ष"},"$x":[{"t":"idOrVar","v":"plural"},"value"]},{"$i":"dateTimeFormat_%X","$v":"%I:%M:%S %p"},{"$i":"weekStartsOnMonday","$v":"0"},{"$i":"firstDayOfTheWeek","$v":"0"}]