[{"$i":"clockDateFormat","$v":"%a, %e %b"},{"$i":"deviceIsUnlocked","$v":"Apparaat is ontgrendeld"},{"$i":"simUnlockCodeAccepted","$v":"SIM-ontgrendelingscode geaccepteerd"},{"$i":"simUnlockCodeFailed","$v":"SIM ontgrendelen mislukt"},{"$i":"eccOnly","$v":"Alleen noodoproepen"},{"$i":"emergencyCallsOnly","$v":"Alleen noodoproepen"},{"$i":"lockedSim","$v":"SIM vergrendeld"},{"$i":"noService","$v":"Geen service"},{"$i":"noSimCard","$v":"Geen SIM-kaart"},{"$i":"searching","$v":"Zoeken..."},{"$i":"airplane-mode","$v":"Vliegtuigmodus"},{"$i":"bluetooth","$v":"Bluetooth"},{"$i":"brightness","$v":"Helderheid"},{"$i":"calculator","$v":"Calculator"},{"$i":"camera","$v":"Camera"},{"$i":"cellular-data","$v":"Mobiele data"},{"$i":"confirm-to-uninstall-app","$v":["App ",{"t":"idOrVar","v":"appName"}," verwijderen?"]},{"$i":"flashlight","$v":"Zaklamp"},{"$i":"instant-settings","$v":"Instant instellingen"},{"$i":"off","$v":"Uit"},{"$i":"on","$v":"Aan"},{"$i":"shortcuts","$v":"Snelkoppelingen"},{"$i":"uninstall","$v":"Installatie ongedaan maken"},{"$i":"volume","$v":"Volume"},{"$i":"wifi","$v":"Wi-Fi"},{"$i":"percentage-number","$v":[{"t":"idOrVar","v":"number"},"%"]},{"$i":"all-apps","$v":"Alle apps"},{"$i":"scImei","$v":"IMEI"},{"$i":"scMeid","$v":"MEID"},{"$i":"scUssd","$v":"USSD"},{"$i":"CallFailed","$v":"Oproep mislukt"},{"$i":"GenericFailure","$v":"Algemene fout"},{"$i":"add-smart-collections","$v":"Slimme collecties toevoegen"},{"$i":"add-to-existing-contact","$v":"Toevoegen aan bestaand contact"},{"$i":"alert-for-contacts-without-number","$v":"Er zijn geen contacten met telefoonnummer beschikbaar."},{"$i":"app-title","$v":"Mijn apps"},{"$i":"app-uninstall","$v":[{"t":"idOrVar","v":"name"}," is verwijderd"]},{"$i":"assign","$v":"Toewijzen"},{"$i":"assign-speed-dial","$v":["Contact is niet toegevoegd als snelkeuze op knop ",{"t":"idOrVar","v":"n"},". Nu toewijzen?"]},{"$i":"assign-voicemail","$v":"Voicemailnummer is niet ingesteld."},{"$i":"call","$v":"Oproep"},{"$i":"callAirplaneModeMessage","$v":"Om een oproep te plaatsen moet u de vliegtuigmodus uitschakelen in instellingen."},{"$i":"callAirplaneModeTitle","$v":"Vliegtuigmodus geactiveerd"},{"$i":"cancel","$v":"Annuleren"},{"$i":"change-wallpaper","$v":"Achtergrond wijzigen"},{"$i":"clocks-updated","$v":"Klokken bijgewerkt"},{"$i":"confirmation","$v":"Bevestiging"},{"$i":"contacts","$v":"Contacten"},{"$i":"create-new-contact","$v":"Nieuw contact maken"},{"$i":"delete","$v":"Verwijderen"},{"$i":"delete-body","$v":[{"t":"idOrVar","v":"name"}," en alle bijbehorende gegevens worden verwijderd."]},{"$i":"delete-title","$v":[{"t":"idOrVar","v":"name"}," verwijderen"]},{"$i":"edit","$v":"Bewerken"},{"$i":"edit-done","$v":"Gereed"},{"$i":"edit-group-header","$v":"Groep bewerken"},{"$i":"edit-mode","$v":"Bewerken"},{"$i":"emergency-call-error","$v":[{"t":"idOrVar","v":"number"}," is geen alarmnummer."]},{"$i":"emergency-call-only","$v":"Alleen noodoproep"},{"$i":"emergencyDialogBodyBadNumber","$v":"Om een oproep te plaatsen, moet de telefoon verbonden zijn met een netwerk."},{"$i":"emergencyDialogBodyDeviceNotAccepted","$v":"Noodoproepen zijn op het netwerk niet toegestaan."},{"$i":"emergencyDialogTitle","$v":"Geen netwerkverbinding"},{"$i":"fax-home","$v":"Fax thuis"},{"$i":"fax-office","$v":"Fax kantoor"},{"$i":"fax-other","$v":"Fax anders"},{"$i":"fdnIsActiveMessage","$v":["FDN (vaste nummers bellen) is geactiveerd en het volgende nummer staat niet in uw FDN-lijst: ",{"t":"idOrVar","v":"number"}]},{"$i":"fdnIsActiveTitle","$v":"FDN actief"},{"$i":"gaia-shortcut-app-updated","$v":"App bijgewerkt"},{"$i":"grid-view","$v":"Rasterweergave"},{"$i":"home","$v":"Thuis"},{"$i":"homescreen-settings","$v":"Instellingen startscherm"},{"$i":"invalidNumberToDialMessage","$v":"Het telefoonnummer dat u belt is niet geldig."},{"$i":"invalidNumberToDialTitle","$v":"Ongeldig telefoonnummer"},{"$i":"list-view","$v":"Lijstweergave"},{"$i":"longDateFormat","$v":"%A, %B %e"},{"$i":"menu","$v":"Menu"},{"$i":"message","$v":"Bericht"},{"$i":"mobile","$v":"Mobiel"},{"$i":"more","$v":"Meer"},{"$i":"move","$v":"Verplaatsen"},{"$i":"notifications","$v":"Meldingen"},{"$i":"numberIsBusyMessage","$v":"Het nummer is op dit moment in gesprek. Probeer het later nog eens."},{"$i":"numberIsBusyTitle","$v":"Het nummer is in gesprek"},{"$i":"ok","$v":"OK"},{"$i":"option-remove","$v":"Verwijderen uit snelkeuze"},{"$i":"option-replace","$v":"Vervang"},{"$i":"options","$v":"Opties"},{"$i":"otherConnectionInUseMessage","$v":"U hebt een actieve oproep op een andere verbinding. U kunt slechts één verbinding tegelijk gebruiken."},{"$i":"otherConnectionInUseTitle","$v":"Andere verbinding in gebruik"},{"$i":"personal","$v":"Persoonlijk"},{"$i":"remove","$v":"Verwijderen"},{"$i":"remove-speed-dial","$v":["Weet u zeker dat u ",{"t":"idOrVar","v":"name"}," wilt verwijderen uit snelkeuze?"]},{"$i":"replace","$v":"Vervang"},{"$i":"replace-speed-dial","$v":["Weet u zeker dat u ",{"t":"idOrVar","v":"name"}," wilt vervangen door ",{"t":"idOrVar","v":"subName"},"?"]},{"$i":"resume-download-action","$v":"Downloaden"},{"$i":"resume-download-body","$v":["Wilt u ",{"t":"idOrVar","v":"name"}," downloaden?"]},{"$i":"resume-download-title","$v":"Download opnieuw starten"},{"$i":"scCallBarring","$v":"Blokkering"},{"$i":"scCallForwarding","$v":"Oproepdoorschakeling"},{"$i":"scCallWaiting","$v":"Wachtende oproep"},{"$i":"scClip","$v":"Inkomende beller-ID"},{"$i":"scClir","$v":"Uitgaande beller-ID"},{"$i":"scPin","$v":"PIN wijzigen"},{"$i":"scPin2","$v":"PIN2 wijzigen"},{"$i":"scPuk","$v":"PIN deblokkeren"},{"$i":"scPuk2","$v":"PIN2 deblokkeren"},{"$i":"scPwd","$v":"Wachtwoord wijzigen"},{"$i":"search-or-enter-address","placeholder":"Adres zoeken of invoeren"},{"$i":"select","$v":"Selecteer"},{"$i":"sending","$v":"Verzenden..."},{"$i":"set","$v":"Instellen"},{"$i":"settings","$v":"Instellingen"},{"$i":"single-view","$v":"Single-weergave"},{"$i":"skip","$v":"Overslaan"},{"$i":"speed-dial","$v":"Snelkeuze"},{"$i":"speed-dial-empty","ariaLabel":[{"t":"idOrVar","v":"order"},", leeg"]},{"$i":"speed-dial-not-empty","ariaLabel":[{"t":"idOrVar","v":"order"},", ",{"t":"idOrVar","v":"name"}]},{"$i":"stop-download-action","$v":"Stoppen"},{"$i":"stop-download-body","$v":"Wilt u de actieve download stoppen?"},{"$i":"stop-download-title","$v":[{"t":"idOrVar","v":"name"}," stoppen"]},{"$i":"tcl-wallpaper-changed","$v":"Achtergrond gewijzigd"},{"$i":"video-call","$v":"Videogesprek"},{"$i":"voicemail","$v":"Voicemail"},{"$i":"work","$v":"Werk"},{"$i":"apps","$v":"Apps"},{"$i":"nocard-eccOnly","$v":"No SIM card-Emergency calls only"},{"$i":"unusablecard-eccOnly","$v":"Unusable SIM card-Emergency calls only"},{"$i":"apn-sim1","$v":"APN-instellingen - SIM1"},{"$i":"apn-sim2","$v":"APN-instellingen - SIM2"},{"$i":"apnConfigPrepay","$v":"Vooraf betalen"},{"$i":"apnConfigPostpay","$v":"Achteraf betalen"},{"$i":"apn-defaultconfig-message","$v":"Instellen welk type APN moet worden weergegeven"},{"$i":"apnDefaultConfig","$v":"APN-standaardconfiguratie"},{"$i":"without-sim-new","$v":[{"t":"idOrVar","v":"index"}]},{"$i":"with-sim-new","$v":[{"t":"idOrVar","v":"index"}," - ",{"t":"idOrVar","v":"carrier"}]},{"$i":"sim-with-index-and-carrier","$v":["SIM ",{"t":"idOrVar","v":"index"}," - ",{"t":"idOrVar","v":"carrier"}]},{"$i":"sim-without-carrier","$v":["SIM ",{"t":"idOrVar","v":"index"}]},{"$i":"call-forwarding-voice-after-seconds","$v":["Spraak: ",{"t":"idOrVar","v":"voice"}," na ",{"t":"idOrVar","v":"timeSeconds"}," seconden"]},{"$i":"addNewNumber","$v":"Nieuw nummer toevoegen"},{"$i":"addToExistingContact","$v":"Toevoegen aan bestaand contact"},{"$i":"all","$v":"Alle","ariaLabel":"Alle"},{"$i":"bluetooth-handsfree-device","$v":"Handsfree Bluetooth-apparaat"},{"$i":"bluetoothOption","ariaLabel":"Bluetooth"},{"$i":"callDurationHours","$v":[{"t":"idOrVar","v":"h"},":",{"t":"idOrVar","v":"m"},":",{"t":"idOrVar","v":"s"}]},{"$i":"callDurationMinutes","$v":[{"t":"idOrVar","v":"m"},":",{"t":"idOrVar","v":"s"}]},{"$i":"callDurationTextFormatHours","$v":[{"t":"idOrVar","v":"h"}," u ",{"t":"idOrVar","v":"m"}," m ",{"t":"idOrVar","v":"s"}," s"]},{"$i":"callDurationTextFormatMinutes","$v":[{"t":"idOrVar","v":"m"}," m ",{"t":"idOrVar","v":"s"}," s"]},{"$i":"callDurationTextFormatSeconds","$v":[{"t":"idOrVar","v":"s"}," s"]},{"$i":"callEnded","$v":"Oproep beëindigd"},{"$i":"callInformation","$v":"Oproepinformatie"},{"$i":"callLog","$v":"Oproeplog"},{"$i":"callLogEdit","title":"Oproeplog bewerken"},{"$i":"callLogEditDialog","ariaLabel":"Oproeplogvenster bewerken"},{"$i":"caller-left-call","$v":[{"t":"idOrVar","v":"caller"}," heeft de oproep verlaten."]},{"$i":"calllog-all","$v":"Alle"},{"$i":"calllog-deselectAll","$v":"Alle selecties opheffen"},{"$i":"calllog-none","$v":"Geen"},{"$i":"calllog-selectAll","$v":"Alles selecteren"},{"$i":"canceled","$v":"Geannuleerd"},{"$i":"clear-all-text","$v":"Alle tekst wissen"},{"$i":"close","$v":"Sluiten"},{"$i":"composeEmail","ariaLabel":"E-mail"},{"$i":"conferenceAddError","$v":"Kan oproepen niet samenvoegen"},{"$i":"conferenceCall","$v":["Conferentie (",{"t":"idOrVar","v":"n"},")"]},{"$i":"conferenceRemoveError","$v":"Kan samenvoegen van oproepen niet ongedaan maken"},{"$i":"confirm-deletion","$v":"Geselecteerde oproepen wissen?"},{"$i":"connecting","$v":"Verbinding maken"},{"$i":"connectingEllipsis","$v":"Verbinding maken..."},{"$i":"contactDetails","$v":"Contactgegevens"},{"$i":"createNewContact","$v":"Nieuw contact maken"},{"$i":"delete-n-log?","$v":{"few":[{"t":"idOrVar","v":"n"}," logboeken verwijderen?"],"many":[{"t":"idOrVar","v":"n"}," logboeken verwijderen?"],"one":"Geselecteerd logboek verwijderen?","other":[{"t":"idOrVar","v":"n"}," logboeken verwijderen?"],"two":[{"t":"idOrVar","v":"n"}," logboeken verwijderen?"],"zero":"Niets geselecteerd"},"$x":[{"t":"idOrVar","v":"plural"},"n"]},{"$i":"deselect","$v":"Selectie opheffen"},{"$i":"dialed","$v":"Gebeld"},{"$i":"dialer-prompt","$v":"Kies een nummer of selecteer een toe te voegen contact om te bellen"},{"$i":"dialerAddContact","ariaLabel":"Contact toevoegen"},{"$i":"dialerAddContactDialog","ariaLabel":"Contactvenster toevoegen"},{"$i":"edit-selected","$v":{"few":["geselecteerd(",{"t":"idOrVar","v":"n"},")"],"many":["geselecteerd(",{"t":"idOrVar","v":"n"},")"],"one":["geselecteerd(",{"t":"idOrVar","v":"n"},")"],"other":["geselecteerd(",{"t":"idOrVar","v":"n"},")"],"two":["geselecteerd(",{"t":"idOrVar","v":"n"},")"]},"$x":[{"t":"idOrVar","v":"plural"},"n"]},{"$i":"emailDetail","ariaLabel":"E-mail"},{"$i":"from-contact","$v":["Van ",{"t":"idOrVar","v":"contact"}]},{"$i":"from-number","$v":["Van ",{"t":"idOrVar","v":"number"}]},{"$i":"from-withheld-number","$v":"Van onbekend nummer"},{"$i":"hangup-a11y-button","ariaLabel":"Ophangen"},{"$i":"hide","$v":"Verbergen"},{"$i":"hideKeypad","ariaLabel":"Toetsenblok verbergen"},{"$i":"hold","ariaLabel":"In wacht"},{"$i":"hours","$v":"uren"},{"$i":"ignore","$v":"Oproep negeren"},{"$i":"incoming","$v":"Inkomend"},{"$i":"incoming-call","$v":"Inkomende oproep"},{"$i":"info-missed","$v":"Gemist"},{"$i":"keypad","ariaLabel":"Toetsenblok"},{"$i":"log-item","$v":"Opties"},{"$i":"makeCall","ariaLabel":"Oproep plaatsen"},{"$i":"merge","ariaLabel":"Samenvoegen"},{"$i":"minutes","$v":"minuten"},{"$i":"missed","$v":"Gemist","ariaLabel":"Gemist"},{"$i":"missedCall","$v":"Gemiste oproep"},{"$i":"missedCallMultiSims","$v":["(SIM ",{"t":"idOrVar","v":"n"},") Gemiste oproep"]},{"$i":"mmi-error","$v":"Er is een fout opgetreden tijdens het verzenden van het bericht"},{"$i":"mmi-notification-title-with-sim","$v":["(",{"t":"idOrVar","v":"sim"},") ",{"t":"idOrVar","v":"title"}]},{"$i":"mmi-session-expired","$v":"Sessie verlopen"},{"$i":"mmi-successfully-sent","$v":"Bericht is verzonden"},{"$i":"mute","ariaLabel":"Dempen"},{"$i":"newCall","ariaLabel":"Nieuwe oproep"},{"$i":"no-logs-msg-1","$v":"Geen oproepen opgenomen"},{"$i":"no-logs-msg-2","$v":"Nu beginnen met communiceren"},{"$i":"no-logs-msg-3","$v":"Geen oproepen opgenomen"},{"$i":"no-logs-msg-4","$v":"Nu beginnen met communiceren"},{"$i":"no-recent-numbers","$v":"Er staan geen recente nummers in het Oproepenlogboek om te bellen."},{"$i":"onHoldOption","ariaLabel":"In de wacht"},{"$i":"outgoing","$v":"Uitgaand"},{"$i":"outgoing-call","$v":"Uitgaande oproep"},{"$i":"phoneDetail","ariaLabel":"Telefoon"},{"$i":"pickup-a11y-button","ariaLabel":"Opnemen"},{"$i":"received","$v":"Ontvangen"},{"$i":"receiver","$v":"Ontvanger"},{"$i":"recents","ariaLabel":"Recente oproepen"},{"$i":"reply","$v":"Beantwoorden"},{"$i":"resume","$v":"Hervatten","ariaLabel":"Hervatten"},{"$i":"search-results","$v":"Zoekresultaten"},{"$i":"seconds","$v":"seconden"},{"$i":"select-audio-sources","$v":"Audiobronnen selecteren"},{"$i":"send","$v":"Verzenden"},{"$i":"send-sms-button","ariaLabel":"SMS"},{"$i":"sendSms","$v":"Bericht verzenden"},{"$i":"separator","$v":","},{"$i":"sim-number","$v":["SIM",{"t":"idOrVar","v":"n"}]},{"$i":"speaker","$v":"Luidspreker"},{"$i":"speakerOption","ariaLabel":"Luidspreker"},{"$i":"suggestionMatches","$v":{"few":[{"t":"idOrVar","v":"n"}," overeenkomsten voor '",{"t":"idOrVar","v":"matchNumber"},"'"],"many":[{"t":"idOrVar","v":"n"}," overeenkomsten voor '",{"t":"idOrVar","v":"matchNumber"},"'"],"one":[{"t":"idOrVar","v":"n"}," overeenkomst voor '",{"t":"idOrVar","v":"matchNumber"},"'"],"other":[{"t":"idOrVar","v":"n"}," overeenkomsten voor '",{"t":"idOrVar","v":"matchNumber"},"'"],"two":[{"t":"idOrVar","v":"n"}," overeenkomsten voor '",{"t":"idOrVar","v":"matchNumber"},"'"]},"$x":[{"t":"idOrVar","v":"plural"},"n"]},{"$i":"switch-calls","$v":"Oproepen overschakelen"},{"$i":"tcl-assign","$v":"Toewijzen"},{"$i":"tcl-assign-speed-dial","$v":{"$o":["Contact is niet toegevoegd als Snelkeuze op knop '",{"t":"idOrVar","v":"speedDial"},"'<br><br>Nu toewijzen?"]}},{"$i":"tcl-call-log-delete-group-notification","$v":[{"t":"idOrVar","v":"n"}," items zijn verwijderd"]},{"$i":"tcl-calllog-entry-removed-err-notification","$v":"Kan item in oproeplog niet verwijderen"},{"$i":"tcl-calllog-entry-removed-succ-notification","$v":"Item in oproeplog verwijderd"},{"$i":"tcl-cancel","$v":"Annuleren"},{"$i":"tcl-confirmation","$v":"Bevestiging"},{"$i":"tcl-delete-log","$v":"Weet u zeker dat u de geselecteerde items wilt verwijderen uit de oproeplog?"},{"$i":"tcl-dialer","$v":"Kiezer"},{"$i":"tcl-edit-not-selected","$v":"geselecteerd(0)"},{"$i":"tcl-option-menu-call-log-edit","$v":"Oproeplog bewerken"},{"$i":"today","$v":"Vandaag"},{"$i":"toggleKeypad","ariaLabel":"Toetsenblok schakelen"},{"$i":"type-your-response","placeholder":"Typ uw antwoord..."},{"$i":"unknown","$v":"Onbekend"},{"$i":"unlock-a11y-button","ariaLabel":"Schuifregelaar"},{"$i":"ussd-services","$v":[{"t":"idOrVar","v":"operator"}," services"]},{"$i":"via-sim","$v":["via SIM",{"t":"idOrVar","v":"n"}]},{"$i":"view-all","$v":"Alles weergeven"},{"$i":"wifi-calling","$v":"Bellen via Wi-Fi"},{"$i":"withheld-number","$v":"Onbekend"},{"$i":"yesterday","$v":"Gisteren"},{"$i":"SimPin2","$v":"SIM PIN2"},{"$i":"SimPuk2","$v":"SIM PUK2"},{"$i":"serviceClassFax","$v":"FAX"},{"$i":"serviceClassPad","$v":"TOETSENBLOK"},{"$i":"serviceClassSms","$v":"SMS"},{"$i":"DialModifiedToDial","$v":"Bellen gewijzigd in bellen"},{"$i":"DialModifiedToSs","$v":"Bellen gewijzigd in SS"},{"$i":"DialModifiedToUssd","$v":"Bellen gewijzigd in USSD"},{"$i":"FdnCheckFailure","$v":"Fdn-controle mislukt"},{"$i":"IllegalSimOrMe","$v":"Illegale SIM of ME"},{"$i":"InvalidParameter","$v":"Ongeldige parameter"},{"$i":"ModeNotSupported","$v":"Modus niet ondersteund"},{"$i":"OpNotAllowedDuringVoiceCall","$v":"Bewerking niet toegestaan tijdens spraakoproep"},{"$i":"PasswordIncorrect","$v":"Wachtwoord onjuist"},{"$i":"RadioNotAvailable","$v":"Radio niet beschikbaar"},{"$i":"RejectedByRemote","$v":"Geweigerd door afstandsbediening"},{"$i":"RequestNotSupported","$v":"Verzoek niet ondersteund"},{"$i":"ServiceIsDisabled","$v":"Service is uitgeschakeld"},{"$i":"ServiceIsEnabled","$v":"Service is ingeschakeld"},{"$i":"ServiceIsEnabledFor","$v":"Service is ingeschakeld voor:"},{"$i":"SimAbsent","$v":"SIM afwezig"},{"$i":"SmsSendFailRetry","$v":"SMS verzenden mislukt, opnieuw proberen"},{"$i":"SsModifiedToDial","$v":"SS gewijzigd in bellen"},{"$i":"SsModifiedToSs","$v":"SS gewijzigd in SS"},{"$i":"SsModifiedToUssd","$v":"SS gewijzigd in USSD"},{"$i":"SubscriptionNotAvailable","$v":"Abonnement niet beschikbaar"},{"$i":"SubscriptionNotSupported","$v":"Abonnement niet ondersteund"},{"$i":"UssdModifiedToDial","$v":"USSD gewijzigd in bellen"},{"$i":"UssdModifiedToSs","$v":"USSD gewijzigd in SS"},{"$i":"UssdModifiedToUssd","$v":"USSD gewijzigd in USSD"},{"$i":"call-forwarding-async","$v":["Asynchroon: ",{"t":"idOrVar","v":"async"}]},{"$i":"call-forwarding-data","$v":["Gegevens: ",{"t":"idOrVar","v":"data"}]},{"$i":"call-forwarding-error","$v":"Er is een fout opgetreden tijdens het ophalen van de status voor gesprek doorschakelen"},{"$i":"call-forwarding-fax","$v":["FAX: ",{"t":"idOrVar","v":"fax"}]},{"$i":"call-forwarding-inactive","$v":"Inactief"},{"$i":"call-forwarding-packet","$v":["Pakket: ",{"t":"idOrVar","v":"packet"}]},{"$i":"call-forwarding-pad","$v":["TOETSENBLOK: ",{"t":"idOrVar","v":"pad"}]},{"$i":"call-forwarding-sms","$v":["SMS: ",{"t":"idOrVar","v":"sms"}]},{"$i":"call-forwarding-status","$v":"Status voor gesprek doorschakelen"},{"$i":"call-forwarding-sync","$v":["Synchroon: ",{"t":"idOrVar","v":"async"}]},{"$i":"call-forwarding-voice","$v":["Spraak: ",{"t":"idOrVar","v":"voice"}]},{"$i":"emMmiError","$v":"Verbindingsprobleem of ongeldige MMI-code"},{"$i":"emMmiErrorBadPin","$v":"De oude PIN-code die u hebt ingevoerd, is onjuist."},{"$i":"emMmiErrorBadPuk","$v":"De PUK-code die u hebt ingevoerd, is onjuist"},{"$i":"emMmiErrorEnablePin","$v":"Mislukt. Schakel SIM/RUIM-vergrendeling in"},{"$i":"emMmiErrorInvalidAction","$v":"Ongeldige actie"},{"$i":"emMmiErrorInvalidPin","$v":"Voer een PIN-code van 4 tot 8 cijfers in"},{"$i":"emMmiErrorInvalidScCode","$v":"Ongeldige servicecode"},{"$i":"emMmiErrorMismatchPin","$v":"De PIN-codes die u hebt ingevoerd, komen niet overeen"},{"$i":"emMmiErrorMmiFdn","$v":"Bewerking is beperkt tot vaste nummers"},{"$i":"emMmiErrorNeedPuk2","$v":"Typ PUK2 om de SIM-kaart te ontgrendelen"},{"$i":"emMmiErrorNeedsPuk","$v":"Uw SIM-kaart is vergrendeld met PUK-code"},{"$i":"emMmiErrorNotSupported","$v":"Ongeldige of niet ondersteunde MMI-code"},{"$i":"emMmiErrorPasswordIncorrect","$v":"Onjuist wachtwoord"},{"$i":"emMmiErrorPinPukAttempts","$v":{"few":[{"t":"idOrVar","v":"n"}," resterende pogingen"],"many":[{"t":"idOrVar","v":"n"}," resterende pogingen"],"one":["Slechts ",{"t":"idOrVar","v":"n"}," resterende poging"],"other":[{"t":"idOrVar","v":"n"}," resterende pogingen"],"two":[{"t":"idOrVar","v":"n"}," resterende pogingen"]},"$x":[{"t":"idOrVar","v":"plural"},"n"]},{"$i":"emMmiErrorSimBlocked","$v":"Maximale aantal pogingen overschreden. SIM geblokkeerd"},{"$i":"emMmiErrorStkCcSsDial","$v":"SS-verzoek gewijzigd in DIAL-verzoek"},{"$i":"emMmiErrorStkCcSsSs","$v":"SS-verzoek gewijzigd in nieuw SS-verzoek"},{"$i":"emMmiErrorStkCcSsUssd","$v":"SS-verzoek gewijzigd in USSD-verzoek"},{"$i":"emMmiErrorStkCcUssdDial","$v":"USSD-verzoek gewijzigd in DIAL-verzoek"},{"$i":"emMmiErrorStkCcUssdSs","$v":"USSD-verzoek gewijzigd in SS-verzoek"},{"$i":"emMmiErrorStkCcUssdUssd","$v":"USSD-verzoek gewijzigd in nieuw USSD-verzoek"},{"$i":"fihVersion","$v":"FIH-versie"},{"$i":"imeiAndSvn","$v":"IMEI en SVN"},{"$i":"internalVersion","$v":"Interne versie"},{"$i":"serviceClassData","$v":"Data"},{"$i":"serviceClassDataAsync","$v":"Async"},{"$i":"serviceClassDataSync","$v":"Synchroniseren"},{"$i":"serviceClassPacket","$v":"Pakket"},{"$i":"serviceClassVoice","$v":"Spraak"},{"$i":"smClirDefaultOffNextCallOff","$v":"Beller-ID standaard ingesteld op 'Zichtbaar'. Volgende oproep: Zichtbaar."},{"$i":"smClirDefaultOffNextCallOn","$v":"Beller-ID standaard ingesteld op 'Zichtbaar'. Volgende oproep: Afgeschermd."},{"$i":"smClirDefaultOnNextCallOff","$v":"Beller-ID standaard ingesteld op 'Afgeschermd'. Volgende oproep: Zichtbaar."},{"$i":"smClirDefaultOnNextCallOn","$v":"Beller-ID standaard ingesteld op 'Afgeschermd'. Volgende oproep: Afgeschermd."},{"$i":"smClirPermanent","$v":"U kunt de instelling voor de beller-ID niet wijzigen"},{"$i":"smPin2Changed","$v":"PIN2 is gewijzigd"},{"$i":"smPin2Unblocked","$v":"Blokkering van PIN2 is opgeheven"},{"$i":"smPinChanged","$v":"PIN is gewijzigd"},{"$i":"smPinUnblocked","$v":"Blokkering van PIN is opgeheven"},{"$i":"smServiceDisabled","$v":"Service is uitgeschakeld"},{"$i":"smServiceEnabled","$v":"Service is ingeschakeld"},{"$i":"smServiceEnabledFor","$v":"Service is ingeschakeld voor:"},{"$i":"smServiceErased","$v":"Wissen is gelukt"},{"$i":"smServiceInterrogated","$v":"Verzoek is gelukt"},{"$i":"smServiceNotProvisioned","$v":"Service niet ingericht"},{"$i":"smServiceRegistered","$v":"Registratie is gelukt"},{"$i":"another","$v":"Andere"},{"$i":"current","$v":"Huidig"},{"$i":"customTag","$v":"Aangepaste tag","placeholder":"Aangepaste tag"},{"$i":"faxHome","$v":"Fax thuis"},{"$i":"faxOffice","$v":"Fax kantoor"},{"$i":"faxOther","$v":"Fax anders"},{"$i":"itemWithLabel","$v":[{"t":"idOrVar","v":"label"},", ",{"t":"idOrVar","v":"item"}]},{"$i":"label","$v":"Label"},{"$i":"other","$v":"Anders"},{"$i":"tcl-customTag","$v":"Aangepaste tag"},{"$i":"dateTimeFormat_%c","$v":"%a %b %e %Y %I:%M:%S %p"},{"$i":"dateTimeFormat_%x","$v":"%m/%d/%Y"},{"$i":"days-ago-long","$v":{"few":[{"t":"idOrVar","v":"value"}," dagen geleden"],"many":[{"t":"idOrVar","v":"value"}," dagen geleden"],"one":"gisteren","other":[{"t":"idOrVar","v":"value"}," dagen geleden"],"two":[{"t":"idOrVar","v":"value"}," dagen geleden"],"zero":"vandaag"},"$x":[{"t":"idOrVar","v":"plural"},"value"]},{"$i":"days-ago-short","$v":{"other":[{"t":"idOrVar","v":"value"},"d geleden"],"zero":"vandaag"},"$x":[{"t":"idOrVar","v":"plural"},"value"]},{"$i":"days-until-long","$v":{"few":["over ",{"t":"idOrVar","v":"value"}," dagen"],"many":["over ",{"t":"idOrVar","v":"value"}," dagen"],"one":"morgen","other":["over ",{"t":"idOrVar","v":"value"}," dagen"],"two":["over ",{"t":"idOrVar","v":"value"}," dagen"],"zero":"vandaag"},"$x":[{"t":"idOrVar","v":"plural"},"value"]},{"$i":"days-until-short","$v":{"other":["over ",{"t":"idOrVar","v":"value"},"d"],"zero":"vandaag"},"$x":[{"t":"idOrVar","v":"plural"},"value"]},{"$i":"hours-ago-long","$v":{"few":[{"t":"idOrVar","v":"value"}," uur geleden"],"many":[{"t":"idOrVar","v":"value"}," uur geleden"],"one":"een uur geleden","other":[{"t":"idOrVar","v":"value"}," uur geleden"],"two":[{"t":"idOrVar","v":"value"}," uur geleden"],"zero":"zojuist"},"$x":[{"t":"idOrVar","v":"plural"},"value"]},{"$i":"hours-ago-short","$v":{"other":[{"t":"idOrVar","v":"value"},"u geleden"],"zero":"zojuist"},"$x":[{"t":"idOrVar","v":"plural"},"value"]},{"$i":"hours-until-long","$v":{"few":["over ",{"t":"idOrVar","v":"value"}," uur"],"many":["over ",{"t":"idOrVar","v":"value"}," uur"],"one":"over een uur","other":["over ",{"t":"idOrVar","v":"value"}," uur"],"two":["over ",{"t":"idOrVar","v":"value"}," uur"],"zero":"nu"},"$x":[{"t":"idOrVar","v":"plural"},"value"]},{"$i":"hours-until-short","$v":{"other":["over ",{"t":"idOrVar","v":"value"},"u"],"zero":"nu"},"$x":[{"t":"idOrVar","v":"plural"},"value"]},{"$i":"incorrectDate","$v":"(onjuiste datum)"},{"$i":"minutes-ago-long","$v":{"few":[{"t":"idOrVar","v":"value"}," minuten geleden"],"many":[{"t":"idOrVar","v":"value"}," minuten geleden"],"one":"een minuut geleden","other":[{"t":"idOrVar","v":"value"}," minuten geleden"],"two":[{"t":"idOrVar","v":"value"}," minuten geleden"],"zero":"zojuist"},"$x":[{"t":"idOrVar","v":"plural"},"value"]},{"$i":"minutes-ago-short","$v":{"other":[{"t":"idOrVar","v":"value"},"m geleden"],"zero":"zojuist"},"$x":[{"t":"idOrVar","v":"plural"},"value"]},{"$i":"minutes-until-long","$v":{"few":["over ",{"t":"idOrVar","v":"value"}," minuten"],"many":["over ",{"t":"idOrVar","v":"value"}," minuten"],"one":"over een minuut","other":["over ",{"t":"idOrVar","v":"value"}," minuten"],"two":["over ",{"t":"idOrVar","v":"value"}," minuten"],"zero":"nu"},"$x":[{"t":"idOrVar","v":"plural"},"value"]},{"$i":"minutes-until-short","$v":{"other":["over ",{"t":"idOrVar","v":"value"},"m"],"zero":"nu"},"$x":[{"t":"idOrVar","v":"plural"},"value"]},{"$i":"month-0-genitive","$v":"januari"},{"$i":"month-0-long","$v":"januari"},{"$i":"month-0-short","$v":"Jan"},{"$i":"month-1-genitive","$v":"februari"},{"$i":"month-1-long","$v":"februari"},{"$i":"month-1-short","$v":"Feb"},{"$i":"month-10-genitive","$v":"november"},{"$i":"month-10-long","$v":"november"},{"$i":"month-10-short","$v":"Nov"},{"$i":"month-11-genitive","$v":"december"},{"$i":"month-11-long","$v":"december"},{"$i":"month-11-short","$v":"Dec"},{"$i":"month-2-genitive","$v":"maart"},{"$i":"month-2-long","$v":"maart"},{"$i":"month-2-short","$v":"Maa"},{"$i":"month-3-genitive","$v":"april"},{"$i":"month-3-long","$v":"april"},{"$i":"month-3-short","$v":"Apr"},{"$i":"month-4-genitive","$v":"mei"},{"$i":"month-4-long","$v":"mei"},{"$i":"month-4-short","$v":"mei"},{"$i":"month-5-genitive","$v":"juni"},{"$i":"month-5-long","$v":"juni"},{"$i":"month-5-short","$v":"Jun"},{"$i":"month-6-genitive","$v":"juli"},{"$i":"month-6-long","$v":"juli"},{"$i":"month-6-short","$v":"Jul"},{"$i":"month-7-genitive","$v":"augustus"},{"$i":"month-7-long","$v":"augustus"},{"$i":"month-7-short","$v":"Aug"},{"$i":"month-8-genitive","$v":"september"},{"$i":"month-8-long","$v":"september"},{"$i":"month-8-short","$v":"Sep"},{"$i":"month-9-genitive","$v":"oktober"},{"$i":"month-9-long","$v":"oktober"},{"$i":"month-9-short","$v":"Okt"},{"$i":"months-ago-long","$v":{"few":[{"t":"idOrVar","v":"value"}," maanden geleden"],"many":[{"t":"idOrVar","v":"value"}," maanden geleden"],"one":"vorige maand","other":[{"t":"idOrVar","v":"value"}," maanden geleden"],"two":[{"t":"idOrVar","v":"value"}," maanden geleden"],"zero":"deze maand"},"$x":[{"t":"idOrVar","v":"plural"},"value"]},{"$i":"months-until-long","$v":{"few":["over ",{"t":"idOrVar","v":"value"}," maanden"],"many":["over ",{"t":"idOrVar","v":"value"}," maanden"],"one":"volgende maand","other":["over ",{"t":"idOrVar","v":"value"}," maanden"],"two":["over ",{"t":"idOrVar","v":"value"}," maanden"],"zero":"deze maand"},"$x":[{"t":"idOrVar","v":"plural"},"value"]},{"$i":"shortDateTimeFormat","$v":"%x %I:%M %p"},{"$i":"shortTimeFormat","$v":"%I:%M %p"},{"$i":"shortTimeFormat12","$v":"%I:%M %p"},{"$i":"shortTimeFormat24","$v":"%H:%M"},{"$i":"time_am","$v":"AM"},{"$i":"time_pm","$v":"PM"},{"$i":"weekday-0-long","$v":"zondag"},{"$i":"weekday-0-short","$v":"Zon"},{"$i":"weekday-1-long","$v":"maandag"},{"$i":"weekday-1-short","$v":"Maa"},{"$i":"weekday-2-long","$v":"dinsdag"},{"$i":"weekday-2-short","$v":"Din"},{"$i":"weekday-3-long","$v":"woensdag"},{"$i":"weekday-3-short","$v":"Woe"},{"$i":"weekday-4-long","$v":"donderdag"},{"$i":"weekday-4-short","$v":"Don"},{"$i":"weekday-5-long","$v":"vrijdag"},{"$i":"weekday-5-short","$v":"Vrij"},{"$i":"weekday-6-long","$v":"zaterdag"},{"$i":"weekday-6-short","$v":"Zat"},{"$i":"weeks-ago-long","$v":{"few":[{"t":"idOrVar","v":"value"}," weken geleden"],"many":[{"t":"idOrVar","v":"value"}," weken geleden"],"one":"vorige week","other":[{"t":"idOrVar","v":"value"}," weken geleden"],"two":[{"t":"idOrVar","v":"value"}," weken geleden"],"zero":"deze week"},"$x":[{"t":"idOrVar","v":"plural"},"value"]},{"$i":"weeks-until-long","$v":{"few":["over ",{"t":"idOrVar","v":"value"}," weken"],"many":["over ",{"t":"idOrVar","v":"value"}," weken"],"one":"volgende week","other":["over ",{"t":"idOrVar","v":"value"}," weken"],"two":["over ",{"t":"idOrVar","v":"value"}," weken"],"zero":"deze week"},"$x":[{"t":"idOrVar","v":"plural"},"value"]},{"$i":"years-ago-long","$v":{"few":[{"t":"idOrVar","v":"value"}," jaar geleden"],"many":[{"t":"idOrVar","v":"value"}," jaar geleden"],"one":"vorig jaar","other":[{"t":"idOrVar","v":"value"}," jaar geleden"],"two":[{"t":"idOrVar","v":"value"}," jaar geleden"],"zero":"dit jaar"},"$x":[{"t":"idOrVar","v":"plural"},"value"]},{"$i":"years-until-long","$v":{"few":["over ",{"t":"idOrVar","v":"value"}," jaar"],"many":["over ",{"t":"idOrVar","v":"value"}," jaar"],"one":"volgend jaar","other":["over ",{"t":"idOrVar","v":"value"}," jaar"],"two":["over ",{"t":"idOrVar","v":"value"}," jaar"],"zero":"dit jaar"},"$x":[{"t":"idOrVar","v":"plural"},"value"]},{"$i":"dateTimeFormat_%X","$v":"%I:%M:%S %p"},{"$i":"weekStartsOnMonday","$v":"0"},{"$i":"firstDayOfTheWeek","$v":"1"}]