[{"$i":"clockDateFormat","$v":"%a, %e %b"},{"$i":"deviceIsUnlocked","$v":"Urządzenie jest odblokowane"},{"$i":"simUnlockCodeAccepted","$v":"Kod odblokowujący kartę SIM został zaakceptowany"},{"$i":"simUnlockCodeFailed","$v":"Usunięcie blokady z karty SIM nieudane"},{"$i":"eccOnly","$v":"Tylko połączenia alarmowe"},{"$i":"emergencyCallsOnly","$v":"Tylko połączenia alarmowe"},{"$i":"lockedSim","$v":"Karta SIM została zablokowana"},{"$i":"noService","$v":"Brak usługi"},{"$i":"noSimCard","$v":"Brak karty SIM"},{"$i":"searching","$v":"Wyszukiwanie…"},{"$i":"airplane-mode","$v":"Tryb samolotowy"},{"$i":"bluetooth","$v":"Bluetooth"},{"$i":"brightness","$v":"Jasność"},{"$i":"calculator","$v":"Kalkulator"},{"$i":"camera","$v":"Aparat"},{"$i":"cellular-data","$v":"Dane komórkowe"},{"$i":"confirm-to-uninstall-app","$v":["Odinstalować aplikację ",{"t":"idOrVar","v":"appName"},"?"]},{"$i":"flashlight","$v":"Latarka"},{"$i":"instant-settings","$v":"szybkie ustawienia"},{"$i":"off","$v":"Wył."},{"$i":"on","$v":"Wł."},{"$i":"shortcuts","$v":"Skróty"},{"$i":"uninstall","$v":"Odinstaluj"},{"$i":"volume","$v":"Głośność"},{"$i":"wifi","$v":"Wi-Fi"},{"$i":"percentage-number","$v":[{"t":"idOrVar","v":"number"},"%"]},{"$i":"all-apps","$v":"Wszystkie aplikacje"},{"$i":"scImei","$v":"IMEI"},{"$i":"scMeid","$v":"MEID"},{"$i":"scUssd","$v":"USSD"},{"$i":"CallFailed","$v":"Błąd połączenia"},{"$i":"GenericFailure","$v":"Funkcjonalno?? niedost?pna"},{"$i":"add-smart-collections","$v":"Dodaj inteligentne kolekcje"},{"$i":"add-to-existing-contact","$v":"Dodaj do istniejącego kontaktu"},{"$i":"alert-for-contacts-without-number","$v":"Brak dostępnych kontaktów z numerem telefonu."},{"$i":"app-title","$v":"Moje aplikacje"},{"$i":"app-uninstall","$v":["Odinstalowano ",{"t":"idOrVar","v":"name"}]},{"$i":"assign","$v":"Przypisz"},{"$i":"assign-speed-dial","$v":["Kontakt nie został dodany do przycisku szybkiego wybierania „",{"t":"idOrVar","v":"n"},"”. Przypisać teraz?"]},{"$i":"assign-voicemail","$v":"Nie ustawiono numeru poczty głosowej."},{"$i":"call","$v":"Połącz"},{"$i":"callAirplaneModeMessage","$v":"Aby móc wykonać połączenie, musisz wyłączyć tryb samolotowy w ustawieniach."},{"$i":"callAirplaneModeTitle","$v":"Włączono tryb samolotowy"},{"$i":"cancel","$v":"Anuluj"},{"$i":"change-wallpaper","$v":"Zmień tapetę"},{"$i":"clocks-updated","$v":"Zaktualizowano zegary"},{"$i":"confirmation","$v":"Potwierdzenie"},{"$i":"contacts","$v":"Kontakty"},{"$i":"create-new-contact","$v":"Utwórz nowy kontakt"},{"$i":"delete","$v":"Usuń"},{"$i":"delete-body","$v":[{"t":"idOrVar","v":"name"}," i wszystkie powiązane dane zostaną usunięte."]},{"$i":"delete-title","$v":["Usuń ",{"t":"idOrVar","v":"name"}]},{"$i":"edit","$v":"Edytuj"},{"$i":"edit-done","$v":"Gotowe"},{"$i":"edit-group-header","$v":"Edytuj grupę"},{"$i":"edit-mode","$v":"Edytuj"},{"$i":"emergency-call-error","$v":[{"t":"idOrVar","v":"number"}," nie jest numerem alarmowym."]},{"$i":"emergency-call-only","$v":"Tylko połączenia alarmowe"},{"$i":"emergencyDialogBodyBadNumber","$v":"Aby możliwe było wykonywanie połączeń, telefon musi być połączony z siecią."},{"$i":"emergencyDialogBodyDeviceNotAccepted","$v":"Sieć nie zezwala na połączenia alarmowe."},{"$i":"emergencyDialogTitle","$v":"Brak połączenia z siecią"},{"$i":"fax-home","$v":"Faks domowy"},{"$i":"fax-office","$v":"Faks służbowy"},{"$i":"fax-other","$v":"Inny faks"},{"$i":"fdnIsActiveMessage","$v":["Usługa FDN (ustalone numery) jest włączona, a następujący numer nie znajduje się na liście FDN: ",{"t":"idOrVar","v":"number"}]},{"$i":"fdnIsActiveTitle","$v":"Usługa FDN jest włączona"},{"$i":"gaia-shortcut-app-updated","$v":"Zaktualizowano aplikację"},{"$i":"grid-view","$v":"Widok siatki"},{"$i":"home","$v":"Domowy"},{"$i":"homescreen-settings","$v":"Ustawienia ekranu głównego"},{"$i":"invalidNumberToDialMessage","$v":"Wybrany numer telefonu nie jest prawidłowy."},{"$i":"invalidNumberToDialTitle","$v":"Nieprawidłowy numer telefonu"},{"$i":"list-view","$v":"Widok listy"},{"$i":"longDateFormat","$v":"%A, %B %e"},{"$i":"menu","$v":"Menu"},{"$i":"message","$v":"Wiadomość"},{"$i":"mobile","$v":"Komórkowy"},{"$i":"more","$v":"Więcej"},{"$i":"move","$v":"Przenieś"},{"$i":"notifications","$v":"Powiadomienia"},{"$i":"numberIsBusyMessage","$v":"Numer jest aktualnie zajęty. Spróbuj ponownie później."},{"$i":"numberIsBusyTitle","$v":"Numer jest zajęty"},{"$i":"ok","$v":"OK"},{"$i":"option-remove","$v":"Usuń z szybkiego wybierania"},{"$i":"option-replace","$v":"Zastąp"},{"$i":"options","$v":"Opcje"},{"$i":"otherConnectionInUseMessage","$v":"Masz aktywne połączenie na innym łączu. Nie możesz używać więcej niż jednego łącza."},{"$i":"otherConnectionInUseTitle","$v":"Inne łącze w użyciu"},{"$i":"personal","$v":"Osobisty"},{"$i":"remove","$v":"Usuń"},{"$i":"remove-speed-dial","$v":["Czy na pewno chcesz usunąć kontakt ",{"t":"idOrVar","v":"name"}," z szybkiego wybierania?"]},{"$i":"replace","$v":"Zastąp"},{"$i":"replace-speed-dial","$v":["Czy na pewno chcesz wybrać ",{"t":"idOrVar","v":"subName"}," zamiast ",{"t":"idOrVar","v":"name"},"?"]},{"$i":"resume-download-action","$v":"Pobierz"},{"$i":"resume-download-body","$v":["Czy chcesz pobrać ",{"t":"idOrVar","v":"name"},"?"]},{"$i":"resume-download-title","$v":"Ponownie rozpocznij pobieranie"},{"$i":"scCallBarring","$v":"Blokada połączeń"},{"$i":"scCallForwarding","$v":"Przekierowanie połączeń"},{"$i":"scCallWaiting","$v":"Połączenia oczekujące"},{"$i":"scClip","$v":"Identyfikator połączenia przychodzącego"},{"$i":"scClir","$v":"Identyfikator połączenia wychodzącego"},{"$i":"scPin","$v":"Zmiana kodu PIN"},{"$i":"scPin2","$v":"Zmiana kodu PIN2"},{"$i":"scPuk","$v":"Odblokuj PIN"},{"$i":"scPuk2","$v":"Odblokuj PIN2"},{"$i":"scPwd","$v":"Zmiana hasła"},{"$i":"search-or-enter-address","placeholder":"Wyszukaj lub wprowadź adres"},{"$i":"select","$v":"Wybierz"},{"$i":"sending","$v":"Wysyłanie…"},{"$i":"set","$v":"Ustaw"},{"$i":"settings","$v":"Ustawienia"},{"$i":"single-view","$v":"Widok pojedynczy"},{"$i":"skip","$v":"Pomiń"},{"$i":"speed-dial","$v":"Szybkie wybieranie"},{"$i":"speed-dial-empty","ariaLabel":[{"t":"idOrVar","v":"order"},", puste"]},{"$i":"speed-dial-not-empty","ariaLabel":[{"t":"idOrVar","v":"order"},", ",{"t":"idOrVar","v":"name"}]},{"$i":"stop-download-action","$v":"Zatrzymaj"},{"$i":"stop-download-body","$v":"Czy chcesz zatrzymać trwające pobieranie?"},{"$i":"stop-download-title","$v":["Zatrzymaj ",{"t":"idOrVar","v":"name"}]},{"$i":"tcl-wallpaper-changed","$v":"Zmieniono tapetę"},{"$i":"video-call","$v":"Połączenie wideo"},{"$i":"voicemail","$v":"Poczta głosowa"},{"$i":"work","$v":"Służbowy"},{"$i":"apps","$v":"Aplikacje"},{"$i":"nocard-eccOnly","$v":"No SIM card-Emergency calls only"},{"$i":"unusablecard-eccOnly","$v":"Unusable SIM card-Emergency calls only"},{"$i":"apn-sim1","$v":"Ustawienia APN – SIM1"},{"$i":"apn-sim2","$v":"Ustawienia APN – SIM2"},{"$i":"apnConfigPrepay","$v":"Przedpłata"},{"$i":"apnConfigPostpay","$v":"Abonament"},{"$i":"apn-defaultconfig-message","$v":"Wybierz typ APN do wyświetlenia"},{"$i":"apnDefaultConfig","$v":"Domyślna konfiguracja APN"},{"$i":"without-sim-new","$v":[{"t":"idOrVar","v":"index"}]},{"$i":"with-sim-new","$v":[{"t":"idOrVar","v":"index"},": ",{"t":"idOrVar","v":"carrier"}]},{"$i":"sim-with-index-and-carrier","$v":["SIM",{"t":"idOrVar","v":"index"}," – ",{"t":"idOrVar","v":"carrier"}]},{"$i":"sim-without-carrier","$v":["SIM ",{"t":"idOrVar","v":"index"}]},{"$i":"call-forwarding-voice-after-seconds","$v":["Głos: ",{"t":"idOrVar","v":"voice"}," po upływie ",{"t":"idOrVar","v":"timeSeconds"}," sekund"]},{"$i":"addNewNumber","$v":"Dodaj nowy numer"},{"$i":"addToExistingContact","$v":"Dodaj do istniejącego kontaktu"},{"$i":"all","$v":"Wszystko","ariaLabel":"Wszystko"},{"$i":"bluetooth-handsfree-device","$v":"Urządzenie głośnomówiące Bluetooth"},{"$i":"bluetoothOption","ariaLabel":"Bluetooth"},{"$i":"callDurationHours","$v":[{"t":"idOrVar","v":"h"},":",{"t":"idOrVar","v":"m"},":",{"t":"idOrVar","v":"s"}]},{"$i":"callDurationMinutes","$v":[{"t":"idOrVar","v":"m"},":",{"t":"idOrVar","v":"s"}]},{"$i":"callDurationTextFormatHours","$v":[{"t":"idOrVar","v":"h"}," g ",{"t":"idOrVar","v":"m"}," m ",{"t":"idOrVar","v":"s"}," s"]},{"$i":"callDurationTextFormatMinutes","$v":[{"t":"idOrVar","v":"m"}," m ",{"t":"idOrVar","v":"s"}," s"]},{"$i":"callDurationTextFormatSeconds","$v":[{"t":"idOrVar","v":"s"}," s"]},{"$i":"callEnded","$v":"Połączenie zakończone"},{"$i":"callInformation","$v":"Informacje o połączeniu"},{"$i":"callLog","$v":"Rejestr połączeń"},{"$i":"callLogEdit","title":"Edytuj rejestr połączeń"},{"$i":"callLogEditDialog","ariaLabel":"Edytuj dialog rejestru połączeń"},{"$i":"caller-left-call","$v":["Rozmówca ",{"t":"idOrVar","v":"caller"}," opuścił połączenie."]},{"$i":"calllog-all","$v":"Wszystkie"},{"$i":"calllog-deselectAll","$v":"Odznacz wszystkie"},{"$i":"calllog-none","$v":"Brak"},{"$i":"calllog-selectAll","$v":"Zaznacz wszystkie"},{"$i":"canceled","$v":"Anulowano"},{"$i":"clear-all-text","$v":"Wyczyść cały tekst"},{"$i":"close","$v":"Zamknij"},{"$i":"composeEmail","ariaLabel":"E-mail"},{"$i":"conferenceAddError","$v":"Nie można scalić połączeń"},{"$i":"conferenceCall","$v":["Połączenie konferencyjne (",{"t":"idOrVar","v":"n"},")"]},{"$i":"conferenceRemoveError","$v":"Nie można podzielić połączeń"},{"$i":"confirm-deletion","$v":"Usunąć zaznaczone połączenia?"},{"$i":"connecting","$v":"Łączenie"},{"$i":"connectingEllipsis","$v":"Łączenie…"},{"$i":"contactDetails","$v":"Szczegóły kontaktu"},{"$i":"createNewContact","$v":"Utwórz nowy kontakt"},{"$i":"delete-n-log?","$v":{"few":["Usunąć rejestry (",{"t":"idOrVar","v":"n"},")?"],"many":["Usunąć rejestry (",{"t":"idOrVar","v":"n"},")?"],"one":"Usunąć wybrany rejestr?","other":["Usunąć rejestry (",{"t":"idOrVar","v":"n"},")?"],"two":["Usunąć rejestry (",{"t":"idOrVar","v":"n"},")?"],"zero":"Niczego nie zaznaczono"},"$x":[{"t":"idOrVar","v":"plural"},"n"]},{"$i":"deselect","$v":"Odznacz"},{"$i":"dialed","$v":"Wybierane"},{"$i":"dialer-prompt","$v":"Wybierz numer lub kontakt, aby dodać do połączenia"},{"$i":"dialerAddContact","ariaLabel":"Dodaj kontakt"},{"$i":"dialerAddContactDialog","ariaLabel":"Dodaj dialog kontaktu"},{"$i":"edit-selected","$v":{"few":["wybrano(",{"t":"idOrVar","v":"n"},")"],"many":["wybrano(",{"t":"idOrVar","v":"n"},")"],"one":["wybrano(",{"t":"idOrVar","v":"n"},")"],"other":["wybrano(",{"t":"idOrVar","v":"n"},")"],"two":["wybrano(",{"t":"idOrVar","v":"n"},")"]},"$x":[{"t":"idOrVar","v":"plural"},"n"]},{"$i":"emailDetail","ariaLabel":"E-mail"},{"$i":"from-contact","$v":["Od: ",{"t":"idOrVar","v":"contact"}]},{"$i":"from-number","$v":["Od: ",{"t":"idOrVar","v":"number"}]},{"$i":"from-withheld-number","$v":"Z nieznanego numeru"},{"$i":"hangup-a11y-button","ariaLabel":"Zakończ rozmowę"},{"$i":"hide","$v":"Ukryj"},{"$i":"hideKeypad","ariaLabel":"Ukryj klawiaturę"},{"$i":"hold","ariaLabel":"Wstrzymaj"},{"$i":"hours","$v":"godz."},{"$i":"ignore","$v":"Zignoruj połączenie"},{"$i":"incoming","$v":"Przychodzące"},{"$i":"incoming-call","$v":"Połączenie przychodzące"},{"$i":"info-missed","$v":"Nieodebrane"},{"$i":"keypad","ariaLabel":"Klawiatura"},{"$i":"log-item","$v":"Opcje"},{"$i":"makeCall","ariaLabel":"Nawiąż połączenie"},{"$i":"merge","ariaLabel":"Scal"},{"$i":"minutes","$v":"min"},{"$i":"missed","$v":"Nieodebrane","ariaLabel":"Nieodebrane"},{"$i":"missedCall","$v":"Nieodebrane połączenie"},{"$i":"missedCallMultiSims","$v":["(SIM ",{"t":"idOrVar","v":"n"},") Nieodebrane połączenie"]},{"$i":"mmi-error","$v":"Podczas wysyłania wiadomości wystąpił błąd"},{"$i":"mmi-notification-title-with-sim","$v":["(",{"t":"idOrVar","v":"sim"},") ",{"t":"idOrVar","v":"title"}]},{"$i":"mmi-session-expired","$v":"Sesja wygasła"},{"$i":"mmi-successfully-sent","$v":"Pomyślnie wysłano wiadomość"},{"$i":"mute","ariaLabel":"Wycisz"},{"$i":"newCall","ariaLabel":"Nowe połączenie"},{"$i":"no-logs-msg-1","$v":"Brak nagranych połączeń"},{"$i":"no-logs-msg-2","$v":"Rozpocznij komunikację teraz"},{"$i":"no-logs-msg-3","$v":"Brak nagranych połączeń"},{"$i":"no-logs-msg-4","$v":"Rozpocznij komunikację teraz"},{"$i":"no-recent-numbers","$v":"Brak ostatnich numerów do wybrania w rejestrze połączeń."},{"$i":"onHoldOption","ariaLabel":"Oczekujące"},{"$i":"outgoing","$v":"Wychodzące"},{"$i":"outgoing-call","$v":"Połączenie wychodzące"},{"$i":"phoneDetail","ariaLabel":"Telefon"},{"$i":"pickup-a11y-button","ariaLabel":"Odbierz"},{"$i":"received","$v":"Odebrane"},{"$i":"receiver","$v":"Odbiornik"},{"$i":"recents","ariaLabel":"Ostatnie połączenia"},{"$i":"reply","$v":"Odpowiedz"},{"$i":"resume","$v":"Wznów","ariaLabel":"Wznów"},{"$i":"search-results","$v":"Wyniki wyszukiwania"},{"$i":"seconds","$v":"s"},{"$i":"select-audio-sources","$v":"Wybierz źródło audio"},{"$i":"send","$v":"Wyślij"},{"$i":"send-sms-button","ariaLabel":"SMS"},{"$i":"sendSms","$v":"Wyślij wiadomość"},{"$i":"separator","$v":","},{"$i":"sim-number","$v":["SIM",{"t":"idOrVar","v":"n"}]},{"$i":"speaker","$v":"Głośnik"},{"$i":"speakerOption","ariaLabel":"Głośnik"},{"$i":"suggestionMatches","$v":{"few":["Liczba wyników dla „",{"t":"idOrVar","v":"matchNumber"},"”: ",{"t":"idOrVar","v":"n"}],"many":["Liczba wyników dla „",{"t":"idOrVar","v":"matchNumber"},"”: ",{"t":"idOrVar","v":"n"}],"one":[{"t":"idOrVar","v":"n"}," wynik dla „",{"t":"idOrVar","v":"matchNumber"},"”"],"other":["Liczba wyników dla „",{"t":"idOrVar","v":"matchNumber"},"”: ",{"t":"idOrVar","v":"n"}],"two":["Liczba wyników dla „",{"t":"idOrVar","v":"matchNumber"},"”: ",{"t":"idOrVar","v":"n"}]},"$x":[{"t":"idOrVar","v":"plural"},"n"]},{"$i":"switch-calls","$v":"Przełącz połączenia"},{"$i":"tcl-assign","$v":"Przypisz"},{"$i":"tcl-assign-speed-dial","$v":{"$o":["Kontakt nie został dodany do przycisku szybkiego wybierania „",{"t":"idOrVar","v":"speedDial"},"”<br><br>Przypisać teraz?"]}},{"$i":"tcl-call-log-delete-group-notification","$v":["Liczba usuniętych wpisów: ",{"t":"idOrVar","v":"n"}]},{"$i":"tcl-calllog-entry-removed-err-notification","$v":"Nie można usunąć wpisu z rejestru połączeń"},{"$i":"tcl-calllog-entry-removed-succ-notification","$v":"Usunięto wpis z rejestru połączeń"},{"$i":"tcl-cancel","$v":"Anuluj"},{"$i":"tcl-confirmation","$v":"Potwierdzenie"},{"$i":"tcl-delete-log","$v":"Czy na pewno chcesz usunąć wybrane wpisy z rejestru połączeń?"},{"$i":"tcl-dialer","$v":"Wybieranie numerów"},{"$i":"tcl-edit-not-selected","$v":"wybrano(0)"},{"$i":"tcl-option-menu-call-log-edit","$v":"Edytuj rejestr połączeń"},{"$i":"today","$v":"Dzisiaj"},{"$i":"toggleKeypad","ariaLabel":"Włącz klawiaturę"},{"$i":"type-your-response","placeholder":"Wpisz odpowiedź…"},{"$i":"unknown","$v":"Nieznany"},{"$i":"unlock-a11y-button","ariaLabel":"Suwak"},{"$i":"ussd-services","$v":["Usługi: ",{"t":"idOrVar","v":"operator"}]},{"$i":"via-sim","$v":["poprzez SIM",{"t":"idOrVar","v":"n"}]},{"$i":"view-all","$v":"Pokaż wszystkie"},{"$i":"wifi-calling","$v":"Rozmowy Wi-Fi"},{"$i":"withheld-number","$v":"Nieznany"},{"$i":"yesterday","$v":"Wczoraj"},{"$i":"SimPin2","$v":"Kod PIN2 karty SIM"},{"$i":"SimPuk2","$v":"Kod PUK2 karty SIM"},{"$i":"serviceClassFax","$v":"FAKS"},{"$i":"serviceClassPad","$v":"PAD"},{"$i":"serviceClassSms","$v":"SMS"},{"$i":"DialModifiedToDial","$v":"DIAL zostało zmodyfikowane na DIAL"},{"$i":"DialModifiedToSs","$v":"DIAL zostało zmodyfikowane na SS"},{"$i":"DialModifiedToUssd","$v":"DIAL zostało zmodyfikowane na USSD"},{"$i":"FdnCheckFailure","$v":"Błąd kontroli FDN"},{"$i":"IllegalSimOrMe","$v":"Niedozwolone SIM lub ME"},{"$i":"InvalidParameter","$v":"Nieprawidłowy parametr"},{"$i":"ModeNotSupported","$v":"Tryb nie jest obsługiwany"},{"$i":"OpNotAllowedDuringVoiceCall","$v":"Ta operacja nie jest dozwolona podczas połączenia głosowego"},{"$i":"PasswordIncorrect","$v":"Nieprawidłowe hasło"},{"$i":"RadioNotAvailable","$v":"Radio not available"},{"$i":"RejectedByRemote","$v":"Odrzucono zdalnie"},{"$i":"RequestNotSupported","$v":"Nieobsługiwane żądanie"},{"$i":"ServiceIsDisabled","$v":"Usługa wyłączona"},{"$i":"ServiceIsEnabled","$v":"Usługa włączona"},{"$i":"ServiceIsEnabledFor","$v":"Usługa jest włączona dla:"},{"$i":"SimAbsent","$v":"Brak karty SIM"},{"$i":"SmsSendFailRetry","$v":"Błąd wysyłania SMS, ponowna próba"},{"$i":"SsModifiedToDial","$v":"SS zostało zmodyfikowane na DIAL"},{"$i":"SsModifiedToSs","$v":"SS zostało zmodyfikowane na SS"},{"$i":"SsModifiedToUssd","$v":"SS zostało zmodyfikowane na USSD"},{"$i":"SubscriptionNotAvailable","$v":"Subskrypcja niedostępna"},{"$i":"SubscriptionNotSupported","$v":"Subskrypcja nieobsługiwana"},{"$i":"UssdModifiedToDial","$v":"USSD zostało zmodyfikowane na DIAL"},{"$i":"UssdModifiedToSs","$v":"USSD zostało zmodyfikowane na SS"},{"$i":"UssdModifiedToUssd","$v":"USSD zostało zmodyfikowane na USSD"},{"$i":"call-forwarding-async","$v":["Asynchr.: ",{"t":"idOrVar","v":"async"}]},{"$i":"call-forwarding-data","$v":["Dane: ",{"t":"idOrVar","v":"data"}]},{"$i":"call-forwarding-error","$v":"Podczas pobierania stanu przekierowania połączeń wystąpił błąd"},{"$i":"call-forwarding-fax","$v":["FAKS: ",{"t":"idOrVar","v":"fax"}]},{"$i":"call-forwarding-inactive","$v":"Nieaktywne"},{"$i":"call-forwarding-packet","$v":["Pakiet: ",{"t":"idOrVar","v":"packet"}]},{"$i":"call-forwarding-pad","$v":["PAD: ",{"t":"idOrVar","v":"pad"}]},{"$i":"call-forwarding-sms","$v":["SMS: ",{"t":"idOrVar","v":"sms"}]},{"$i":"call-forwarding-status","$v":"Status przekierowania połączeń"},{"$i":"call-forwarding-sync","$v":["Synchr.: ",{"t":"idOrVar","v":"sync"}]},{"$i":"call-forwarding-voice","$v":["Głos: ",{"t":"idOrVar","v":"voice"}]},{"$i":"emMmiError","$v":"Problem z połączeniem lub nieprawidłowy kod MMI"},{"$i":"emMmiErrorBadPin","$v":"Wpisany stary PIN jest nieprawidłowy."},{"$i":"emMmiErrorBadPuk","$v":"Wpisany PUK jest nieprawidłowy"},{"$i":"emMmiErrorEnablePin","$v":"Niepowodzenie. Włącz blokadę SIM/RUIM"},{"$i":"emMmiErrorInvalidAction","$v":"Nieprawidłowa czynność"},{"$i":"emMmiErrorInvalidPin","$v":"Wpisz PIN składający się z od 4 do 8 cyfr"},{"$i":"emMmiErrorInvalidScCode","$v":"Nieprawidłowy kod usługi"},{"$i":"emMmiErrorMismatchPin","$v":"Wprowadzone kody PIN nie są zgodne"},{"$i":"emMmiErrorMmiFdn","$v":"Tę operację można wykonać wyłącznie w przypadku ustalonych numerów"},{"$i":"emMmiErrorNeedPuk2","$v":"Wprowadź kod PUK2, aby odblokować kartę SIM"},{"$i":"emMmiErrorNeedsPuk","$v":"Karta SIM jest zablokowana kodem PUK"},{"$i":"emMmiErrorNotSupported","$v":"Nieprawidłowy lub nieobsługiwany kod MMI"},{"$i":"emMmiErrorPasswordIncorrect","$v":"Nieprawidłowe hasło"},{"$i":"emMmiErrorPinPukAttempts","$v":{"few":["Pozostało prób: ",{"t":"idOrVar","v":"n"}],"many":["Pozostało prób: ",{"t":"idOrVar","v":"n"}],"one":["Pozostała tylko ",{"t":"idOrVar","v":"n"}," próba"],"other":["Pozostało prób: ",{"t":"idOrVar","v":"n"}],"two":["Pozostało prób: ",{"t":"idOrVar","v":"n"}]},"$x":[{"t":"idOrVar","v":"plural"},"n"]},{"$i":"emMmiErrorSimBlocked","$v":"Przekroczono maksymalną liczbę prób. Karta SIM jest zablokowana"},{"$i":"emMmiErrorStkCcSsDial","$v":"Żądanie SS zostało zmienione na żądanie DIAL"},{"$i":"emMmiErrorStkCcSsSs","$v":"Żądanie SS zostało zmienione na nowe żądanie SS"},{"$i":"emMmiErrorStkCcSsUssd","$v":"Żądanie SS zostało zmienione na żądanie USSD"},{"$i":"emMmiErrorStkCcUssdDial","$v":"Żądanie USSD zostało zmienione na żądanie DIAL"},{"$i":"emMmiErrorStkCcUssdSs","$v":"Żądanie USSD zostało zmienione na żądanie SS"},{"$i":"emMmiErrorStkCcUssdUssd","$v":"Żądanie USSD zostało zmienione na nowe żądanie USSD"},{"$i":"fihVersion","$v":"Wersja FIH"},{"$i":"imeiAndSvn","$v":"IMEI i SVN"},{"$i":"internalVersion","$v":"Wersja wewnętrzna"},{"$i":"serviceClassData","$v":"Dane"},{"$i":"serviceClassDataAsync","$v":"Asynchr."},{"$i":"serviceClassDataSync","$v":"Synchr."},{"$i":"serviceClassPacket","$v":"Pakiet"},{"$i":"serviceClassVoice","$v":"Głos"},{"$i":"smClirDefaultOffNextCallOff","$v":"Identyfikator rozmówcy ustawiony jest domyślnie na „nie zastrzeżony”. Następne połączenie: nie zastrzeżony"},{"$i":"smClirDefaultOffNextCallOn","$v":"Identyfikator rozmówcy ustawiony jest domyślnie na „nie zastrzeżony”. Następne połączenie: zastrzeżony"},{"$i":"smClirDefaultOnNextCallOff","$v":"Identyfikator rozmówcy ustawiony jest domyślnie na „zastrzeżony”. Następne połączenie: nie zastrzeżony"},{"$i":"smClirDefaultOnNextCallOn","$v":"Identyfikator rozmówcy ustawiony jest domyślnie na „zastrzeżony”. Następne połączenie: zastrzeżony"},{"$i":"smClirPermanent","$v":"Nie możesz zmienić ustawienia identyfikatora rozmówcy"},{"$i":"smPin2Changed","$v":"Pomyślnie zmieniono PIN2"},{"$i":"smPin2Unblocked","$v":"Pomyślnie odblokowano PIN2"},{"$i":"smPinChanged","$v":"Pomyślnie zmieniono PIN"},{"$i":"smPinUnblocked","$v":"Pomyślnie odblokowano PIN"},{"$i":"smServiceDisabled","$v":"Usługa została wyłączona"},{"$i":"smServiceEnabled","$v":"Usługa została włączona"},{"$i":"smServiceEnabledFor","$v":"Usługa została włączona dla:"},{"$i":"smServiceErased","$v":"Kasowanie zakończone powodzeniem"},{"$i":"smServiceInterrogated","$v":"Żądanie zakończone powodzeniem"},{"$i":"smServiceNotProvisioned","$v":"Usługa nie jest dostarczana"},{"$i":"smServiceRegistered","$v":"Rejestracja zakończona powodzeniem"},{"$i":"another","$v":"Inny"},{"$i":"current","$v":"Bieżący"},{"$i":"customTag","$v":"Niestandardowe oznaczenie","placeholder":"Niestandardowe oznaczenie"},{"$i":"faxHome","$v":"Faks domowy"},{"$i":"faxOffice","$v":"Faks służbowy"},{"$i":"faxOther","$v":"Inny faks"},{"$i":"itemWithLabel","$v":[{"t":"idOrVar","v":"label"},", ",{"t":"idOrVar","v":"item"}]},{"$i":"label","$v":"Etykieta"},{"$i":"other","$v":"Inny"},{"$i":"tcl-customTag","$v":"Niestandardowe oznaczenie"},{"$i":"dateTimeFormat_%c","$v":"%a %b %e %Y %I:%M:%S %p"},{"$i":"dateTimeFormat_%x","$v":"%m/%d/%Y"},{"$i":"days-ago-long","$v":{"few":[{"t":"idOrVar","v":"value"}," dni temu"],"many":[{"t":"idOrVar","v":"value"}," dni temu"],"one":"wczoraj","other":[{"t":"idOrVar","v":"value"}," dni temu"],"two":[{"t":"idOrVar","v":"value"}," dni temu"],"zero":"dzisiaj"},"$x":[{"t":"idOrVar","v":"plural"},"value"]},{"$i":"days-ago-short","$v":{"other":[{"t":"idOrVar","v":"value"}," d temu"],"zero":"dzisiaj"},"$x":[{"t":"idOrVar","v":"plural"},"value"]},{"$i":"days-until-long","$v":{"few":["za ",{"t":"idOrVar","v":"value"}," dni"],"many":["za ",{"t":"idOrVar","v":"value"}," dni"],"one":"jutro","other":["za ",{"t":"idOrVar","v":"value"}," dni"],"two":["za ",{"t":"idOrVar","v":"value"}," dni"],"zero":"dzisiaj"},"$x":[{"t":"idOrVar","v":"plural"},"value"]},{"$i":"days-until-short","$v":{"other":["za ",{"t":"idOrVar","v":"value"}," d"],"zero":"dzisiaj"},"$x":[{"t":"idOrVar","v":"plural"},"value"]},{"$i":"hours-ago-long","$v":{"few":[{"t":"idOrVar","v":"value"}," godzin(y) temu"],"many":[{"t":"idOrVar","v":"value"}," godzin(y) temu"],"one":"godzinę temu","other":[{"t":"idOrVar","v":"value"}," godzin(y) temu"],"two":[{"t":"idOrVar","v":"value"}," godzin(y) temu"],"zero":"teraz"},"$x":[{"t":"idOrVar","v":"plural"},"value"]},{"$i":"hours-ago-short","$v":{"other":[{"t":"idOrVar","v":"value"}," g temu"],"zero":"przed chwilą"},"$x":[{"t":"idOrVar","v":"plural"},"value"]},{"$i":"hours-until-long","$v":{"few":["za ",{"t":"idOrVar","v":"value"}," godzin(y)"],"many":["za ",{"t":"idOrVar","v":"value"}," godzin(y)"],"one":"za godzinę","other":["za ",{"t":"idOrVar","v":"value"}," godzin"],"two":["za ",{"t":"idOrVar","v":"value"}," godzin(y)"],"zero":"teraz"},"$x":[{"t":"idOrVar","v":"plural"},"value"]},{"$i":"hours-until-short","$v":{"other":["za ",{"t":"idOrVar","v":"value"}," g"],"zero":"teraz"},"$x":[{"t":"idOrVar","v":"plural"},"value"]},{"$i":"incorrectDate","$v":"(nieprawidłowa data)"},{"$i":"minutes-ago-long","$v":{"few":[{"t":"idOrVar","v":"value"}," minut(y) temu"],"many":[{"t":"idOrVar","v":"value"}," minut(y) temu"],"one":"minutę temu","other":[{"t":"idOrVar","v":"value"}," minut"],"two":[{"t":"idOrVar","v":"value"}," minut(y) temu"],"zero":"teraz"},"$x":[{"t":"idOrVar","v":"plural"},"value"]},{"$i":"minutes-ago-short","$v":{"other":[{"t":"idOrVar","v":"value"}," m temu"],"zero":"przed chwilą"},"$x":[{"t":"idOrVar","v":"plural"},"value"]},{"$i":"minutes-until-long","$v":{"few":["za ",{"t":"idOrVar","v":"value"}," minut(y)"],"many":["za ",{"t":"idOrVar","v":"value"}," minut(y)"],"one":"za minutę","other":["za ",{"t":"idOrVar","v":"value"}," minut"],"two":["za ",{"t":"idOrVar","v":"value"}," minut(y)"],"zero":"teraz"},"$x":[{"t":"idOrVar","v":"plural"},"value"]},{"$i":"minutes-until-short","$v":{"other":["za ",{"t":"idOrVar","v":"value"}," m"],"zero":"teraz"},"$x":[{"t":"idOrVar","v":"plural"},"value"]},{"$i":"month-0-genitive","$v":"Styczeń"},{"$i":"month-0-long","$v":"Styczeń"},{"$i":"month-0-short","$v":"Sty"},{"$i":"month-1-genitive","$v":"Luty"},{"$i":"month-1-long","$v":"Luty"},{"$i":"month-1-short","$v":"Lut"},{"$i":"month-10-genitive","$v":"Listopad"},{"$i":"month-10-long","$v":"Listopad"},{"$i":"month-10-short","$v":"Lis"},{"$i":"month-11-genitive","$v":"Grudzień"},{"$i":"month-11-long","$v":"Grudzień"},{"$i":"month-11-short","$v":"Gru"},{"$i":"month-2-genitive","$v":"Marzec"},{"$i":"month-2-long","$v":"Marzec"},{"$i":"month-2-short","$v":"Mar"},{"$i":"month-3-genitive","$v":"Kwiecień"},{"$i":"month-3-long","$v":"Kwiecień"},{"$i":"month-3-short","$v":"Kwi"},{"$i":"month-4-genitive","$v":"Maj"},{"$i":"month-4-long","$v":"Maj"},{"$i":"month-4-short","$v":"Maj"},{"$i":"month-5-genitive","$v":"Czerwiec"},{"$i":"month-5-long","$v":"Czerwiec"},{"$i":"month-5-short","$v":"Cze"},{"$i":"month-6-genitive","$v":"Lipiec"},{"$i":"month-6-long","$v":"Lipiec"},{"$i":"month-6-short","$v":"Lip"},{"$i":"month-7-genitive","$v":"Sierpień"},{"$i":"month-7-long","$v":"Sierpień"},{"$i":"month-7-short","$v":"Sie"},{"$i":"month-8-genitive","$v":"Wrzesień"},{"$i":"month-8-long","$v":"Wrzesień"},{"$i":"month-8-short","$v":"Wrz"},{"$i":"month-9-genitive","$v":"Październik"},{"$i":"month-9-long","$v":"Październik"},{"$i":"month-9-short","$v":"Paź"},{"$i":"months-ago-long","$v":{"few":[{"t":"idOrVar","v":"value"}," miesiące/miesięcy temu"],"many":[{"t":"idOrVar","v":"value"}," miesiące/miesięcy temu"],"one":"w zeszłym miesiącu","other":[{"t":"idOrVar","v":"value"}," miesiące/miesięcy temu"],"two":[{"t":"idOrVar","v":"value"}," miesiące/miesięcy temu"],"zero":"w tym miesiącu"},"$x":[{"t":"idOrVar","v":"plural"},"value"]},{"$i":"months-until-long","$v":{"few":["za ",{"t":"idOrVar","v":"value"}," miesiące/miesięcy"],"many":["za ",{"t":"idOrVar","v":"value"}," miesiące/miesięcy"],"one":"w następnym miesiącu","other":["za ",{"t":"idOrVar","v":"value"}," miesiące/miesięcy"],"two":["za ",{"t":"idOrVar","v":"value"}," miesiące/miesięcy"],"zero":"w tym miesiącu"},"$x":[{"t":"idOrVar","v":"plural"},"value"]},{"$i":"shortDateTimeFormat","$v":"%x %I:%M %p"},{"$i":"shortTimeFormat","$v":"%I:%M %p"},{"$i":"shortTimeFormat12","$v":"%I:%M %p"},{"$i":"shortTimeFormat24","$v":"%H:%M"},{"$i":"time_am","$v":"AM"},{"$i":"time_pm","$v":"PM"},{"$i":"weekday-0-long","$v":"Niedziela"},{"$i":"weekday-0-short","$v":"Nd"},{"$i":"weekday-1-long","$v":"Poniedziałek"},{"$i":"weekday-1-short","$v":"Pn"},{"$i":"weekday-2-long","$v":"Wtorek"},{"$i":"weekday-2-short","$v":"Wt"},{"$i":"weekday-3-long","$v":"Środa"},{"$i":"weekday-3-short","$v":"Śr"},{"$i":"weekday-4-long","$v":"Czwartek"},{"$i":"weekday-4-short","$v":"Czw"},{"$i":"weekday-5-long","$v":"Piątek"},{"$i":"weekday-5-short","$v":"Pt"},{"$i":"weekday-6-long","$v":"Sobota"},{"$i":"weekday-6-short","$v":"Sob"},{"$i":"weeks-ago-long","$v":{"few":[{"t":"idOrVar","v":"value"}," tygodni(e) temu"],"many":[{"t":"idOrVar","v":"value"}," tygodni(e) temu"],"one":"w zeszłym tygodniu","other":[{"t":"idOrVar","v":"value"}," tygodni(e) temu"],"two":[{"t":"idOrVar","v":"value"}," tygodni(e) temu"],"zero":"w tym tygodniu"},"$x":[{"t":"idOrVar","v":"plural"},"value"]},{"$i":"weeks-until-long","$v":{"few":["za ",{"t":"idOrVar","v":"value"}," tygodni(e)"],"many":["za ",{"t":"idOrVar","v":"value"}," tygodni(e)"],"one":"w następnym tygodniu","other":["za ",{"t":"idOrVar","v":"value"}," tygodni(e)"],"two":["za ",{"t":"idOrVar","v":"value"}," tygodni(e)"],"zero":"w tym tygodniu"},"$x":[{"t":"idOrVar","v":"plural"},"value"]},{"$i":"years-ago-long","$v":{"few":[{"t":"idOrVar","v":"value"}," lat(a) temu"],"many":[{"t":"idOrVar","v":"value"}," lat(a) temu"],"one":"w zeszłym roku","other":[{"t":"idOrVar","v":"value"}," lat(a) temu"],"two":[{"t":"idOrVar","v":"value"}," lat(a) temu"],"zero":"w tym roku"},"$x":[{"t":"idOrVar","v":"plural"},"value"]},{"$i":"years-until-long","$v":{"few":["za ",{"t":"idOrVar","v":"value"}," lat(a)"],"many":["za ",{"t":"idOrVar","v":"value"}," lat(a)"],"one":"w następnym roku","other":["za ",{"t":"idOrVar","v":"value"}," lat(a)"],"two":["za ",{"t":"idOrVar","v":"value"}," lat(a)"],"zero":"w tym roku"},"$x":[{"t":"idOrVar","v":"plural"},"value"]},{"$i":"dateTimeFormat_%X","$v":"%I:%M:%S %p"},{"$i":"weekStartsOnMonday","$v":"0"},{"$i":"firstDayOfTheWeek","$v":"1"}]