[{"$i":"clockDateFormat","$v":"%a, %e %b"},{"$i":"deviceIsUnlocked","$v":"آله خلاصه شوه"},{"$i":"simUnlockCodeAccepted","$v":"د‏ ‏SIM‏ خلاصولو کوډ ومنل شو"},{"$i":"simUnlockCodeFailed","$v":"‏SIM‏ خلاصول ناکام شو"},{"$i":"eccOnly","$v":"يوازي بیړنې زنګونه"},{"$i":"emergencyCallsOnly","$v":"يوازي ‎بیړنې‎ زنګونه"},{"$i":"lockedSim","$v":"تړل شوی ‏ SIM"},{"$i":"noService","$v":"خدمات نشته"},{"$i":"noSimCard","$v":"سیم کارډ نشته"},{"$i":"searching","$v":"لټوی..."},{"$i":"airplane-mode","$v":"ایروپلین موډ"},{"$i":"bluetooth","$v":"بلوتوت"},{"$i":"brightness","$v":"روښنايي"},{"$i":"calculator","$v":"کیکولیټر"},{"$i":"camera","$v":"کیمره"},{"$i":"cellular-data","$v":"سیلولر ډیټا"},{"$i":"confirm-to-uninstall-app","$v":["ایپ ",{"t":"idOrVar","v":"appName"}," نا انسټاله کوئ؟"]},{"$i":"flashlight","$v":"څراغ"},{"$i":"instant-settings","$v":"فوري تنظیمات"},{"$i":"off","$v":"بندول"},{"$i":"on","$v":"فعالول"},{"$i":"shortcuts","$v":"لنډیزونه"},{"$i":"uninstall","$v":"غیر انسټال"},{"$i":"volume","$v":"والیوم"},{"$i":"wifi","$v":"Wi-Fi"},{"$i":"percentage-number","$v":[{"t":"idOrVar","v":"number"},"%"]},{"$i":"all-apps","$v":"ټول-اپلیکیشنونه"},{"$i":"scImei","$v":"IMEI"},{"$i":"scMeid","$v":"MEID"},{"$i":"scUssd","$v":"USSD"},{"$i":"CallFailed","$v":"کال فیل شو"},{"$i":"GenericFailure","$v":"عمومي خرابي"},{"$i":"add-smart-collections","$v":"خوښیار کولیکشن زیات کړئ"},{"$i":"add-to-existing-contact","$v":"شته تماس ته زیات کړئ"},{"$i":"alert-for-contacts-without-number","$v":"د تلیفوني شمیرې سره تماسونه موجود نه دي."},{"$i":"app-title","$v":"زما اپلیکیشنونه"},{"$i":"app-uninstall","$v":[{"t":"idOrVar","v":"name"}," غیر انسټال شو"]},{"$i":"assign","$v":"وټاکئ"},{"$i":"assign-speed-dial","$v":["تماس په بټن باندې د سپیډ ډایل په توګه اضافه نه شو ",{"t":"idOrVar","v":"n"}," ایا اوس يي وټاکي؟"]},{"$i":"assign-voicemail","$v":"د غږیز پیغام شمیره تر اوسه نده ټاکل شوي."},{"$i":"call","$v":"کال"},{"$i":"callAirplaneModeMessage","$v":"د کال کولو لپاره تاسو په تنظیماتو کې د هوایی چلند غیر فعالولو ته اړتیا لرئ."},{"$i":"callAirplaneModeTitle","$v":"طیارې حالت فعال شو"},{"$i":"cancel","$v":"لغوه"},{"$i":"change-wallpaper","$v":"دیوالي کاغذ بدل کړئ"},{"$i":"clocks-updated","$v":"د ساعتونو آپ ډیټ"},{"$i":"confirmation","$v":"تصدیق"},{"$i":"contacts","$v":"تماسونه"},{"$i":"create-new-contact","$v":"نوی اکاونټ جوړ کړئ"},{"$i":"delete","$v":"لري ‎کړئ"},{"$i":"delete-body","$v":[{"t":"idOrVar","v":"name"}," او ټوله ډاټا به لري شې."]},{"$i":"delete-title","$v":[{"t":"idOrVar","v":"name"}," لري کړئ"]},{"$i":"edit","$v":"تغیر"},{"$i":"edit-done","$v":"وشو"},{"$i":"edit-group-header","$v":"ګروپ اصلاح کړئ"},{"$i":"edit-mode","$v":"اصلاح کول"},{"$i":"emergency-call-error","$v":[{"t":"idOrVar","v":"number"}," یوه بیړنۍ شمیره نده."]},{"$i":"emergency-call-only","$v":"یواځې ایمرجنسي زنګ وهل"},{"$i":"emergencyDialogBodyBadNumber","$v":"د کال کولو لپاره، تلیفون باید د شبکې سره وصل شي."},{"$i":"emergencyDialogBodyDeviceNotAccepted","$v":"د شبکې لخوا د ایمرجنسي زنګ وهلو اجازه نه شته."},{"$i":"emergencyDialogTitle","$v":"نیټ ورک اتصال نشته"},{"$i":"fax-home","$v":"د کور فکس"},{"$i":"fax-office","$v":"د دفتر فکس"},{"$i":"fax-other","$v":"بل فکس"},{"$i":"fdnIsActiveMessage","$v":["FDN( ثابتې شمیرې) فعال شوي او لاندې شمیرې ستاسو د FDN په لست کې نشته: ",{"t":"idOrVar","v":"number"}]},{"$i":"fdnIsActiveTitle","$v":"FDN فعال"},{"$i":"gaia-shortcut-app-updated","$v":"اپلیکیشن نوی شو"},{"$i":"grid-view","$v":"چارخانې ویو"},{"$i":"home","$v":"کورپاڼه"},{"$i":"homescreen-settings","$v":"د کورني سکرین تنظیمات"},{"$i":"invalidNumberToDialMessage","$v":"د ټیلیفون شمیره چې تاسو ورته زنګ وهئ اعتبار نلري."},{"$i":"invalidNumberToDialTitle","$v":"د ټیلیفونه غلطه شمیره"},{"$i":"list-view","$v":"لیست ویو"},{"$i":"longDateFormat","$v":"%A, %B %e"},{"$i":"menu","$v":"مینو"},{"$i":"message","$v":"پیغام"},{"$i":"mobile","$v":"موبایل"},{"$i":"more","$v":"نور"},{"$i":"move","$v":"منتقل کړئ"},{"$i":"notifications","$v":"خبرتیاوې"},{"$i":"numberIsBusyMessage","$v":"دا شمیره اوس مصروفه ده. مهرباني وکړئ وروسته کوښښ وکړئ."},{"$i":"numberIsBusyTitle","$v":"شمیره مصروفه ده"},{"$i":"ok","$v":"اوکی"},{"$i":"option-remove","$v":"د سپیډ ډایل څخه لرې کړئ"},{"$i":"option-replace","$v":"عوض کړئ"},{"$i":"options","$v":"غوراوي"},{"$i":"otherConnectionInUseMessage","$v":"تاسو په بل کنکشن کې یو فعال کال لرئ. تاسو په یو وخت کې یواځې یو کنکشن کارولی شئ."},{"$i":"otherConnectionInUseTitle","$v":"بل کنیکشن مصروف دی"},{"$i":"personal","$v":"شخصي"},{"$i":"remove","$v":"لرې کړئ"},{"$i":"remove-speed-dial","$v":["ایا غواړئ د سپیډ ډایل څخه ",{"t":"idOrVar","v":"name"}," لرې کړئ؟"]},{"$i":"replace","$v":"عوض کړئ"},{"$i":"replace-speed-dial","$v":["ایا غواړئ ",{"t":"idOrVar","v":"name"}," د ",{"t":"idOrVar","v":"subName"}," سره بدل کړئ؟"]},{"$i":"resume-download-action","$v":"ډاونلوډ"},{"$i":"resume-download-body","$v":[{"t":"idOrVar","v":"name"}," تاسو غواړئ چې راښکته کړئ؟"]},{"$i":"resume-download-title","$v":"ډاونلوډ له سره پیل کړئ."},{"$i":"scCallBarring","$v":"کال بیرینګ"},{"$i":"scCallForwarding","$v":"اړیکه لیږل"},{"$i":"scCallWaiting","$v":"د اړیکې انتظار"},{"$i":"scClip","$v":"د راتلونکې کالر ID"},{"$i":"scClir","$v":"د تلونکې کالر ID"},{"$i":"scPin","$v":"PIN بدلول"},{"$i":"scPin2","$v":"PIN2 بدلول"},{"$i":"scPuk","$v":"PIN خلاصول"},{"$i":"scPuk2","$v":"PIN2 خلاصول"},{"$i":"scPwd","$v":"پاسورډ بدلول"},{"$i":"search-or-enter-address","placeholder":"ادرس داخل کړئ یا ولټوئ"},{"$i":"select","$v":"انتخاب"},{"$i":"sending","$v":"لیږدوی..."},{"$i":"set","$v":"انتخاب کړئ"},{"$i":"settings","$v":"تنظیمات"},{"$i":"single-view","$v":"یوازې ویو"},{"$i":"skip","$v":"پریږدئ"},{"$i":"speed-dial","$v":"سپډ ډایل"},{"$i":"speed-dial-empty","ariaLabel":[{"t":"idOrVar","v":"order"},", خالی"]},{"$i":"speed-dial-not-empty","ariaLabel":[{"t":"idOrVar","v":"order"},", ",{"t":"idOrVar","v":"name"}]},{"$i":"stop-download-action","$v":"ودروئ"},{"$i":"stop-download-body","$v":"تاسو غواړئ چې جاري راښکته کول ودروئ؟"},{"$i":"stop-download-title","$v":["ودروئ ",{"t":"idOrVar","v":"name"}]},{"$i":"tcl-wallpaper-changed","$v":"وال پیپر"},{"$i":"video-call","$v":"ویډیویی زنګ"},{"$i":"voicemail","$v":"غږیز پيغام"},{"$i":"work","$v":"دنده"},{"$i":"apps","$v":"اپلیکیشنونه"},{"$i":"nocard-eccOnly","$v":"No SIM card-Emergency calls only"},{"$i":"unusablecard-eccOnly","$v":"Unusable SIM card-Emergency calls only"},{"$i":"apn-sim1","$v":"‏APN سیټنګونه - SIM1"},{"$i":"apn-sim2","$v":"‏APN سیټنګونه - SIM2"},{"$i":"apnConfigPrepay","$v":"پیشکي"},{"$i":"apnConfigPostpay","$v":"ځنډول"},{"$i":"apn-defaultconfig-message","$v":"کوم ډول ‏APN‏ وښايي"},{"$i":"apnDefaultConfig","$v":"APN‏ اعیار تنظیمات"},{"$i":"without-sim-new","$v":[{"t":"idOrVar","v":"index"}]},{"$i":"with-sim-new","$v":[{"t":"idOrVar","v":"index"}," - ",{"t":"idOrVar","v":"carrier"}]},{"$i":"sim-with-index-and-carrier","$v":["سیم",{"t":"idOrVar","v":"carrier"}," , ",{"t":"idOrVar","v":"index"}]},{"$i":"sim-without-carrier","$v":["سیم ",{"t":"idOrVar","v":"index"}]},{"$i":"call-forwarding-voice-after-seconds","$v":["غږ: ",{"t":"idOrVar","v":"voice"}," وروسته ‏ ",{"t":"idOrVar","v":"timeSeconds"}," ثاني"]},{"$i":"addNewNumber","$v":"نوی نمبر زیات کړئ"},{"$i":"addToExistingContact","$v":"شته تماس ته زیات کړئ"},{"$i":"all","$v":"ټول","ariaLabel":"ټول"},{"$i":"bluetooth-handsfree-device","$v":"د بلوتوت هنډ فري اله"},{"$i":"bluetoothOption","ariaLabel":"بلوتوت"},{"$i":"callDurationHours","$v":[{"t":"idOrVar","v":"h"},":",{"t":"idOrVar","v":"m"},":",{"t":"idOrVar","v":"s"}]},{"$i":"callDurationMinutes","$v":[{"t":"idOrVar","v":"m"},":",{"t":"idOrVar","v":"s"}]},{"$i":"callDurationTextFormatHours","$v":[{"t":"idOrVar","v":"h"}," ساعت ",{"t":"idOrVar","v":"m"}," دقی ",{"t":"idOrVar","v":"s"},"  سانیي"]},{"$i":"callDurationTextFormatMinutes","$v":[{"t":"idOrVar","v":"m"}," m ",{"t":"idOrVar","v":"s"}," s"]},{"$i":"callDurationTextFormatSeconds","$v":[{"t":"idOrVar","v":"s"}," s"]},{"$i":"callEnded","$v":"اړیکه تمام شوه"},{"$i":"callInformation","$v":"د اړیکې معلومات"},{"$i":"callLog","$v":"د اړیکو لست"},{"$i":"callLogEdit","title":"د اړیکو لست اصلاح کړئ"},{"$i":"callLogEditDialog","ariaLabel":"کال لاګ ډایلاګ ایډیټ کړئ"},{"$i":"caller-left-call","$v":[{"t":"idOrVar","v":"caller"}," تماس يي ترک کړ."]},{"$i":"calllog-all","$v":"ټول"},{"$i":"calllog-deselectAll","$v":"ټول انتخاب نه کول"},{"$i":"calllog-none","$v":"هیڅ یو"},{"$i":"calllog-selectAll","$v":"ټول انتخاب کړئ"},{"$i":"canceled","$v":"لغوه شو"},{"$i":"clear-all-text","$v":"ټول متن پاک کړئ"},{"$i":"close","$v":"بنده ‎کړئ"},{"$i":"composeEmail","ariaLabel":"اي میل"},{"$i":"conferenceAddError","$v":"اریکې یو ځای کولی نشي"},{"$i":"conferenceCall","$v":["کانفرانس (",{"t":"idOrVar","v":"n"},")"]},{"$i":"conferenceRemoveError","$v":"اړیکې جلا کولی نشي"},{"$i":"confirm-deletion","$v":"ایا انتخاب شوي کالونه پاک کړي؟"},{"$i":"connecting","$v":"وصلیدل"},{"$i":"connectingEllipsis","$v":"اړیکه‎ ټینګوي..."},{"$i":"contactDetails","$v":"د تماس تفصیل"},{"$i":"createNewContact","$v":"نوی اکاونټ جوړ کړئ"},{"$i":"delete-n-log?","$v":{"few":[{"t":"idOrVar","v":"n"}," لاګز لري کړي؟"],"many":[{"t":"idOrVar","v":"n"}," لاګز لري کړي؟"],"one":"انتخاب شوی لوګ لرې کړي؟","other":[{"t":"idOrVar","v":"n"}," لاګز لري کړي؟"],"two":[{"t":"idOrVar","v":"n"}," لاګز لري کړي؟"],"zero":"هیڅ انتخاب شوي ندي"},"$x":[{"t":"idOrVar","v":"plural"},"n"]},{"$i":"deselect","$v":"انتخاب ‎نه‎ کول"},{"$i":"dialed","$v":"ډایل شوي"},{"$i":"dialer-prompt","$v":"شمیره دایر کړئ یا اړیکه انتخاب کړئ چې ډایلولو ته علاوه شي"},{"$i":"dialerAddContact","ariaLabel":"نمبر ‎اضافه‎ کول"},{"$i":"dialerAddContactDialog","ariaLabel":"د تماس ډایلاګ شامل کړئ"},{"$i":"edit-selected","$v":{"few":["(",{"t":"idOrVar","v":"n"},") وټاکل شو"],"many":["(",{"t":"idOrVar","v":"n"},") وټاکل شو"],"one":["(",{"t":"idOrVar","v":"n"},") وټاکل شو"],"other":["(",{"t":"idOrVar","v":"n"},") وټاکل شو"],"two":["(",{"t":"idOrVar","v":"n"},") وټاکل شو"]},"$x":[{"t":"idOrVar","v":"plural"},"n"]},{"$i":"emailDetail","ariaLabel":"اي میل"},{"$i":"from-contact","$v":["له ",{"t":"idOrVar","v":"contact"}]},{"$i":"from-number","$v":["له ",{"t":"idOrVar","v":"number"}]},{"$i":"from-withheld-number","$v":"د ناشنا شمیرې څخه"},{"$i":"hangup-a11y-button","ariaLabel":"قطعه کول"},{"$i":"hide","$v":"پټ کړئ"},{"$i":"hideKeypad","ariaLabel":"کيپیډ پټ کړئ"},{"$i":"hold","ariaLabel":"اونیسۍ"},{"$i":"hours","$v":"ساعتونه"},{"$i":"ignore","$v":"تماس ردکول"},{"$i":"incoming","$v":"راتلونکي"},{"$i":"incoming-call","$v":"راتلونکې زنګونه"},{"$i":"info-missed","$v":"پاتې شوي"},{"$i":"keypad","ariaLabel":"بټن پید"},{"$i":"log-item","$v":"غوراوي"},{"$i":"makeCall","ariaLabel":"زنګ ووهئ"},{"$i":"merge","ariaLabel":"یوځای کول"},{"$i":"minutes","$v":"دقیقي"},{"$i":"missed","$v":"پاتې شوي","ariaLabel":"پاتې شوي"},{"$i":"missedCall","$v":"ناکام زنګونه"},{"$i":"missedCallMultiSims","$v":["(SIM ",{"t":"idOrVar","v":"n"},") ‏ مسډ کال"]},{"$i":"mmi-error","$v":"د پیغام لیږلو پرمهال یوه تیروتنه رامنځته شوه"},{"$i":"mmi-notification-title-with-sim","$v":["(",{"t":"idOrVar","v":"sim"},") ",{"t":"idOrVar","v":"title"}]},{"$i":"mmi-session-expired","$v":"د دوري وخت پای ته ورسید"},{"$i":"mmi-successfully-sent","$v":"پیغام په بریالیتوب سره واستول شو"},{"$i":"mute","ariaLabel":"چوپ"},{"$i":"newCall","ariaLabel":"نوی کال"},{"$i":"no-logs-msg-1","$v":"اړیکه ثبت شوې نده."},{"$i":"no-logs-msg-2","$v":"محاوره اوس پیل کړئ"},{"$i":"no-logs-msg-3","$v":"اړیکه ثبت شوې نده."},{"$i":"no-logs-msg-4","$v":"محاوره اوس پیل کړئ"},{"$i":"no-recent-numbers","$v":"په ‎کال‎ لاګز‎ کې‎ د‎ ډایل‎ کولو‎ لپاره‎ وروستۍ‎ شمیرې‎ نشته."},{"$i":"onHoldOption","ariaLabel":"په ‎انتظار"},{"$i":"outgoing","$v":"تلونکې"},{"$i":"outgoing-call","$v":"بهر تلونکې زنګونه"},{"$i":"phoneDetail","ariaLabel":"فون"},{"$i":"pickup-a11y-button","ariaLabel":"اوچت کړئ"},{"$i":"received","$v":"رسیدلی"},{"$i":"receiver","$v":"ترلاسه کونکی"},{"$i":"recents","ariaLabel":"نوي کالونه"},{"$i":"reply","$v":"ځواب"},{"$i":"resume","$v":"بیاپیل کړئ","ariaLabel":"بیاپیل کړئ"},{"$i":"search-results","$v":"پایلې ولټوئ"},{"$i":"seconds","$v":"ثاني"},{"$i":"select-audio-sources","$v":"د اډیو منبع انتخاب کړئ"},{"$i":"send","$v":"لیږل"},{"$i":"send-sms-button","ariaLabel":"ایس ایم ایس"},{"$i":"sendSms","$v":"پیغام ولیږئ"},{"$i":"separator","$v":","},{"$i":"sim-number","$v":["سیم ",{"t":"idOrVar","v":"n"}]},{"$i":"speaker","$v":"سپیکر"},{"$i":"speakerOption","ariaLabel":"سپیکر"},{"$i":"suggestionMatches","$v":{"few":[{"t":"idOrVar","v":"n"}," د لپار سمونونه \"",{"t":"idOrVar","v":"matchNumber"}],"many":[{"t":"idOrVar","v":"n"}," د لپار سمونونه \"",{"t":"idOrVar","v":"matchNumber"}],"one":[{"t":"idOrVar","v":"n"}," د لپاره سمون \"",{"t":"idOrVar","v":"matchNumber"}],"other":[{"t":"idOrVar","v":"n"}," د لپار سمونونه \"",{"t":"idOrVar","v":"matchNumber"}],"two":[{"t":"idOrVar","v":"n"}," د لپار سمونونه \"",{"t":"idOrVar","v":"matchNumber"}]},"$x":[{"t":"idOrVar","v":"plural"},"n"]},{"$i":"switch-calls","$v":"د کالونو بدلول"},{"$i":"tcl-assign","$v":"وټاکئ"},{"$i":"tcl-assign-speed-dial","$v":{"$o":["تماس په بټن باندې د سپیډ ډایل په توګه اضافه نه شو \"",{"t":"idOrVar","v":"speedDial"},"\"<br></br> ایا اوس يي وټاکي؟"]}},{"$i":"tcl-call-log-delete-group-notification","$v":[{"t":"idOrVar","v":"n"}," انټری لري شوي"]},{"$i":"tcl-calllog-entry-removed-err-notification","$v":"د کال لاګ لست نه لرې کیږي"},{"$i":"tcl-calllog-entry-removed-succ-notification","$v":"د اړیکو د لست انټري لرې شوه"},{"$i":"tcl-cancel","$v":"لغوه"},{"$i":"tcl-confirmation","$v":"تصدیق"},{"$i":"tcl-delete-log","$v":"ایا غواړئ د اړیکو د لست څخه ټاکل شوې انټري لرې کړئ؟"},{"$i":"tcl-dialer","$v":"ډایلونکی"},{"$i":"tcl-edit-not-selected","$v":"(0) انتخاب شو"},{"$i":"tcl-option-menu-call-log-edit","$v":"د اړیکو لست اصلاح کړئ"},{"$i":"today","$v":"نن"},{"$i":"toggleKeypad","ariaLabel":"ټوګل کي پیډ"},{"$i":"type-your-response","placeholder":"خپل ځواب ولیکئ..."},{"$i":"unknown","$v":"نا ‎معلوم"},{"$i":"unlock-a11y-button","ariaLabel":"ښویونکی"},{"$i":"ussd-services","$v":[{"t":"idOrVar","v":"operator"}," خدمات"]},{"$i":"via-sim","$v":["د سیم",{"t":"idOrVar","v":"n"},"له لارې"]},{"$i":"view-all","$v":"ټول ښکاره کړئ"},{"$i":"wifi-calling","$v":"د Wi-Fi کالینګ...."},{"$i":"withheld-number","$v":"نا ‎معلوم"},{"$i":"yesterday","$v":"پرون"},{"$i":"SimPin2","$v":"د سیم PIN2"},{"$i":"SimPuk2","$v":"د سیم PUK2"},{"$i":"serviceClassFax","$v":"فکس"},{"$i":"serviceClassPad","$v":"پیډ"},{"$i":"serviceClassSms","$v":"SMS"},{"$i":"DialModifiedToDial","$v":"Dial modified to dial"},{"$i":"DialModifiedToSs","$v":"Dial modified to SS"},{"$i":"DialModifiedToUssd","$v":"Dial modified to USSD"},{"$i":"FdnCheckFailure","$v":"د FDN کتنه ناکامه شوه"},{"$i":"IllegalSimOrMe","$v":"غیر قانوني سیم یا ME"},{"$i":"InvalidParameter","$v":"غلط پارامټر"},{"$i":"ModeNotSupported","$v":"حالت تائید نه شو"},{"$i":"OpNotAllowedDuringVoiceCall","$v":"عمل د وایس کال پرمهال جواز نلري"},{"$i":"PasswordIncorrect","$v":"غلط پاسورډ"},{"$i":"RadioNotAvailable","$v":"Radio not available"},{"$i":"RejectedByRemote","$v":"د ریموډ پوسیله مسترد شو."},{"$i":"RequestNotSupported","$v":"درخواست تائید نشو"},{"$i":"ServiceIsDisabled","$v":"سرور غیر فعال دی"},{"$i":"ServiceIsEnabled","$v":"سرور فعال دی"},{"$i":"ServiceIsEnabledFor","$v":"سرور فعال دی لپاره د :"},{"$i":"SimAbsent","$v":"سیم نشته"},{"$i":"SmsSendFailRetry","$v":"SMS send fail retry"},{"$i":"SsModifiedToDial","$v":"د ډایل څخه SS ته بدل شو"},{"$i":"SsModifiedToSs","$v":"د SS څخه SS ته بدل شو"},{"$i":"SsModifiedToUssd","$v":"د SS څخه USSD بدل شو"},{"$i":"SubscriptionNotAvailable","$v":"ګډونوالي شتون نه لري"},{"$i":"SubscriptionNotSupported","$v":"ګډونوالي تائید نه شوه"},{"$i":"UssdModifiedToDial","$v":"USSD ډایل ته بدل شو"},{"$i":"UssdModifiedToSs","$v":"USSD، SS ته بدل شو"},{"$i":"UssdModifiedToUssd","$v":"USSD بدل شوه USSD ته"},{"$i":"call-forwarding-async","$v":["مختلف الزمام: ",{"t":"idOrVar","v":"async"}]},{"$i":"call-forwarding-data","$v":["ډیټا ",{"t":"idOrVar","v":"data"}]},{"$i":"call-forwarding-error","$v":"د کال مخکې کولو حالت د پیدا کولو پر مهال یوه تیروتنه رامنځته شوه"},{"$i":"call-forwarding-fax","$v":["فکس : ",{"t":"idOrVar","v":"fax"}]},{"$i":"call-forwarding-inactive","$v":"غیر فعال"},{"$i":"call-forwarding-packet","$v":["کڅوړه: ",{"t":"idOrVar","v":"packet"}]},{"$i":"call-forwarding-pad","$v":["پیډ: ",{"t":"idOrVar","v":"pad"}]},{"$i":"call-forwarding-sms","$v":["SMS: ",{"t":"idOrVar","v":"sms"}]},{"$i":"call-forwarding-status","$v":"د اړیکې لیږلو حالت"},{"$i":"call-forwarding-sync","$v":["هممهاله: ",{"t":"idOrVar","v":"sync"}]},{"$i":"call-forwarding-voice","$v":["اواز: ",{"t":"idOrVar","v":"voice"}]},{"$i":"emMmiError","$v":"وصلیدو ستونزه یا د MMI غلط کوډ"},{"$i":"emMmiErrorBadPin","$v":"د PIN زوړ چې تاسو داخل کړ ناسم دی."},{"$i":"emMmiErrorBadPuk","$v":"ټایپ شوی PUK ناسم دی."},{"$i":"emMmiErrorEnablePin","$v":"ناکام . د SIM/RUIM کلپ فعال کړئ."},{"$i":"emMmiErrorInvalidAction","$v":"غلط عمل"},{"$i":"emMmiErrorInvalidPin","$v":"4 تر 8 شمیرو لرونکی PIN داخل کړئ"},{"$i":"emMmiErrorInvalidScCode","$v":"غلط خدماتي کوډ"},{"$i":"emMmiErrorMismatchPin","$v":"PINs چې تاسو داخل کړل ناسم دی."},{"$i":"emMmiErrorMmiFdn","$v":"عمل یواځې د ثابتو شمیرو د ډایل کولو لپاره محدود دی"},{"$i":"emMmiErrorNeedPuk2","$v":"PUK2 کوډ داخل کړئ چې سیم کارډ خلاص شي"},{"$i":"emMmiErrorNeedsPuk","$v":"ستاسو سیم کارډ PUK-کلپ شوی."},{"$i":"emMmiErrorNotSupported","$v":"غلط یا ناتائید شوی MMI کوډ"},{"$i":"emMmiErrorPasswordIncorrect","$v":"غلط پاسورډ"},{"$i":"emMmiErrorPinPukAttempts","$v":{"few":[{"t":"idOrVar","v":"n"}," هڅی باقي دی"],"many":[{"t":"idOrVar","v":"n"}," هڅی باقي دی"],"one":["یواځې ",{"t":"idOrVar","v":"n"}," بیاځلي هڅه پاتې ده"],"other":[{"t":"idOrVar","v":"n"}," هڅی باقي دی"],"two":[{"t":"idOrVar","v":"n"}," هڅی باقي دی"]},"$x":[{"t":"idOrVar","v":"plural"},"n"]},{"$i":"emMmiErrorSimBlocked","$v":"د هڅو نهايي حد پوره شو. سیم بند شو"},{"$i":"emMmiErrorStkCcSsDial","$v":"د SS درخواست ډايل درخواست ته بدل شږ"},{"$i":"emMmiErrorStkCcSsSs","$v":"د SS درخواست نويSS درخواست ته بدل شږ"},{"$i":"emMmiErrorStkCcSsUssd","$v":"د SS درخواست USSD درخواست ته بدل شږ"},{"$i":"emMmiErrorStkCcUssdDial","$v":"USSD درخواست ډایل درخواست ته بدل شو"},{"$i":"emMmiErrorStkCcUssdSs","$v":"USSD درخواست SS درخواست ته بدل شو"},{"$i":"emMmiErrorStkCcUssdUssd","$v":"USSD درخواست USSD درخواست ته بدل شو"},{"$i":"fihVersion","$v":"‏FIH  ورژن"},{"$i":"imeiAndSvn","$v":"‏IMEI  او  SVN"},{"$i":"internalVersion","$v":"داخلي ورژن"},{"$i":"serviceClassData","$v":"ډیټا"},{"$i":"serviceClassDataAsync","$v":"Async"},{"$i":"serviceClassDataSync","$v":"هم مهاله"},{"$i":"serviceClassPacket","$v":"کڅوړه"},{"$i":"serviceClassVoice","$v":"اواز"},{"$i":"smClirDefaultOffNextCallOff","$v":"د کال کونکې شناخت د نه محدودیت حالت ټاکل کیږي. راتلونکی کال: محدود نه دی"},{"$i":"smClirDefaultOffNextCallOn","$v":"د کال کونکې شناخت د نه محدودیت حالت ټاکل کیږي. راتلونکی کال: محدود دی"},{"$i":"smClirDefaultOnNextCallOff","$v":"د کال کونکې شناخت د محدودیت حالت ټاکل کیږي. راتلونکی کال: محدود دی"},{"$i":"smClirDefaultOnNextCallOn","$v":"د کال کونکې شناخت د محدودیت حالت ټاکل کیږي. راتلونکی کال: محدود دی"},{"$i":"smClirPermanent","$v":"تاسو د کالر ID تنظیمات نشی بدلولی"},{"$i":"smPin2Changed","$v":"PIN2 بریالیتوب سره بدل شو"},{"$i":"smPin2Unblocked","$v":"PIN2 بالیتوب سره خلاص شو"},{"$i":"smPinChanged","$v":"PIN بریالیتوب سره بدل شو"},{"$i":"smPinUnblocked","$v":"PIN بالیتوب سره خلاص شو"},{"$i":"smServiceDisabled","$v":"سرور غیر فعال شوی"},{"$i":"smServiceEnabled","$v":"خدمت فعال شوی وو"},{"$i":"smServiceEnabledFor","$v":"خدمت فعال شوی وو لپاره د:"},{"$i":"smServiceErased","$v":"پاکول بریالي وو"},{"$i":"smServiceInterrogated","$v":"درخواست بریالی وو"},{"$i":"smServiceNotProvisioned","$v":"سرور سمبال ندی"},{"$i":"smServiceRegistered","$v":"راجستر بریالی وو"},{"$i":"another","$v":"بل"},{"$i":"current","$v":"چارج"},{"$i":"customTag","$v":"عیار ټیګ","placeholder":"عیار ټیګ"},{"$i":"faxHome","$v":"د کور فکس"},{"$i":"faxOffice","$v":"د دفتر فکس"},{"$i":"faxOther","$v":"بل فکس"},{"$i":"itemWithLabel","$v":[{"t":"idOrVar","v":"label"},", ",{"t":"idOrVar","v":"item"}]},{"$i":"label","$v":"لیبل"},{"$i":"other","$v":"بل"},{"$i":"tcl-customTag","$v":"عیار ټیګ"},{"$i":"dateTimeFormat_%c","$v":"%a %b %e %Y %I:%M:%S %p"},{"$i":"dateTimeFormat_%x","$v":"%m/%d/%Y"},{"$i":"days-ago-long","$v":{"few":[{"t":"idOrVar","v":"value"}," ورځي مخکې"],"many":[{"t":"idOrVar","v":"value"}," ورځي مخکې"],"one":"پرون","other":[{"t":"idOrVar","v":"value"}," ورځي مخکې"],"two":[{"t":"idOrVar","v":"value"}," ورځي مخکې"],"zero":"نن"},"$x":[{"t":"idOrVar","v":"plural"},"value"]},{"$i":"days-ago-short","$v":{"other":[{"t":"idOrVar","v":"value"},"ورځ مخکې"],"zero":"نن"},"$x":[{"t":"idOrVar","v":"plural"},"value"]},{"$i":"days-until-long","$v":{"few":["په ",{"t":"idOrVar","v":"value"}," ورځو"],"many":["په ",{"t":"idOrVar","v":"value"}," ورځو"],"one":"سبا","other":["په ",{"t":"idOrVar","v":"value"}," ورځو"],"two":["په ",{"t":"idOrVar","v":"value"}," ورځو"],"zero":"نن"},"$x":[{"t":"idOrVar","v":"plural"},"value"]},{"$i":"days-until-short","$v":{"other":["په ",{"t":"idOrVar","v":"value"}," ورځو"],"zero":"نن"},"$x":[{"t":"idOrVar","v":"plural"},"value"]},{"$i":"hours-ago-long","$v":{"few":[{"t":"idOrVar","v":"value"}," ساعته مخکې"],"many":[{"t":"idOrVar","v":"value"}," ساعته مخکې"],"one":"یو ساعت مخکې","other":[{"t":"idOrVar","v":"value"}," ساعته مخکې"],"two":[{"t":"idOrVar","v":"value"}," ساعته مخکې"],"zero":"همدا اوس"},"$x":[{"t":"idOrVar","v":"plural"},"value"]},{"$i":"hours-ago-short","$v":{"other":[{"t":"idOrVar","v":"value"},"ساعت مخکې"],"zero":"همدا اوس"},"$x":[{"t":"idOrVar","v":"plural"},"value"]},{"$i":"hours-until-long","$v":{"few":["په ",{"t":"idOrVar","v":"value"}," ساعتونو"],"many":["په ",{"t":"idOrVar","v":"value"}," ساعتونو"],"one":"په یو ساعت کې","other":["په ",{"t":"idOrVar","v":"value"}," ساعتونو"],"two":["په ",{"t":"idOrVar","v":"value"}," ساعتونو"],"zero":"اوس"},"$x":[{"t":"idOrVar","v":"plural"},"value"]},{"$i":"hours-until-short","$v":{"other":["په ",{"t":"idOrVar","v":"value"}," ساعتونو"],"zero":"اوس"},"$x":[{"t":"idOrVar","v":"plural"},"value"]},{"$i":"incorrectDate","$v":"(غلطه نیټه)"},{"$i":"minutes-ago-long","$v":{"few":[{"t":"idOrVar","v":"value"}," دقی مخکې"],"many":[{"t":"idOrVar","v":"value"}," دقی مخکې"],"one":"یو دقیقه مخکې","other":[{"t":"idOrVar","v":"value"}," دقی مخکې"],"two":[{"t":"idOrVar","v":"value"}," دقی مخکې"],"zero":"همدا اوس"},"$x":[{"t":"idOrVar","v":"plural"},"value"]},{"$i":"minutes-ago-short","$v":{"other":[{"t":"idOrVar","v":"value"},"دقه مخکې"],"zero":"همدا اوس"},"$x":[{"t":"idOrVar","v":"plural"},"value"]},{"$i":"minutes-until-long","$v":{"few":["په ",{"t":"idOrVar","v":"value"}," دقیقو"],"many":["په ",{"t":"idOrVar","v":"value"}," دقیقو"],"one":"په یوه دقیقه کې","other":["په ",{"t":"idOrVar","v":"value"}," دقیقو"],"two":["په ",{"t":"idOrVar","v":"value"}," دقیقو"],"zero":"اوس"},"$x":[{"t":"idOrVar","v":"plural"},"value"]},{"$i":"minutes-until-short","$v":{"other":["په ",{"t":"idOrVar","v":"value"}," دقیقو"],"zero":"اوس"},"$x":[{"t":"idOrVar","v":"plural"},"value"]},{"$i":"month-0-genitive","$v":"جنوری"},{"$i":"month-0-long","$v":"جنوری"},{"$i":"month-0-short","$v":"جنوری"},{"$i":"month-1-genitive","$v":"فروری"},{"$i":"month-1-long","$v":"فروری"},{"$i":"month-1-short","$v":"فروری"},{"$i":"month-10-genitive","$v":"نومبر"},{"$i":"month-10-long","$v":"نومبر"},{"$i":"month-10-short","$v":"نومبر"},{"$i":"month-11-genitive","$v":"دسمبر"},{"$i":"month-11-long","$v":"دسمبر"},{"$i":"month-11-short","$v":"دسمبر"},{"$i":"month-2-genitive","$v":"مارچ"},{"$i":"month-2-long","$v":"مارچ"},{"$i":"month-2-short","$v":"مارچ"},{"$i":"month-3-genitive","$v":"اپریل"},{"$i":"month-3-long","$v":"اپریل"},{"$i":"month-3-short","$v":"اپریل"},{"$i":"month-4-genitive","$v":"مئی"},{"$i":"month-4-long","$v":"مئی"},{"$i":"month-4-short","$v":"مئی"},{"$i":"month-5-genitive","$v":"جون"},{"$i":"month-5-long","$v":"جون"},{"$i":"month-5-short","$v":"جون"},{"$i":"month-6-genitive","$v":"جولائی"},{"$i":"month-6-long","$v":"جولائی"},{"$i":"month-6-short","$v":"جولائی"},{"$i":"month-7-genitive","$v":"اګست"},{"$i":"month-7-long","$v":"اګست"},{"$i":"month-7-short","$v":"اګست"},{"$i":"month-8-genitive","$v":"ستمبر"},{"$i":"month-8-long","$v":"ستمبر"},{"$i":"month-8-short","$v":"ستمبر"},{"$i":"month-9-genitive","$v":"اکتوبر"},{"$i":"month-9-long","$v":"اکتوبر"},{"$i":"month-9-short","$v":"اکتوبر"},{"$i":"months-ago-long","$v":{"few":[{"t":"idOrVar","v":"value"}," میاشتي مخکې"],"many":[{"t":"idOrVar","v":"value"}," میاشتي مخکې"],"one":"تیره میاشت","other":[{"t":"idOrVar","v":"value"}," میاشتي مخکې"],"two":[{"t":"idOrVar","v":"value"}," میاشتي مخکې"],"zero":"دا میاشت"},"$x":[{"t":"idOrVar","v":"plural"},"value"]},{"$i":"months-until-long","$v":{"few":["په ",{"t":"idOrVar","v":"value"}," میاشتو"],"many":["په ",{"t":"idOrVar","v":"value"}," میاشتو"],"one":"راتلونکې میاشت","other":["په ",{"t":"idOrVar","v":"value"}," میاشتو"],"two":["په ",{"t":"idOrVar","v":"value"}," میاشتو"],"zero":"دا میاشت"},"$x":[{"t":"idOrVar","v":"plural"},"value"]},{"$i":"shortDateTimeFormat","$v":"%x %I:%M %p"},{"$i":"shortTimeFormat","$v":"%I:%M %p"},{"$i":"shortTimeFormat12","$v":"%I:%M %p"},{"$i":"shortTimeFormat24","$v":"%H:%M"},{"$i":"time_am","$v":"ای ایم"},{"$i":"time_pm","$v":"PM"},{"$i":"weekday-0-long","$v":"یکشنبه"},{"$i":"weekday-0-short","$v":"لمر"},{"$i":"weekday-1-long","$v":"دوشنبه"},{"$i":"weekday-1-short","$v":"دو"},{"$i":"weekday-2-long","$v":"سه شنبه"},{"$i":"weekday-2-short","$v":"سه"},{"$i":"weekday-3-long","$v":"چهارشنبه"},{"$i":"weekday-3-short","$v":"چهار"},{"$i":"weekday-4-long","$v":"پنجشنبه"},{"$i":"weekday-4-short","$v":"پنج."},{"$i":"weekday-5-long","$v":"جمعه"},{"$i":"weekday-5-short","$v":"جمعه"},{"$i":"weekday-6-long","$v":"شنبه"},{"$i":"weekday-6-short","$v":"هفته"},{"$i":"weeks-ago-long","$v":{"few":[{"t":"idOrVar","v":"value"}," اوونئ مخکې"],"many":[{"t":"idOrVar","v":"value"}," اوونئ مخکې"],"one":"تیره اوونۍ","other":[{"t":"idOrVar","v":"value"}," اوونئ مخکې"],"two":[{"t":"idOrVar","v":"value"}," اوونئ مخکې"],"zero":"دا اونۍ"},"$x":[{"t":"idOrVar","v":"plural"},"value"]},{"$i":"weeks-until-long","$v":{"few":["په ",{"t":"idOrVar","v":"value"}," اوونیو"],"many":["په ",{"t":"idOrVar","v":"value"}," اوونیو"],"one":"راتلونکې اوونۍ","other":["په ",{"t":"idOrVar","v":"value"}," اوونیو"],"two":["په ",{"t":"idOrVar","v":"value"}," اوونیو"],"zero":"دا اونۍ"},"$x":[{"t":"idOrVar","v":"plural"},"value"]},{"$i":"years-ago-long","$v":{"few":[{"t":"idOrVar","v":"value"}," کاله مخکې"],"many":[{"t":"idOrVar","v":"value"}," کاله مخکې"],"one":"تیر کال","other":[{"t":"idOrVar","v":"value"}," کاله مخکې"],"two":[{"t":"idOrVar","v":"value"}," کاله مخکې"],"zero":"دا کال"},"$x":[{"t":"idOrVar","v":"plural"},"value"]},{"$i":"years-until-long","$v":{"few":["په ",{"t":"idOrVar","v":"value"}," کلونو"],"many":["په ",{"t":"idOrVar","v":"value"}," کلونو"],"one":"راتلونکی کال","other":["په ",{"t":"idOrVar","v":"value"}," کلونو"],"two":["په ",{"t":"idOrVar","v":"value"}," کلونو"],"zero":"دا کال"},"$x":[{"t":"idOrVar","v":"plural"},"value"]},{"$i":"dateTimeFormat_%X","$v":"%I:%M:%S %p"},{"$i":"weekStartsOnMonday","$v":"0"},{"$i":"firstDayOfTheWeek","$v":"0"}]