[{"$i":"clockDateFormat","$v":"%a, %e %b"},{"$i":"deviceIsUnlocked","$v":"Dispositivo desbloqueado"},{"$i":"simUnlockCodeAccepted","$v":"Código de desbloqueio do SIM aceito"},{"$i":"simUnlockCodeFailed","$v":"Desbloqueio do SIM sem sucesso."},{"$i":"eccOnly","$v":"Somente emergência"},{"$i":"emergencyCallsOnly","$v":"Apenas chamadas de emergência"},{"$i":"lockedSim","$v":"SIM bloqueado"},{"$i":"noService","$v":"Sem serviço"},{"$i":"noSimCard","$v":"Nenhum cartão SIM"},{"$i":"searching","$v":"Pesquisando…"},{"$i":"airplane-mode","$v":"Modo avião"},{"$i":"bluetooth","$v":"Bluetooth"},{"$i":"brightness","$v":"Brilho"},{"$i":"calculator","$v":"Calculadora"},{"$i":"camera","$v":"Câmera"},{"$i":"cellular-data","$v":"Dados da rede móvel"},{"$i":"confirm-to-uninstall-app","$v":["Desinstalar o aplicativo ",{"t":"idOrVar","v":"appName"},"?"]},{"$i":"flashlight","$v":"Lanterna"},{"$i":"instant-settings","$v":"configurações instantâneas"},{"$i":"off","$v":"Desativado"},{"$i":"on","$v":"Ativado"},{"$i":"shortcuts","$v":"Atalhos"},{"$i":"uninstall","$v":"Desinstalar"},{"$i":"volume","$v":"Volume"},{"$i":"wifi","$v":"Wi-Fi"},{"$i":"percentage-number","$v":[{"t":"idOrVar","v":"number"},"%"]},{"$i":"all-apps","$v":"Todos os aplicativos"},{"$i":"scImei","$v":"IMEI"},{"$i":"scMeid","$v":"MEID"},{"$i":"scUssd","$v":"USSD"},{"$i":"CallFailed","$v":"Falha na chamada"},{"$i":"GenericFailure","$v":"Falha genérica"},{"$i":"add-smart-collections","$v":"Adicionar coleções inteligentes"},{"$i":"add-to-existing-contact","$v":"Adicionar a contato existente"},{"$i":"alert-for-contacts-without-number","$v":"Não há contatos com número de telefone disponíveis."},{"$i":"app-title","$v":"Meus aplicativos"},{"$i":"app-uninstall","$v":[{"t":"idOrVar","v":"name"}," foi desinstalado"]},{"$i":"assign","$v":"Designar"},{"$i":"assign-speed-dial","$v":["O contato não foi adicionado como discagem rápida no botão ",{"t":"idOrVar","v":"n"},". Designar agora?"]},{"$i":"assign-voicemail","$v":"O número de correio de voz não foi definido."},{"$i":"call","$v":"Chamada"},{"$i":"callAirplaneModeMessage","$v":"Para fazer uma chamada, você precisa desativar o modo avião em Configurações."},{"$i":"callAirplaneModeTitle","$v":"Modo avião ativado"},{"$i":"cancel","$v":"Cancelar"},{"$i":"change-wallpaper","$v":"Alterar papel de parede"},{"$i":"clocks-updated","$v":"Relógios atualizados"},{"$i":"confirmation","$v":"Confirmação"},{"$i":"contacts","$v":"Contatos"},{"$i":"create-new-contact","$v":"Criar novo contato"},{"$i":"delete","$v":"Excluir"},{"$i":"delete-body","$v":[{"t":"idOrVar","v":"name"}," e todos os seus dados serão excluídos."]},{"$i":"delete-title","$v":["Excluir ",{"t":"idOrVar","v":"name"}]},{"$i":"edit","$v":"Editar"},{"$i":"edit-done","$v":"Concluído"},{"$i":"edit-group-header","$v":"Editar grupo"},{"$i":"edit-mode","$v":"Editar"},{"$i":"emergency-call-error","$v":[{"t":"idOrVar","v":"number"}," não é um número de emergência."]},{"$i":"emergency-call-only","$v":"Apenas chamadas de emergência"},{"$i":"emergencyDialogBodyBadNumber","$v":"Para fazer uma chamada, o telefone deve estar conectado a uma rede."},{"$i":"emergencyDialogBodyDeviceNotAccepted","$v":"Não são permitidas chamadas de emergência pela rede."},{"$i":"emergencyDialogTitle","$v":"Sem conexão de rede"},{"$i":"fax-home","$v":"Enviar fax para casa"},{"$i":"fax-office","$v":"Enviar fax para o escritório"},{"$i":"fax-other","$v":"Enviar fax para outro"},{"$i":"fdnIsActiveMessage","$v":["FDN (números de discagem fixa) está ativado e o número a seguir não está em sua lista de FDN: ",{"t":"idOrVar","v":"number"}]},{"$i":"fdnIsActiveTitle","$v":"FDN ativo"},{"$i":"gaia-shortcut-app-updated","$v":"Aplicativo atualizado"},{"$i":"grid-view","$v":"Exibição em grade"},{"$i":"home","$v":"Casa"},{"$i":"homescreen-settings","$v":"Configurações da tela inicial"},{"$i":"invalidNumberToDialMessage","$v":"O número de telefone que você está chamando não é válido."},{"$i":"invalidNumberToDialTitle","$v":"N.º de telefone inválido"},{"$i":"list-view","$v":"Exibição de lista"},{"$i":"longDateFormat","$v":"%A, %B %e"},{"$i":"menu","$v":"Menu"},{"$i":"message","$v":"Mensagem"},{"$i":"mobile","$v":"Mobile"},{"$i":"more","$v":"Mais"},{"$i":"move","$v":"Mover"},{"$i":"notifications","$v":"Avisos"},{"$i":"numberIsBusyMessage","$v":"O número está ocupado no momento. Tente novamente mais tarde."},{"$i":"numberIsBusyTitle","$v":"O número está ocupado"},{"$i":"ok","$v":"OK"},{"$i":"option-remove","$v":"Remover da discagem rápida"},{"$i":"option-replace","$v":"Substituir"},{"$i":"options","$v":"Opções"},{"$i":"otherConnectionInUseMessage","$v":"Você tem uma chamada ativa em outra conexão. Você só pode usar uma conexão por vez."},{"$i":"otherConnectionInUseTitle","$v":"Outra conexão em uso"},{"$i":"personal","$v":"Pessoal"},{"$i":"remove","$v":"Remover"},{"$i":"remove-speed-dial","$v":["Tem certeza de que deseja remover ",{"t":"idOrVar","v":"name"}," da discagem rápida?"]},{"$i":"replace","$v":"Substituir"},{"$i":"replace-speed-dial","$v":["Tem certeza de que deseja substituir ",{"t":"idOrVar","v":"name"}," por ",{"t":"idOrVar","v":"subName"},"?"]},{"$i":"resume-download-action","$v":"Download"},{"$i":"resume-download-body","$v":["Deseja baixar ",{"t":"idOrVar","v":"name"},"?"]},{"$i":"resume-download-title","$v":"Reiniciar download"},{"$i":"scCallBarring","$v":"Bloqueio de chamadas"},{"$i":"scCallForwarding","$v":"Encaminhamento de chamadas"},{"$i":"scCallWaiting","$v":"Chamada em espera"},{"$i":"scClip","$v":"ID do originador da chamada recebida"},{"$i":"scClir","$v":"ID do originador"},{"$i":"scPin","$v":"Alteração de PIN"},{"$i":"scPin2","$v":"Alteração de PIN2"},{"$i":"scPuk","$v":"Desbloquear PIN"},{"$i":"scPuk2","$v":"Desbloquear PIN2"},{"$i":"scPwd","$v":"Alteração da senha"},{"$i":"search-or-enter-address","placeholder":"Pesquisar ou digitar endereço"},{"$i":"select","$v":"Selecionar"},{"$i":"sending","$v":"Enviando…"},{"$i":"set","$v":"Definir"},{"$i":"settings","$v":"Configurações"},{"$i":"single-view","$v":"Modo de exibição único"},{"$i":"skip","$v":"Ignorar"},{"$i":"speed-dial","$v":"Discagem rápida"},{"$i":"speed-dial-empty","ariaLabel":[{"t":"idOrVar","v":"order"},", vazio"]},{"$i":"speed-dial-not-empty","ariaLabel":[{"t":"idOrVar","v":"order"},", ",{"t":"idOrVar","v":"name"}]},{"$i":"stop-download-action","$v":"Parar"},{"$i":"stop-download-body","$v":"Deseja interromper o download em andamento?"},{"$i":"stop-download-title","$v":["Interromper ",{"t":"idOrVar","v":"name"}]},{"$i":"tcl-wallpaper-changed","$v":"Papel de parede alterado"},{"$i":"video-call","$v":"Chamada de vídeo"},{"$i":"voicemail","$v":"Correio de voz"},{"$i":"work","$v":"Trabalho"},{"$i":"apps","$v":"Aplicativos"},{"$i":"nocard-eccOnly","$v":"No SIM card-Emergency calls only"},{"$i":"unusablecard-eccOnly","$v":"Unusable SIM card-Emergency calls only"},{"$i":"apn-sim1","$v":"Configurações de APN – SIM1"},{"$i":"apn-sim2","$v":"Configurações de APN – SIM2"},{"$i":"apnConfigPrepay","$v":"Pagar antecipadamente"},{"$i":"apnConfigPostpay","$v":"Pagar posteriormente"},{"$i":"apn-defaultconfig-message","$v":"Defina qual tipo de APN mostrar"},{"$i":"apnDefaultConfig","$v":"Configuração padrão de APN"},{"$i":"without-sim-new","$v":[{"t":"idOrVar","v":"index"}]},{"$i":"with-sim-new","$v":[{"t":"idOrVar","v":"index"}," - ",{"t":"idOrVar","v":"carrier"}]},{"$i":"sim-with-index-and-carrier","$v":["SIM ",{"t":"idOrVar","v":"index"}," – ",{"t":"idOrVar","v":"carrier"}]},{"$i":"sim-without-carrier","$v":["SIM ",{"t":"idOrVar","v":"index"}]},{"$i":"call-forwarding-voice-after-seconds","$v":["Voz: ",{"t":"idOrVar","v":"voice"}," após ",{"t":"idOrVar","v":"timeSeconds"}," segundos"]},{"$i":"addNewNumber","$v":"Adicionar novo número"},{"$i":"addToExistingContact","$v":"Adicionar a contato existente"},{"$i":"all","$v":"Tudo","ariaLabel":"Tudo"},{"$i":"bluetooth-handsfree-device","$v":"Dispositivo de viva-voz Bluetooth"},{"$i":"bluetoothOption","ariaLabel":"Bluetooth"},{"$i":"callDurationHours","$v":[{"t":"idOrVar","v":"h"},":",{"t":"idOrVar","v":"m"},":",{"t":"idOrVar","v":"s"}]},{"$i":"callDurationMinutes","$v":[{"t":"idOrVar","v":"m"},":",{"t":"idOrVar","v":"s"}]},{"$i":"callDurationTextFormatHours","$v":[{"t":"idOrVar","v":"h"}," h ",{"t":"idOrVar","v":"m"}," m ",{"t":"idOrVar","v":"s"}," s"]},{"$i":"callDurationTextFormatMinutes","$v":[{"t":"idOrVar","v":"m"}," m ",{"t":"idOrVar","v":"s"}," s"]},{"$i":"callDurationTextFormatSeconds","$v":[{"t":"idOrVar","v":"s"}," s"]},{"$i":"callEnded","$v":"Chamada encerrada"},{"$i":"callInformation","$v":"Informações da chamada"},{"$i":"callLog","$v":"Registro de chamadas"},{"$i":"callLogEdit","title":"Editar registro de chamadas"},{"$i":"callLogEditDialog","ariaLabel":"Editar caixa de diálogo de registro de chamadas"},{"$i":"caller-left-call","$v":[{"t":"idOrVar","v":"caller"}," saiu da chamada."]},{"$i":"calllog-all","$v":"Tudo"},{"$i":"calllog-deselectAll","$v":"Desmarcar tudo"},{"$i":"calllog-none","$v":"Nenhum"},{"$i":"calllog-selectAll","$v":"Selecionar tudo"},{"$i":"canceled","$v":"Cancelado"},{"$i":"clear-all-text","$v":"Excluir todo o texto"},{"$i":"close","$v":"Fechar"},{"$i":"composeEmail","ariaLabel":"Email"},{"$i":"conferenceAddError","$v":"Não é possível mesclar chamadas"},{"$i":"conferenceCall","$v":["Conferência (",{"t":"idOrVar","v":"n"},")"]},{"$i":"conferenceRemoveError","$v":"Não é possível desfazer mesclagem de chamadas"},{"$i":"confirm-deletion","$v":"Excluir chamadas selecionadas?"},{"$i":"connecting","$v":"Conectando"},{"$i":"connectingEllipsis","$v":"Conectando…"},{"$i":"contactDetails","$v":"Detalhes do contato"},{"$i":"createNewContact","$v":"Criar novo contato"},{"$i":"delete-n-log?","$v":{"few":["Excluir ",{"t":"idOrVar","v":"n"}," registros?"],"many":["Excluir ",{"t":"idOrVar","v":"n"}," registros?"],"one":"Excluir registro selecionado?","other":["Excluir ",{"t":"idOrVar","v":"n"}," registros?"],"two":["Excluir ",{"t":"idOrVar","v":"n"}," registros?"],"zero":"Nada selecionado"},"$x":[{"t":"idOrVar","v":"plural"},"n"]},{"$i":"deselect","$v":"Desmarcar"},{"$i":"dialed","$v":"Discado"},{"$i":"dialer-prompt","$v":"Discar número ou selecionar contato para adicionar à chamada"},{"$i":"dialerAddContact","ariaLabel":"Adicionar contato"},{"$i":"dialerAddContactDialog","ariaLabel":"Adicionar caixa de diálogo de contato"},{"$i":"edit-selected","$v":{"few":["selecionado (",{"t":"idOrVar","v":"n"},")"],"many":["selecionado (",{"t":"idOrVar","v":"n"},")"],"one":["selecionado (",{"t":"idOrVar","v":"n"},")"],"other":["selecionado (",{"t":"idOrVar","v":"n"},")"],"two":["selecionado (",{"t":"idOrVar","v":"n"},")"]},"$x":[{"t":"idOrVar","v":"plural"},"n"]},{"$i":"emailDetail","ariaLabel":"Email"},{"$i":"from-contact","$v":["De ",{"t":"idOrVar","v":"contact"}]},{"$i":"from-number","$v":["De ",{"t":"idOrVar","v":"number"}]},{"$i":"from-withheld-number","$v":"De número desconhecido"},{"$i":"hangup-a11y-button","ariaLabel":"Desligar"},{"$i":"hide","$v":"Ocultar"},{"$i":"hideKeypad","ariaLabel":"Ocultar teclado"},{"$i":"hold","ariaLabel":"Em espera"},{"$i":"hours","$v":"horas"},{"$i":"ignore","$v":"Ignorar chamada"},{"$i":"incoming","$v":"Recebidas"},{"$i":"incoming-call","$v":"Chamada recebida"},{"$i":"info-missed","$v":"Perdidas"},{"$i":"keypad","ariaLabel":"Teclado"},{"$i":"log-item","$v":"Opções"},{"$i":"makeCall","ariaLabel":"Fazer chamadas"},{"$i":"merge","ariaLabel":"Mesclar"},{"$i":"minutes","$v":"minutos"},{"$i":"missed","$v":"Perdidas","ariaLabel":"Perdidas"},{"$i":"missedCall","$v":"Chamada perdida"},{"$i":"missedCallMultiSims","$v":["(SIM ",{"t":"idOrVar","v":"n"},") Chamada perdida"]},{"$i":"mmi-error","$v":"Ocorreu um erro ao enviar a mensagem"},{"$i":"mmi-notification-title-with-sim","$v":["(",{"t":"idOrVar","v":"sim"},") ",{"t":"idOrVar","v":"title"}]},{"$i":"mmi-session-expired","$v":"A sessão expirou"},{"$i":"mmi-successfully-sent","$v":"Mensagem enviada com sucesso"},{"$i":"mute","ariaLabel":"Mudo"},{"$i":"newCall","ariaLabel":"Nova chamada"},{"$i":"no-logs-msg-1","$v":"Nenhuma chamada gravada"},{"$i":"no-logs-msg-2","$v":"Iniciar comunicação agora"},{"$i":"no-logs-msg-3","$v":"Nenhuma chamada gravada"},{"$i":"no-logs-msg-4","$v":"Iniciar comunicação agora"},{"$i":"no-recent-numbers","$v":"Nenhum número recente nos registros de chamadas para discar."},{"$i":"onHoldOption","ariaLabel":"Em espera"},{"$i":"outgoing","$v":"Realizadas"},{"$i":"outgoing-call","$v":"Chamada realizada"},{"$i":"phoneDetail","ariaLabel":"Telefone"},{"$i":"pickup-a11y-button","ariaLabel":"Levantar"},{"$i":"received","$v":"Recebidas"},{"$i":"receiver","$v":"Receptor"},{"$i":"recents","ariaLabel":"Chamadas recentes"},{"$i":"reply","$v":"Responder"},{"$i":"resume","$v":"Retomar","ariaLabel":"Retomar"},{"$i":"search-results","$v":"Resultados da pesquisa"},{"$i":"seconds","$v":"segundos"},{"$i":"select-audio-sources","$v":"Selecionar fontes de áudio"},{"$i":"send","$v":"Enviar"},{"$i":"send-sms-button","ariaLabel":"SMS"},{"$i":"sendSms","$v":"Enviar mensagem"},{"$i":"separator","$v":","},{"$i":"sim-number","$v":["SIM",{"t":"idOrVar","v":"n"}]},{"$i":"speaker","$v":"Viva-voz"},{"$i":"speakerOption","ariaLabel":"Viva-voz"},{"$i":"suggestionMatches","$v":{"few":[{"t":"idOrVar","v":"n"}," correspondências para \"",{"t":"idOrVar","v":"matchNumber"}],"many":[{"t":"idOrVar","v":"n"}," correspondências para \"",{"t":"idOrVar","v":"matchNumber"}],"one":[{"t":"idOrVar","v":"n"},"correspondência para \"",{"t":"idOrVar","v":"matchNumber"}],"other":[{"t":"idOrVar","v":"n"}," correspondências para \"",{"t":"idOrVar","v":"matchNumber"}],"two":[{"t":"idOrVar","v":"n"}," correspondências para \"",{"t":"idOrVar","v":"matchNumber"}]},"$x":[{"t":"idOrVar","v":"plural"},"n"]},{"$i":"switch-calls","$v":"Alternar chamadas"},{"$i":"tcl-assign","$v":"Designar"},{"$i":"tcl-assign-speed-dial","$v":{"$o":["O contato não foi adicionado como uma discagem rápida no botão \"",{"t":"idOrVar","v":"speedDial"},"\"<br><br>Designar agora?"]}},{"$i":"tcl-call-log-delete-group-notification","$v":[{"t":"idOrVar","v":"n"}," entradas foram excluídas"]},{"$i":"tcl-calllog-entry-removed-err-notification","$v":"Não é possível remover a entrada de registro de chamadas"},{"$i":"tcl-calllog-entry-removed-succ-notification","$v":"Entrada de registro de chamadas removida"},{"$i":"tcl-cancel","$v":"Cancelar"},{"$i":"tcl-confirmation","$v":"Confirmação"},{"$i":"tcl-delete-log","$v":"Tem certeza de que deseja excluir as entradas selecionadas do registro de chamadas?"},{"$i":"tcl-dialer","$v":"Discador"},{"$i":"tcl-edit-not-selected","$v":"Selecionado (0)"},{"$i":"tcl-option-menu-call-log-edit","$v":"Editar registro de chamadas"},{"$i":"today","$v":"Hoje"},{"$i":"toggleKeypad","ariaLabel":"Ativar/desativar teclado"},{"$i":"type-your-response","placeholder":"Digitar sua resposta…"},{"$i":"unknown","$v":"Desconhecido"},{"$i":"unlock-a11y-button","ariaLabel":"Controle deslizante"},{"$i":"ussd-services","$v":["Serviços de ",{"t":"idOrVar","v":"operator"}]},{"$i":"via-sim","$v":["via SIM",{"t":"idOrVar","v":"n"}]},{"$i":"view-all","$v":"Exibir tudo"},{"$i":"wifi-calling","$v":"Chamadas Wi-Fi"},{"$i":"withheld-number","$v":"Desconhecido"},{"$i":"yesterday","$v":"Ontem"},{"$i":"SimPin2","$v":"SIM PIN2"},{"$i":"SimPuk2","$v":"SIM PUK2"},{"$i":"serviceClassFax","$v":"FAX"},{"$i":"serviceClassPad","$v":"PAD"},{"$i":"serviceClassSms","$v":"SMS"},{"$i":"DialModifiedToDial","$v":"Dial modified to dial"},{"$i":"DialModifiedToSs","$v":"Dial modified to SS"},{"$i":"DialModifiedToUssd","$v":"Dial modified to USSD"},{"$i":"FdnCheckFailure","$v":"Falha ao verificar Fdn"},{"$i":"IllegalSimOrMe","$v":"SIM ou ME ilegal"},{"$i":"InvalidParameter","$v":"Parâmetro inválido"},{"$i":"ModeNotSupported","$v":"Modo não compatível"},{"$i":"OpNotAllowedDuringVoiceCall","$v":"A operação não é permitida durante uma chamada de voz"},{"$i":"PasswordIncorrect","$v":"Senha incorreta"},{"$i":"RadioNotAvailable","$v":"Rádio não disponível"},{"$i":"RejectedByRemote","$v":"Rejeitado pelo controle remoto"},{"$i":"RequestNotSupported","$v":"Solicitação não compatível"},{"$i":"ServiceIsDisabled","$v":"Serviço desativado"},{"$i":"ServiceIsEnabled","$v":"Serviço ativado"},{"$i":"ServiceIsEnabledFor","$v":"Serviço ativado para:"},{"$i":"SimAbsent","$v":"SIM ausente"},{"$i":"SmsSendFailRetry","$v":"Falha ao tentar reenviar SMS"},{"$i":"SsModifiedToDial","$v":"SS modified to dial"},{"$i":"SsModifiedToSs","$v":"SS modified to SS"},{"$i":"SsModifiedToUssd","$v":"SS modified to USSD"},{"$i":"SubscriptionNotAvailable","$v":"Assinatura não disponível"},{"$i":"SubscriptionNotSupported","$v":"Assinatura não compatível"},{"$i":"UssdModifiedToDial","$v":"USSD modified to dial"},{"$i":"UssdModifiedToSs","$v":"USSD modified to SS"},{"$i":"UssdModifiedToUssd","$v":"USSD modified to USSD"},{"$i":"call-forwarding-async","$v":["Assíncrona: ",{"t":"idOrVar","v":"async"}]},{"$i":"call-forwarding-data","$v":["Dados: ",{"t":"idOrVar","v":"data"}]},{"$i":"call-forwarding-error","$v":"Ocorreu um erro ao recuperar o status de encaminhamento de chamadas"},{"$i":"call-forwarding-fax","$v":["FAX: ",{"t":"idOrVar","v":"fax"}]},{"$i":"call-forwarding-inactive","$v":"Inativo"},{"$i":"call-forwarding-packet","$v":["Pacote: ",{"t":"idOrVar","v":"packet"}]},{"$i":"call-forwarding-pad","$v":["PAD: ",{"t":"idOrVar","v":"pad"}]},{"$i":"call-forwarding-sms","$v":["SMS: ",{"t":"idOrVar","v":"sms"}]},{"$i":"call-forwarding-status","$v":"Estado de encaminhamento de chamadas"},{"$i":"call-forwarding-sync","$v":["Síncrono: ",{"t":"idOrVar","v":"sync"}]},{"$i":"call-forwarding-voice","$v":["Voz: ",{"t":"idOrVar","v":"voice"}]},{"$i":"emMmiError","$v":"Problema de conexão ou código MMI inválido"},{"$i":"emMmiErrorBadPin","$v":"O PIN antigo digitado não está correto."},{"$i":"emMmiErrorBadPuk","$v":"O PUK digitado não está correto"},{"$i":"emMmiErrorEnablePin","$v":"Sem sucesso. Ativar SIM/RUIM LOCK"},{"$i":"emMmiErrorInvalidAction","$v":"Ação inválida"},{"$i":"emMmiErrorInvalidPin","$v":"Digitar um PIN com 4 a 8 números"},{"$i":"emMmiErrorInvalidScCode","$v":"Código de serviço inválido"},{"$i":"emMmiErrorMismatchPin","$v":"Os PINs digitados não correspondem"},{"$i":"emMmiErrorMmiFdn","$v":"Operação restrita somente a números de discagem fixa"},{"$i":"emMmiErrorNeedPuk2","$v":"Digitar PUK2 para desbloquear cartão SIM"},{"$i":"emMmiErrorNeedsPuk","$v":"Seu cartão SIM está bloqueado por um PUK"},{"$i":"emMmiErrorNotSupported","$v":"Código MMI inválido ou incompatível"},{"$i":"emMmiErrorPasswordIncorrect","$v":"Senha incorreta"},{"$i":"emMmiErrorPinPukAttempts","$v":{"few":[{"t":"idOrVar","v":"n"}," tentativas restantes"],"many":[{"t":"idOrVar","v":"n"}," tentativas restantes"],"one":["Somente ",{"t":"idOrVar","v":"n"}," tentativas restantes"],"other":[{"t":"idOrVar","v":"n"}," tentativas restantes"],"two":[{"t":"idOrVar","v":"n"}," tentativas restantes"]},"$x":[{"t":"idOrVar","v":"plural"},"n"]},{"$i":"emMmiErrorSimBlocked","$v":"Número máximo de tentativas excedido. Cartão SIM bloqueado"},{"$i":"emMmiErrorStkCcSsDial","$v":"Solicitação SS modificada para solicitação DIAL"},{"$i":"emMmiErrorStkCcSsSs","$v":"Solicitação SS modificada para nova solicitação SS"},{"$i":"emMmiErrorStkCcSsUssd","$v":"Solicitação SS modificada para solicitação USSD"},{"$i":"emMmiErrorStkCcUssdDial","$v":"Solicitação USSD modificada para solicitação DIAL"},{"$i":"emMmiErrorStkCcUssdSs","$v":"Solicitação USSD modificada para solicitação SS"},{"$i":"emMmiErrorStkCcUssdUssd","$v":"Solicitação USSD modificada para nova solicitação USSD"},{"$i":"fihVersion","$v":"Versão de FIH"},{"$i":"imeiAndSvn","$v":"IMEI e SVN"},{"$i":"internalVersion","$v":"Versão interna"},{"$i":"serviceClassData","$v":"Dados"},{"$i":"serviceClassDataAsync","$v":"Assíncrono"},{"$i":"serviceClassDataSync","$v":"Síncrono"},{"$i":"serviceClassPacket","$v":"Pacote"},{"$i":"serviceClassVoice","$v":"Voz"},{"$i":"smClirDefaultOffNextCallOff","$v":"O ID do originador assume o padrão de não restrito. Próxima chamada: Não restrita"},{"$i":"smClirDefaultOffNextCallOn","$v":"O ID do originador assume o padrão de não restrito. Próxima chamada: Restrita"},{"$i":"smClirDefaultOnNextCallOff","$v":"O ID do originador assume o padrão de restrito. Próxima chamada: Não restrita"},{"$i":"smClirDefaultOnNextCallOn","$v":"O ID do originador assume o padrão de restrito. Próxima chamada: Restrita"},{"$i":"smClirPermanent","$v":"Não é possível alterar a configuração do ID do originador"},{"$i":"smPin2Changed","$v":"PIN2 alterado com sucesso"},{"$i":"smPin2Unblocked","$v":"PIN2 desbloqueado com sucesso"},{"$i":"smPinChanged","$v":"PIN alterado com sucesso"},{"$i":"smPinUnblocked","$v":"PIN desbloqueado com sucesso"},{"$i":"smServiceDisabled","$v":"O serviço foi desativado"},{"$i":"smServiceEnabled","$v":"O serviço foi ativado"},{"$i":"smServiceEnabledFor","$v":"O serviço foi ativado para:"},{"$i":"smServiceErased","$v":"Exclusão bem-sucedida"},{"$i":"smServiceInterrogated","$v":"Solicitação bem-sucedida"},{"$i":"smServiceNotProvisioned","$v":"Serviço não fornecido"},{"$i":"smServiceRegistered","$v":"Registro bem-sucedido"},{"$i":"another","$v":"Outro"},{"$i":"current","$v":"Atual"},{"$i":"customTag","$v":"Marca personalizada","placeholder":"Marca personalizada"},{"$i":"faxHome","$v":"Enviar fax para casa"},{"$i":"faxOffice","$v":"Enviar fax para o escritório"},{"$i":"faxOther","$v":"Enviar fax para outro"},{"$i":"itemWithLabel","$v":[{"t":"idOrVar","v":"label"},", ",{"t":"idOrVar","v":"item"}]},{"$i":"label","$v":"Rótulo"},{"$i":"other","$v":"Outras"},{"$i":"tcl-customTag","$v":"Marca personalizada"},{"$i":"dateTimeFormat_%c","$v":"%a %b %e %Y %I:%M:%S %p"},{"$i":"dateTimeFormat_%x","$v":"%d/%m/%Y"},{"$i":"days-ago-long","$v":{"few":[{"t":"idOrVar","v":"value"}," dias antes"],"many":[{"t":"idOrVar","v":"value"}," dias antes"],"one":"ontem","other":[{"t":"idOrVar","v":"value"}," dias antes"],"two":[{"t":"idOrVar","v":"value"}," dias antes"],"zero":"hoje"},"$x":[{"t":"idOrVar","v":"plural"},"value"]},{"$i":"days-ago-short","$v":{"other":[{"t":"idOrVar","v":"value"},"d antes"],"zero":"hoje"},"$x":[{"t":"idOrVar","v":"plural"},"value"]},{"$i":"days-until-long","$v":{"few":["em ",{"t":"idOrVar","v":"value"}," dias"],"many":["em ",{"t":"idOrVar","v":"value"}," dias"],"one":"amanhã","other":["em ",{"t":"idOrVar","v":"value"}," dias"],"two":["em ",{"t":"idOrVar","v":"value"}," dias"],"zero":"hoje"},"$x":[{"t":"idOrVar","v":"plural"},"value"]},{"$i":"days-until-short","$v":{"other":["em ",{"t":"idOrVar","v":"value"},"d"],"zero":"hoje"},"$x":[{"t":"idOrVar","v":"plural"},"value"]},{"$i":"hours-ago-long","$v":{"few":["horas ",{"t":"idOrVar","v":"value"}," atrás"],"many":["horas ",{"t":"idOrVar","v":"value"}," atrás"],"one":"uma hora atrás","other":["horas ",{"t":"idOrVar","v":"value"}," atrás"],"two":["horas ",{"t":"idOrVar","v":"value"}," atrás"],"zero":"agora mesmo"},"$x":[{"t":"idOrVar","v":"plural"},"value"]},{"$i":"hours-ago-short","$v":{"other":[{"t":"idOrVar","v":"value"},"h atrás"],"zero":"agora mesmo"},"$x":[{"t":"idOrVar","v":"plural"},"value"]},{"$i":"hours-until-long","$v":{"few":["em ",{"t":"idOrVar","v":"value"}," horas"],"many":["em ",{"t":"idOrVar","v":"value"}," horas"],"one":"em uma hora","other":["em ",{"t":"idOrVar","v":"value"}," horas"],"two":["em ",{"t":"idOrVar","v":"value"}," horas"],"zero":"agora"},"$x":[{"t":"idOrVar","v":"plural"},"value"]},{"$i":"hours-until-short","$v":{"other":["em ",{"t":"idOrVar","v":"value"},"h"],"zero":"agora"},"$x":[{"t":"idOrVar","v":"plural"},"value"]},{"$i":"incorrectDate","$v":"(data incorreta)"},{"$i":"minutes-ago-long","$v":{"few":[{"t":"idOrVar","v":"value"}," minutos atrás"],"many":[{"t":"idOrVar","v":"value"}," minutos atrás"],"one":"um minuto atrás","other":[{"t":"idOrVar","v":"value"}," minutos atrás"],"two":[{"t":"idOrVar","v":"value"}," minutos atrás"],"zero":"agora mesmo"},"$x":[{"t":"idOrVar","v":"plural"},"value"]},{"$i":"minutes-ago-short","$v":{"other":[{"t":"idOrVar","v":"value"},"m atrás"],"zero":"agora mesmo"},"$x":[{"t":"idOrVar","v":"plural"},"value"]},{"$i":"minutes-until-long","$v":{"few":["em ",{"t":"idOrVar","v":"value"}," minutos"],"many":["em ",{"t":"idOrVar","v":"value"}," minutos"],"one":"em um minuto","other":["em ",{"t":"idOrVar","v":"value"}," minutos"],"two":["em ",{"t":"idOrVar","v":"value"}," minutos"],"zero":"agora"},"$x":[{"t":"idOrVar","v":"plural"},"value"]},{"$i":"minutes-until-short","$v":{"other":["em ",{"t":"idOrVar","v":"value"},"m"],"zero":"agora"},"$x":[{"t":"idOrVar","v":"plural"},"value"]},{"$i":"month-0-genitive","$v":"Janeiro"},{"$i":"month-0-long","$v":"Janeiro"},{"$i":"month-0-short","$v":"Jan"},{"$i":"month-1-genitive","$v":"Fevereiro"},{"$i":"month-1-long","$v":"Fevereiro"},{"$i":"month-1-short","$v":"Fev"},{"$i":"month-10-genitive","$v":"Novembro"},{"$i":"month-10-long","$v":"Novembro"},{"$i":"month-10-short","$v":"Nov"},{"$i":"month-11-genitive","$v":"Dezembro"},{"$i":"month-11-long","$v":"Dezembro"},{"$i":"month-11-short","$v":"Dez"},{"$i":"month-2-genitive","$v":"Março"},{"$i":"month-2-long","$v":"Março"},{"$i":"month-2-short","$v":"Mar"},{"$i":"month-3-genitive","$v":"Abril"},{"$i":"month-3-long","$v":"Abril"},{"$i":"month-3-short","$v":"Abr"},{"$i":"month-4-genitive","$v":"Maio"},{"$i":"month-4-long","$v":"Maio"},{"$i":"month-4-short","$v":"Mai"},{"$i":"month-5-genitive","$v":"Junho"},{"$i":"month-5-long","$v":"Junho"},{"$i":"month-5-short","$v":"Jun"},{"$i":"month-6-genitive","$v":"Julho"},{"$i":"month-6-long","$v":"Julho"},{"$i":"month-6-short","$v":"Jul"},{"$i":"month-7-genitive","$v":"Agosto"},{"$i":"month-7-long","$v":"Agosto"},{"$i":"month-7-short","$v":"Ago"},{"$i":"month-8-genitive","$v":"Setembro"},{"$i":"month-8-long","$v":"Setembro"},{"$i":"month-8-short","$v":"Set"},{"$i":"month-9-genitive","$v":"Outubro"},{"$i":"month-9-long","$v":"Outubro"},{"$i":"month-9-short","$v":"Out"},{"$i":"months-ago-long","$v":{"few":[{"t":"idOrVar","v":"value"}," meses antes"],"many":[{"t":"idOrVar","v":"value"}," meses antes"],"one":"no mês passado","other":[{"t":"idOrVar","v":"value"}," meses antes"],"two":[{"t":"idOrVar","v":"value"}," meses antes"],"zero":"este mês"},"$x":[{"t":"idOrVar","v":"plural"},"value"]},{"$i":"months-until-long","$v":{"few":["em ",{"t":"idOrVar","v":"value"}," meses"],"many":["em ",{"t":"idOrVar","v":"value"}," meses"],"one":"próximo mês","other":["em ",{"t":"idOrVar","v":"value"}," meses"],"two":["em ",{"t":"idOrVar","v":"value"}," meses"],"zero":"este mês"},"$x":[{"t":"idOrVar","v":"plural"},"value"]},{"$i":"shortDateTimeFormat","$v":"%x %I:%M %p"},{"$i":"shortTimeFormat","$v":"%I:%M %p"},{"$i":"shortTimeFormat12","$v":"%I:%M %p"},{"$i":"shortTimeFormat24","$v":"%H:%M"},{"$i":"time_am","$v":"AM"},{"$i":"time_pm","$v":"PM"},{"$i":"weekday-0-long","$v":"Domingo"},{"$i":"weekday-0-short","$v":"Dom"},{"$i":"weekday-1-long","$v":"Segunda-feira"},{"$i":"weekday-1-short","$v":"Seg"},{"$i":"weekday-2-long","$v":"Terça-feira"},{"$i":"weekday-2-short","$v":"Ter"},{"$i":"weekday-3-long","$v":"Quarta-feira"},{"$i":"weekday-3-short","$v":"Qua"},{"$i":"weekday-4-long","$v":"Quinta-feira"},{"$i":"weekday-4-short","$v":"Qui"},{"$i":"weekday-5-long","$v":"Sexta-feira"},{"$i":"weekday-5-short","$v":"Sex"},{"$i":"weekday-6-long","$v":"Sábado"},{"$i":"weekday-6-short","$v":"Sáb"},{"$i":"weeks-ago-long","$v":{"few":[{"t":"idOrVar","v":"value"}," semanas antes"],"many":[{"t":"idOrVar","v":"value"}," semanas antes"],"one":"semana passada","other":[{"t":"idOrVar","v":"value"}," semanas antes"],"two":[{"t":"idOrVar","v":"value"}," semanas antes"],"zero":"esta semana"},"$x":[{"t":"idOrVar","v":"plural"},"value"]},{"$i":"weeks-until-long","$v":{"few":["em ",{"t":"idOrVar","v":"value"}," semanas"],"many":["em ",{"t":"idOrVar","v":"value"}," semanas"],"one":"próxima semana","other":["em ",{"t":"idOrVar","v":"value"}," semanas"],"two":["em ",{"t":"idOrVar","v":"value"}," semanas"],"zero":"esta semana"},"$x":[{"t":"idOrVar","v":"plural"},"value"]},{"$i":"years-ago-long","$v":{"few":[{"t":"idOrVar","v":"value"}," anos antes"],"many":[{"t":"idOrVar","v":"value"}," anos antes"],"one":"ano passado","other":[{"t":"idOrVar","v":"value"}," anos antes"],"two":[{"t":"idOrVar","v":"value"}," anos antes"],"zero":"este ano"},"$x":[{"t":"idOrVar","v":"plural"},"value"]},{"$i":"years-until-long","$v":{"few":["em ",{"t":"idOrVar","v":"value"}," anos"],"many":["em ",{"t":"idOrVar","v":"value"}," anos"],"one":"próximo ano","other":["em ",{"t":"idOrVar","v":"value"}," anos"],"two":["em ",{"t":"idOrVar","v":"value"}," anos"],"zero":"este ano"},"$x":[{"t":"idOrVar","v":"plural"},"value"]},{"$i":"dateTimeFormat_%X","$v":"%I:%M:%S %p"},{"$i":"weekStartsOnMonday","$v":"0"},{"$i":"firstDayOfTheWeek","$v":"1"}]