[{"$i":"clockDateFormat","$v":"%a, %e %b"},{"$i":"deviceIsUnlocked","$v":"Dispositivo desbloqueado"},{"$i":"simUnlockCodeAccepted","$v":"Código de desbloqueio do SIM aceite"},{"$i":"simUnlockCodeFailed","$v":"SIM não desbloqueado"},{"$i":"eccOnly","$v":"Apenas chamadas de emergência"},{"$i":"emergencyCallsOnly","$v":"Apenas chamadas de emergência"},{"$i":"lockedSim","$v":"SIM bloqueado"},{"$i":"noService","$v":"Sem serviço"},{"$i":"noSimCard","$v":"Nenhum cartão SIM"},{"$i":"searching","$v":"A procurar..."},{"$i":"airplane-mode","$v":"Modo de voo"},{"$i":"bluetooth","$v":"Bluetooth"},{"$i":"brightness","$v":"Brilho"},{"$i":"calculator","$v":"Calculadora"},{"$i":"camera","$v":"Câmara"},{"$i":"cellular-data","$v":"Dados móveis"},{"$i":"confirm-to-uninstall-app","$v":["Desinstalar a aplicação ",{"t":"idOrVar","v":"{appName"},"?"]},{"$i":"flashlight","$v":"Lanterna"},{"$i":"instant-settings","$v":"definições instantâneas"},{"$i":"off","$v":"Desativado"},{"$i":"on","$v":"Ativado"},{"$i":"shortcuts","$v":"Atalhos"},{"$i":"uninstall","$v":"Desinstalar"},{"$i":"volume","$v":"Volume"},{"$i":"wifi","$v":"Wi-Fi"},{"$i":"percentage-number","$v":[{"t":"idOrVar","v":"number"},"%"]},{"$i":"all-apps","$v":"Todas as aplicações"},{"$i":"scImei","$v":"IMEI"},{"$i":"scMeid","$v":"MEID"},{"$i":"scUssd","$v":"USSD"},{"$i":"CallFailed","$v":"A chamada falhou"},{"$i":"GenericFailure","$v":"Falha geral"},{"$i":"add-smart-collections","$v":"Adicionar coleções inteligentes"},{"$i":"add-to-existing-contact","$v":"Adicionar a contacto existente"},{"$i":"alert-for-contacts-without-number","$v":"Não existem contactos com número de telefone disponíveis."},{"$i":"app-title","$v":"As minhas aplicações"},{"$i":"app-uninstall","$v":[{"t":"idOrVar","v":"name"}," foi desinstalado"]},{"$i":"assign","$v":"Atribuir"},{"$i":"assign-speed-dial","$v":["O contacto não foi adicionado como marcação rápida no botão ",{"t":"idOrVar","v":"n"},". Atribuir agora?"]},{"$i":"assign-voicemail","$v":"O número do correio de voz não foi definido."},{"$i":"call","$v":"Chamar"},{"$i":"callAirplaneModeMessage","$v":"Para efetuar uma chamada tem de desativar o modo de voo nas definições."},{"$i":"callAirplaneModeTitle","$v":"Modo de voo ativado"},{"$i":"cancel","$v":"Cancelar"},{"$i":"change-wallpaper","$v":"Alterar fundo de ecrã"},{"$i":"clocks-updated","$v":"Relógios atualizados"},{"$i":"confirmation","$v":"Confirmação"},{"$i":"contacts","$v":"Contactos"},{"$i":"create-new-contact","$v":"Criar novo contacto"},{"$i":"delete","$v":"Eliminar"},{"$i":"delete-body","$v":[{"t":"idOrVar","v":"name"}," e todos os respetivos dados serão eliminados."]},{"$i":"delete-title","$v":["Eliminar ",{"t":"idOrVar","v":"name"}]},{"$i":"edit","$v":"Editar"},{"$i":"edit-done","$v":"Concluído"},{"$i":"edit-group-header","$v":"Editar grupo"},{"$i":"edit-mode","$v":"Editar"},{"$i":"emergency-call-error","$v":[{"t":"idOrVar","v":"number"}," não é um número de emergência."]},{"$i":"emergency-call-only","$v":"Apenas chamada de emergência"},{"$i":"emergencyDialogBodyBadNumber","$v":"Para efetuar uma chamada, o telefone tem de estar ligado a uma rede."},{"$i":"emergencyDialogBodyDeviceNotAccepted","$v":"A rede não permite chamadas de emergência."},{"$i":"emergencyDialogTitle","$v":"Sem ligação"},{"$i":"fax-home","$v":"Fax doméstico"},{"$i":"fax-office","$v":"Fax escritório"},{"$i":"fax-other","$v":"Fax outro"},{"$i":"fdnIsActiveMessage","$v":["O FDN (Números de marcação fixa) está ativado e o número seguinte não está na sua lista FDN: ",{"t":"idOrVar","v":"number"}]},{"$i":"fdnIsActiveTitle","$v":"FDN ativo"},{"$i":"gaia-shortcut-app-updated","$v":"Aplicação atualizada"},{"$i":"grid-view","$v":"Vista de grelha"},{"$i":"home","$v":"Casa"},{"$i":"homescreen-settings","$v":"Definições do ecrã inicial"},{"$i":"invalidNumberToDialMessage","$v":"O número de telefone para onde está a ligar não é válido."},{"$i":"invalidNumberToDialTitle","$v":"Número de telefone inválido"},{"$i":"list-view","$v":"Vista de lista"},{"$i":"longDateFormat","$v":"%A, %B %e"},{"$i":"menu","$v":"Menu"},{"$i":"message","$v":"Mensagem"},{"$i":"mobile","$v":"Telemóvel"},{"$i":"more","$v":"Mais"},{"$i":"move","$v":"Mover"},{"$i":"notifications","$v":"Avisos"},{"$i":"numberIsBusyMessage","$v":"O número está ocupado neste momento. Tente novamente mais tarde."},{"$i":"numberIsBusyTitle","$v":"Número ocupado"},{"$i":"ok","$v":"OK"},{"$i":"option-remove","$v":"Remover  da marcação rápida"},{"$i":"option-replace","$v":"Substituir"},{"$i":"options","$v":"Opções"},{"$i":"otherConnectionInUseMessage","$v":"Tem uma chamada ativa noutra ligação. Apenas pode utilizar uma ligação de cada vez."},{"$i":"otherConnectionInUseTitle","$v":"Outra ligação em utilização"},{"$i":"personal","$v":"Pessoal"},{"$i":"remove","$v":"Remover"},{"$i":"remove-speed-dial","$v":["Pretende remover ",{"t":"idOrVar","v":"name"}," da marcação rápida?"]},{"$i":"replace","$v":"Substituir"},{"$i":"replace-speed-dial","$v":["Tem a certeza de que pretende substituir ",{"t":"idOrVar","v":"name"}," por ",{"t":"idOrVar","v":"subName"},"?"]},{"$i":"resume-download-action","$v":"Transferir"},{"$i":"resume-download-body","$v":["Pretende transferir ",{"t":"idOrVar","v":"name"},"?"]},{"$i":"resume-download-title","$v":"Reiniciar transferência"},{"$i":"scCallBarring","$v":"Interdição de chamadas"},{"$i":"scCallForwarding","$v":"Reenvio de chamadas"},{"$i":"scCallWaiting","$v":"Chamada em espera"},{"$i":"scClip","$v":"ID do chamador de entrada"},{"$i":"scClir","$v":"ID do chamador de saída"},{"$i":"scPin","$v":"Alteração do PIN"},{"$i":"scPin2","$v":"Alteração do PIN2"},{"$i":"scPuk","$v":"Desbloquear PIN"},{"$i":"scPuk2","$v":"Desbloquear PIN2"},{"$i":"scPwd","$v":"Alteração da palavra-passe"},{"$i":"search-or-enter-address","placeholder":"Pesquisar ou introduzir endereço"},{"$i":"select","$v":"Selecionar"},{"$i":"sending","$v":"A enviar…"},{"$i":"set","$v":"Definir"},{"$i":"settings","$v":"Definições"},{"$i":"single-view","$v":"Vista simples"},{"$i":"skip","$v":"Ignorar"},{"$i":"speed-dial","$v":"Marcação rápida"},{"$i":"speed-dial-empty","ariaLabel":[{"t":"idOrVar","v":"order"},", vazio"]},{"$i":"speed-dial-not-empty","ariaLabel":[{"t":"idOrVar","v":"order"},", ",{"t":"idOrVar","v":"name"}]},{"$i":"stop-download-action","$v":"Parar"},{"$i":"stop-download-body","$v":"Pretende parar a transferência em curso?"},{"$i":"stop-download-title","$v":["Parar ",{"t":"idOrVar","v":"name"}]},{"$i":"tcl-wallpaper-changed","$v":"Fundo de ecrã alterado"},{"$i":"video-call","$v":"Chamada de vídeo"},{"$i":"voicemail","$v":"Correio de voz"},{"$i":"work","$v":"Trabalho"},{"$i":"apps","$v":"Aplicações"},{"$i":"nocard-eccOnly","$v":"No SIM card-Emergency calls only"},{"$i":"unusablecard-eccOnly","$v":"Unusable SIM card-Emergency calls only"},{"$i":"apn-sim1","$v":"Definições de APN - SIM1"},{"$i":"apn-sim2","$v":"Definições de APN - SIM2"},{"$i":"apnConfigPrepay","$v":"Pré-pagamento"},{"$i":"apnConfigPostpay","$v":"Pós-pagamento"},{"$i":"apn-defaultconfig-message","$v":"Definir qual o APN a exibir"},{"$i":"apnDefaultConfig","$v":"Config. APN predefinida"},{"$i":"without-sim-new","$v":[{"t":"idOrVar","v":"index"}]},{"$i":"with-sim-new","$v":[{"t":"idOrVar","v":"index"}," - ",{"t":"idOrVar","v":"carrier"}]},{"$i":"sim-with-index-and-carrier","$v":["SIM ",{"t":"idOrVar","v":"index"}," - ",{"t":"idOrVar","v":"carrier"}]},{"$i":"sim-without-carrier","$v":["SIM ",{"t":"idOrVar","v":"index"}]},{"$i":"call-forwarding-voice-after-seconds","$v":["Voz: ",{"t":"idOrVar","v":"voice"}," após ",{"t":"idOrVar","v":"timeSeconds"}," segundos"]},{"$i":"addNewNumber","$v":"Adicionar novo número"},{"$i":"addToExistingContact","$v":"Adicionar a contacto existente"},{"$i":"all","$v":"Todos","ariaLabel":"Todos"},{"$i":"bluetooth-handsfree-device","$v":"Dispositivo mãos-livres Bluetooth"},{"$i":"bluetoothOption","ariaLabel":"Bluetooth"},{"$i":"callDurationHours","$v":[{"t":"idOrVar","v":"h"},":",{"t":"idOrVar","v":"m"},":",{"t":"idOrVar","v":"s"}]},{"$i":"callDurationMinutes","$v":[{"t":"idOrVar","v":"m"},":",{"t":"idOrVar","v":"s"}]},{"$i":"callDurationTextFormatHours","$v":[{"t":"idOrVar","v":"h"}," h ",{"t":"idOrVar","v":"m"}," m ",{"t":"idOrVar","v":"s"}," s"]},{"$i":"callDurationTextFormatMinutes","$v":[{"t":"idOrVar","v":"m"}," m ",{"t":"idOrVar","v":"s"}," s"]},{"$i":"callDurationTextFormatSeconds","$v":[{"t":"idOrVar","v":"s"}," s"]},{"$i":"callEnded","$v":"Chamada terminada"},{"$i":"callInformation","$v":"Informação da chamada"},{"$i":"callLog","$v":"Registo de chamadas"},{"$i":"callLogEdit","title":"Editar registo de chamadas"},{"$i":"callLogEditDialog","ariaLabel":"Editar caixa de diálogo do registo de chamadas"},{"$i":"caller-left-call","$v":[{"t":"idOrVar","v":"caller"}," saiu da chamada."]},{"$i":"calllog-all","$v":"Todos"},{"$i":"calllog-deselectAll","$v":"Desmarcar tudo"},{"$i":"calllog-none","$v":"Nenhum"},{"$i":"calllog-selectAll","$v":"Selecionar tudo"},{"$i":"canceled","$v":"Cancelado"},{"$i":"clear-all-text","$v":"Limpar todo o texto"},{"$i":"close","$v":"Fechar"},{"$i":"composeEmail","ariaLabel":"E-mail"},{"$i":"conferenceAddError","$v":"Não é possível unir chamadas"},{"$i":"conferenceCall","$v":["Conferência (",{"t":"idOrVar","v":"n"},")"]},{"$i":"conferenceRemoveError","$v":"Não é possível anular a intercalação de chamadas."},{"$i":"confirm-deletion","$v":"Eliminar chamadas selecionadas?"},{"$i":"connecting","$v":"A ligar"},{"$i":"connectingEllipsis","$v":"A ligar…"},{"$i":"contactDetails","$v":"Detalhes do contacto"},{"$i":"createNewContact","$v":"Criar novo contacto"},{"$i":"delete-n-log?","$v":{"few":["Eliminar ",{"t":"idOrVar","v":"n"}," registos?"],"many":["Eliminar ",{"t":"idOrVar","v":"n"}," registos?"],"one":"Eliminar o registo selecionado?","other":["Eliminar ",{"t":"idOrVar","v":"n"}," registos?"],"two":["Eliminar ",{"t":"idOrVar","v":"n"}," registos?"],"zero":"Nenhum selecionado"},"$x":[{"t":"idOrVar","v":"plural"},"n"]},{"$i":"deselect","$v":"Desmarcar"},{"$i":"dialed","$v":"Marcadas"},{"$i":"dialer-prompt","$v":"Marcar número ou selecionar contacto para adicionar à chamada"},{"$i":"dialerAddContact","ariaLabel":"Adicionar contacto"},{"$i":"dialerAddContactDialog","ariaLabel":"Adicionar caixa de diálogo de contacto"},{"$i":"edit-selected","$v":{"few":["selecionado(s)(",{"t":"idOrVar","v":"n"},")"],"many":["selecionado(s)(",{"t":"idOrVar","v":"n"},")"],"one":["selecionado(s)(",{"t":"idOrVar","v":"n"},")"],"other":["selecionado(s)(",{"t":"idOrVar","v":"n"},")"],"two":["selecionado(s)(",{"t":"idOrVar","v":"n"},")"]},"$x":[{"t":"idOrVar","v":"plural"},"n"]},{"$i":"emailDetail","ariaLabel":"E-mail"},{"$i":"from-contact","$v":["De ",{"t":"idOrVar","v":"contact"}]},{"$i":"from-number","$v":["De ",{"t":"idOrVar","v":"number"}]},{"$i":"from-withheld-number","$v":"De um número desconhecido"},{"$i":"hangup-a11y-button","ariaLabel":"Terminar"},{"$i":"hide","$v":"Ocultar"},{"$i":"hideKeypad","ariaLabel":"Ocultar teclado"},{"$i":"hold","ariaLabel":"Reter"},{"$i":"hours","$v":"horas"},{"$i":"ignore","$v":"Ignorar chamada"},{"$i":"incoming","$v":"Recebidas"},{"$i":"incoming-call","$v":"Chamada de entrada"},{"$i":"info-missed","$v":"Perdidas"},{"$i":"keypad","ariaLabel":"Teclado"},{"$i":"log-item","$v":"Opções"},{"$i":"makeCall","ariaLabel":"Efetuar chamada"},{"$i":"merge","ariaLabel":"Unir"},{"$i":"minutes","$v":"minutos"},{"$i":"missed","$v":"Perdidas","ariaLabel":"Perdidas"},{"$i":"missedCall","$v":"Chamada perdida"},{"$i":"missedCallMultiSims","$v":["(SIM ",{"t":"idOrVar","v":"n"},") Chamada perdida"]},{"$i":"mmi-error","$v":"Ocorreu um erro ao enviar a mensagem."},{"$i":"mmi-notification-title-with-sim","$v":["(",{"t":"idOrVar","v":"sim"},") ",{"t":"idOrVar","v":"title"}]},{"$i":"mmi-session-expired","$v":"Sessão expirada"},{"$i":"mmi-successfully-sent","$v":"Mensagem enviada com êxito"},{"$i":"mute","ariaLabel":"Silenciar"},{"$i":"newCall","ariaLabel":"Nova chamada"},{"$i":"no-logs-msg-1","$v":"Nenhuma chamada gravada"},{"$i":"no-logs-msg-2","$v":"Começar a comunicar agora"},{"$i":"no-logs-msg-3","$v":"Nenhuma chamada gravada"},{"$i":"no-logs-msg-4","$v":"Começar a comunicar agora"},{"$i":"no-recent-numbers","$v":"Não existem números recentes no Registo de chamadas para marcar."},{"$i":"onHoldOption","ariaLabel":"Em espera"},{"$i":"outgoing","$v":"Efetuadas"},{"$i":"outgoing-call","$v":"Chamada efetuada"},{"$i":"phoneDetail","ariaLabel":"Telefone"},{"$i":"pickup-a11y-button","ariaLabel":"Atender"},{"$i":"received","$v":"Recebidas"},{"$i":"receiver","$v":"Recetor"},{"$i":"recents","ariaLabel":"Chamadas recentes"},{"$i":"reply","$v":"Responder"},{"$i":"resume","$v":"Retomar","ariaLabel":"Retomar"},{"$i":"search-results","$v":"Resultados de pesquisa"},{"$i":"seconds","$v":"segundos"},{"$i":"select-audio-sources","$v":"Selecionar origens de áudio"},{"$i":"send","$v":"Enviar"},{"$i":"send-sms-button","ariaLabel":"SMS"},{"$i":"sendSms","$v":"Enviar mensagem"},{"$i":"separator","$v":","},{"$i":"sim-number","$v":["SIM",{"t":"idOrVar","v":"n"}]},{"$i":"speaker","$v":"Altifalante"},{"$i":"speakerOption","ariaLabel":"Altifalante"},{"$i":"suggestionMatches","$v":{"few":[{"t":"idOrVar","v":"n"}," correspondências para \"",{"t":"idOrVar","v":"matchNumber"}],"many":[{"t":"idOrVar","v":"n"}," correspondências para \"",{"t":"idOrVar","v":"matchNumber"}],"one":[{"t":"idOrVar","v":"n"}," correspondência para \"",{"t":"idOrVar","v":"matchNumber"}],"other":[{"t":"idOrVar","v":"n"}," correspondências para \"",{"t":"idOrVar","v":"matchNumber"}],"two":[{"t":"idOrVar","v":"n"}," correspondências para \"",{"t":"idOrVar","v":"matchNumber"}]},"$x":[{"t":"idOrVar","v":"plural"},"n"]},{"$i":"switch-calls","$v":"Trocar chamadas"},{"$i":"tcl-assign","$v":"Atribuir"},{"$i":"tcl-assign-speed-dial","$v":{"$o":["O contacto não foi adicionado como marcação rápida no botão \"",{"t":"idOrVar","v":"speedDial"},"\"<br><br>Atribuir agora?"]}},{"$i":"tcl-call-log-delete-group-notification","$v":[{"t":"idOrVar","v":"n"}," entradas eliminadas"]},{"$i":"tcl-calllog-entry-removed-err-notification","$v":"Não é possível remover a entrada do registo de chamadas"},{"$i":"tcl-calllog-entry-removed-succ-notification","$v":"Entrada do registo de chamadas removida"},{"$i":"tcl-cancel","$v":"Cancelar"},{"$i":"tcl-confirmation","$v":"Confirmação"},{"$i":"tcl-delete-log","$v":"Tem a certeza de que pretende eliminar as entradas selecionadas do registo de chamadas?"},{"$i":"tcl-dialer","$v":"Marcador"},{"$i":"tcl-edit-not-selected","$v":"selecionada(0)"},{"$i":"tcl-option-menu-call-log-edit","$v":"Editar registo de chamadas"},{"$i":"today","$v":"Hoje"},{"$i":"toggleKeypad","ariaLabel":"Alternar teclado"},{"$i":"type-your-response","placeholder":"Escreva a sua resposta…"},{"$i":"unknown","$v":"Desconhecido"},{"$i":"unlock-a11y-button","ariaLabel":"Cursor"},{"$i":"ussd-services","$v":["Serviços ",{"t":"idOrVar","v":"operator"}]},{"$i":"via-sim","$v":["através do SIM",{"t":"idOrVar","v":"n"}]},{"$i":"view-all","$v":"Ver todos"},{"$i":"wifi-calling","$v":"Chamada por Wi-Fi"},{"$i":"withheld-number","$v":"Desconhecido"},{"$i":"yesterday","$v":"Ontem"},{"$i":"SimPin2","$v":"PIN2 do SIM"},{"$i":"SimPuk2","$v":"PUK2 do SIM"},{"$i":"serviceClassFax","$v":"FAX"},{"$i":"serviceClassPad","$v":"PAD"},{"$i":"serviceClassSms","$v":"SMS"},{"$i":"DialModifiedToDial","$v":"Marcação modificada para marcação"},{"$i":"DialModifiedToSs","$v":"Marcação modificada para SS"},{"$i":"DialModifiedToUssd","$v":"Marcação modificada para USSD"},{"$i":"FdnCheckFailure","$v":"Falha ao verificar fdn"},{"$i":"IllegalSimOrMe","$v":"SIM ou ME ilegal"},{"$i":"InvalidParameter","$v":"Parâmetro inválido"},{"$i":"ModeNotSupported","$v":"Modo não suportado"},{"$i":"OpNotAllowedDuringVoiceCall","$v":"Operação não permitida durante a chamada de voz"},{"$i":"PasswordIncorrect","$v":"Palavra-passe incorreta"},{"$i":"RadioNotAvailable","$v":"Rádio não disponível"},{"$i":"RejectedByRemote","$v":"Rejeitado remotamente"},{"$i":"RequestNotSupported","$v":"Pedido não suportado"},{"$i":"ServiceIsDisabled","$v":"Serviço desativado"},{"$i":"ServiceIsEnabled","$v":"Serviço ativado"},{"$i":"ServiceIsEnabledFor","$v":"O serviço está ativado para:"},{"$i":"SimAbsent","$v":"SIM ausente"},{"$i":"SmsSendFailRetry","$v":"Envio de SMS falhou. Tentar novamente"},{"$i":"SsModifiedToDial","$v":"SS modificado para marcação"},{"$i":"SsModifiedToSs","$v":"SS modificado para SS"},{"$i":"SsModifiedToUssd","$v":"SS modificado para USSD"},{"$i":"SubscriptionNotAvailable","$v":"Subscrição não disponível"},{"$i":"SubscriptionNotSupported","$v":"Subscrição não suportada"},{"$i":"UssdModifiedToDial","$v":"USSD modificado para marcação"},{"$i":"UssdModifiedToSs","$v":"USSD modificado para SS"},{"$i":"UssdModifiedToUssd","$v":"USSD modificado para USSD"},{"$i":"call-forwarding-async","$v":["Assíncrono: ",{"t":"idOrVar","v":"async"}]},{"$i":"call-forwarding-data","$v":["Dados: ",{"t":"idOrVar","v":"data"}]},{"$i":"call-forwarding-error","$v":"Ocorreu um erro ao obter o estado de reenvio de chamadas"},{"$i":"call-forwarding-fax","$v":["FAX: ",{"t":"idOrVar","v":"fax"}]},{"$i":"call-forwarding-inactive","$v":"Inativo"},{"$i":"call-forwarding-packet","$v":["Pacote: ",{"t":"idOrVar","v":"packet"}]},{"$i":"call-forwarding-pad","$v":["PAD: ",{"t":"idOrVar","v":"pad"}]},{"$i":"call-forwarding-sms","$v":["SMS: ",{"t":"idOrVar","v":"sms"}]},{"$i":"call-forwarding-status","$v":"Estado de reenvio de chamadas"},{"$i":"call-forwarding-sync","$v":["Assíncrono: ",{"t":"idOrVar","v":"sync"}]},{"$i":"call-forwarding-voice","$v":["Voz: ",{"t":"idOrVar","v":"voice"}]},{"$i":"emMmiError","$v":"Problema de ligação ou código MMI inválido"},{"$i":"emMmiErrorBadPin","$v":"O PIN antigo digitado está incorreto."},{"$i":"emMmiErrorBadPuk","$v":"O PUK digitado não está correto"},{"$i":"emMmiErrorEnablePin","$v":"Sem êxito. Ative o BLOQUEIO SIM/RUIM."},{"$i":"emMmiErrorInvalidAction","$v":"Ação inválida"},{"$i":"emMmiErrorInvalidPin","$v":"Digite um PIN com 4 a 8 números."},{"$i":"emMmiErrorInvalidScCode","$v":"Código de serviço inválido"},{"$i":"emMmiErrorMismatchPin","$v":"Os PINs digitados não correspondem."},{"$i":"emMmiErrorMmiFdn","$v":"A operação é limitada apenas a números de marcação fixa"},{"$i":"emMmiErrorNeedPuk2","$v":"Digite o PUK2 para desbloquear o cartão SIM"},{"$i":"emMmiErrorNeedsPuk","$v":"O seu cartão SIM está bloqueado com PUK"},{"$i":"emMmiErrorNotSupported","$v":"Código MMI inválido ou não suportado"},{"$i":"emMmiErrorPasswordIncorrect","$v":"Palavra-passe incorreta"},{"$i":"emMmiErrorPinPukAttempts","$v":{"few":[{"t":"idOrVar","v":"n"}," tentativas restantes"],"many":[{"t":"idOrVar","v":"n"}," tentativas restantes"],"one":["Apenas ",{"t":"idOrVar","v":"n"}," tentativa restante"],"other":[{"t":"idOrVar","v":"n"}," tentativas restantes"],"two":[{"t":"idOrVar","v":"n"}," tentativas restantes"]},"$x":[{"t":"idOrVar","v":"plural"},"n"]},{"$i":"emMmiErrorSimBlocked","$v":"Número máximo de tentativas excedido. SIM bloqueado"},{"$i":"emMmiErrorStkCcSsDial","$v":"Pedido SS modificado para pedido DIAL"},{"$i":"emMmiErrorStkCcSsSs","$v":"Pedido SS modificado para novo pedido SS"},{"$i":"emMmiErrorStkCcSsUssd","$v":"Pedido SS modificado para pedido USSD."},{"$i":"emMmiErrorStkCcUssdDial","$v":"Pedido USSD modificado para pedido DIAL"},{"$i":"emMmiErrorStkCcUssdSs","$v":"Pedido USSD modificado para pedido SS"},{"$i":"emMmiErrorStkCcUssdUssd","$v":"Pedido USSD modificado para novo pedido USSD"},{"$i":"fihVersion","$v":"Versão de FIH"},{"$i":"imeiAndSvn","$v":"IMEI e SVN"},{"$i":"internalVersion","$v":"Versão interna"},{"$i":"serviceClassData","$v":"Dados"},{"$i":"serviceClassDataAsync","$v":"Assíncrono"},{"$i":"serviceClassDataSync","$v":"Sincronização"},{"$i":"serviceClassPacket","$v":"Pacote"},{"$i":"serviceClassVoice","$v":"Voz"},{"$i":"smClirDefaultOffNextCallOff","$v":"O ID do chamador assume o padrão de não restrito. Próxima chamada: Não restrita"},{"$i":"smClirDefaultOffNextCallOn","$v":"O ID do chamador assume o padrão de não restrito. Próxima chamada: Restrita"},{"$i":"smClirDefaultOnNextCallOff","$v":"O ID do chamador assume o padrão de restrito. Próxima chamada: Não restrita"},{"$i":"smClirDefaultOnNextCallOn","$v":"O ID do chamador assume o padrão de restrito. Próxima chamada: Restrita"},{"$i":"smClirPermanent","$v":"Não é possível alterar a definição de ID do autor da chamada"},{"$i":"smPin2Changed","$v":"PIN2 alterado com êxito"},{"$i":"smPin2Unblocked","$v":"PIN2 desbloqueado com êxito"},{"$i":"smPinChanged","$v":"PIN alterado com êxito"},{"$i":"smPinUnblocked","$v":"PIN desbloqueado com êxito"},{"$i":"smServiceDisabled","$v":"O serviço foi desativado"},{"$i":"smServiceEnabled","$v":"O serviço foi ativado"},{"$i":"smServiceEnabledFor","$v":"O serviço foi ativado para:"},{"$i":"smServiceErased","$v":"Eliminação bem sucedida"},{"$i":"smServiceInterrogated","$v":"Pedido bem sucedido"},{"$i":"smServiceNotProvisioned","$v":"O serviço não foi ativado"},{"$i":"smServiceRegistered","$v":"Registo bem sucedido"},{"$i":"another","$v":"Outro"},{"$i":"current","$v":"Atual"},{"$i":"customTag","$v":"Etiqueta personalizada","placeholder":"Etiqueta personalizada"},{"$i":"faxHome","$v":"Fax doméstico"},{"$i":"faxOffice","$v":"Fax escritório"},{"$i":"faxOther","$v":"Fax outro"},{"$i":"itemWithLabel","$v":[{"t":"idOrVar","v":"label"},", ",{"t":"idOrVar","v":"item"}]},{"$i":"label","$v":"Etiqueta"},{"$i":"other","$v":"Outro"},{"$i":"tcl-customTag","$v":"Etiqueta personalizada"},{"$i":"dateTimeFormat_%c","$v":"%a %b %e %Y %I:%M:%S %p"},{"$i":"dateTimeFormat_%x","$v":"%d/%m/%Y"},{"$i":"days-ago-long","$v":{"few":[{"t":"idOrVar","v":"value"}," dias atrás"],"many":[{"t":"idOrVar","v":"value"}," dias atrás"],"one":"ontem","other":[{"t":"idOrVar","v":"value"}," dias atrás"],"two":[{"t":"idOrVar","v":"value"}," dias atrás"],"zero":"hoje"},"$x":[{"t":"idOrVar","v":"plural"},"value"]},{"$i":"days-ago-short","$v":{"other":[{"t":"idOrVar","v":"value"},"d atrás"],"zero":"hoje"},"$x":[{"t":"idOrVar","v":"plural"},"value"]},{"$i":"days-until-long","$v":{"few":["em ",{"t":"idOrVar","v":"value"}," dias"],"many":["em ",{"t":"idOrVar","v":"value"}," dias"],"one":"amanhã","other":["em ",{"t":"idOrVar","v":"value"}," dias"],"two":["em ",{"t":"idOrVar","v":"value"}," dias"],"zero":"hoje"},"$x":[{"t":"idOrVar","v":"plural"},"value"]},{"$i":"days-until-short","$v":{"other":["em ",{"t":"idOrVar","v":"value"},"d"],"zero":"hoje"},"$x":[{"t":"idOrVar","v":"plural"},"value"]},{"$i":"hours-ago-long","$v":{"few":[{"t":"idOrVar","v":"value"}," horas atrás"],"many":[{"t":"idOrVar","v":"value"}," horas atrás"],"one":"há uma hora","other":[{"t":"idOrVar","v":"value"}," horas atrás"],"two":[{"t":"idOrVar","v":"value"}," horas atrás"],"zero":"mesmo agora"},"$x":[{"t":"idOrVar","v":"plural"},"value"]},{"$i":"hours-ago-short","$v":{"other":[{"t":"idOrVar","v":"value"},"h atrás"],"zero":"mesmo agora"},"$x":[{"t":"idOrVar","v":"plural"},"value"]},{"$i":"hours-until-long","$v":{"few":["em ",{"t":"idOrVar","v":"value"}," horas"],"many":["em ",{"t":"idOrVar","v":"value"}," horas"],"one":"dentro de uma hora","other":["em ",{"t":"idOrVar","v":"value"}," horas"],"two":["em ",{"t":"idOrVar","v":"value"}," horas"],"zero":"agora"},"$x":[{"t":"idOrVar","v":"plural"},"value"]},{"$i":"hours-until-short","$v":{"other":["em ",{"t":"idOrVar","v":"value"},"h"],"zero":"agora"},"$x":[{"t":"idOrVar","v":"plural"},"value"]},{"$i":"incorrectDate","$v":"(data incorreta)"},{"$i":"minutes-ago-long","$v":{"few":[{"t":"idOrVar","v":"value"}," minutos atrás"],"many":[{"t":"idOrVar","v":"value"}," minutos atrás"],"one":"há um minuto","other":[{"t":"idOrVar","v":"value"}," minutos atrás"],"two":[{"t":"idOrVar","v":"value"}," minutos atrás"],"zero":"mesmo agora"},"$x":[{"t":"idOrVar","v":"plural"},"value"]},{"$i":"minutes-ago-short","$v":{"other":[{"t":"idOrVar","v":"value"},"m atrás"],"zero":"mesmo agora"},"$x":[{"t":"idOrVar","v":"plural"},"value"]},{"$i":"minutes-until-long","$v":{"few":["em ",{"t":"idOrVar","v":"value"}," minutos"],"many":["em ",{"t":"idOrVar","v":"value"}," minutos"],"one":"em um minuto","other":["em ",{"t":"idOrVar","v":"value"}," minutos"],"two":["em ",{"t":"idOrVar","v":"value"}," minutos"],"zero":"agora"},"$x":[{"t":"idOrVar","v":"plural"},"value"]},{"$i":"minutes-until-short","$v":{"other":["em ",{"t":"idOrVar","v":"value"},"m"],"zero":"agora"},"$x":[{"t":"idOrVar","v":"plural"},"value"]},{"$i":"month-0-genitive","$v":"Janeiro"},{"$i":"month-0-long","$v":"Janeiro"},{"$i":"month-0-short","$v":"Jan"},{"$i":"month-1-genitive","$v":"Fevereiro"},{"$i":"month-1-long","$v":"Fevereiro"},{"$i":"month-1-short","$v":"Fev"},{"$i":"month-10-genitive","$v":"Novembro"},{"$i":"month-10-long","$v":"Novembro"},{"$i":"month-10-short","$v":"Nov"},{"$i":"month-11-genitive","$v":"Dezembro"},{"$i":"month-11-long","$v":"Dezembro"},{"$i":"month-11-short","$v":"Dez"},{"$i":"month-2-genitive","$v":"Março"},{"$i":"month-2-long","$v":"Março"},{"$i":"month-2-short","$v":"Mar"},{"$i":"month-3-genitive","$v":"Abril"},{"$i":"month-3-long","$v":"Abril"},{"$i":"month-3-short","$v":"Abr"},{"$i":"month-4-genitive","$v":"Maio"},{"$i":"month-4-long","$v":"Maio"},{"$i":"month-4-short","$v":"Mai"},{"$i":"month-5-genitive","$v":"Junho"},{"$i":"month-5-long","$v":"Junho"},{"$i":"month-5-short","$v":"Jun"},{"$i":"month-6-genitive","$v":"Julho"},{"$i":"month-6-long","$v":"Julho"},{"$i":"month-6-short","$v":"Jul"},{"$i":"month-7-genitive","$v":"Agosto"},{"$i":"month-7-long","$v":"Agosto"},{"$i":"month-7-short","$v":"Ago"},{"$i":"month-8-genitive","$v":"Setembro"},{"$i":"month-8-long","$v":"Setembro"},{"$i":"month-8-short","$v":"Set"},{"$i":"month-9-genitive","$v":"Outubro"},{"$i":"month-9-long","$v":"Outubro"},{"$i":"month-9-short","$v":"Out"},{"$i":"months-ago-long","$v":{"few":[{"t":"idOrVar","v":"value"}," meses atrás"],"many":[{"t":"idOrVar","v":"value"}," meses atrás"],"one":"mês passado","other":[{"t":"idOrVar","v":"value"}," meses atrás"],"two":[{"t":"idOrVar","v":"value"}," meses atrás"],"zero":"este mês"},"$x":[{"t":"idOrVar","v":"plural"},"value"]},{"$i":"months-until-long","$v":{"few":["em ",{"t":"idOrVar","v":"value"}," meses"],"many":["em ",{"t":"idOrVar","v":"value"}," meses"],"one":"próximo mês","other":["em ",{"t":"idOrVar","v":"value"}," meses"],"two":["em ",{"t":"idOrVar","v":"value"}," meses"],"zero":"este mês"},"$x":[{"t":"idOrVar","v":"plural"},"value"]},{"$i":"shortDateTimeFormat","$v":"%x %I:%M %p"},{"$i":"shortTimeFormat","$v":"%I:%M %p"},{"$i":"shortTimeFormat12","$v":"%I:%M %p"},{"$i":"shortTimeFormat24","$v":"%H:%M"},{"$i":"time_am","$v":"AM"},{"$i":"time_pm","$v":"PM"},{"$i":"weekday-0-long","$v":"Domingo"},{"$i":"weekday-0-short","$v":"Dom"},{"$i":"weekday-1-long","$v":"Segunda-feira"},{"$i":"weekday-1-short","$v":"Seg"},{"$i":"weekday-2-long","$v":"Terça-feira"},{"$i":"weekday-2-short","$v":"Ter"},{"$i":"weekday-3-long","$v":"Quarta-feira"},{"$i":"weekday-3-short","$v":"Qua"},{"$i":"weekday-4-long","$v":"Quinta-feira"},{"$i":"weekday-4-short","$v":"Qui"},{"$i":"weekday-5-long","$v":"Sexta-feira"},{"$i":"weekday-5-short","$v":"Sex"},{"$i":"weekday-6-long","$v":"Sábado"},{"$i":"weekday-6-short","$v":"Sáb"},{"$i":"weeks-ago-long","$v":{"few":[{"t":"idOrVar","v":"value"}," semanas atrás"],"many":[{"t":"idOrVar","v":"value"}," semanas atrás"],"one":"semana passada","other":[{"t":"idOrVar","v":"value"}," semanas atrás"],"two":[{"t":"idOrVar","v":"value"}," semanas atrás"],"zero":"esta semana"},"$x":[{"t":"idOrVar","v":"plural"},"value"]},{"$i":"weeks-until-long","$v":{"few":["em ",{"t":"idOrVar","v":"value"}," semanas"],"many":["em ",{"t":"idOrVar","v":"value"}," semanas"],"one":"próxima semana","other":["em ",{"t":"idOrVar","v":"value"}," semanas"],"two":["em ",{"t":"idOrVar","v":"value"}," semanas"],"zero":"esta semana"},"$x":[{"t":"idOrVar","v":"plural"},"value"]},{"$i":"years-ago-long","$v":{"few":[{"t":"idOrVar","v":"value"}," anos atrás"],"many":[{"t":"idOrVar","v":"value"}," anos atrás"],"one":"ano passado","other":[{"t":"idOrVar","v":"value"}," anos atrás"],"two":[{"t":"idOrVar","v":"value"}," anos atrás"],"zero":"este ano"},"$x":[{"t":"idOrVar","v":"plural"},"value"]},{"$i":"years-until-long","$v":{"few":["em ",{"t":"idOrVar","v":"value"}," anos"],"many":["em ",{"t":"idOrVar","v":"value"}," anos"],"one":"próximo ano","other":["em ",{"t":"idOrVar","v":"value"}," anos"],"two":["em ",{"t":"idOrVar","v":"value"}," anos"],"zero":"este ano"},"$x":[{"t":"idOrVar","v":"plural"},"value"]},{"$i":"dateTimeFormat_%X","$v":"%I:%M:%S %p"},{"$i":"weekStartsOnMonday","$v":"0"},{"$i":"firstDayOfTheWeek","$v":"1"}]