[{"$i":"clockDateFormat","$v":"%a, %e %b"},{"$i":"deviceIsUnlocked","$v":"Dispozitiv a fost deblocat"},{"$i":"simUnlockCodeAccepted","$v":"Codul de deblocare a cartelei SIM a fost acceptat"},{"$i":"simUnlockCodeFailed","$v":"Deblocarea cartelei SIM nu a reușit"},{"$i":"eccOnly","$v":"Doar apeluri de urgență"},{"$i":"emergencyCallsOnly","$v":"Numai apeluri de urgență"},{"$i":"lockedSim","$v":"Cartelă SIM blocată"},{"$i":"noService","$v":"Fără semnal"},{"$i":"noSimCard","$v":"Nu există cartelă SIM"},{"$i":"searching","$v":"Se caută..."},{"$i":"airplane-mode","$v":"Mod avion"},{"$i":"bluetooth","$v":"Bluetooth"},{"$i":"brightness","$v":"Luminozitate"},{"$i":"calculator","$v":"Calculator"},{"$i":"camera","$v":"Aparat foto"},{"$i":"cellular-data","$v":"Date mobile"},{"$i":"confirm-to-uninstall-app","$v":["Dezinstalați aplicația ",{"t":"idOrVar","v":"appName"},"?"]},{"$i":"flashlight","$v":"Lanternă"},{"$i":"instant-settings","$v":"setări instantanee"},{"$i":"off","$v":"Dezactivat"},{"$i":"on","$v":"Activat"},{"$i":"shortcuts","$v":"Comenzi rapide"},{"$i":"uninstall","$v":"Dezinstalare"},{"$i":"volume","$v":"Volum"},{"$i":"wifi","$v":"Wi-Fi"},{"$i":"percentage-number","$v":[{"t":"idOrVar","v":"number"},"%"]},{"$i":"all-apps","$v":"Toate aplicațiile"},{"$i":"scImei","$v":"IMEI"},{"$i":"scMeid","$v":"MEID"},{"$i":"scUssd","$v":"USSD"},{"$i":"CallFailed","$v":"Apel nereușit"},{"$i":"GenericFailure","$v":"Eroare generică"},{"$i":"add-smart-collections","$v":"Adăugare colecții inteligente"},{"$i":"add-to-existing-contact","$v":"Adăugare la contactul existent"},{"$i":"alert-for-contacts-without-number","$v":"Nu există contacte cu număr de telefon disponibil."},{"$i":"app-title","$v":"Aplicațiile mele"},{"$i":"app-uninstall","$v":[{"t":"idOrVar","v":"name"}," a fost dezinstalată"]},{"$i":"assign","$v":"Atribuire"},{"$i":"assign-speed-dial","$v":["Contactul nu a fost adăugat la tasta rapidă ",{"t":"idOrVar","v":"n"},". Atribuiți acum?"]},{"$i":"assign-voicemail","$v":"Numărul de mesagerie vocală nu a fost configurat."},{"$i":"call","$v":"Apel"},{"$i":"callAirplaneModeMessage","$v":"Pentru a efectua un apel, trebuie să dezactivați modul avion, din Setări."},{"$i":"callAirplaneModeTitle","$v":"Mod avion activat"},{"$i":"cancel","$v":"Anulare"},{"$i":"change-wallpaper","$v":"Modificați imaginea de fundal"},{"$i":"clocks-updated","$v":"Ceasuri actualizate"},{"$i":"confirmation","$v":"Confirmare"},{"$i":"contacts","$v":"Agendă"},{"$i":"create-new-contact","$v":"Creați un contact nou"},{"$i":"delete","$v":"Ștergere"},{"$i":"delete-body","$v":[{"t":"idOrVar","v":"name"}," și toate datele sale vor fi șterse."]},{"$i":"delete-title","$v":["Ștergeți ",{"t":"idOrVar","v":"name"}]},{"$i":"edit","$v":"Modificare"},{"$i":"edit-done","$v":"Gata"},{"$i":"edit-group-header","$v":"Modificare grup"},{"$i":"edit-mode","$v":"Modificare"},{"$i":"emergency-call-error","$v":[{"t":"idOrVar","v":"number"}," nu este un număr de urgență."]},{"$i":"emergency-call-only","$v":"Numai apeluri de urgență"},{"$i":"emergencyDialogBodyBadNumber","$v":"Pentru a efectua un apel, telefonul trebuie să fie conectat la o rețea."},{"$i":"emergencyDialogBodyDeviceNotAccepted","$v":"Apelurile de urgență nu sunt permise de rețea."},{"$i":"emergencyDialogTitle","$v":"Nu există conexiune la rețea"},{"$i":"fax-home","$v":"Fax acasă"},{"$i":"fax-office","$v":"Fax birou"},{"$i":"fax-other","$v":"Fax altele"},{"$i":"fdnIsActiveMessage","$v":["Funcția FDN (Fixed Dialing Numbers - Numere de apelare fixă) este activată, iar numărul următor nu se află pe lista FDN: ",{"t":"idOrVar","v":"number"}]},{"$i":"fdnIsActiveTitle","$v":"Funcție FDN activă"},{"$i":"gaia-shortcut-app-updated","$v":"Aplicație actualizată"},{"$i":"grid-view","$v":"Afișare ca grilă"},{"$i":"home","$v":"Start"},{"$i":"homescreen-settings","$v":"Setări ecran principal"},{"$i":"invalidNumberToDialMessage","$v":"Numărul de telefon pe care îl apelați nu este corect."},{"$i":"invalidNumberToDialTitle","$v":"Număr de telefon incorect"},{"$i":"list-view","$v":"Afișare listă"},{"$i":"longDateFormat","$v":"%A, %B %e"},{"$i":"menu","$v":"Meniu"},{"$i":"message","$v":"Mesaj"},{"$i":"mobile","$v":"Mobile"},{"$i":"more","$v":"Mai multe"},{"$i":"move","$v":"Mutare"},{"$i":"notifications","$v":"Notificări"},{"$i":"numberIsBusyMessage","$v":"Numărul este momentan ocupat. Încercați din nou mai târziu."},{"$i":"numberIsBusyTitle","$v":"Numărul este ocupat"},{"$i":"ok","$v":"OK"},{"$i":"option-remove","$v":"Eliminare din tastele rapide"},{"$i":"option-replace","$v":"Înlocuire"},{"$i":"options","$v":"Opțiuni"},{"$i":"otherConnectionInUseMessage","$v":"Aveți un apel activ într-o altă conexiune. Puteți utiliza o singură conexiune odată."},{"$i":"otherConnectionInUseTitle","$v":"Altă conexiune este în curs de utilizare"},{"$i":"personal","$v":"Personal"},{"$i":"remove","$v":"Eliminare"},{"$i":"remove-speed-dial","$v":["Sigur doriți să eliminați ",{"t":"idOrVar","v":"name"}," din tastele rapide?"]},{"$i":"replace","$v":"Înlocuire"},{"$i":"replace-speed-dial","$v":["Sigur doriți să înlocuiți ",{"t":"idOrVar","v":"name"}," cu ",{"t":"idOrVar","v":"subName"},"?"]},{"$i":"resume-download-action","$v":"Descărcare"},{"$i":"resume-download-body","$v":["Doriți să descărcați ",{"t":"idOrVar","v":"name"},"?"]},{"$i":"resume-download-title","$v":"Reluați descărcarea"},{"$i":"scCallBarring","$v":"Blocare apeluri"},{"$i":"scCallForwarding","$v":"Redirecționare apeluri"},{"$i":"scCallWaiting","$v":"Apel în așteptare"},{"$i":"scClip","$v":"Identificator apelant (apel primit)"},{"$i":"scClir","$v":"Identificator apelant (apel efectuat)"},{"$i":"scPin","$v":"Modificare PIN"},{"$i":"scPin2","$v":"Modificare PIN2"},{"$i":"scPuk","$v":"Deblocare PIN"},{"$i":"scPuk2","$v":"Deblocare PIN2"},{"$i":"scPwd","$v":"Modificare parolă"},{"$i":"search-or-enter-address","placeholder":"Căutați sau introduceți o adresă"},{"$i":"select","$v":"Selectare"},{"$i":"sending","$v":"Se trimite…"},{"$i":"set","$v":"Setare"},{"$i":"settings","$v":"Setări"},{"$i":"single-view","$v":"Afișare o singură imagine"},{"$i":"skip","$v":"Omitere"},{"$i":"speed-dial","$v":"Taste rapide"},{"$i":"speed-dial-empty","ariaLabel":[{"t":"idOrVar","v":"order"},", necompletat"]},{"$i":"speed-dial-not-empty","ariaLabel":[{"t":"idOrVar","v":"order"},", ",{"t":"idOrVar","v":"name"}]},{"$i":"stop-download-action","$v":"Oprire"},{"$i":"stop-download-body","$v":"Doriți să opriți descărcarea în curs?"},{"$i":"stop-download-title","$v":["Oprire ",{"t":"idOrVar","v":"name"}]},{"$i":"tcl-wallpaper-changed","$v":"Imaginea de fundal a fost schimbată"},{"$i":"video-call","$v":"Apel video"},{"$i":"voicemail","$v":"Mesagerie vocală"},{"$i":"work","$v":"Serviciu"},{"$i":"apps","$v":"Aplicații"},{"$i":"nocard-eccOnly","$v":"No SIM card-Emergency calls only"},{"$i":"unusablecard-eccOnly","$v":"Unusable SIM card-Emergency calls only"},{"$i":"apn-sim1","$v":"Setări APN - SIM1"},{"$i":"apn-sim2","$v":"Setări APN - SIM2"},{"$i":"apnConfigPrepay","$v":"Plată anticipată"},{"$i":"apnConfigPostpay","$v":"Plată ulterioară"},{"$i":"apn-defaultconfig-message","$v":"Setați tipul APN pentru afișare"},{"$i":"apnDefaultConfig","$v":"Config. implicită APN"},{"$i":"without-sim-new","$v":[{"t":"idOrVar","v":"index"}]},{"$i":"with-sim-new","$v":[{"t":"idOrVar","v":"index"}," - ",{"t":"idOrVar","v":"carrier"}]},{"$i":"sim-with-index-and-carrier","$v":["SIM ",{"t":"idOrVar","v":"index"}," - ",{"t":"idOrVar","v":"carrier"}]},{"$i":"sim-without-carrier","$v":["SIM ",{"t":"idOrVar","v":"index"}]},{"$i":"call-forwarding-voice-after-seconds","$v":["Voce: ",{"t":"idOrVar","v":"voice"}," după ",{"t":"idOrVar","v":"timeSeconds"}," secunde"]},{"$i":"addNewNumber","$v":"Adăugare număr nou"},{"$i":"addToExistingContact","$v":"Adăugare la contactul existent"},{"$i":"all","$v":"Toate","ariaLabel":"Toate"},{"$i":"bluetooth-handsfree-device","$v":"Dispozitiv mâini libere Bluetooth"},{"$i":"bluetoothOption","ariaLabel":"Bluetooth"},{"$i":"callDurationHours","$v":[{"t":"idOrVar","v":"h"},":",{"t":"idOrVar","v":"m"},":",{"t":"idOrVar","v":"s"}]},{"$i":"callDurationMinutes","$v":[{"t":"idOrVar","v":"m"},":",{"t":"idOrVar","v":"s"}]},{"$i":"callDurationTextFormatHours","$v":[{"t":"idOrVar","v":"h"}," h ",{"t":"idOrVar","v":"m"}," m ",{"t":"idOrVar","v":"s"}," s"]},{"$i":"callDurationTextFormatMinutes","$v":[{"t":"idOrVar","v":"m"}," m ",{"t":"idOrVar","v":"s"}," s"]},{"$i":"callDurationTextFormatSeconds","$v":[{"t":"idOrVar","v":"s"}," s"]},{"$i":"callEnded","$v":"Apel încheiat"},{"$i":"callInformation","$v":"Informații apel"},{"$i":"callLog","$v":"Jurnal de apeluri"},{"$i":"callLogEdit","title":"Modificare jurnal de apeluri"},{"$i":"callLogEditDialog","ariaLabel":"Caseta de dialog Modificare jurnal de apeluri"},{"$i":"caller-left-call","$v":[{"t":"idOrVar","v":"caller"}," a părăsit convorbirea."]},{"$i":"calllog-all","$v":"Toate"},{"$i":"calllog-deselectAll","$v":"Deselectare tot"},{"$i":"calllog-none","$v":"Nimic"},{"$i":"calllog-selectAll","$v":"Selectare tot"},{"$i":"canceled","$v":"Anulat"},{"$i":"clear-all-text","$v":"Ștergeți tot textul"},{"$i":"close","$v":"Închidere"},{"$i":"composeEmail","ariaLabel":"E-mail"},{"$i":"conferenceAddError","$v":"Apelurile nu pot fi îmbinate"},{"$i":"conferenceCall","$v":["Conferință (",{"t":"idOrVar","v":"n"},")"]},{"$i":"conferenceRemoveError","$v":"Îmbinarea apelurilor nu poate fi anulată"},{"$i":"confirm-deletion","$v":"Ștergeți apelurile selectate?"},{"$i":"connecting","$v":"Se conectează"},{"$i":"connectingEllipsis","$v":"Se conectează..."},{"$i":"contactDetails","$v":"Detalii contact"},{"$i":"createNewContact","$v":"Creați un contact nou"},{"$i":"delete-n-log?","$v":{"few":["Ștergeți ",{"t":"idOrVar","v":"n"}," jurnale?"],"many":["Ștergeți ",{"t":"idOrVar","v":"n"}," jurnale?"],"one":"Ștergeți jurnalul selectat?","other":["Ștergeți ",{"t":"idOrVar","v":"n"}," jurnale?"],"two":["Ștergeți ",{"t":"idOrVar","v":"n"}," jurnale?"],"zero":"Nimic selectat"},"$x":[{"t":"idOrVar","v":"plural"},"n"]},{"$i":"deselect","$v":"Deselectare"},{"$i":"dialed","$v":"Efectuate"},{"$i":"dialer-prompt","$v":"Formați numărul sau selectați contactul pe care doriți să-l adăugați la convorbire"},{"$i":"dialerAddContact","ariaLabel":"Adăugare contact"},{"$i":"dialerAddContactDialog","ariaLabel":"Caseta de dialog Adăugare contacte"},{"$i":"edit-selected","$v":{"few":["selectat(e) (",{"t":"idOrVar","v":"n"},")"],"many":["selectat(e) (",{"t":"idOrVar","v":"n"},")"],"one":["selectat(e) (",{"t":"idOrVar","v":"n"},")"],"other":["selectat(e) (",{"t":"idOrVar","v":"n"},")"],"two":["selectat(e) (",{"t":"idOrVar","v":"n"},")"]},"$x":[{"t":"idOrVar","v":"plural"},"n"]},{"$i":"emailDetail","ariaLabel":"E-mail"},{"$i":"from-contact","$v":["De la ",{"t":"idOrVar","v":"contact"}]},{"$i":"from-number","$v":["De la ",{"t":"idOrVar","v":"number"}]},{"$i":"from-withheld-number","$v":"De la număr necunoscut"},{"$i":"hangup-a11y-button","ariaLabel":"Încheiați apelul"},{"$i":"hide","$v":"Ascundere"},{"$i":"hideKeypad","ariaLabel":"Ascundere tastatură"},{"$i":"hold","ariaLabel":"Așteptați"},{"$i":"hours","$v":"ore"},{"$i":"ignore","$v":"Ignorați apelul"},{"$i":"incoming","$v":"Primite"},{"$i":"incoming-call","$v":"Apel primit"},{"$i":"info-missed","$v":"Pierdute"},{"$i":"keypad","ariaLabel":"Tastatură"},{"$i":"log-item","$v":"Opțiuni"},{"$i":"makeCall","ariaLabel":"Apelare"},{"$i":"merge","ariaLabel":"Îmbinare"},{"$i":"minutes","$v":"minute"},{"$i":"missed","$v":"Pierdute","ariaLabel":"Pierdute"},{"$i":"missedCall","$v":"Apel pierdut"},{"$i":"missedCallMultiSims","$v":["(SIM ",{"t":"idOrVar","v":"n"},") Apel pierdut"]},{"$i":"mmi-error","$v":"A apărut o eroare în timpul trimiterii mesajului"},{"$i":"mmi-notification-title-with-sim","$v":["(",{"t":"idOrVar","v":"sim"},") ",{"t":"idOrVar","v":"title"}]},{"$i":"mmi-session-expired","$v":"Sesiunea a expirat"},{"$i":"mmi-successfully-sent","$v":"Mesajul a fost trimis cu succes"},{"$i":"mute","ariaLabel":"Dezactivare sunet"},{"$i":"newCall","ariaLabel":"Apel nou"},{"$i":"no-logs-msg-1","$v":"Nu există apeluri înregistrate"},{"$i":"no-logs-msg-2","$v":"Începeți să comunicați acum"},{"$i":"no-logs-msg-3","$v":"Nu există apeluri înregistrate"},{"$i":"no-logs-msg-4","$v":"Începeți să comunicați acum"},{"$i":"no-recent-numbers","$v":"Nu există numere recente în jurnalele de apeluri care să poată fi formate."},{"$i":"onHoldOption","ariaLabel":"În așteptare"},{"$i":"outgoing","$v":"Efectuate"},{"$i":"outgoing-call","$v":"Apel efectuat"},{"$i":"phoneDetail","ariaLabel":"Telefon"},{"$i":"pickup-a11y-button","ariaLabel":"Preluați"},{"$i":"received","$v":"Primite"},{"$i":"receiver","$v":"Receptor"},{"$i":"recents","ariaLabel":"Apeluri recente"},{"$i":"reply","$v":"Răspundeți"},{"$i":"resume","$v":"Continuare","ariaLabel":"Continuare"},{"$i":"search-results","$v":"Rezultatele căutării"},{"$i":"seconds","$v":"secunde"},{"$i":"select-audio-sources","$v":"Selectați sursele audio"},{"$i":"send","$v":"Trimitere"},{"$i":"send-sms-button","ariaLabel":"SMS"},{"$i":"sendSms","$v":"Trimitere mesaj"},{"$i":"separator","$v":","},{"$i":"sim-number","$v":["SIM",{"t":"idOrVar","v":"n"}]},{"$i":"speaker","$v":"Difuzor"},{"$i":"speakerOption","ariaLabel":"Difuzor"},{"$i":"suggestionMatches","$v":{"few":[{"t":"idOrVar","v":"n"}," potriviri pentru „",{"t":"idOrVar","v":"matchNumber"},"”"],"many":[{"t":"idOrVar","v":"n"}," potriviri pentru „",{"t":"idOrVar","v":"matchNumber"},"”"],"one":[{"t":"idOrVar","v":"n"}," potrivire pentru „",{"t":"idOrVar","v":"matchNumber"},"”"],"other":[{"t":"idOrVar","v":"n"}," potriviri pentru „",{"t":"idOrVar","v":"matchNumber"},"”"],"two":[{"t":"idOrVar","v":"n"}," potriviri pentru „",{"t":"idOrVar","v":"matchNumber"},"”"]},"$x":[{"t":"idOrVar","v":"plural"},"n"]},{"$i":"switch-calls","$v":"Comutare între apeluri"},{"$i":"tcl-assign","$v":"Atribuire"},{"$i":"tcl-assign-speed-dial","$v":{"$o":["Contactul nu a fost adăugat la tasta rapidă „",{"t":"idOrVar","v":"speedDial"},"”<br><br>Atribuiți acum?"]}},{"$i":"tcl-call-log-delete-group-notification","$v":[{"t":"idOrVar","v":"n"}," înregistrări au fost șterse"]},{"$i":"tcl-calllog-entry-removed-err-notification","$v":"Nu se poate elimina înregistrarea din jurnalul de apeluri"},{"$i":"tcl-calllog-entry-removed-succ-notification","$v":"Înregistrarea din jurnalul de apeluri a fost eliminată"},{"$i":"tcl-cancel","$v":"Anulare"},{"$i":"tcl-confirmation","$v":"Confirmare"},{"$i":"tcl-delete-log","$v":"Sigur doriți să ștergeți înregistrările selectate din jurnalul de apeluri?"},{"$i":"tcl-dialer","$v":"Tastatură numerică"},{"$i":"tcl-edit-not-selected","$v":"selectat(e) (0)"},{"$i":"tcl-option-menu-call-log-edit","$v":"Modificare jurnal de apeluri"},{"$i":"today","$v":"Astăzi"},{"$i":"toggleKeypad","ariaLabel":"Comutare tastatură"},{"$i":"type-your-response","placeholder":"Introduceți răspunsul dvs..."},{"$i":"unknown","$v":"Necunoscut"},{"$i":"unlock-a11y-button","ariaLabel":"Glisor"},{"$i":"ussd-services","$v":["Servicii ",{"t":"idOrVar","v":"operator"}]},{"$i":"via-sim","$v":["prin SIM",{"t":"idOrVar","v":"n"}]},{"$i":"view-all","$v":"Afișare tot"},{"$i":"wifi-calling","$v":"Apelare prin Wi-Fi"},{"$i":"withheld-number","$v":"Necunoscut"},{"$i":"yesterday","$v":"Ieri"},{"$i":"SimPin2","$v":"Codul PIN2 al cartelei SIM"},{"$i":"SimPuk2","$v":"Codul PUK2 al cartelei SIM"},{"$i":"serviceClassFax","$v":"FAX"},{"$i":"serviceClassPad","$v":"PAD"},{"$i":"serviceClassSms","$v":"SMS"},{"$i":"DialModifiedToDial","$v":"Dial modified to dial"},{"$i":"DialModifiedToSs","$v":"Dial modified to SS"},{"$i":"DialModifiedToUssd","$v":"Dial modified to USSD"},{"$i":"FdnCheckFailure","$v":"Verificare nereușită a numerelor de apelare fixă"},{"$i":"IllegalSimOrMe","$v":"SIM sau ME nepermis"},{"$i":"InvalidParameter","$v":"Parametru incorect"},{"$i":"ModeNotSupported","$v":"Modul nu este acceptat"},{"$i":"OpNotAllowedDuringVoiceCall","$v":"Operațiune nepermisă în timpul unui apel vocal"},{"$i":"PasswordIncorrect","$v":"Parolă incorectă"},{"$i":"RadioNotAvailable","$v":"Radio not available"},{"$i":"RejectedByRemote","$v":"Respins de la distanță"},{"$i":"RequestNotSupported","$v":"Solicitarea nu este acceptată"},{"$i":"ServiceIsDisabled","$v":"Serviciul este dezactivat"},{"$i":"ServiceIsEnabled","$v":"Serviciul este activat"},{"$i":"ServiceIsEnabledFor","$v":"Serviciul este activat pentru:"},{"$i":"SimAbsent","$v":"Cartelă SIM lipsă"},{"$i":"SmsSendFailRetry","$v":"Reîncercare trimitere SMS nereușită"},{"$i":"SsModifiedToDial","$v":"SS a fost schimbat în apelare"},{"$i":"SsModifiedToSs","$v":"SS a fost schimbat în SS"},{"$i":"SsModifiedToUssd","$v":"SS a fost schimbat în USSD"},{"$i":"SubscriptionNotAvailable","$v":"Abonamentul nu este disponibil"},{"$i":"SubscriptionNotSupported","$v":"Abonamentul nu este acceptat"},{"$i":"UssdModifiedToDial","$v":"USSD a fost schimbat în apelare"},{"$i":"UssdModifiedToSs","$v":"USSD a fost schimbat în SS"},{"$i":"UssdModifiedToUssd","$v":"USSD a fost schimbat în USSD"},{"$i":"call-forwarding-async","$v":["Asincron: ",{"t":"idOrVar","v":"async"}]},{"$i":"call-forwarding-data","$v":["Date: ",{"t":"idOrVar","v":"data"}]},{"$i":"call-forwarding-error","$v":"A apărut o eroare la primirea stării redirecționării apelurilor"},{"$i":"call-forwarding-fax","$v":["FAX: ",{"t":"idOrVar","v":"fax"}]},{"$i":"call-forwarding-inactive","$v":"Inactiv"},{"$i":"call-forwarding-packet","$v":["Pachet: ",{"t":"idOrVar","v":"packet"}]},{"$i":"call-forwarding-pad","$v":["PAD: ",{"t":"idOrVar","v":"pad"}]},{"$i":"call-forwarding-sms","$v":["SMS: ",{"t":"idOrVar","v":"sms"}]},{"$i":"call-forwarding-status","$v":"Stare redirecționare apeluri"},{"$i":"call-forwarding-sync","$v":["Sincron: ",{"t":"idOrVar","v":"sync"}]},{"$i":"call-forwarding-voice","$v":["Voce: ",{"t":"idOrVar","v":"voice"}]},{"$i":"emMmiError","$v":"Problemă de conexiune sau cod MMI incorect"},{"$i":"emMmiErrorBadPin","$v":"Vechiul cod PIN introdus nu este corect."},{"$i":"emMmiErrorBadPuk","$v":"Codul PUK introdus nu este corect"},{"$i":"emMmiErrorEnablePin","$v":"Operațiune nereușită. Activați BLOCAREA SIM/RUIM."},{"$i":"emMmiErrorInvalidAction","$v":"Acțiune incorectă"},{"$i":"emMmiErrorInvalidPin","$v":"Introduceți un cod PIN de 4–8 cifre"},{"$i":"emMmiErrorInvalidScCode","$v":"Cod serviciu incorect"},{"$i":"emMmiErrorMismatchPin","$v":"Codurile PIN introduse nu corespund"},{"$i":"emMmiErrorMmiFdn","$v":"Operațiunea este limitată la numerele de apelare fixă"},{"$i":"emMmiErrorNeedPuk2","$v":"Introduceți codul PUK2 pentru deblocarea cartelei SIM"},{"$i":"emMmiErrorNeedsPuk","$v":"Cartela SIM este blocată prin cod PUK"},{"$i":"emMmiErrorNotSupported","$v":"Cod MMI incorect sau neacceptat"},{"$i":"emMmiErrorPasswordIncorrect","$v":"Parolă incorectă"},{"$i":"emMmiErrorPinPukAttempts","$v":{"few":[{"t":"idOrVar","v":"n"}," încercări rămase"],"many":[{"t":"idOrVar","v":"n"}," încercări rămase"],"one":["Doar ",{"t":"idOrVar","v":"n"}," încercare rămasă"],"other":[{"t":"idOrVar","v":"n"}," încercări rămase"],"two":[{"t":"idOrVar","v":"n"}," încercări rămase"]},"$x":[{"t":"idOrVar","v":"plural"},"n"]},{"$i":"emMmiErrorSimBlocked","$v":"Numărul maxim de încercări a fost depășit. Cartela SIM a fost blocată"},{"$i":"emMmiErrorStkCcSsDial","$v":"Solicitarea SS este schimbată în solicitare DIAL"},{"$i":"emMmiErrorStkCcSsSs","$v":"Solicitarea SS este schimbată într-o nouă solicitare SS"},{"$i":"emMmiErrorStkCcSsUssd","$v":"Solicitarea SS este schimbată în solicitare USSD"},{"$i":"emMmiErrorStkCcUssdDial","$v":"Solicitarea USSD este schimbată în solicitare DIAL"},{"$i":"emMmiErrorStkCcUssdSs","$v":"Solicitarea USSD este schimbată în solicitare SS"},{"$i":"emMmiErrorStkCcUssdUssd","$v":"Solicitarea USSD este schimbată într-o nouă solicitare USSD"},{"$i":"fihVersion","$v":"Versiune FIH"},{"$i":"imeiAndSvn","$v":"IMEI și SVN"},{"$i":"internalVersion","$v":"Vers. internă"},{"$i":"serviceClassData","$v":"Date"},{"$i":"serviceClassDataAsync","$v":"Asincronizare"},{"$i":"serviceClassDataSync","$v":"Sincronizare"},{"$i":"serviceClassPacket","$v":"Pachet"},{"$i":"serviceClassVoice","$v":"Voce"},{"$i":"smClirDefaultOffNextCallOff","$v":"Ca setare implicită, numerele apelanților nu sunt restricționate. Apelul următor: nerestricționat"},{"$i":"smClirDefaultOffNextCallOn","$v":"Ca setare implicită, numerele apelanților nu sunt restricționate. Apelul următor: restricționat"},{"$i":"smClirDefaultOnNextCallOff","$v":"Ca setare implicită, numerele apelanților sunt restricționate. Apelul următor: nerestricționat"},{"$i":"smClirDefaultOnNextCallOn","$v":"Ca setare implicită, numerele apelanților sunt restricționate. Apelul următor: restricționat"},{"$i":"smClirPermanent","$v":"Nu puteți să modificați setarea pentru identificatorul apelantului"},{"$i":"smPin2Changed","$v":"Cod PIN2 modificat cu succes"},{"$i":"smPin2Unblocked","$v":"Cod PIN2 deblocat cu succes"},{"$i":"smPinChanged","$v":"Cod PIN modificat cu succes"},{"$i":"smPinUnblocked","$v":"Cod PIN deblocat cu succes"},{"$i":"smServiceDisabled","$v":"Serviciul a fost dezactivat"},{"$i":"smServiceEnabled","$v":"Serviciul a fost activat"},{"$i":"smServiceEnabledFor","$v":"Serviciul a fost activat pentru:"},{"$i":"smServiceErased","$v":"Ștergerea a reușit"},{"$i":"smServiceInterrogated","$v":"Solicitarea a reușit"},{"$i":"smServiceNotProvisioned","$v":"Serviciul nu a fost furnizat"},{"$i":"smServiceRegistered","$v":"Înregistrarea a reușit"},{"$i":"another","$v":"Altul/Alta"},{"$i":"current","$v":"Actual"},{"$i":"customTag","$v":"Etichetă personalizată","placeholder":"Etichetă personalizată"},{"$i":"faxHome","$v":"Fax acasă"},{"$i":"faxOffice","$v":"Fax birou"},{"$i":"faxOther","$v":"Fax altele"},{"$i":"itemWithLabel","$v":[{"t":"idOrVar","v":"label"},", ",{"t":"idOrVar","v":"item"}]},{"$i":"label","$v":"Etichetă"},{"$i":"other","$v":"Altele"},{"$i":"tcl-customTag","$v":"Etichetă personalizată"},{"$i":"dateTimeFormat_%c","$v":"%a %b %e %Y %I:%M:%S %p"},{"$i":"dateTimeFormat_%x","$v":"%m/%d/%Y"},{"$i":"days-ago-long","$v":{"few":["În urmă cu ",{"t":"idOrVar","v":"value"}," zile"],"many":["În urmă cu ",{"t":"idOrVar","v":"value"}," zile"],"one":"ieri","other":["În urmă cu ",{"t":"idOrVar","v":"value"}," zile"],"two":["În urmă cu ",{"t":"idOrVar","v":"value"}," zile"],"zero":"astăzi"},"$x":[{"t":"idOrVar","v":"plural"},"value"]},{"$i":"days-ago-short","$v":{"other":["În urmă cu ",{"t":"idOrVar","v":"value"}," z"],"zero":"astăzi"},"$x":[{"t":"idOrVar","v":"plural"},"value"]},{"$i":"days-until-long","$v":{"few":["peste ",{"t":"idOrVar","v":"value"}," zile"],"many":["peste ",{"t":"idOrVar","v":"value"}," zile"],"one":"mâine","other":["peste ",{"t":"idOrVar","v":"value"}," zile"],"two":["peste ",{"t":"idOrVar","v":"value"}," zile"],"zero":"astăzi"},"$x":[{"t":"idOrVar","v":"plural"},"value"]},{"$i":"days-until-short","$v":{"other":["peste ",{"t":"idOrVar","v":"value"}," z"],"zero":"astăzi"},"$x":[{"t":"idOrVar","v":"plural"},"value"]},{"$i":"hours-ago-long","$v":{"few":["în urmă cu ",{"t":"idOrVar","v":"value"}," ore"],"many":["în urmă cu ",{"t":"idOrVar","v":"value"}," ore"],"one":"în urmă cu o oră","other":["în urmă cu ",{"t":"idOrVar","v":"value"}," ore"],"two":["în urmă cu ",{"t":"idOrVar","v":"value"}," ore"],"zero":"chiar acum"},"$x":[{"t":"idOrVar","v":"plural"},"value"]},{"$i":"hours-ago-short","$v":{"other":["în urmă cu ",{"t":"idOrVar","v":"value"}," h"],"zero":"chiar acum"},"$x":[{"t":"idOrVar","v":"plural"},"value"]},{"$i":"hours-until-long","$v":{"few":["peste ",{"t":"idOrVar","v":"value"}," ore"],"many":["peste ",{"t":"idOrVar","v":"value"}," ore"],"one":"peste o oră","other":["peste ",{"t":"idOrVar","v":"value"}," ore"],"two":["peste ",{"t":"idOrVar","v":"value"}," ore"],"zero":"acum"},"$x":[{"t":"idOrVar","v":"plural"},"value"]},{"$i":"hours-until-short","$v":{"other":["peste ",{"t":"idOrVar","v":"value"}," h"],"zero":"acum"},"$x":[{"t":"idOrVar","v":"plural"},"value"]},{"$i":"incorrectDate","$v":"(dată incorectă)"},{"$i":"minutes-ago-long","$v":{"few":["în urmă cu ",{"t":"idOrVar","v":"value"}," minute"],"many":["în urmă cu ",{"t":"idOrVar","v":"value"}," minute"],"one":"în urmă cu un minut","other":["în urmă cu ",{"t":"idOrVar","v":"value"}," minute"],"two":["în urmă cu ",{"t":"idOrVar","v":"value"}," minute"],"zero":"chiar acum"},"$x":[{"t":"idOrVar","v":"plural"},"value"]},{"$i":"minutes-ago-short","$v":{"other":["în urmă cu ",{"t":"idOrVar","v":"value"}," m"],"zero":"chiar acum"},"$x":[{"t":"idOrVar","v":"plural"},"value"]},{"$i":"minutes-until-long","$v":{"few":["peste ",{"t":"idOrVar","v":"value"}," minute"],"many":["peste ",{"t":"idOrVar","v":"value"}," minute"],"one":"peste un minut","other":["peste ",{"t":"idOrVar","v":"value"}," minute"],"two":["peste ",{"t":"idOrVar","v":"value"}," minute"],"zero":"acum"},"$x":[{"t":"idOrVar","v":"plural"},"value"]},{"$i":"minutes-until-short","$v":{"other":["peste ",{"t":"idOrVar","v":"value"}," m"],"zero":"acum"},"$x":[{"t":"idOrVar","v":"plural"},"value"]},{"$i":"month-0-genitive","$v":"Ianuarie"},{"$i":"month-0-long","$v":"Ianuarie"},{"$i":"month-0-short","$v":"Ian"},{"$i":"month-1-genitive","$v":"Februarie"},{"$i":"month-1-long","$v":"Februarie"},{"$i":"month-1-short","$v":"Feb"},{"$i":"month-10-genitive","$v":"Noiembrie"},{"$i":"month-10-long","$v":"Noiembrie"},{"$i":"month-10-short","$v":"Nov"},{"$i":"month-11-genitive","$v":"Decembrie"},{"$i":"month-11-long","$v":"Decembrie"},{"$i":"month-11-short","$v":"Dec"},{"$i":"month-2-genitive","$v":"Martie"},{"$i":"month-2-long","$v":"Martie"},{"$i":"month-2-short","$v":"Mar"},{"$i":"month-3-genitive","$v":"Aprilie"},{"$i":"month-3-long","$v":"Aprilie"},{"$i":"month-3-short","$v":"Apr"},{"$i":"month-4-genitive","$v":"Mai"},{"$i":"month-4-long","$v":"Mai"},{"$i":"month-4-short","$v":"Mai"},{"$i":"month-5-genitive","$v":"Iunie"},{"$i":"month-5-long","$v":"Iunie"},{"$i":"month-5-short","$v":"Iun"},{"$i":"month-6-genitive","$v":"Iulie"},{"$i":"month-6-long","$v":"Iulie"},{"$i":"month-6-short","$v":"Iul"},{"$i":"month-7-genitive","$v":"August"},{"$i":"month-7-long","$v":"August"},{"$i":"month-7-short","$v":"Aug"},{"$i":"month-8-genitive","$v":"Septembrie"},{"$i":"month-8-long","$v":"Septembrie"},{"$i":"month-8-short","$v":"Sep"},{"$i":"month-9-genitive","$v":"Octombrie"},{"$i":"month-9-long","$v":"Octombrie"},{"$i":"month-9-short","$v":"Oct"},{"$i":"months-ago-long","$v":{"few":["în urmă cu ",{"t":"idOrVar","v":"value"}," luni"],"many":["în urmă cu ",{"t":"idOrVar","v":"value"}," luni"],"one":"luna trecută","other":["în urmă cu ",{"t":"idOrVar","v":"value"}," luni"],"two":["în urmă cu ",{"t":"idOrVar","v":"value"}," luni"],"zero":"această lună"},"$x":[{"t":"idOrVar","v":"plural"},"value"]},{"$i":"months-until-long","$v":{"few":["peste ",{"t":"idOrVar","v":"value"}," luni"],"many":["peste ",{"t":"idOrVar","v":"value"}," luni"],"one":"luna următoare","other":["peste ",{"t":"idOrVar","v":"value"}," luni"],"two":["peste ",{"t":"idOrVar","v":"value"}," luni"],"zero":"această lună"},"$x":[{"t":"idOrVar","v":"plural"},"value"]},{"$i":"shortDateTimeFormat","$v":"%x %I:%M %p"},{"$i":"shortTimeFormat","$v":"%I:%M %p"},{"$i":"shortTimeFormat12","$v":"%I:%M %p"},{"$i":"shortTimeFormat24","$v":"%H:%M"},{"$i":"time_am","$v":"AM"},{"$i":"time_pm","$v":"PM"},{"$i":"weekday-0-long","$v":"Duminică"},{"$i":"weekday-0-short","$v":"Dum"},{"$i":"weekday-1-long","$v":"Luni"},{"$i":"weekday-1-short","$v":"Lun"},{"$i":"weekday-2-long","$v":"Marți"},{"$i":"weekday-2-short","$v":"Mar"},{"$i":"weekday-3-long","$v":"Miercuri"},{"$i":"weekday-3-short","$v":"Mie"},{"$i":"weekday-4-long","$v":"Joi"},{"$i":"weekday-4-short","$v":"Joi"},{"$i":"weekday-5-long","$v":"Vineri"},{"$i":"weekday-5-short","$v":"Vin"},{"$i":"weekday-6-long","$v":"Sâmbătă"},{"$i":"weekday-6-short","$v":"Sâm"},{"$i":"weeks-ago-long","$v":{"few":["în urmă cu ",{"t":"idOrVar","v":"value"}," săptămâni"],"many":["în urmă cu ",{"t":"idOrVar","v":"value"}," săptămâni"],"one":"săptămâna trecută","other":["în urmă cu ",{"t":"idOrVar","v":"value"}," săptămâni"],"two":["în urmă cu ",{"t":"idOrVar","v":"value"}," săptămâni"],"zero":"săptămâna aceasta"},"$x":[{"t":"idOrVar","v":"plural"},"value"]},{"$i":"weeks-until-long","$v":{"few":["peste ",{"t":"idOrVar","v":"value"}," săptămâni"],"many":["peste ",{"t":"idOrVar","v":"value"}," săptămâni"],"one":"săptămâna viitoare","other":["peste ",{"t":"idOrVar","v":"value"}," săptămâni"],"two":["peste ",{"t":"idOrVar","v":"value"}," săptămâni"],"zero":"săptămâna aceasta"},"$x":[{"t":"idOrVar","v":"plural"},"value"]},{"$i":"years-ago-long","$v":{"few":["în urmă cu ",{"t":"idOrVar","v":"value"}," ani"],"many":["în urmă cu ",{"t":"idOrVar","v":"value"}," ani"],"one":"anul trecut","other":["în urmă cu ",{"t":"idOrVar","v":"value"}," ani"],"two":["în urmă cu ",{"t":"idOrVar","v":"value"}," ani"],"zero":"anul acesta"},"$x":[{"t":"idOrVar","v":"plural"},"value"]},{"$i":"years-until-long","$v":{"few":["peste ",{"t":"idOrVar","v":"value"}," ani"],"many":["peste ",{"t":"idOrVar","v":"value"}," ani"],"one":"anul viitor","other":["peste ",{"t":"idOrVar","v":"value"}," ani"],"two":["peste ",{"t":"idOrVar","v":"value"}," ani"],"zero":"anul acesta"},"$x":[{"t":"idOrVar","v":"plural"},"value"]},{"$i":"dateTimeFormat_%X","$v":"%I:%M:%S %p"},{"$i":"weekStartsOnMonday","$v":"0"},{"$i":"firstDayOfTheWeek","$v":"0"}]