[{"$i":"clockDateFormat","$v":"%a, %e %b"},{"$i":"deviceIsUnlocked","$v":"Устройство разблокировано"},{"$i":"simUnlockCodeAccepted","$v":"Код разблокировки SIM-карты принят"},{"$i":"simUnlockCodeFailed","$v":"Ошибка разблокировки SIM-карты"},{"$i":"eccOnly","$v":"Только звонки SOS"},{"$i":"emergencyCallsOnly","$v":"Только экстренные вызовы"},{"$i":"lockedSim","$v":"Заблокированная SIM-карта"},{"$i":"noService","$v":"Сервис недоступен"},{"$i":"noSimCard","$v":"Нет SIM-карты"},{"$i":"searching","$v":"Поиск…"},{"$i":"airplane-mode","$v":"Режим «В самолёте»"},{"$i":"bluetooth","$v":"Bluetooth"},{"$i":"brightness","$v":"Яркость"},{"$i":"calculator","$v":"Калькулятор"},{"$i":"camera","$v":"Камера"},{"$i":"cellular-data","$v":"Передача данных"},{"$i":"confirm-to-uninstall-app","$v":["Удалить приложение ",{"t":"idOrVar","v":"appName"},"?"]},{"$i":"flashlight","$v":"Вспышка"},{"$i":"instant-settings","$v":"мгновенные настройки"},{"$i":"off","$v":"Выкл"},{"$i":"on","$v":"Вкл"},{"$i":"shortcuts","$v":"Ярлыки"},{"$i":"uninstall","$v":"Удалить"},{"$i":"volume","$v":"Громкость"},{"$i":"wifi","$v":"Wi-Fi"},{"$i":"percentage-number","$v":[{"t":"idOrVar","v":"number"},"%"]},{"$i":"all-apps","$v":"Все приложения"},{"$i":"scImei","$v":"IMEI"},{"$i":"scMeid","$v":"MEID"},{"$i":"scUssd","$v":"USSD"},{"$i":"CallFailed","$v":"Ошибка вызова"},{"$i":"GenericFailure","$v":"Общий сбой"},{"$i":"add-smart-collections","$v":"Добавить Интеллектуальные Коллекции"},{"$i":"add-to-existing-contact","$v":"Добавить к существующему контакту"},{"$i":"alert-for-contacts-without-number","$v":"Контакты с номером телефона отсутствуют."},{"$i":"app-title","$v":"Мои приложения"},{"$i":"app-uninstall","$v":[{"t":"idOrVar","v":"name"}," было установлено"]},{"$i":"assign","$v":"Назначить"},{"$i":"assign-speed-dial","$v":["Контакт не был добавлен для Быстрого набора на кнопку ",{"t":"idOrVar","v":"n"},". Назначить сейчас?"]},{"$i":"assign-voicemail","$v":"Номер Голосовой почты не установлен."},{"$i":"call","$v":"Вызов"},{"$i":"callAirplaneModeMessage","$v":"Чтобы сделать вызов, вам необходимо отключить в настройках режим «В самолёте»."},{"$i":"callAirplaneModeTitle","$v":"Активирован режим «В самолёте»"},{"$i":"cancel","$v":"Отмена"},{"$i":"change-wallpaper","$v":"Изменить Обои"},{"$i":"clocks-updated","$v":"Часы обновлены"},{"$i":"confirmation","$v":"Подтверждение"},{"$i":"contacts","$v":"Контакты"},{"$i":"create-new-contact","$v":"Создать новый контакт"},{"$i":"delete","$v":"Удалить"},{"$i":"delete-body","$v":[{"t":"idOrVar","v":"name"}," и все его данные будут удалены."]},{"$i":"delete-title","$v":["Удалить ",{"t":"idOrVar","v":"name"}]},{"$i":"edit","$v":"Изменить"},{"$i":"edit-done","$v":"Готово"},{"$i":"edit-group-header","$v":"Изменить группу"},{"$i":"edit-mode","$v":"Изменить"},{"$i":"emergency-call-error","$v":[{"t":"idOrVar","v":"number"}," не является номером службы экстренной помощи."]},{"$i":"emergency-call-only","$v":"Только Экстренные Вызовы"},{"$i":"emergencyDialogBodyBadNumber","$v":"Чтобы сделать вызов, телефон должен быть подключен к сети."},{"$i":"emergencyDialogBodyDeviceNotAccepted","$v":"Экстренные вызовы не поддерживаются сетью."},{"$i":"emergencyDialogTitle","$v":"Отсутствует подключение к сети"},{"$i":"fax-home","$v":"Домашний факс"},{"$i":"fax-office","$v":"Рабочий факс"},{"$i":"fax-other","$v":"Дополнительный факс"},{"$i":"fdnIsActiveMessage","$v":["Активирован FDN (Фиксированный набор). Следующий номер не указан в вашем списке разрешённых номеров: ",{"t":"idOrVar","v":"number"}]},{"$i":"fdnIsActiveTitle","$v":"FDN активен"},{"$i":"gaia-shortcut-app-updated","$v":"Приложение Обновлено"},{"$i":"grid-view","$v":"Сетка"},{"$i":"home","$v":"Главный экран"},{"$i":"homescreen-settings","$v":"Настройки главного экрана"},{"$i":"invalidNumberToDialMessage","$v":"Номер телефона, который вы вызываете, недействителен."},{"$i":"invalidNumberToDialTitle","$v":"Недействительный номер телефона"},{"$i":"list-view","$v":"Список"},{"$i":"longDateFormat","$v":"%A, %B %e"},{"$i":"menu","$v":"Меню"},{"$i":"message","$v":"Сообщение"},{"$i":"mobile","$v":"Мобильный"},{"$i":"more","$v":"Ещё"},{"$i":"move","$v":"Переместить"},{"$i":"notifications","$v":"Уведомления"},{"$i":"numberIsBusyMessage","$v":"Абонент в данный момент занят. Пожалуйста, повторите попытку позже."},{"$i":"numberIsBusyTitle","$v":"Абонент занят"},{"$i":"ok","$v":"OK"},{"$i":"option-remove","$v":"Удалить  из Быстрого набора"},{"$i":"option-replace","$v":"Заменить"},{"$i":"options","$v":"Опции"},{"$i":"otherConnectionInUseMessage","$v":"У вас есть активный вызов на другом подключении. Одновременно можно использовать только одно подключение."},{"$i":"otherConnectionInUseTitle","$v":"Используется другое подключение"},{"$i":"personal","$v":"Личные"},{"$i":"remove","$v":"Удалить"},{"$i":"remove-speed-dial","$v":["Вы хотите удалить ",{"t":"idOrVar","v":"name"}," из Быстрого набора ?"]},{"$i":"replace","$v":"Заменить"},{"$i":"replace-speed-dial","$v":["Хотите заменить ",{"t":"idOrVar","v":"name"}," на ",{"t":"idOrVar","v":"subName"}," ?"]},{"$i":"resume-download-action","$v":"Загрузить"},{"$i":"resume-download-body","$v":["Хотите загрузить ",{"t":"idOrVar","v":"name"},"?"]},{"$i":"resume-download-title","$v":"Перезапустить Загрузку"},{"$i":"scCallBarring","$v":"Запрет вызовов"},{"$i":"scCallForwarding","$v":"Переадресация"},{"$i":"scCallWaiting","$v":"Ожидание вызова"},{"$i":"scClip","$v":"Номер вызывающего абонента"},{"$i":"scClir","$v":"Номер вызываемого абонента"},{"$i":"scPin","$v":"Изменение PIN-кода"},{"$i":"scPin2","$v":"Изменение PIN2"},{"$i":"scPuk","$v":"Разблокировать PIN-код"},{"$i":"scPuk2","$v":"Разблокировать код PIN2"},{"$i":"scPwd","$v":"Изменение пароля"},{"$i":"search-or-enter-address","placeholder":"Введите запрос или адрес"},{"$i":"select","$v":"Выбрать"},{"$i":"sending","$v":"Отправка…"},{"$i":"set","$v":"Установить"},{"$i":"settings","$v":"Настройки"},{"$i":"single-view","$v":"Одиночный снимок"},{"$i":"skip","$v":"Пропустить"},{"$i":"speed-dial","$v":"Быстрый набор"},{"$i":"speed-dial-empty","ariaLabel":[{"t":"idOrVar","v":"order"},", пустой"]},{"$i":"speed-dial-not-empty","ariaLabel":[{"t":"idOrVar","v":"order"},", ",{"t":"idOrVar","v":"name"}]},{"$i":"stop-download-action","$v":"Остановить"},{"$i":"stop-download-body","$v":"Остановить процесс загрузки?"},{"$i":"stop-download-title","$v":["Остановить ",{"t":"idOrVar","v":"name"}]},{"$i":"tcl-wallpaper-changed","$v":"Обои изменены"},{"$i":"video-call","$v":"Видеовызов"},{"$i":"voicemail","$v":"Голосовая почта"},{"$i":"work","$v":"Работа"},{"$i":"apps","$v":"Приложения"},{"$i":"nocard-eccOnly","$v":"No SIM card-Emergency calls only"},{"$i":"unusablecard-eccOnly","$v":"Unusable SIM card-Emergency calls only"},{"$i":"apn-sim1","$v":"Настройки APN - SIM1"},{"$i":"apn-sim2","$v":"Настройки APN - SIM2"},{"$i":"apnConfigPrepay","$v":"Предоплата"},{"$i":"apnConfigPostpay","$v":"Постоплата"},{"$i":"apn-defaultconfig-message","$v":"Задайте тип имени точки доступа для отображения"},{"$i":"apnDefaultConfig","$v":"Конфигурация имени точки доступа по умолчанию"},{"$i":"without-sim-new","$v":[{"t":"idOrVar","v":"index"}]},{"$i":"with-sim-new","$v":[{"t":"idOrVar","v":"index"}," — ",{"t":"idOrVar","v":"carrier"}]},{"$i":"sim-with-index-and-carrier","$v":["SIM ",{"t":"idOrVar","v":"index"}," - ",{"t":"idOrVar","v":"carrier"}]},{"$i":"sim-without-carrier","$v":["SIM ",{"t":"idOrVar","v":"index"}]},{"$i":"call-forwarding-voice-after-seconds","$v":["Голосовой вызов: ",{"t":"idOrVar","v":"voice"}," через ",{"t":"idOrVar","v":"timeSeconds"}," с"]},{"$i":"addNewNumber","$v":"Добавить новый номер"},{"$i":"addToExistingContact","$v":"Добавить к существующему контакту"},{"$i":"all","$v":"Все","ariaLabel":"Все"},{"$i":"bluetooth-handsfree-device","$v":"Устройство громкой связи Bluetooth"},{"$i":"bluetoothOption","ariaLabel":"Bluetooth"},{"$i":"callDurationHours","$v":[{"t":"idOrVar","v":"h"},":",{"t":"idOrVar","v":"m"},":",{"t":"idOrVar","v":"s"}]},{"$i":"callDurationMinutes","$v":[{"t":"idOrVar","v":"m"},":",{"t":"idOrVar","v":"s"}]},{"$i":"callDurationTextFormatHours","$v":[{"t":"idOrVar","v":"h"}," ч ",{"t":"idOrVar","v":"m"}," м ",{"t":"idOrVar","v":"s"}," с"]},{"$i":"callDurationTextFormatMinutes","$v":[{"t":"idOrVar","v":"m"}," м ",{"t":"idOrVar","v":"s"}," с"]},{"$i":"callDurationTextFormatSeconds","$v":"{ s }} с"},{"$i":"callEnded","$v":"Вызов Завершён"},{"$i":"callInformation","$v":"Информация о вызове"},{"$i":"callLog","$v":"Журнал вызовов"},{"$i":"callLogEdit","title":"Изменить журнал вызовов"},{"$i":"callLogEditDialog","ariaLabel":"Диалог изменения журнала вызовов"},{"$i":"caller-left-call","$v":[{"t":"idOrVar","v":"caller"}," завершил вызов."]},{"$i":"calllog-all","$v":"Все"},{"$i":"calllog-deselectAll","$v":"Снять отметки со всех"},{"$i":"calllog-none","$v":"Нет"},{"$i":"calllog-selectAll","$v":"Выбрать все"},{"$i":"canceled","$v":"Отменено"},{"$i":"clear-all-text","$v":"Удалить весь текст"},{"$i":"close","$v":"Закрыть"},{"$i":"composeEmail","ariaLabel":"Email"},{"$i":"conferenceAddError","$v":"Невозможно объединить вызовы"},{"$i":"conferenceCall","$v":["Конференц-вызов (",{"t":"idOrVar","v":"n"},")"]},{"$i":"conferenceRemoveError","$v":"Невозможно разделить вызовы"},{"$i":"confirm-deletion","$v":"Очистить выбранные вызовы?"},{"$i":"connecting","$v":"Подключение..."},{"$i":"connectingEllipsis","$v":"Подключение..."},{"$i":"contactDetails","$v":"О контакте"},{"$i":"createNewContact","$v":"Создать новый контакт"},{"$i":"delete-n-log?","$v":{"few":["Удалить ",{"t":"idOrVar","v":"n"}," журналов?"],"many":["Удалить ",{"t":"idOrVar","v":"n"}," журналов?"],"one":"Удалить выбранный журнал?","other":["Удалить ",{"t":"idOrVar","v":"n"}," журналов?"],"two":["Удалить ",{"t":"idOrVar","v":"n"}," журналов?"],"zero":"Ничего не выбрано"},"$x":[{"t":"idOrVar","v":"plural"},"n"]},{"$i":"deselect","$v":"Отменить выбор"},{"$i":"dialed","$v":"Набранные"},{"$i":"dialer-prompt","$v":"Наберите номер или выберите контакт для добавления к вызову"},{"$i":"dialerAddContact","ariaLabel":"Добавить контакт"},{"$i":"dialerAddContactDialog","ariaLabel":"Диалог Добавления Контакта"},{"$i":"edit-selected","$v":{"few":["выбрано(",{"t":"idOrVar","v":"n"},")"],"many":["выбрано(",{"t":"idOrVar","v":"n"},")"],"one":["выбрано(",{"t":"idOrVar","v":"n"},")"],"other":["выбрано(",{"t":"idOrVar","v":"n"},")"],"two":["выбрано(",{"t":"idOrVar","v":"n"},")"]},"$x":[{"t":"idOrVar","v":"plural"},"n"]},{"$i":"emailDetail","ariaLabel":"Email"},{"$i":"from-contact","$v":["От ",{"t":"idOrVar","v":"contact"}]},{"$i":"from-number","$v":["От ",{"t":"idOrVar","v":"number"}]},{"$i":"from-withheld-number","$v":"От неизвестного номера"},{"$i":"hangup-a11y-button","ariaLabel":"Отбой"},{"$i":"hide","$v":"Скрыть"},{"$i":"hideKeypad","ariaLabel":"Скрыть клавиатуру"},{"$i":"hold","ariaLabel":"Удержание"},{"$i":"hours","$v":"часов"},{"$i":"ignore","$v":"Игнорировать Вызов"},{"$i":"incoming","$v":"Входящий"},{"$i":"incoming-call","$v":"Входящий вызов"},{"$i":"info-missed","$v":"Пропущенные"},{"$i":"keypad","ariaLabel":"Клавиатура"},{"$i":"log-item","$v":"Опции"},{"$i":"makeCall","ariaLabel":"Совершить вызов"},{"$i":"merge","ariaLabel":"Объединить"},{"$i":"minutes","$v":"мин"},{"$i":"missed","$v":"Пропущенные","ariaLabel":"Пропущенные"},{"$i":"missedCall","$v":"Пропущенный вызов"},{"$i":"missedCallMultiSims","$v":["(SIM ",{"t":"idOrVar","v":"n"},") Пропущенный вызов"]},{"$i":"mmi-error","$v":"При отправке сообщения произошла ошибка"},{"$i":"mmi-notification-title-with-sim","$v":["(",{"t":"idOrVar","v":"sim"},") ",{"t":"idOrVar","v":"title"}]},{"$i":"mmi-session-expired","$v":"Сессия закончилась"},{"$i":"mmi-successfully-sent","$v":"Сообщение успешно отправлено"},{"$i":"mute","ariaLabel":"Без звука"},{"$i":"newCall","ariaLabel":"Новый вызов"},{"$i":"no-logs-msg-1","$v":"Нет записанных вызовов"},{"$i":"no-logs-msg-2","$v":"Начните общение прямо сейчас"},{"$i":"no-logs-msg-3","$v":"Нет записанных вызовов"},{"$i":"no-logs-msg-4","$v":"Начните общение прямо сейчас"},{"$i":"no-recent-numbers","$v":"Недавние номера в журналах вызовов отсутствуют."},{"$i":"onHoldOption","ariaLabel":"На удержании"},{"$i":"outgoing","$v":"Исходящие"},{"$i":"outgoing-call","$v":"Исходящий вызов"},{"$i":"phoneDetail","ariaLabel":"Телефон"},{"$i":"pickup-a11y-button","ariaLabel":"Поднять трубку"},{"$i":"received","$v":"Полученные"},{"$i":"receiver","$v":"Получатель"},{"$i":"recents","ariaLabel":"Последние вызовы"},{"$i":"reply","$v":"Ответить"},{"$i":"resume","$v":"Возобновить","ariaLabel":"Возобновить"},{"$i":"search-results","$v":"Результаты поиска"},{"$i":"seconds","$v":"с"},{"$i":"select-audio-sources","$v":"Выбор источников звука"},{"$i":"send","$v":"Отправить"},{"$i":"send-sms-button","ariaLabel":"SMS"},{"$i":"sendSms","$v":"Отправить сообщение"},{"$i":"separator","$v":","},{"$i":"sim-number","$v":["SIM",{"t":"idOrVar","v":"n"}]},{"$i":"speaker","$v":"Динамик"},{"$i":"speakerOption","ariaLabel":"Динамик"},{"$i":"suggestionMatches","$v":{"few":[{"t":"idOrVar","v":"n"}," соответствует \"",{"t":"idOrVar","v":"matchNumber"}],"many":[{"t":"idOrVar","v":"n"}," соответствует \"",{"t":"idOrVar","v":"matchNumber"}],"one":[{"t":"idOrVar","v":"n"}," соответствует \"",{"t":"idOrVar","v":"matchNumber"}],"other":[{"t":"idOrVar","v":"n"}," соответствует \"",{"t":"idOrVar","v":"matchNumber"}],"two":[{"t":"idOrVar","v":"n"}," соответствует \"",{"t":"idOrVar","v":"matchNumber"}]},"$x":[{"t":"idOrVar","v":"plural"},"n"]},{"$i":"switch-calls","$v":"Переключение вызовов"},{"$i":"tcl-assign","$v":"Назначить"},{"$i":"tcl-assign-speed-dial","$v":{"$o":["Контакт не был добавлен для Быстрого набора на кнопку \"",{"t":"idOrVar","v":"speedDial"}," \"<br><br>Назначить сейчас?"]}},{"$i":"tcl-call-log-delete-group-notification","$v":[{"t":"idOrVar","v":"n"}," записей было удалено"]},{"$i":"tcl-calllog-entry-removed-err-notification","$v":"Не удается удалить запись в Журнале вызовов"},{"$i":"tcl-calllog-entry-removed-succ-notification","$v":"Запись журнала вызовов удалена"},{"$i":"tcl-cancel","$v":"Отмена"},{"$i":"tcl-confirmation","$v":"Подтверждение"},{"$i":"tcl-delete-log","$v":"Вы действительно хотите удалить выбранные записи из Журнала вызовов?"},{"$i":"tcl-dialer","$v":"Номеронабиратель"},{"$i":"tcl-edit-not-selected","$v":"выбрано(0)"},{"$i":"tcl-option-menu-call-log-edit","$v":"Изменить Журнал вызовов"},{"$i":"today","$v":"Сегодня"},{"$i":"toggleKeypad","ariaLabel":"Переключить клавиатуру"},{"$i":"type-your-response","placeholder":"Введите свой ​​ответ..."},{"$i":"unknown","$v":"Неизвестно"},{"$i":"unlock-a11y-button","ariaLabel":"Ползунок"},{"$i":"ussd-services","$v":["Службы ",{"t":"idOrVar","v":"operator"}]},{"$i":"via-sim","$v":["с помощью SIM ",{"t":"idOrVar","v":"n"}]},{"$i":"view-all","$v":"Просмотреть все"},{"$i":"wifi-calling","$v":"Wi-Fi-вызов"},{"$i":"withheld-number","$v":"Неизвестно"},{"$i":"yesterday","$v":"Вчера"},{"$i":"SimPin2","$v":"SIM PIN2"},{"$i":"SimPuk2","$v":"SIM PUK2"},{"$i":"serviceClassFax","$v":"ФАКС"},{"$i":"serviceClassPad","$v":"PAD"},{"$i":"serviceClassSms","$v":"SMS"},{"$i":"DialModifiedToDial","$v":"Dial изменен на Dial"},{"$i":"DialModifiedToSs","$v":"Dial изменен на SS"},{"$i":"DialModifiedToUssd","$v":"Dial изменен на USSВ"},{"$i":"FdnCheckFailure","$v":"Сбой проверки Fdn"},{"$i":"IllegalSimOrMe","$v":"Недопустимая SIM-карта или ME"},{"$i":"InvalidParameter","$v":"Неверный параметр"},{"$i":"ModeNotSupported","$v":"Режим не поддерживается"},{"$i":"OpNotAllowedDuringVoiceCall","$v":"Действие не разрешено во время голосового вызова"},{"$i":"PasswordIncorrect","$v":"Неверный пароль"},{"$i":"RadioNotAvailable","$v":"Радио недоступно"},{"$i":"RejectedByRemote","$v":"Отклонено удаленно"},{"$i":"RequestNotSupported","$v":"Запрос не поддерживается"},{"$i":"ServiceIsDisabled","$v":"Сервис отключен"},{"$i":"ServiceIsEnabled","$v":"Сервис включен"},{"$i":"ServiceIsEnabledFor","$v":"Сервис подключён для:"},{"$i":"SimAbsent","$v":"SIM-карта отсутствует"},{"$i":"SmsSendFailRetry","$v":"Неудачная попытка отправки SMS"},{"$i":"SsModifiedToDial","$v":"SS изменен на dial"},{"$i":"SsModifiedToSs","$v":"SS изменен на SS"},{"$i":"SsModifiedToUssd","$v":"SS изменен на USSD"},{"$i":"SubscriptionNotAvailable","$v":"Подписка недоступна"},{"$i":"SubscriptionNotSupported","$v":"Подписка не поддерживается"},{"$i":"UssdModifiedToDial","$v":"USSD изменен на dial"},{"$i":"UssdModifiedToSs","$v":"USSD изменен на SS"},{"$i":"UssdModifiedToUssd","$v":"USSD изменен на USSD"},{"$i":"call-forwarding-async","$v":["Асинхронный: ",{"t":"idOrVar","v":"async"}]},{"$i":"call-forwarding-data","$v":["Данные: ",{"t":"idOrVar","v":"data"}]},{"$i":"call-forwarding-error","$v":"Произошла ошибка при получении состояния переадресации вызовов"},{"$i":"call-forwarding-fax","$v":["ФАКС: ",{"t":"idOrVar","v":"fax"}]},{"$i":"call-forwarding-inactive","$v":"Неактивный"},{"$i":"call-forwarding-packet","$v":["Пакет: ",{"t":"idOrVar","v":"packet"}]},{"$i":"call-forwarding-pad","$v":["PAD: ",{"t":"idOrVar","v":"pad"}]},{"$i":"call-forwarding-sms","$v":["SMS: ",{"t":"idOrVar","v":"sms"}]},{"$i":"call-forwarding-status","$v":"Состояние переадресации вызовов"},{"$i":"call-forwarding-sync","$v":["Синхронный: ",{"t":"idOrVar","v":"sync"}]},{"$i":"call-forwarding-voice","$v":["Голосовой вызов: ",{"t":"idOrVar","v":"voice"}]},{"$i":"emMmiError","$v":"Некорректная USSD-команда или ошибка подключения"},{"$i":"emMmiErrorBadPin","$v":"Введён неверный старый PIN-код."},{"$i":"emMmiErrorBadPuk","$v":"Введён некорректный PUK-код"},{"$i":"emMmiErrorEnablePin","$v":"Неудачно. Включите БЛОКИРОВКУ SIM/RUIM"},{"$i":"emMmiErrorInvalidAction","$v":"Недопустимое действие"},{"$i":"emMmiErrorInvalidPin","$v":"Введите PIN-код от 4 до 8 цифр"},{"$i":"emMmiErrorInvalidScCode","$v":"Недопустимый код службы"},{"$i":"emMmiErrorMismatchPin","$v":"Введенные PIN-коды не совпадают"},{"$i":"emMmiErrorMmiFdn","$v":"Операция возможна только для разрешенных номеров"},{"$i":"emMmiErrorNeedPuk2","$v":"Для разблокировки SIM-карты введите код PUK2"},{"$i":"emMmiErrorNeedsPuk","$v":"Ваша SIM-карта заблокирована с помощью PUK-кода"},{"$i":"emMmiErrorNotSupported","$v":"Недействительный или Неподдерживаемый код MMI"},{"$i":"emMmiErrorPasswordIncorrect","$v":"Неверный Пароль"},{"$i":"emMmiErrorPinPukAttempts","$v":{"few":[{"t":"idOrVar","v":"n"}," повторных попыток"],"many":[{"t":"idOrVar","v":"n"}," повторных попыток"],"one":["Только ",{"t":"idOrVar","v":"n"}," повторная попытка"],"other":[{"t":"idOrVar","v":"n"}," повторных попыток"],"two":[{"t":"idOrVar","v":"n"}," повторных попыток"]},"$x":[{"t":"idOrVar","v":"plural"},"n"]},{"$i":"emMmiErrorSimBlocked","$v":"Превышено максимальное количество попыток. SIM-карта заблокирована"},{"$i":"emMmiErrorStkCcSsDial","$v":"Запрос SS изменен на запрос DIAL"},{"$i":"emMmiErrorStkCcSsSs","$v":"Запрос SS изменен на новый запрос SS"},{"$i":"emMmiErrorStkCcSsUssd","$v":"Запрос SS изменен на запрос USSD"},{"$i":"emMmiErrorStkCcUssdDial","$v":"Запрос USSD изменен на запрос DIAL"},{"$i":"emMmiErrorStkCcUssdSs","$v":"Запрос USSD изменен на запрос SS"},{"$i":"emMmiErrorStkCcUssdUssd","$v":"Запрос USSD изменен на новый запрос USSD"},{"$i":"fihVersion","$v":"Версия FIH"},{"$i":"imeiAndSvn","$v":"IMEI и SVN"},{"$i":"internalVersion","$v":"Внутренняя версия"},{"$i":"serviceClassData","$v":"Передача данных"},{"$i":"serviceClassDataAsync","$v":"Асинхронный"},{"$i":"serviceClassDataSync","$v":"Синхронизация"},{"$i":"serviceClassPacket","$v":"Пакет"},{"$i":"serviceClassVoice","$v":"Голосовые вызовы"},{"$i":"smClirDefaultOffNextCallOff","$v":"Отображение номера разрешено по умолчанию. Следующий вызов: номер будет отображаться"},{"$i":"smClirDefaultOffNextCallOn","$v":"Отображение номера разрешено по умолчанию. Следующий вызов: номер не будет отображаться"},{"$i":"smClirDefaultOnNextCallOff","$v":"Отображение номера запрещено по умолчанию. Следующий вызов: номер будет отображаться"},{"$i":"smClirDefaultOnNextCallOn","$v":"Отображение номера запрещено по умолчанию. Следующий вызов: номер не будет отображаться"},{"$i":"smClirPermanent","$v":"Невозможно изменить параметр идентификатора вызывающего абонента"},{"$i":"smPin2Changed","$v":"PIN2 успешно изменен"},{"$i":"smPin2Unblocked","$v":"PIN2 успешно разблокирован"},{"$i":"smPinChanged","$v":"PIN успешно изменен"},{"$i":"smPinUnblocked","$v":"PIN успешно разблокирован"},{"$i":"smServiceDisabled","$v":"Служба отключена"},{"$i":"smServiceEnabled","$v":"Служба включена"},{"$i":"smServiceEnabledFor","$v":"Сервис подключён для:"},{"$i":"smServiceErased","$v":"Успешно удалено"},{"$i":"smServiceInterrogated","$v":"Запрос прошел успешно"},{"$i":"smServiceNotProvisioned","$v":"Услуга не предоставляется"},{"$i":"smServiceRegistered","$v":"Регистрация прошла успешно"},{"$i":"another","$v":"Другой"},{"$i":"current","$v":"Текущее"},{"$i":"customTag","$v":"Пользовательский тег","placeholder":"Пользовательский тег"},{"$i":"faxHome","$v":"Домашний факс"},{"$i":"faxOffice","$v":"Рабочий факс"},{"$i":"faxOther","$v":"Дополнительный факс"},{"$i":"itemWithLabel","$v":[{"t":"idOrVar","v":"label"},", ",{"t":"idOrVar","v":"item"}]},{"$i":"label","$v":"Ярлык"},{"$i":"other","$v":"Другой"},{"$i":"tcl-customTag","$v":"Пользовательский тег"},{"$i":"dateTimeFormat_%c","$v":"%a %b %e %Y %I:%M:%S %p"},{"$i":"dateTimeFormat_%x","$v":"%m/%d/%Y"},{"$i":"days-ago-long","$v":{"few":[{"t":"idOrVar","v":"value"}," дней назад"],"many":[{"t":"idOrVar","v":"value"}," дней назад"],"one":"вчера","other":[{"t":"idOrVar","v":"value"}," дней назад"],"two":[{"t":"idOrVar","v":"value"}," дней назад"],"zero":"сегодня"},"$x":[{"t":"idOrVar","v":"plural"},"value"]},{"$i":"days-ago-short","$v":{"other":[{"t":"idOrVar","v":"value"}," д назад"],"zero":"сегодня"},"$x":[{"t":"idOrVar","v":"plural"},"value"]},{"$i":"days-until-long","$v":{"few":["через ",{"t":"idOrVar","v":"value"}," дней"],"many":["через ",{"t":"idOrVar","v":"value"}," дней"],"one":"завтра","other":["через ",{"t":"idOrVar","v":"value"}," дней"],"two":["через ",{"t":"idOrVar","v":"value"}," дней"],"zero":"сегодня"},"$x":[{"t":"idOrVar","v":"plural"},"value"]},{"$i":"days-until-short","$v":{"other":["через ",{"t":"idOrVar","v":"value"}," д"],"zero":"сегодня"},"$x":[{"t":"idOrVar","v":"plural"},"value"]},{"$i":"hours-ago-long","$v":{"few":[{"t":"idOrVar","v":"value"}," часов назад"],"many":[{"t":"idOrVar","v":"value"}," часов назад"],"one":"час назад","other":[{"t":"idOrVar","v":"value"}," часов назад"],"two":[{"t":"idOrVar","v":"value"}," часов назад"],"zero":"сейчас"},"$x":[{"t":"idOrVar","v":"plural"},"value"]},{"$i":"hours-ago-short","$v":{"other":[{"t":"idOrVar","v":"value"}," ч назад"],"zero":"сейчас"},"$x":[{"t":"idOrVar","v":"plural"},"value"]},{"$i":"hours-until-long","$v":{"few":["через ",{"t":"idOrVar","v":"value"}," часов"],"many":["через ",{"t":"idOrVar","v":"value"}," часов"],"one":"через  час","other":["через ",{"t":"idOrVar","v":"value"}," часов"],"two":["через ",{"t":"idOrVar","v":"value"}," часов"],"zero":"сейчас"},"$x":[{"t":"idOrVar","v":"plural"},"value"]},{"$i":"hours-until-short","$v":{"other":["через ",{"t":"idOrVar","v":"value"}," ч"],"zero":"сейчас"},"$x":[{"t":"idOrVar","v":"plural"},"value"]},{"$i":"incorrectDate","$v":"(неверная дата)"},{"$i":"minutes-ago-long","$v":{"few":[{"t":"idOrVar","v":"value"}," минут назад"],"many":[{"t":"idOrVar","v":"value"}," минут назад"],"one":"минуту назад","other":[{"t":"idOrVar","v":"value"}," минут назад"],"two":[{"t":"idOrVar","v":"value"}," минут назад"],"zero":"сейчас"},"$x":[{"t":"idOrVar","v":"plural"},"value"]},{"$i":"minutes-ago-short","$v":{"other":[{"t":"idOrVar","v":"value"}," мин назад"],"zero":"сейчас"},"$x":[{"t":"idOrVar","v":"plural"},"value"]},{"$i":"minutes-until-long","$v":{"few":["через ",{"t":"idOrVar","v":"value"}," минут"],"many":["через ",{"t":"idOrVar","v":"value"}," минут"],"one":"через минуту","other":["через ",{"t":"idOrVar","v":"value"}," минут"],"two":["через ",{"t":"idOrVar","v":"value"}," минут"],"zero":"сейчас"},"$x":[{"t":"idOrVar","v":"plural"},"value"]},{"$i":"minutes-until-short","$v":{"other":["через ",{"t":"idOrVar","v":"value"}," мин"],"zero":"сейчас"},"$x":[{"t":"idOrVar","v":"plural"},"value"]},{"$i":"month-0-genitive","$v":"Январь"},{"$i":"month-0-long","$v":"Январь"},{"$i":"month-0-short","$v":"Янв"},{"$i":"month-1-genitive","$v":"Февраль"},{"$i":"month-1-long","$v":"Февраль"},{"$i":"month-1-short","$v":"Фев"},{"$i":"month-10-genitive","$v":"Ноябрь"},{"$i":"month-10-long","$v":"Ноябрь"},{"$i":"month-10-short","$v":"Ноя"},{"$i":"month-11-genitive","$v":"Декабрь"},{"$i":"month-11-long","$v":"Декабрь"},{"$i":"month-11-short","$v":"Дек"},{"$i":"month-2-genitive","$v":"Март"},{"$i":"month-2-long","$v":"Март"},{"$i":"month-2-short","$v":"Мар"},{"$i":"month-3-genitive","$v":"Апрель"},{"$i":"month-3-long","$v":"Апрель"},{"$i":"month-3-short","$v":"Апр"},{"$i":"month-4-genitive","$v":"Май"},{"$i":"month-4-long","$v":"Май"},{"$i":"month-4-short","$v":"Май"},{"$i":"month-5-genitive","$v":"Июнь"},{"$i":"month-5-long","$v":"Июнь"},{"$i":"month-5-short","$v":"Июн"},{"$i":"month-6-genitive","$v":"Июль"},{"$i":"month-6-long","$v":"Июль"},{"$i":"month-6-short","$v":"Июл"},{"$i":"month-7-genitive","$v":"Август"},{"$i":"month-7-long","$v":"Август"},{"$i":"month-7-short","$v":"Авг"},{"$i":"month-8-genitive","$v":"Сентябрь"},{"$i":"month-8-long","$v":"Сентябрь"},{"$i":"month-8-short","$v":"Сен"},{"$i":"month-9-genitive","$v":"Октябрь"},{"$i":"month-9-long","$v":"Октябрь"},{"$i":"month-9-short","$v":"Окт"},{"$i":"months-ago-long","$v":{"few":[{"t":"idOrVar","v":"value"}," месяцев назад"],"many":[{"t":"idOrVar","v":"value"}," месяцев назад"],"one":"прошлый месяц","other":[{"t":"idOrVar","v":"value"}," месяцев назад"],"two":[{"t":"idOrVar","v":"value"}," месяцев назад"],"zero":"этот месяц"},"$x":[{"t":"idOrVar","v":"plural"},"value"]},{"$i":"months-until-long","$v":{"few":["через ",{"t":"idOrVar","v":"value"}," мес."],"many":["через ",{"t":"idOrVar","v":"value"}," мес."],"one":"в следующем месяце","other":["через ",{"t":"idOrVar","v":"value"}," мес."],"two":["через ",{"t":"idOrVar","v":"value"}," мес."],"zero":"этот месяц"},"$x":[{"t":"idOrVar","v":"plural"},"value"]},{"$i":"shortDateTimeFormat","$v":"%x %I:%M %p"},{"$i":"shortTimeFormat","$v":"%I:%M %p"},{"$i":"shortTimeFormat12","$v":"%I:%M %p"},{"$i":"shortTimeFormat24","$v":"%H:%M"},{"$i":"time_am","$v":"AM"},{"$i":"time_pm","$v":"PM"},{"$i":"weekday-0-long","$v":"Воскресенье"},{"$i":"weekday-0-short","$v":"Вс"},{"$i":"weekday-1-long","$v":"Понедельник"},{"$i":"weekday-1-short","$v":"Пн"},{"$i":"weekday-2-long","$v":"Вторник"},{"$i":"weekday-2-short","$v":"Вт"},{"$i":"weekday-3-long","$v":"Среда"},{"$i":"weekday-3-short","$v":"Ср"},{"$i":"weekday-4-long","$v":"Четверг"},{"$i":"weekday-4-short","$v":"Чт"},{"$i":"weekday-5-long","$v":"Пятница"},{"$i":"weekday-5-short","$v":"Пт"},{"$i":"weekday-6-long","$v":"Суббота"},{"$i":"weekday-6-short","$v":"Сб"},{"$i":"weeks-ago-long","$v":{"few":[{"t":"idOrVar","v":"value"}," недель назад"],"many":[{"t":"idOrVar","v":"value"}," недель назад"],"one":"последняя неделя","other":[{"t":"idOrVar","v":"value"}," недель назад"],"two":[{"t":"idOrVar","v":"value"}," недель назад"],"zero":"эта неделя"},"$x":[{"t":"idOrVar","v":"plural"},"value"]},{"$i":"weeks-until-long","$v":{"few":["через ",{"t":"idOrVar","v":"value"}," нед."],"many":["через ",{"t":"idOrVar","v":"value"}," нед."],"one":"следующая неделя","other":["через ",{"t":"idOrVar","v":"value"}," нед."],"two":["через ",{"t":"idOrVar","v":"value"}," нед."],"zero":"эта неделя"},"$x":[{"t":"idOrVar","v":"plural"},"value"]},{"$i":"years-ago-long","$v":{"few":[{"t":"idOrVar","v":"value"}," лет назад"],"many":[{"t":"idOrVar","v":"value"}," лет назад"],"one":"прошлый год","other":[{"t":"idOrVar","v":"value"}," лет назад"],"two":[{"t":"idOrVar","v":"value"}," лет назад"],"zero":"этот год"},"$x":[{"t":"idOrVar","v":"plural"},"value"]},{"$i":"years-until-long","$v":{"few":["через ",{"t":"idOrVar","v":"value"}," лет"],"many":["через ",{"t":"idOrVar","v":"value"}," лет"],"one":"следующий год","other":["через ",{"t":"idOrVar","v":"value"}," лет"],"two":["через ",{"t":"idOrVar","v":"value"}," лет"],"zero":"этот год"},"$x":[{"t":"idOrVar","v":"plural"},"value"]},{"$i":"dateTimeFormat_%X","$v":"%I:%M:%S %p"},{"$i":"weekStartsOnMonday","$v":"0"},{"$i":"firstDayOfTheWeek","$v":"1"}]
