[{"$i":"clockDateFormat","$v":"%a, %e %b"},{"$i":"deviceIsUnlocked","$v":"උපාංගය අගුළු හැරිනි"},{"$i":"simUnlockCodeAccepted","$v":"SIM අගුළු හැරීමේ කේතය පිළිගන්නා ලදී"},{"$i":"simUnlockCodeFailed","$v":"SIM අගුළු හැරීම අසාර්ධක විය"},{"$i":"eccOnly","$v":"හදිසි අවස්ථා පණිවුඩ පමණි"},{"$i":"emergencyCallsOnly","$v":"හදිසි ඇමතුම් පමණයි"},{"$i":"lockedSim","$v":"අගුළු දැමූ SIM"},{"$i":"noService","$v":"සේවාවක් නොමැත"},{"$i":"noSimCard","$v":"SIM කාඩ්පතක් නැත"},{"$i":"searching","$v":"සොයමින්…"},{"$i":"airplane-mode","$v":"ගුවන් යානා මාදිලිය"},{"$i":"bluetooth","$v":"Bluetooth"},{"$i":"brightness","$v":"දීප්තිය"},{"$i":"calculator","$v":"ගණකය"},{"$i":"camera","$v":"කැමරාව"},{"$i":"cellular-data","$v":"සෙලියුලර් දත්ත"},{"$i":"confirm-to-uninstall-app","$v":[{"t":"idOrVar","v":"appName"}," යෙදුම අස්ථාපනය කරන්නද?"]},{"$i":"flashlight","$v":"සැණෙලි එළිය"},{"$i":"instant-settings","$v":"ක්ෂණික පසුතල"},{"$i":"off","$v":"ක්‍රියා විරහිතයි"},{"$i":"on","$v":"ක්‍රියාත්මකයි"},{"$i":"shortcuts","$v":"කෙටි මං"},{"$i":"uninstall","$v":"අස්ථාපනය කරන්න"},{"$i":"volume","$v":"හඬ"},{"$i":"wifi","$v":"Wi-Fi"},{"$i":"percentage-number","$v":[{"t":"idOrVar","v":"number"},"%"]},{"$i":"all-apps","$v":"සියලු යෙදුම්"},{"$i":"scImei","$v":"IMEI"},{"$i":"scMeid","$v":"MEID"},{"$i":"scUssd","$v":"USSD"},{"$i":"CallFailed","$v":"ඇමතුම අසාර්ථක විණි"},{"$i":"GenericFailure","$v":"ප්‍රභේදරහිත අසාර්ථක වීම"},{"$i":"add-smart-collections","$v":"ස්මාර්ට් රැස්කිරීම් එක්කරන්න"},{"$i":"add-to-existing-contact","$v":"පවතින සබඳතාවට එක්කරන්න"},{"$i":"alert-for-contacts-without-number","$v":"දුරකථන අංකය ලද හැකි සබඳතා නැත."},{"$i":"app-title","$v":"මගේ යෙදුම්"},{"$i":"app-uninstall","$v":[{"t":"idOrVar","v":"name"}," අස්ථාපනය කරනලදී"]},{"$i":"assign","$v":"පවරන්න"},{"$i":"assign-speed-dial","$v":["සබඳතාව ",{"t":"idOrVar","v":"n"}," බොත්තමෙහි වේග ඩයල් ලෙස එක් නොකරන ලදි. දැන් පවරන්නද?"]},{"$i":"assign-voicemail","$v":"හඬ තැපැල් අංකය සකස් වී නොමැත."},{"$i":"call","$v":"අමතන්න"},{"$i":"callAirplaneModeMessage","$v":"ඇමතුමක් ලබා ගැනීමට ඔබ ගුවන්යානා මාදිලිය පසුතලහිදී අක්‍රීය කළ යුතුය."},{"$i":"callAirplaneModeTitle","$v":"ගුවන්විදුලි මාදිලිය සක්‍රීයයි"},{"$i":"cancel","$v":"අවලංගු කරන්න"},{"$i":"change-wallpaper","$v":"වෝල්පේපරය වෙනස් කරන්න"},{"$i":"clocks-updated","$v":"ඔරලෝසු යාවත් කරන ලදි"},{"$i":"confirmation","$v":"තහවුරු කිරීම"},{"$i":"contacts","$v":"සබඳතා"},{"$i":"create-new-contact","$v":"නව සබඳතාව සාදන්න"},{"$i":"delete","$v":"මකන්න"},{"$i":"delete-body","$v":[{"t":"idOrVar","v":"name"}," එහි දත්ත සියල්ල මකා දමාවි."]},{"$i":"delete-title","$v":[{"t":"idOrVar","v":"name"},"මකන්නද"]},{"$i":"edit","$v":"සංස්කරණය කරන්න"},{"$i":"edit-done","$v":"ඉටු කළා"},{"$i":"edit-group-header","$v":"කණ්ඩායම වෙනස් කරන්න"},{"$i":"edit-mode","$v":"සංස්කරණය කරන්න"},{"$i":"emergency-call-error","$v":[{"t":"idOrVar","v":"number"}," යනු හදිසි අංකයක් නොවේ."]},{"$i":"emergency-call-only","$v":"හදිසි අවස්ථා ඇමතුම පමණි"},{"$i":"emergencyDialogBodyBadNumber","$v":"ඇමතුමක් ලබා ගැනීමට, දුරකථනය ජාලයකට සම්බන්ධ කර තිබිය යුතුය."},{"$i":"emergencyDialogBodyDeviceNotAccepted","$v":"ජාලයෙන් හදිසි අවස්ථා ඇමතුම්වලට ඉඩ නොලැබේ."},{"$i":"emergencyDialogTitle","$v":"ජාල සම්බන්ධතාවයක් නැත"},{"$i":"fax-home","$v":"නිවසේ ෆැක්ස්"},{"$i":"fax-office","$v":"කාර්යාලයේ ෆැක්ස්"},{"$i":"fax-other","$v":"වෙනත් ෆැක්ස්"},{"$i":"fdnIsActiveMessage","$v":["FDN (ස්ථිර ඩයල් කිරීමේ අංක) සක්‍රිය කර ඇති අතර පහත දැක්වෙන අංකය ඔබේ FDN ලැයිස්තුවේ නැත: ",{"t":"idOrVar","v":"number"}]},{"$i":"fdnIsActiveTitle","$v":"FDN සක්‍රියයි"},{"$i":"gaia-shortcut-app-updated","$v":"යෙදුම් යාවත් කරන ලදි"},{"$i":"grid-view","$v":"ජාල දැක්ම"},{"$i":"home","$v":"ගෙදර"},{"$i":"homescreen-settings","$v":"මුල්පිටු තිර පසුතල"},{"$i":"invalidNumberToDialMessage","$v":"ඔබ අමතන අංකය වලංගු එකක් නොවේ."},{"$i":"invalidNumberToDialTitle","$v":"වැරදි දුරකථන අංකය"},{"$i":"list-view","$v":"ලැයිස්තු දැක්ම"},{"$i":"longDateFormat","$v":"%A, %B %e"},{"$i":"menu","$v":"මෙනුව"},{"$i":"message","$v":"පණිවුඩය"},{"$i":"mobile","$v":"ජංගම"},{"$i":"more","$v":"තවත්"},{"$i":"move","$v":"ගෙන යන්න"},{"$i":"notifications","$v":"නිවේදන"},{"$i":"numberIsBusyMessage","$v":"අංකය මේ මොහොතේ කාර්යබහුලයි. කරුණාකර පසුව නැවත උත්සාහ කරන්න."},{"$i":"numberIsBusyTitle","$v":"අංකය කාර්ය බහුලයි"},{"$i":"ok","$v":"OK"},{"$i":"option-remove","$v":"වේග ඩයල්වලින් ඉවත් කරන්න"},{"$i":"option-replace","$v":"ප්රතිස්. කරන"},{"$i":"options","$v":"විකල්ප"},{"$i":"otherConnectionInUseMessage","$v":"ඔබට වෙනත් සම්බන්ධතාවයක සක්‍රීය ඇමතුමක් තිබේ. ඔබට එක් අවස්ථාවක භාවිතා කළ හැක්කේ එක් සම්බන්ධතාවයක් පමණි."},{"$i":"otherConnectionInUseTitle","$v":"භාවිතා වන අනෙක් සම්බන්ධතාව"},{"$i":"personal","$v":"පෞද්ගලික"},{"$i":"remove","$v":"ඉවත් කරන්න"},{"$i":"remove-speed-dial","$v":["වේග ඩයල් වෙතින් ",{"t":"idOrVar","v":"name"}," ඉවත් කළ යුතු බව ඔබට සහතිකද?"]},{"$i":"replace","$v":"ප්රතිස්. කරන"},{"$i":"replace-speed-dial","$v":["ඔබට ",{"t":"idOrVar","v":"name"}," යන්න ",{"t":"idOrVar","v":"subName"}," යන්න වෙනුවට ආදේශ කළ යුතු බව ඔබට සහතිකද?"]},{"$i":"resume-download-action","$v":"බාගන්න"},{"$i":"resume-download-body","$v":[{"t":"idOrVar","v":"name"},"බාගැනීමට අවශ්‍ය නැතිද?"]},{"$i":"resume-download-title","$v":"බාගත කිරීම නැවත අරඹන්න"},{"$i":"scCallBarring","$v":"ඇමතුම් තහනම් කිරීම"},{"$i":"scCallForwarding","$v":"ඇමතුම යොමු කිරීම"},{"$i":"scCallWaiting","$v":"ඇමතුම් පොරොත්තුව"},{"$i":"scClip","$v":"එන ඇමතුම්කරුගේ ID"},{"$i":"scClir","$v":"පිටතට යන අමතන්නාගේ ID"},{"$i":"scPin","$v":"PIN වෙනස් කිරීම"},{"$i":"scPin2","$v":"PIN2 වෙනස් කරන්න"},{"$i":"scPuk","$v":"PIN අගුළු මුදන්න"},{"$i":"scPuk2","$v":"PIN2 අගුළු මුදන්න"},{"$i":"scPwd","$v":"රහස් කේතය වෙනස් කරන්න"},{"$i":"search-or-enter-address","placeholder":"ලිපිනය සොයන්න හෝ ඇතුළු කරන්න"},{"$i":"select","$v":"තෝරන්න"},{"$i":"sending","$v":"යවමින්…"},{"$i":"set","$v":"සකසන්න"},{"$i":"settings","$v":"පසුතල"},{"$i":"single-view","$v":"තනි දැක්ම"},{"$i":"skip","$v":"මග හරින්න"},{"$i":"speed-dial","$v":"වේග ඩයල්"},{"$i":"speed-dial-empty","ariaLabel":[{"t":"idOrVar","v":"order"},", හිස්"]},{"$i":"speed-dial-not-empty","ariaLabel":[{"t":"idOrVar","v":"order"},", ",{"t":"idOrVar","v":"name"}]},{"$i":"stop-download-action","$v":"නවත්වන්න"},{"$i":"stop-download-body","$v":"සිදු කෙරෙමින් පවතින බාගැනීම නතර කිරීමට ඔබට අවශ්‍යද?"},{"$i":"stop-download-title","$v":["නවත්වන්න ",{"t":"idOrVar","v":"name"}]},{"$i":"tcl-wallpaper-changed","$v":"බිත්ති පුවත්පත වෙනස් කරන ලදි"},{"$i":"video-call","$v":"වීඩියෝ ඇමතුම"},{"$i":"voicemail","$v":"හඬ තැපැල්"},{"$i":"work","$v":"වැඩ"},{"$i":"apps","$v":"යෙදුම්"},{"$i":"nocard-eccOnly","$v":"No SIM card-Emergency calls only"},{"$i":"unusablecard-eccOnly","$v":"Unusable SIM card-Emergency calls only"},{"$i":"apn-sim1","$v":"APN සැකසුම් - SIM1"},{"$i":"apn-sim2","$v":"APN සැකසුම් - SIM2"},{"$i":"apnConfigPrepay","$v":"පෙර ගෙවන්න"},{"$i":"apnConfigPostpay","$v":"පසු ගෙවන්න"},{"$i":"apn-defaultconfig-message","$v":"කුමන වර්ගයේ APN පෙන්විය යුතු දැයි සකසන්න"},{"$i":"apnDefaultConfig","$v":"APN පෙරනිමි වින්‍යාසකරණය"},{"$i":"without-sim-new","$v":[{"t":"idOrVar","v":"index"}]},{"$i":"with-sim-new","$v":[{"t":"idOrVar","v":"index"}," - ",{"t":"idOrVar","v":"carrier"}]},{"$i":"sim-with-index-and-carrier","$v":["SIM ",{"t":"idOrVar","v":"index"}," - ",{"t":"idOrVar","v":"carrier"}]},{"$i":"sim-without-carrier","$v":["SIM ",{"t":"idOrVar","v":"index"}]},{"$i":"call-forwarding-voice-after-seconds","$v":["හඬ: තත්පර ",{"t":"idOrVar","v":"timeSeconds"}," කට පසුව ",{"t":"idOrVar","v":"voice"}]},{"$i":"addNewNumber","$v":"නව අංකයක් එක්කරන්න"},{"$i":"addToExistingContact","$v":"පවතින සබඳතාවට එක්කරන්න"},{"$i":"all","$v":"සියල්ල","ariaLabel":"සියල්ල"},{"$i":"bluetooth-handsfree-device","$v":"Bluetooth හෑන්ඩස්ෆ්‍රී උපාංගය"},{"$i":"bluetoothOption","ariaLabel":"Bluetooth"},{"$i":"callDurationHours","$v":[{"t":"idOrVar","v":"h"},":",{"t":"idOrVar","v":"m"},":",{"t":"idOrVar","v":"s"}]},{"$i":"callDurationMinutes","$v":[{"t":"idOrVar","v":"m"},":",{"t":"idOrVar","v":"s"}]},{"$i":"callDurationTextFormatHours","$v":[{"t":"idOrVar","v":"h"}," පැ ",{"t":"idOrVar","v":"m"}," මි ",{"t":"idOrVar","v":"s"}," ත"]},{"$i":"callDurationTextFormatMinutes","$v":[{"t":"idOrVar","v":"m"}," m ",{"t":"idOrVar","v":"s"}," s"]},{"$i":"callDurationTextFormatSeconds","$v":[{"t":"idOrVar","v":"s"}," ත"]},{"$i":"callEnded","$v":"ඇමතුම අවසන් කරන ලදි"},{"$i":"callInformation","$v":"ඇමතුම් තත්ත්වය"},{"$i":"callLog","$v":"ඇමතුම් ලොගය"},{"$i":"callLogEdit","title":"ඇමතුම් ලොගය වෙනස් කරන්න"},{"$i":"callLogEditDialog","ariaLabel":"ඇමතුම් ලොග් සංවාදය සංස්කරණය කරන්න"},{"$i":"caller-left-call","$v":[{"t":"idOrVar","v":"caller"}," ඇමතුම හැරගොස්ය."]},{"$i":"calllog-all","$v":"සියල්ල"},{"$i":"calllog-deselectAll","$v":"සියල්ල නොතෝරන්න"},{"$i":"calllog-none","$v":"කිසිත් නැත"},{"$i":"calllog-selectAll","$v":"සියල්ල තෝරන්න"},{"$i":"canceled","$v":"අවලංගු කෙරිණි"},{"$i":"clear-all-text","$v":"සියලු වදන් හිස් කරන්න"},{"$i":"close","$v":"වසන්න"},{"$i":"composeEmail","ariaLabel":"ඊමේල්"},{"$i":"conferenceAddError","$v":"ඇමතුම් ඒකාබද්ධ කළ නොහැක"},{"$i":"conferenceCall","$v":["සමුළුව (",{"t":"idOrVar","v":"n"},")"]},{"$i":"conferenceRemoveError","$v":"ඇමතුම් ඒකාබද්ධයන් ඉවත් කළ නොහැක"},{"$i":"confirm-deletion","$v":"තෝරන ලද ඇමතුම් හිස් කරන්නද?"},{"$i":"connecting","$v":"සම්බන්ධ වෙමින්"},{"$i":"connectingEllipsis","$v":"සම්බන්ධ කරමින්…"},{"$i":"contactDetails","$v":"සබඳතා විස්තර"},{"$i":"createNewContact","$v":"නව සබඳතාව සාදන්න"},{"$i":"delete-n-log?","$v":{"few":["ලොග ",{"t":"idOrVar","v":"n"}," මකන්නද?"],"many":["ලොග ",{"t":"idOrVar","v":"n"}," මකන්නද?"],"one":"තේරූ ලොගය මකන්නද?","other":["ලොග ",{"t":"idOrVar","v":"n"}," මකන්නද?"],"two":["ලොග ",{"t":"idOrVar","v":"n"}," මකන්නද?"],"zero":"කිසිවක් තෝරා නැත"},"$x":[{"t":"idOrVar","v":"plural"},"n"]},{"$i":"deselect","$v":"තේරීම ඉවත් කරන්න"},{"$i":"dialed","$v":"ඩයල් කළ"},{"$i":"dialer-prompt","$v":"ඇමතුමට එක් කිරීමට අංකය ඩයල් කරන්න නැතහොත් සබඳතාව තෝරන්න"},{"$i":"dialerAddContact","ariaLabel":"සබඳතාව එක් කරන්න"},{"$i":"dialerAddContactDialog","ariaLabel":"සබඳතා සංවාදය එක් කරන්න"},{"$i":"edit-selected","$v":{"few":["(",{"t":"idOrVar","v":"n"},") තෝරන ලදි"],"many":["(",{"t":"idOrVar","v":"n"},") තෝරන ලදි"],"one":["(",{"t":"idOrVar","v":"n"},") තෝරන ලදි"],"other":["(",{"t":"idOrVar","v":"n"},") තෝරන ලදි"],"two":["(",{"t":"idOrVar","v":"n"},") තෝරන ලදි"]},"$x":[{"t":"idOrVar","v":"plural"},"n"]},{"$i":"emailDetail","ariaLabel":"ඊමේල්"},{"$i":"from-contact","$v":["සිට ",{"t":"idOrVar","v":"contact"}]},{"$i":"from-number","$v":["සිට ",{"t":"idOrVar","v":"number"}]},{"$i":"from-withheld-number","$v":"නොදන්නා අංකයකින්"},{"$i":"hangup-a11y-button","ariaLabel":"ආපසු තබන්න"},{"$i":"hide","$v":"සඟවන්න"},{"$i":"hideKeypad","ariaLabel":"යතුරු පුවරුව සඟවන්න"},{"$i":"hold","ariaLabel":"නවත්වන්න"},{"$i":"hours","$v":"පැය"},{"$i":"ignore","$v":"ඇමතුම නොසලකන්න"},{"$i":"incoming","$v":"පැමිණෙන"},{"$i":"incoming-call","$v":"එන ඇමතුම"},{"$i":"info-missed","$v":"මගහැරුණු"},{"$i":"keypad","ariaLabel":"යතුරු පුවරුව"},{"$i":"log-item","$v":"විකල්ප"},{"$i":"makeCall","ariaLabel":"ඇමතුමක් ගන්න"},{"$i":"merge","ariaLabel":"ඒකාබද්ධ කරන්න"},{"$i":"minutes","$v":"විනාඩි"},{"$i":"missed","$v":"මගහැරුණු","ariaLabel":"මගහැරුණු"},{"$i":"missedCall","$v":"මඟහැරුණු ඇමතුම"},{"$i":"missedCallMultiSims","$v":["මඟ හැරුණු ඇමතුම (SIM ",{"t":"idOrVar","v":"n"},")"]},{"$i":"mmi-error","$v":"පණිවුඩය යවන අතර දෝෂයක් ඇති විය"},{"$i":"mmi-notification-title-with-sim","$v":["(",{"t":"idOrVar","v":"sim"},") ",{"t":"idOrVar","v":"title"}]},{"$i":"mmi-session-expired","$v":"සැසියේ කල් ඉකුත්ව ඇත"},{"$i":"mmi-successfully-sent","$v":"පණිවුඩය සාර්ථකව යවන ලදි"},{"$i":"mute","ariaLabel":"නිහඬ"},{"$i":"newCall","ariaLabel":"නව ඇමතුම"},{"$i":"no-logs-msg-1","$v":"කිසිදු ඇමතුමක් පටිගත කර නැත"},{"$i":"no-logs-msg-2","$v":"දැන් සන්නිවේදනය අරඹන්න"},{"$i":"no-logs-msg-3","$v":"කිසිදු ඇමතුමක් පටිගත කර නැත"},{"$i":"no-logs-msg-4","$v":"දැන් සන්නිවේදනය අරඹන්න"},{"$i":"no-recent-numbers","$v":"ඇමතුම් ලොග් තුළ ඩයල් කිරීමට මෑතකාලීන අංක නැත."},{"$i":"onHoldOption","ariaLabel":"රඳවා ඇත"},{"$i":"outgoing","$v":"පිටතට යන"},{"$i":"outgoing-call","$v":"යන ඇමතුම්"},{"$i":"phoneDetail","ariaLabel":"දුරකථනය"},{"$i":"pickup-a11y-button","ariaLabel":"නංවා ගැනීම"},{"$i":"received","$v":"ලැබුණු"},{"$i":"receiver","$v":"ලබන්නා"},{"$i":"recents","ariaLabel":"මෑත කාලීන ඇමතුම්"},{"$i":"reply","$v":"පිළිතුරු දෙන්න"},{"$i":"resume","$v":"නැවත අරඹන්න","ariaLabel":"නැවත අරඹන්න"},{"$i":"search-results","$v":"ප්‍රතිඵල සොයන්න"},{"$i":"seconds","$v":"දෙවන"},{"$i":"select-audio-sources","$v":"ශ්‍රව්‍ය මුලාශ්‍ර තෝරන්න"},{"$i":"send","$v":"යවන්න"},{"$i":"send-sms-button","ariaLabel":"SMS"},{"$i":"sendSms","$v":"පණිවුඩය යවන්න"},{"$i":"separator","$v":","},{"$i":"sim-number","$v":["SIM",{"t":"idOrVar","v":"n"}]},{"$i":"speaker","$v":"ස්පීකර්"},{"$i":"speakerOption","ariaLabel":"ස්පීකර්"},{"$i":"suggestionMatches","$v":{"few":[{"t":"idOrVar","v":"n"}," සඳහා ගැලපුම \"",{"t":"idOrVar","v":"matchNumber"}],"many":[{"t":"idOrVar","v":"n"}," සඳහා ගැලපුම \"",{"t":"idOrVar","v":"matchNumber"}],"one":[{"t":"idOrVar","v":"n"}," සඳහා ගැලපුම \"",{"t":"idOrVar","v":"matchNumber"}],"other":[{"t":"idOrVar","v":"n"}," සඳහා ගැලපුම \"",{"t":"idOrVar","v":"matchNumber"}],"two":[{"t":"idOrVar","v":"n"}," සඳහා ගැලපුම \"",{"t":"idOrVar","v":"matchNumber"}]},"$x":[{"t":"idOrVar","v":"plural"},"n"]},{"$i":"switch-calls","$v":"ඇමතුම් මාරු කරන්න"},{"$i":"tcl-assign","$v":"පවරන්න"},{"$i":"tcl-assign-speed-dial","$v":{"$o":["සබඳතාව \"",{"t":"idOrVar","v":"speedDial"},"\"<br></br>බොත්තමෙහි වේග ඩයල් ලෙස එක් නොකරන ලදි. දැන් පවරන්නද?"]}},{"$i":"tcl-call-log-delete-group-notification","$v":[{"t":"idOrVar","v":"n"}," නිවේශන මකා දැමීය"]},{"$i":"tcl-calllog-entry-removed-err-notification","$v":"ඇමතුම් ලොග් ඇතුළු කිරීම ඉවත් කළ නොහැක"},{"$i":"tcl-calllog-entry-removed-succ-notification","$v":"ඇමතුම් ලොග සටහන ඉවත් කරන ලදි"},{"$i":"tcl-cancel","$v":"අවලංගු කරන්න"},{"$i":"tcl-confirmation","$v":"තහවුරු කිරීම"},{"$i":"tcl-delete-log","$v":"තෝරන ලද සටහන් ඇමතුම් ලොගයෙන් මැකීමට අවශ්‍ය බව ඔබට සහතිකද?"},{"$i":"tcl-dialer","$v":"ඩයලරය"},{"$i":"tcl-edit-not-selected","$v":"තෝරන ලදි(0)"},{"$i":"tcl-option-menu-call-log-edit","$v":"ඇමතුම් ලොගය වෙනස් කරන්න"},{"$i":"today","$v":"අද"},{"$i":"toggleKeypad","ariaLabel":"ටොගල් යතුරු පෑඩය"},{"$i":"type-your-response","placeholder":"ඔබේ ප්‍රතිචාරය ටයිප් කරන්න…"},{"$i":"unknown","$v":"නොදනී"},{"$i":"unlock-a11y-button","ariaLabel":"ස්ලයිඩරය"},{"$i":"ussd-services","$v":[{"t":"idOrVar","v":"operator"}," සේවා"]},{"$i":"via-sim","$v":["SIM හරහා",{"t":"idOrVar","v":"n"}]},{"$i":"view-all","$v":"සියල්ල පෙන්වන්න"},{"$i":"wifi-calling","$v":"Wi-Fi ඇමතීම"},{"$i":"withheld-number","$v":"නොදනී"},{"$i":"yesterday","$v":"ඊයේ"},{"$i":"SimPin2","$v":"SIM PIN2"},{"$i":"SimPuk2","$v":"SIM PUK2"},{"$i":"serviceClassFax","$v":"ෆැක්ස්"},{"$i":"serviceClassPad","$v":"PAD"},{"$i":"serviceClassSms","$v":"SMS"},{"$i":"DialModifiedToDial","$v":"Dial modified to dial"},{"$i":"DialModifiedToSs","$v":"Dial modified to SS"},{"$i":"DialModifiedToUssd","$v":"Dial modified to USSD"},{"$i":"FdnCheckFailure","$v":"Fdn පරීක්ෂාව අසාර්ථකයි"},{"$i":"IllegalSimOrMe","$v":"නීතිවිරෝධී SIM හෝ ME"},{"$i":"InvalidParameter","$v":"වැරදි පරාමිතිය"},{"$i":"ModeNotSupported","$v":"ආකාරය ආධාරක නොවේ"},{"$i":"OpNotAllowedDuringVoiceCall","$v":"හඬ පණිවුඩ අතරතුර මෙහෙයුමට ඉඩ දී නැත"},{"$i":"PasswordIncorrect","$v":"රහස් වචනය වැරදියි"},{"$i":"RadioNotAvailable","$v":"Radio not available"},{"$i":"RejectedByRemote","$v":"දුරස්ථය මගින් ප්‍රතික්ෂේප කරන ලදි"},{"$i":"RequestNotSupported","$v":"ඉල්ලීමට ආධාරක නොවේ"},{"$i":"ServiceIsDisabled","$v":"සේවාව අක්‍රීයයි"},{"$i":"ServiceIsEnabled","$v":"සේවාව සක්‍රීයයි"},{"$i":"ServiceIsEnabledFor","$v":"සඳහා සේවාව සක්‍රීයයි:"},{"$i":"SimAbsent","$v":"SIM නොමැත"},{"$i":"SmsSendFailRetry","$v":"SMS send fail retry"},{"$i":"SsModifiedToDial","$v":"SS ඩයල් කිරීමට වෙනස් කරන ලදි"},{"$i":"SsModifiedToSs","$v":"SS යන්න SS ට වෙනස් කරන ලදි"},{"$i":"SsModifiedToUssd","$v":"SS USSDට වෙනස් කරන ලදි"},{"$i":"SubscriptionNotAvailable","$v":"දායකත්වය ලද නොහැකිය"},{"$i":"SubscriptionNotSupported","$v":"දායකත්වය ආධාරක නොවේ"},{"$i":"UssdModifiedToDial","$v":"ඩයල් කිරීම ලෙසට USSD වෙනස් කරන ලදි"},{"$i":"UssdModifiedToSs","$v":"SS ලෙසට USSD වෙනස් කරන ලදි"},{"$i":"UssdModifiedToUssd","$v":"USSD ලෙසට USSD වෙනස් කරන ලදි"},{"$i":"call-forwarding-async","$v":["අසමමුහූර්තක: ",{"t":"idOrVar","v":"async"}]},{"$i":"call-forwarding-data","$v":["දත්ත: ",{"t":"idOrVar","v":"data"}]},{"$i":"call-forwarding-error","$v":"ඇමතුම යොමු කිරීමේ තත්ත්වය ලබා ගන්නා අතර දෝෂයක් ඇති විය"},{"$i":"call-forwarding-fax","$v":["ෆැක්ස්: ",{"t":"idOrVar","v":"fax"}]},{"$i":"call-forwarding-inactive","$v":"අක්‍රියයි"},{"$i":"call-forwarding-packet","$v":["පැකට්ටුව: ",{"t":"idOrVar","v":"packet"}]},{"$i":"call-forwarding-pad","$v":["PAD: ",{"t":"idOrVar","v":"pad"}]},{"$i":"call-forwarding-sms","$v":["SMS: ",{"t":"idOrVar","v":"sms"}]},{"$i":"call-forwarding-status","$v":"ඇමතුම යොමු කිරීමේ තත්ත්වය"},{"$i":"call-forwarding-sync","$v":["සමමුහූර්ත: ",{"t":"idOrVar","v":"sync"}]},{"$i":"call-forwarding-voice","$v":["හඬ: ",{"t":"idOrVar","v":"voice"}]},{"$i":"emMmiError","$v":"සම්බන්ධතා ගැටළුවක් හෝ වැරදි MMI කේතයක්"},{"$i":"emMmiErrorBadPin","$v":"ඔබ ඇතුළු කළ පැරණි PIN වැරදිය."},{"$i":"emMmiErrorBadPuk","$v":"ඔබ ටයිප් කළ PUK වැරදි එකකි"},{"$i":"emMmiErrorEnablePin","$v":"අසාර්ථකයි. SIM/RUIM අගුළ සක්‍රීය කරන්න"},{"$i":"emMmiErrorInvalidAction","$v":"වැරදි ක්‍රියාවක"},{"$i":"emMmiErrorInvalidPin","$v":"ඉලක්කම් 4 සිට 8 අතර PIN අංකයක් ඇතුළු කරන්න"},{"$i":"emMmiErrorInvalidScCode","$v":"වැරදි සේවා කේතයක්"},{"$i":"emMmiErrorMismatchPin","$v":"ඔබ ඇතුළු කළ PIN කේත නොගැලපේ"},{"$i":"emMmiErrorMmiFdn","$v":"ස්ථිර ඩයල් කිරීමේ අංකවලට පමණක් මෙහෙයුම සීමා කර ඇත"},{"$i":"emMmiErrorNeedPuk2","$v":"SIM කාඩ්පත අගුළු ඇරීමට PUK2 ඇතුළු කරන්න"},{"$i":"emMmiErrorNeedsPuk","$v":"ඔබේ SIM කාඩ්පතේ PUK-අගුළු දමා තිබේ"},{"$i":"emMmiErrorNotSupported","$v":"වැරදි හෝ සහාය නොදක්වන MMI කේතය"},{"$i":"emMmiErrorPasswordIncorrect","$v":"වැරදි රහස් වචනයක්"},{"$i":"emMmiErrorPinPukAttempts","$v":{"few":[{"t":"idOrVar","v":"n"}," ප්‍රතිඋත්සාහ හැරගොස්ය"],"many":[{"t":"idOrVar","v":"n"}," ප්‍රතිඋත්සාහ හැරගොස්ය"],"one":["එක්",{"t":"idOrVar","v":"n"}," නැවත උත්සාහ කිරීමක් පමණක් ඉතිරිව ඇත"],"other":[{"t":"idOrVar","v":"n"}," ප්‍රතිඋත්සාහ හැරගොස්ය"],"two":[{"t":"idOrVar","v":"n"}," ප්‍රතිඋත්සාහ හැරගොස්ය"]},"$x":[{"t":"idOrVar","v":"plural"},"n"]},{"$i":"emMmiErrorSimBlocked","$v":"උපරිම උත්සාහක සංඛ්‍යාව වෙත ළඟා විය. SIM අවහිර කරන ලදි"},{"$i":"emMmiErrorStkCcSsDial","$v":"SS ඉල්ලීම DIAL ඉල්ලීම ලෙසට වෙනස් කරන ලදි"},{"$i":"emMmiErrorStkCcSsSs","$v":"SS ඉල්ලීම නව SS ඉල්ලීම ලෙසට වෙනස් කරන ලදි"},{"$i":"emMmiErrorStkCcSsUssd","$v":"SS ඉල්ලීම USSD ලෙසට වෙනස් කරන ලදි"},{"$i":"emMmiErrorStkCcUssdDial","$v":"DIAL ඉල්ලීම USSD ඉල්ලීම ලෙසට වෙනස් කරන ලදි"},{"$i":"emMmiErrorStkCcUssdSs","$v":"USSD ඉල්ලීම SS ඉල්ලීම ලෙසට වෙනස් කරන ලදි"},{"$i":"emMmiErrorStkCcUssdUssd","$v":"USSD ඉල්ලීම නව USSD ඉල්ලීම ලෙසට වෙනස් කරන ලදි"},{"$i":"fihVersion","$v":"FIH අනුවාදය"},{"$i":"imeiAndSvn","$v":"IMEI හා SVN"},{"$i":"internalVersion","$v":"අභ්‍යන්තර අනුවාදය"},{"$i":"serviceClassData","$v":"දත්ත"},{"$i":"serviceClassDataAsync","$v":"අසමමු"},{"$i":"serviceClassDataSync","$v":"සමමු කරන්න"},{"$i":"serviceClassPacket","$v":"පැකට්ටුව"},{"$i":"serviceClassVoice","$v":"හඬ"},{"$i":"smClirDefaultOffNextCallOff","$v":"අමතන්නාගේ ID පෙරනිමි සීමා කර නැති ලෙසට. ඊළඟ ඇමතුම: සීමා කර නැත"},{"$i":"smClirDefaultOffNextCallOn","$v":"අමතන්නාගේ ID පෙරනිමි සීමා කර නැති ලෙසට. ඊළඟ ඇමතුම: සීමා කර ඇත"},{"$i":"smClirDefaultOnNextCallOff","$v":"අමතන්නාගේ ID පෙරනිමි සීමා කර ඇති ලෙසට. ඊළඟ ඇමතුම: සීමා කර නැත"},{"$i":"smClirDefaultOnNextCallOn","$v":"අමතන්නාගේ ID පෙරනිමි සීමා කර ඇති ලෙසට. ඊළඟ ඇමතුම: සීමා කර ඇත"},{"$i":"smClirPermanent","$v":"ඔබට අමතන්නාගේ ID පසුතල වෙනස් කළ නොහැක"},{"$i":"smPin2Changed","$v":"PIN2 සාර්ථකව වෙනස් කරන ලදි"},{"$i":"smPin2Unblocked","$v":"PIN2 සාර්ථකව බාධා හරින ලදි"},{"$i":"smPinChanged","$v":"PIN අංකය සාර්ථකව වෙනස් කරන ලදි"},{"$i":"smPinUnblocked","$v":"PIN අංකය සාර්ථකව බාධා හරින ලදි"},{"$i":"smServiceDisabled","$v":"සේවාව අක්‍රීය කර තිබේ"},{"$i":"smServiceEnabled","$v":"සේවාව සක්‍රීය කරන ලදි"},{"$i":"smServiceEnabledFor","$v":"මේ සඳහා සේවාව සක්‍රීය කරන ලදි:"},{"$i":"smServiceErased","$v":"මැකීම සාර්ථක විය"},{"$i":"smServiceInterrogated","$v":"ඉල්ලීම සාර්ථක විය"},{"$i":"smServiceNotProvisioned","$v":"සේවාව සපයා නැත"},{"$i":"smServiceRegistered","$v":"ලියාපදිංචි කිරීම සාර්ථකයි"},{"$i":"another","$v":"වෙනත්"},{"$i":"current","$v":"වත්මන්"},{"$i":"customTag","$v":"ගැලපුම් ටැගය","placeholder":"ගැලපුම් ටැගය"},{"$i":"faxHome","$v":"නිවසේ ෆැක්ස්"},{"$i":"faxOffice","$v":"කාර්යාලයේ ෆැක්ස්"},{"$i":"faxOther","$v":"වෙනත් ෆැක්ස්"},{"$i":"itemWithLabel","$v":[{"t":"idOrVar","v":"label"},", ",{"t":"idOrVar","v":"item"}]},{"$i":"label","$v":"ලේබලය"},{"$i":"other","$v":"වෙනත්"},{"$i":"tcl-customTag","$v":"ගැලපුම් ටැගය"},{"$i":"dateTimeFormat_%c","$v":"%a %b %e %Y %I:%M:%S %p"},{"$i":"dateTimeFormat_%x","$v":"%m/%d/%Y"},{"$i":"days-ago-long","$v":{"few":[{"t":"idOrVar","v":"value"}," දවසකට ඉහත"],"many":[{"t":"idOrVar","v":"value"}," දවසකට ඉහත"],"one":"ඊයේ","other":[{"t":"idOrVar","v":"value"}," දවසකට ඉහත"],"two":[{"t":"idOrVar","v":"value"}," දවසකට ඉහත"],"zero":"අද"},"$x":[{"t":"idOrVar","v":"plural"},"value"]},{"$i":"days-ago-short","$v":{"other":[{"t":"idOrVar","v":"value"},"දි. පෙර"],"zero":"අද"},"$x":[{"t":"idOrVar","v":"plural"},"value"]},{"$i":"days-until-long","$v":{"few":["දින ",{"t":"idOrVar","v":"value"}," කින්"],"many":["දින ",{"t":"idOrVar","v":"value"}," කින්"],"one":"හෙට","other":["දින ",{"t":"idOrVar","v":"value"}," කින්"],"two":["දින ",{"t":"idOrVar","v":"value"}," කින්"],"zero":"අද"},"$x":[{"t":"idOrVar","v":"plural"},"value"]},{"$i":"days-until-short","$v":{"other":["දින ",{"t":"idOrVar","v":"value"},"කින්"],"zero":"අද"},"$x":[{"t":"idOrVar","v":"plural"},"value"]},{"$i":"hours-ago-long","$v":{"few":[{"t":"idOrVar","v":"value"}," පැයකට ඉහත"],"many":[{"t":"idOrVar","v":"value"}," පැයකට ඉහත"],"one":"පැයකට පෙර","other":[{"t":"idOrVar","v":"value"}," පැයකට ඉහත"],"two":[{"t":"idOrVar","v":"value"}," පැයකට ඉහත"],"zero":"මේ දැන්"},"$x":[{"t":"idOrVar","v":"plural"},"value"]},{"$i":"hours-ago-short","$v":{"other":[{"t":"idOrVar","v":"value"},"පැ. පෙර"],"zero":"මේ දැන්"},"$x":[{"t":"idOrVar","v":"plural"},"value"]},{"$i":"hours-until-long","$v":{"few":["පැය ",{"t":"idOrVar","v":"value"}," කින්"],"many":["පැය ",{"t":"idOrVar","v":"value"}," කින්"],"one":"පැයකදී","other":["පැය ",{"t":"idOrVar","v":"value"}," කින්"],"two":["පැය ",{"t":"idOrVar","v":"value"}," කින්"],"zero":"දැන්"},"$x":[{"t":"idOrVar","v":"plural"},"value"]},{"$i":"hours-until-short","$v":{"other":["පැය ",{"t":"idOrVar","v":"value"},"කින්"],"zero":"දැන්"},"$x":[{"t":"idOrVar","v":"plural"},"value"]},{"$i":"incorrectDate","$v":"(වැරදිදිනය)"},{"$i":"minutes-ago-long","$v":{"few":[{"t":"idOrVar","v":"value"}," මිනිත්තුවකට පෙර"],"many":[{"t":"idOrVar","v":"value"}," මිනිත්තුවකට පෙර"],"one":"මිනිත්තුවකට පෙර","other":[{"t":"idOrVar","v":"value"}," මිනිත්තුවකට පෙර"],"two":[{"t":"idOrVar","v":"value"}," මිනිත්තුවකට පෙර"],"zero":"මේ දැන්"},"$x":[{"t":"idOrVar","v":"plural"},"value"]},{"$i":"minutes-ago-short","$v":{"other":[{"t":"idOrVar","v":"value"},"මි. පෙර"],"zero":"මේ දැන්"},"$x":[{"t":"idOrVar","v":"plural"},"value"]},{"$i":"minutes-until-long","$v":{"few":["මිනිත්තු",{"t":"idOrVar","v":"value"}," කින්"],"many":["මිනිත්තු",{"t":"idOrVar","v":"value"}," කින්"],"one":"මිනිත්තුවකදී","other":["මිනිත්තු",{"t":"idOrVar","v":"value"}," කින්"],"two":["මිනිත්තු",{"t":"idOrVar","v":"value"}," කින්"],"zero":"දැන්"},"$x":[{"t":"idOrVar","v":"plural"},"value"]},{"$i":"minutes-until-short","$v":{"other":["මාස ",{"t":"idOrVar","v":"value"},"කින්"],"zero":"දැන්"},"$x":[{"t":"idOrVar","v":"plural"},"value"]},{"$i":"month-0-genitive","$v":"ජනවාරි"},{"$i":"month-0-long","$v":"ජනවාරි"},{"$i":"month-0-short","$v":"ජන"},{"$i":"month-1-genitive","$v":"පෙබරවාරි"},{"$i":"month-1-long","$v":"පෙබරවාරි"},{"$i":"month-1-short","$v":"පෙබ"},{"$i":"month-10-genitive","$v":"නොවැම්බර්"},{"$i":"month-10-long","$v":"නොවැම්බර්"},{"$i":"month-10-short","$v":"නොවැ"},{"$i":"month-11-genitive","$v":"දෙසැම්බර්"},{"$i":"month-11-long","$v":"දෙසැම්බර්"},{"$i":"month-11-short","$v":"දෙසැ"},{"$i":"month-2-genitive","$v":"මාර්තු"},{"$i":"month-2-long","$v":"මාර්තු"},{"$i":"month-2-short","$v":"මාර්."},{"$i":"month-3-genitive","$v":"අප්‍රේල්"},{"$i":"month-3-long","$v":"අප්‍රේල්"},{"$i":"month-3-short","$v":"අප්‍රේ"},{"$i":"month-4-genitive","$v":"මැයි"},{"$i":"month-4-long","$v":"මැයි"},{"$i":"month-4-short","$v":"මැයි"},{"$i":"month-5-genitive","$v":"ජූනි"},{"$i":"month-5-long","$v":"ජුනි"},{"$i":"month-5-short","$v":"ජූනි"},{"$i":"month-6-genitive","$v":"ජුලි"},{"$i":"month-6-long","$v":"ජූලි"},{"$i":"month-6-short","$v":"ජූලි"},{"$i":"month-7-genitive","$v":"අගෝස්තු"},{"$i":"month-7-long","$v":"අගෝස්තු"},{"$i":"month-7-short","$v":"අගෝ"},{"$i":"month-8-genitive","$v":"සැප්තැම්බර්"},{"$i":"month-8-long","$v":"සැප්තැම්බර්"},{"$i":"month-8-short","$v":"සැප්"},{"$i":"month-9-genitive","$v":"ඔක්තෝබර්"},{"$i":"month-9-long","$v":"ඔක්තෝබර්"},{"$i":"month-9-short","$v":"ඔක්"},{"$i":"months-ago-long","$v":{"few":[{"t":"idOrVar","v":"value"}," මසකට ඉහත"],"many":[{"t":"idOrVar","v":"value"}," මසකට ඉහත"],"one":"අවසන් මාසය","other":[{"t":"idOrVar","v":"value"}," මසකට ඉහත"],"two":[{"t":"idOrVar","v":"value"}," මසකට ඉහත"],"zero":"මේ මාසය"},"$x":[{"t":"idOrVar","v":"plural"},"value"]},{"$i":"months-until-long","$v":{"few":["මාස ",{"t":"idOrVar","v":"value"}," කින්"],"many":["මාස ",{"t":"idOrVar","v":"value"}," කින්"],"one":"ඊළඟ මාසය","other":["මාස ",{"t":"idOrVar","v":"value"}," කින්"],"two":["මාස ",{"t":"idOrVar","v":"value"}," කින්"],"zero":"මේ මාසය"},"$x":[{"t":"idOrVar","v":"plural"},"value"]},{"$i":"shortDateTimeFormat","$v":"%x %I:%M %p"},{"$i":"shortTimeFormat","$v":"%I:%M %p"},{"$i":"shortTimeFormat12","$v":"%I:%M %p"},{"$i":"shortTimeFormat24","$v":"%H:%M"},{"$i":"time_am","$v":"AM"},{"$i":"time_pm","$v":"PM"},{"$i":"weekday-0-long","$v":"ඉරිදා"},{"$i":"weekday-0-short","$v":"ඉරිදා"},{"$i":"weekday-1-long","$v":"සඳුදා"},{"$i":"weekday-1-short","$v":"සඳු"},{"$i":"weekday-2-long","$v":"අඟහරුවාදා"},{"$i":"weekday-2-short","$v":"අඟ"},{"$i":"weekday-3-long","$v":"බදාදා"},{"$i":"weekday-3-short","$v":"බදා"},{"$i":"weekday-4-long","$v":"බ්‍රහස්පතින්දා"},{"$i":"weekday-4-short","$v":"බ්‍රහස්"},{"$i":"weekday-5-long","$v":"සිකුරාදා"},{"$i":"weekday-5-short","$v":"සිකු"},{"$i":"weekday-6-long","$v":"සෙනසුරාදා"},{"$i":"weekday-6-short","$v":"සෙන"},{"$i":"weeks-ago-long","$v":{"few":[{"t":"idOrVar","v":"value"}," සතියකට ඉහත"],"many":[{"t":"idOrVar","v":"value"}," සතියකට ඉහත"],"one":"පසුගිය සතිය","other":[{"t":"idOrVar","v":"value"}," සතියකට ඉහත"],"two":[{"t":"idOrVar","v":"value"}," සතියකට ඉහත"],"zero":"මේ සතිය"},"$x":[{"t":"idOrVar","v":"plural"},"value"]},{"$i":"weeks-until-long","$v":{"few":["සති ",{"t":"idOrVar","v":"value"}," කින්"],"many":["සති ",{"t":"idOrVar","v":"value"}," කින්"],"one":"ඊළඟ සතිය","other":["සති ",{"t":"idOrVar","v":"value"}," කින්"],"two":["සති ",{"t":"idOrVar","v":"value"}," කින්"],"zero":"මේ සතිය"},"$x":[{"t":"idOrVar","v":"plural"},"value"]},{"$i":"years-ago-long","$v":{"few":[{"t":"idOrVar","v":"value"}," වසරකට ඉහත"],"many":[{"t":"idOrVar","v":"value"}," වසරකට ඉහත"],"one":"පසුගිය වසර","other":[{"t":"idOrVar","v":"value"}," වසරකට ඉහත"],"two":[{"t":"idOrVar","v":"value"}," වසරකට ඉහත"],"zero":"මෙම වසර"},"$x":[{"t":"idOrVar","v":"plural"},"value"]},{"$i":"years-until-long","$v":{"few":["වසර ",{"t":"idOrVar","v":"value"}," කින්"],"many":["වසර ",{"t":"idOrVar","v":"value"}," කින්"],"one":"ඊළඟ වසර","other":["වසර ",{"t":"idOrVar","v":"value"}," කින්"],"two":["වසර ",{"t":"idOrVar","v":"value"}," කින්"],"zero":"මෙම වසර"},"$x":[{"t":"idOrVar","v":"plural"},"value"]},{"$i":"dateTimeFormat_%X","$v":"%I:%M:%S %p"},{"$i":"weekStartsOnMonday","$v":"0"},{"$i":"firstDayOfTheWeek","$v":"1"}]