[{"$i":"clockDateFormat","$v":"%a, %e %b"},{"$i":"deviceIsUnlocked","$v":"Zariadenie je odomk."},{"$i":"simUnlockCodeAccepted","$v":"Odomk. kód karty SIM prijatý"},{"$i":"simUnlockCodeFailed","$v":"Odomk. karty SIM zlyhalo"},{"$i":"eccOnly","$v":"Iba núdzové hovory"},{"$i":"emergencyCallsOnly","$v":"Iba núdzové hovory"},{"$i":"lockedSim","$v":"Zamknutá SIM"},{"$i":"noService","$v":"Žiadna služba"},{"$i":"noSimCard","$v":"Žiad. SIM karta"},{"$i":"searching","$v":"Vyhľadávanie…"},{"$i":"airplane-mode","$v":"Režim Lietadlo"},{"$i":"bluetooth","$v":"Bluetooth"},{"$i":"brightness","$v":"Jas"},{"$i":"calculator","$v":"Kalkulačka"},{"$i":"camera","$v":"Fotoaparát"},{"$i":"cellular-data","$v":"Mobilné dáta"},{"$i":"confirm-to-uninstall-app","$v":["Odinštalovať aplikáciu ",{"t":"idOrVar","v":"appName"},"?"]},{"$i":"flashlight","$v":"Baterka"},{"$i":"instant-settings","$v":"okamž. nastavenia"},{"$i":"off","$v":"Vyp."},{"$i":"on","$v":"Zap."},{"$i":"shortcuts","$v":"Skratky"},{"$i":"uninstall","$v":"Odinštalovať"},{"$i":"volume","$v":"Hlasitosť"},{"$i":"wifi","$v":"Wi-Fi"},{"$i":"percentage-number","$v":[{"t":"idOrVar","v":"number"}," %"]},{"$i":"all-apps","$v":"Všetky apl."},{"$i":"scImei","$v":"IMEI"},{"$i":"scMeid","$v":"MEID"},{"$i":"scUssd","$v":"USSD"},{"$i":"CallFailed","$v":"Hovor zlyhal"},{"$i":"GenericFailure","$v":"Gener. chyba"},{"$i":"add-smart-collections","$v":"Pridať intelig. kolekcie"},{"$i":"add-to-existing-contact","$v":"Pridať k exist. kontaktu"},{"$i":"alert-for-contacts-without-number","$v":"Nenašiel sa žiadny dostupný kontakt s telefónnym číslom."},{"$i":"app-title","$v":"Moje apl."},{"$i":"app-uninstall","$v":[{"t":"idOrVar","v":"name"}," odinštalovaná."]},{"$i":"assign","$v":"Priradiť"},{"$i":"assign-speed-dial","$v":["Kontakt nebol pridaný ako rýchla voľba na tlačidlo ",{"t":"idOrVar","v":"n"},". Priradiť?"]},{"$i":"assign-voicemail","$v":"Číslo hlas. schránky nie je nastavené."},{"$i":"call","$v":"Volať"},{"$i":"callAirplaneModeMessage","$v":"Ak chcete uskutočniť hovor, vypnite režim Lietadlo v nastaveniach."},{"$i":"callAirplaneModeTitle","$v":"Režim Lietadlo zapnutý"},{"$i":"cancel","$v":"Zrušiť"},{"$i":"change-wallpaper","$v":"Zmeniť tapetu"},{"$i":"clocks-updated","$v":"Hodiny aktualiz."},{"$i":"confirmation","$v":"Potvrdenie"},{"$i":"contacts","$v":"Kontakty"},{"$i":"create-new-contact","$v":"Vytvoriť nový účet"},{"$i":"delete","$v":"Vymazať"},{"$i":"delete-body","$v":[{"t":"idOrVar","v":"name"}," a všetky jeho údaje sa vymažú."]},{"$i":"delete-title","$v":["Vymazať ",{"t":"idOrVar","v":"name"}]},{"$i":"edit","$v":"Upraviť"},{"$i":"edit-done","$v":"Hotovo"},{"$i":"edit-group-header","$v":"Upraviť skupinu"},{"$i":"edit-mode","$v":"Upraviť"},{"$i":"emergency-call-error","$v":[{"t":"idOrVar","v":"number"}," nie je núdzové číslo."]},{"$i":"emergency-call-only","$v":"Len núdzový hovor"},{"$i":"emergencyDialogBodyBadNumber","$v":"Ak chcete uskutočniť hovor, telefón musí byť pripojený k sieti."},{"$i":"emergencyDialogBodyDeviceNotAccepted","$v":"Sieť nepovoľuje núdzové volania."},{"$i":"emergencyDialogTitle","$v":"Žiad. sieťové pripojenie"},{"$i":"fax-home","$v":"Fax domov"},{"$i":"fax-office","$v":"Fax (práca)"},{"$i":"fax-other","$v":"Fax (iné)"},{"$i":"fdnIsActiveMessage","$v":["Povolené čísla (FDN) sú aktiv. a nasled. číslo nie je v zozname FDN: ",{"t":"idOrVar","v":"number"}]},{"$i":"fdnIsActiveTitle","$v":"FDN aktívne"},{"$i":"gaia-shortcut-app-updated","$v":"Apl. aktual."},{"$i":"grid-view","$v":"Zobr. ikon"},{"$i":"home","$v":"Domov"},{"$i":"homescreen-settings","$v":"Nastavenia dom. obr."},{"$i":"invalidNumberToDialMessage","$v":"Telefónne číslo, na ktoré voláte, je neplatné."},{"$i":"invalidNumberToDialTitle","$v":"Nepl. tel. číslo"},{"$i":"list-view","$v":"Zobr. zoznamu"},{"$i":"longDateFormat","$v":"%A, %B %e"},{"$i":"menu","$v":"Menu"},{"$i":"message","$v":"Správa"},{"$i":"mobile","$v":"Mobilný"},{"$i":"more","$v":"Ďalšie"},{"$i":"move","$v":"Presunúť"},{"$i":"notifications","$v":"Oznámenia"},{"$i":"numberIsBusyMessage","$v":"Číslo je obsadené. Skúste to znova neskôr."},{"$i":"numberIsBusyTitle","$v":"Číslo je obs."},{"$i":"ok","$v":"OK"},{"$i":"option-remove","$v":"Odstrániť z rýchlej voľby"},{"$i":"option-replace","$v":"Nahradiť"},{"$i":"options","$v":"Možnosti"},{"$i":"otherConnectionInUseMessage","$v":"Na inom spojení máte aktívny hovor. Môžete používať len 1 spojenie súčasne."},{"$i":"otherConnectionInUseTitle","$v":"Používa sa iné spojenie"},{"$i":"personal","$v":"Osobné"},{"$i":"remove","$v":"Odobrať"},{"$i":"remove-speed-dial","$v":["Naozaj chcete odstrániť ",{"t":"idOrVar","v":"name"}," z rýchlej voľby?"]},{"$i":"replace","$v":"Nahradiť"},{"$i":"replace-speed-dial","$v":["Naozaj chcete nahradiť ",{"t":"idOrVar","v":"name"}," s ",{"t":"idOrVar","v":"subName"},"?"]},{"$i":"resume-download-action","$v":"Stiahnuť"},{"$i":"resume-download-body","$v":["Chcete stiahnuť ",{"t":"idOrVar","v":"name"},"?"]},{"$i":"resume-download-title","$v":"Reštart. sťahovanie"},{"$i":"scCallBarring","$v":"Blokovanie h."},{"$i":"scCallForwarding","$v":"Presmer. hov."},{"$i":"scCallWaiting","$v":"Čakanie na h."},{"$i":"scClip","$v":"ID volaj. prich. hov."},{"$i":"scClir","$v":"ID volajúceho odch. h."},{"$i":"scPin","$v":"Zmena k. PIN"},{"$i":"scPin2","$v":"Zmena k. PIN2"},{"$i":"scPuk","$v":"Odblokovať PIN"},{"$i":"scPuk2","$v":"Odblokovať PIN2"},{"$i":"scPwd","$v":"Zmena hesla"},{"$i":"search-or-enter-address","placeholder":"Vyhľ. al. zadať adresu"},{"$i":"select","$v":"Vybrať"},{"$i":"sending","$v":"Odosiela sa…"},{"$i":"set","$v":"Nastaviť"},{"$i":"settings","$v":"Nastavenia"},{"$i":"single-view","$v":"Samostatné zobr."},{"$i":"skip","$v":"Preskočiť"},{"$i":"speed-dial","$v":"Rýchla voľba"},{"$i":"speed-dial-empty","ariaLabel":[{"t":"idOrVar","v":"order"},", prázdne"]},{"$i":"speed-dial-not-empty","ariaLabel":[{"t":"idOrVar","v":"order"},", ",{"t":"idOrVar","v":"name"}]},{"$i":"stop-download-action","$v":"Stop"},{"$i":"stop-download-body","$v":"Chcete zastaviť prebiehajúce sťahovanie?"},{"$i":"stop-download-title","$v":["Zastaviť ",{"t":"idOrVar","v":"name"}]},{"$i":"tcl-wallpaper-changed","$v":"Tapeta zmenená"},{"$i":"video-call","$v":"Videohovor"},{"$i":"voicemail","$v":"Hlasová schránka"},{"$i":"work","$v":"Práca"},{"$i":"apps","$v":"Aplikácie"},{"$i":"nocard-eccOnly","$v":"No SIM card-Emergency calls only"},{"$i":"unusablecard-eccOnly","$v":"Unusable SIM card-Emergency calls only"},{"$i":"apn-sim1","$v":"Nastavenia APN – SIM1"},{"$i":"apn-sim2","$v":"Nastavenia APN – SIM2"},{"$i":"apnConfigPrepay","$v":"Zaplatiť vopred."},{"$i":"apnConfigPostpay","$v":"Zaplatiť neskôr."},{"$i":"apn-defaultconfig-message","$v":"Zvoľte, ktorý typ APN sa má zobrazovať."},{"$i":"apnDefaultConfig","$v":"APN Default Config"},{"$i":"without-sim-new","$v":[{"t":"idOrVar","v":"index"}]},{"$i":"with-sim-new","$v":[{"t":"idOrVar","v":"index"}," – ",{"t":"idOrVar","v":"carrier"}]},{"$i":"sim-with-index-and-carrier","$v":["SIM ",{"t":"idOrVar","v":"index"}," – ",{"t":"idOrVar","v":"carrier"}]},{"$i":"sim-without-carrier","$v":["SIM ",{"t":"idOrVar","v":"index"}]},{"$i":"call-forwarding-voice-after-seconds","$v":["Hlas: ",{"t":"idOrVar","v":"voice"}," po ",{"t":"idOrVar","v":"timeSeconds"}," s"]},{"$i":"addNewNumber","$v":"Pridať nové číslo"},{"$i":"addToExistingContact","$v":"Pridať k exist. kontaktu"},{"$i":"all","$v":"Všetky","ariaLabel":"Všetky"},{"$i":"bluetooth-handsfree-device","$v":"Zariadenie handsfree Bluetooth"},{"$i":"bluetoothOption","ariaLabel":"Bluetooth"},{"$i":"callDurationHours","$v":[{"t":"idOrVar","v":"h"},":",{"t":"idOrVar","v":"m"},":",{"t":"idOrVar","v":"s"}]},{"$i":"callDurationMinutes","$v":[{"t":"idOrVar","v":"m"},":",{"t":"idOrVar","v":"s"}]},{"$i":"callDurationTextFormatHours","$v":[{"t":"idOrVar","v":"h"}," h ",{"t":"idOrVar","v":"m"}," m ",{"t":"idOrVar","v":"s"}," s"]},{"$i":"callDurationTextFormatMinutes","$v":[{"t":"idOrVar","v":"m"}," m ",{"t":"idOrVar","v":"s"}," s"]},{"$i":"callDurationTextFormatSeconds","$v":[{"t":"idOrVar","v":"s"}," s"]},{"$i":"callEnded","$v":"Hovor ukončený"},{"$i":"callInformation","$v":"Inf. o hovore"},{"$i":"callLog","$v":"Denník hov."},{"$i":"callLogEdit","title":"Upraviť zozn. hov."},{"$i":"callLogEditDialog","ariaLabel":"Upraviť dialóg zozn. hov."},{"$i":"caller-left-call","$v":[{"t":"idOrVar","v":"caller"}," zanechal(a) hovor."]},{"$i":"calllog-all","$v":"Všetky"},{"$i":"calllog-deselectAll","$v":"Zrušiť výber. vš."},{"$i":"calllog-none","$v":"Žiadne"},{"$i":"calllog-selectAll","$v":"Označiť všetko"},{"$i":"canceled","$v":"Zrušené"},{"$i":"clear-all-text","$v":"Zmazať vš. text"},{"$i":"close","$v":"Zavrieť"},{"$i":"composeEmail","ariaLabel":"E-mail"},{"$i":"conferenceAddError","$v":"Nedajú sa zlúčiť hovory"},{"$i":"conferenceCall","$v":["Konferencia (",{"t":"idOrVar","v":"n"},")"]},{"$i":"conferenceRemoveError","$v":"Nedá sa zrušiť zlúč. hovorov"},{"$i":"confirm-deletion","$v":"Zmazať zvol. hovory?"},{"$i":"connecting","$v":"Pripájanie"},{"$i":"connectingEllipsis","$v":"Pripájanie…"},{"$i":"contactDetails","$v":"Info o kontakte"},{"$i":"createNewContact","$v":"Vytvoriť nový účet"},{"$i":"delete-n-log?","$v":{"few":["Vymazať denníky (",{"t":"idOrVar","v":"n"},")?"],"many":["Vymazať denníky (",{"t":"idOrVar","v":"n"},")?"],"one":"Vymazať zvolený denník?","other":["Vymazať denníky (",{"t":"idOrVar","v":"n"},")?"],"two":["Vymazať denníky (",{"t":"idOrVar","v":"n"},")?"],"zero":"Bez výberu"},"$x":[{"t":"idOrVar","v":"plural"},"n"]},{"$i":"deselect","$v":"Zrušiť výber"},{"$i":"dialed","$v":"Vytočené"},{"$i":"dialer-prompt","$v":"Vytoč č. alebo vyber kontakt na prid. do hovoru"},{"$i":"dialerAddContact","ariaLabel":"Pridať kontakt"},{"$i":"dialerAddContactDialog","ariaLabel":"Pridať rozhov. kont."},{"$i":"edit-selected","$v":{"few":["vybraté (",{"t":"idOrVar","v":"n"},")"],"many":["vybraté (",{"t":"idOrVar","v":"n"},")"],"one":["vybraté (",{"t":"idOrVar","v":"n"},")"],"other":["vybraté (",{"t":"idOrVar","v":"n"},")"],"two":["vybraté (",{"t":"idOrVar","v":"n"},")"]},"$x":[{"t":"idOrVar","v":"plural"},"n"]},{"$i":"emailDetail","ariaLabel":"E-mail"},{"$i":"from-contact","$v":["Od ",{"t":"idOrVar","v":"contact"}]},{"$i":"from-number","$v":["Od ",{"t":"idOrVar","v":"number"}]},{"$i":"from-withheld-number","$v":"Z neznámeho čísla"},{"$i":"hangup-a11y-button","ariaLabel":"Zavesiť"},{"$i":"hide","$v":"Skryť"},{"$i":"hideKeypad","ariaLabel":"Skryť tlač."},{"$i":"hold","ariaLabel":"Podržať"},{"$i":"hours","$v":"hod."},{"$i":"ignore","$v":"Ignorovať hov."},{"$i":"incoming","$v":"Prichádzajúci"},{"$i":"incoming-call","$v":"Prichádzajúci hovor"},{"$i":"info-missed","$v":"Neprijaté"},{"$i":"keypad","ariaLabel":"Tlačidlá"},{"$i":"log-item","$v":"Voľby"},{"$i":"makeCall","ariaLabel":"Uskut. h."},{"$i":"merge","ariaLabel":"Zlúčiť"},{"$i":"minutes","$v":"min."},{"$i":"missed","$v":"Neprijaté","ariaLabel":"Neprijaté"},{"$i":"missedCall","$v":"Zmeškaný hovor"},{"$i":"missedCallMultiSims","$v":["Zmeškaný hovor (SIM ",{"t":"idOrVar","v":"n"},")"]},{"$i":"mmi-error","$v":"Počas odosiel. správy sa vyskytla chyba"},{"$i":"mmi-notification-title-with-sim","$v":["(",{"t":"idOrVar","v":"sim"},") ",{"t":"idOrVar","v":"title"}]},{"$i":"mmi-session-expired","$v":"Plat. rel. vypršala"},{"$i":"mmi-successfully-sent","$v":"Správa úspešne odoslaná"},{"$i":"mute","ariaLabel":"Stlmiť"},{"$i":"newCall","ariaLabel":"Nový hovor"},{"$i":"no-logs-msg-1","$v":"Žiadne zazn. hovory"},{"$i":"no-logs-msg-2","$v":"Začať komunikovať"},{"$i":"no-logs-msg-3","$v":"Žiadne zazn. hovory"},{"$i":"no-logs-msg-4","$v":"Začať komunikovať"},{"$i":"no-recent-numbers","$v":"V zozname hovorov nie sú žiadne nedávne čísla na vytočenie."},{"$i":"onHoldOption","ariaLabel":"Podržaný"},{"$i":"outgoing","$v":"Odchádzajúci"},{"$i":"outgoing-call","$v":"Odchádzajúci hovor"},{"$i":"phoneDetail","ariaLabel":"Telefón"},{"$i":"pickup-a11y-button","ariaLabel":"Zdvihnúť"},{"$i":"received","$v":"Prijaté"},{"$i":"receiver","$v":"Prijímač"},{"$i":"recents","ariaLabel":"Nedávne hov."},{"$i":"reply","$v":"Odpovedať"},{"$i":"resume","$v":"Obnoviť","ariaLabel":"Obnoviť"},{"$i":"search-results","$v":"Výsl. vyhľ."},{"$i":"seconds","$v":"sekundy"},{"$i":"select-audio-sources","$v":"Vybrať zvuk. zdroje"},{"$i":"send","$v":"Odoslať"},{"$i":"send-sms-button","ariaLabel":"SMS"},{"$i":"sendSms","$v":"Poslať správu"},{"$i":"separator","$v":","},{"$i":"sim-number","$v":["SIM",{"t":"idOrVar","v":"n"}]},{"$i":"speaker","$v":"Reproduktor"},{"$i":"speakerOption","ariaLabel":"Reproduktor"},{"$i":"suggestionMatches","$v":{"few":["Zhody pre „",{"t":"idOrVar","v":"matchNumber"},"“: ",{"t":"idOrVar","v":"n"}],"many":["Zhody pre „",{"t":"idOrVar","v":"matchNumber"},"“: ",{"t":"idOrVar","v":"n"}],"one":[{"t":"idOrVar","v":"n"}," zhoda pre „",{"t":"idOrVar","v":"matchNumber"},"“"],"other":["Zhody pre „",{"t":"idOrVar","v":"matchNumber"},"“: ",{"t":"idOrVar","v":"n"}],"two":["Zhody pre „",{"t":"idOrVar","v":"matchNumber"},"“: ",{"t":"idOrVar","v":"n"}]},"$x":[{"t":"idOrVar","v":"plural"},"n"]},{"$i":"switch-calls","$v":"Prepnúť hovory"},{"$i":"tcl-assign","$v":"Priradiť"},{"$i":"tcl-assign-speed-dial","$v":{"$o":["Kontakt nebol pridaný ako rýchla voľba na tlačidlo „",{"t":"idOrVar","v":"speedDial"},"“<br></br>Priradiť?"]}},{"$i":"tcl-call-log-delete-group-notification","$v":["Vymazané záznamy: ",{"t":"idOrVar","v":"n"}]},{"$i":"tcl-calllog-entry-removed-err-notification","$v":"Nie je možné odstr. zázn. denníka hov."},{"$i":"tcl-calllog-entry-removed-succ-notification","$v":"Položka denníka hov. vymaz."},{"$i":"tcl-cancel","$v":"Zrušiť"},{"$i":"tcl-confirmation","$v":"Potvrdenie"},{"$i":"tcl-delete-log","$v":"Naozaj chcete vymazať zvolené záznamy z denníka hovorov?"},{"$i":"tcl-dialer","$v":"Vytáčanie"},{"$i":"tcl-edit-not-selected","$v":"vybraté (0)"},{"$i":"tcl-option-menu-call-log-edit","$v":"Upraviť zozn. hov."},{"$i":"today","$v":"Dnes"},{"$i":"toggleKeypad","ariaLabel":"Prepnúť klávesnicu"},{"$i":"type-your-response","placeholder":"Zadajte odpoveď..."},{"$i":"unknown","$v":"Neznáme"},{"$i":"unlock-a11y-button","ariaLabel":"Jazdec"},{"$i":"ussd-services","$v":["Služby: ",{"t":"idOrVar","v":"operator"}]},{"$i":"via-sim","$v":["cez SIM",{"t":"idOrVar","v":"n"}]},{"$i":"view-all","$v":"Zobraziť vš."},{"$i":"wifi-calling","$v":"Volanie Wi-Fi"},{"$i":"withheld-number","$v":"Neznáme"},{"$i":"yesterday","$v":"Včera"},{"$i":"SimPin2","$v":"PIN2 (SIM)"},{"$i":"SimPuk2","$v":"PUK2 (SIM)"},{"$i":"serviceClassFax","$v":"FAX"},{"$i":"serviceClassPad","$v":"PAD"},{"$i":"serviceClassSms","$v":"SMS"},{"$i":"DialModifiedToDial","$v":"Dial modified to dial"},{"$i":"DialModifiedToSs","$v":"Dial modified to SS"},{"$i":"DialModifiedToUssd","$v":"Dial modified to USSD"},{"$i":"FdnCheckFailure","$v":"Kontrola FDN zlyhala"},{"$i":"IllegalSimOrMe","$v":"Neplatná SIM al. ME"},{"$i":"InvalidParameter","$v":"Nepl. parameter"},{"$i":"ModeNotSupported","$v":"Režim nepodporovaný"},{"$i":"OpNotAllowedDuringVoiceCall","$v":"Operácia nie je počas hlas. hov. pov."},{"$i":"PasswordIncorrect","$v":"Nesprávne heslo"},{"$i":"RadioNotAvailable","$v":"Radio not available"},{"$i":"RejectedByRemote","$v":"Odmietnuté diaľk. ovl."},{"$i":"RequestNotSupported","$v":"Žiadosť nepodpor."},{"$i":"ServiceIsDisabled","$v":"Služba je zakázaná"},{"$i":"ServiceIsEnabled","$v":"Služba je povolená"},{"$i":"ServiceIsEnabledFor","$v":"Služba je povolená pre:"},{"$i":"SimAbsent","$v":"SIM chýba"},{"$i":"SmsSendFailRetry","$v":"SMS send fail retry"},{"$i":"SsModifiedToDial","$v":"SS uprav. na vytočenie"},{"$i":"SsModifiedToSs","$v":"SS uprav. na SS"},{"$i":"SsModifiedToUssd","$v":"SS uprav. na USSD"},{"$i":"SubscriptionNotAvailable","$v":"Predplatné nedostupné"},{"$i":"SubscriptionNotSupported","$v":"Predplatné nepodporované"},{"$i":"UssdModifiedToDial","$v":"USSD uprav. na vytočenie"},{"$i":"UssdModifiedToSs","$v":"USSD uprav. na SS"},{"$i":"UssdModifiedToUssd","$v":"USSD uprav. na USSD"},{"$i":"call-forwarding-async","$v":["Asynchrónne: ",{"t":"idOrVar","v":"async"}]},{"$i":"call-forwarding-data","$v":["Dáta: ",{"t":"idOrVar","v":"data"}]},{"$i":"call-forwarding-error","$v":"Počas načítania stavu presmer. hov. sa vyskytla chyba"},{"$i":"call-forwarding-fax","$v":["FAX: ",{"t":"idOrVar","v":"fax"}]},{"$i":"call-forwarding-inactive","$v":"Neaktívne"},{"$i":"call-forwarding-packet","$v":["Balíček: ",{"t":"idOrVar","v":"packet"}]},{"$i":"call-forwarding-pad","$v":["PAD: ",{"t":"idOrVar","v":"pad"}]},{"$i":"call-forwarding-sms","$v":["SMS: ",{"t":"idOrVar","v":"sms"}]},{"$i":"call-forwarding-status","$v":"Stav presmer. hov."},{"$i":"call-forwarding-sync","$v":["Synchrónne: ",{"t":"idOrVar","v":"sync"}]},{"$i":"call-forwarding-voice","$v":["Hlas: ",{"t":"idOrVar","v":"voice"}]},{"$i":"emMmiError","$v":"Problém pripojenia alebo neplatný kód MMI"},{"$i":"emMmiErrorBadPin","$v":"Zadaný starý kód PIN je nesprávny."},{"$i":"emMmiErrorBadPuk","$v":"Zadaný kód PUK je nesprávny"},{"$i":"emMmiErrorEnablePin","$v":"Nepodarilo sa. Povoľte ZÁMOK SIM/RUIM"},{"$i":"emMmiErrorInvalidAction","$v":"Neplatná akcia"},{"$i":"emMmiErrorInvalidPin","$v":"Zadajte PIN – 4 až 8 číslic"},{"$i":"emMmiErrorInvalidScCode","$v":"Nepl. kód služby"},{"$i":"emMmiErrorMismatchPin","$v":"Zadané kódy PIN sa nezhodujú"},{"$i":"emMmiErrorMmiFdn","$v":"Operácia je obmedz. iba na čísla pevn. zozn."},{"$i":"emMmiErrorNeedPuk2","$v":"Zadajte PUK2 na odblok. karty SIM"},{"$i":"emMmiErrorNeedsPuk","$v":"Karte SIM je zamknutá kódom PUK"},{"$i":"emMmiErrorNotSupported","$v":"Nepl. alebo nepodpor. kód MMI"},{"$i":"emMmiErrorPasswordIncorrect","$v":"Nesprávne heslo"},{"$i":"emMmiErrorPinPukAttempts","$v":{"few":["Zost. opätovné pokusy: ",{"t":"idOrVar","v":"n"}],"many":["Zost. opätovné pokusy: ",{"t":"idOrVar","v":"n"}],"one":["Zost. počet pokusov: ",{"t":"idOrVar","v":"n"}],"other":["Zost. opätovné pokusy: ",{"t":"idOrVar","v":"n"}],"two":["Zost. opätovné pokusy: ",{"t":"idOrVar","v":"n"}]},"$x":[{"t":"idOrVar","v":"plural"},"n"]},{"$i":"emMmiErrorSimBlocked","$v":"Prekroč. max. poč. opak. pokusov. SIM zablok."},{"$i":"emMmiErrorStkCcSsDial","$v":"Žiad. SS je uprav. na žiad. VYTOČENIA"},{"$i":"emMmiErrorStkCcSsSs","$v":"Žiad. SS je uprav. na novú žiad. SS"},{"$i":"emMmiErrorStkCcSsUssd","$v":"Žiad. SS je uprav. na žiad. USSD"},{"$i":"emMmiErrorStkCcUssdDial","$v":"Žiadosť USSD je uprav. na žiadosť VYTOČENIA"},{"$i":"emMmiErrorStkCcUssdSs","$v":"Žiadosť USSD je uprav. na žiadosť SS"},{"$i":"emMmiErrorStkCcUssdUssd","$v":"Žiadosť USSD je uprav. na novú žiadosť USSD"},{"$i":"fihVersion","$v":"Verzia FIH"},{"$i":"imeiAndSvn","$v":"IMEI a SVN"},{"$i":"internalVersion","$v":"Interná verzia"},{"$i":"serviceClassData","$v":"Dáta"},{"$i":"serviceClassDataAsync","$v":"Asynch."},{"$i":"serviceClassDataSync","$v":"Synchr."},{"$i":"serviceClassPacket","$v":"Balíček"},{"$i":"serviceClassVoice","$v":"Hlas"},{"$i":"smClirDefaultOffNextCallOff","$v":"ID vol. sa zmení na neobmedz. Ďalší hovor: neobmedz."},{"$i":"smClirDefaultOffNextCallOn","$v":"ID vol. sa zmení na neobmedz. Ďalší hovor: obmedz."},{"$i":"smClirDefaultOnNextCallOff","$v":"ID vol. sa zmení na obmedz. Ďalší hovor: neobmedz."},{"$i":"smClirDefaultOnNextCallOn","$v":"ID vol. sa zmení na obmedz. Ďalší hovor: obmedz."},{"$i":"smClirPermanent","$v":"Nie je možné zmeniť nastavenie ID volajúceho"},{"$i":"smPin2Changed","$v":"Kód PIN2 úspešne zmen."},{"$i":"smPin2Unblocked","$v":"Kód PIN2 úspešne odblok."},{"$i":"smPinChanged","$v":"Kód PIN úspešne zmen."},{"$i":"smPinUnblocked","$v":"Kód PIN úspešne odblok."},{"$i":"smServiceDisabled","$v":"Služba bola zakázaná"},{"$i":"smServiceEnabled","$v":"Služba bola povolená"},{"$i":"smServiceEnabledFor","$v":"Služba bola povolená pre:"},{"$i":"smServiceErased","$v":"Vymazanie úspešné"},{"$i":"smServiceInterrogated","$v":"Žiadosť bola úspešná"},{"$i":"smServiceNotProvisioned","$v":"Služba nie je poskytovaná"},{"$i":"smServiceRegistered","$v":"Registrácia bola úspešná"},{"$i":"another","$v":"Iné"},{"$i":"current","$v":"Aktuálne"},{"$i":"customTag","$v":"Vlastná značka","placeholder":"Vlastná značka"},{"$i":"faxHome","$v":"Fax domov"},{"$i":"faxOffice","$v":"Fax (práca)"},{"$i":"faxOther","$v":"Fax (iné)"},{"$i":"itemWithLabel","$v":[{"t":"idOrVar","v":"label"},", ",{"t":"idOrVar","v":"item"}]},{"$i":"label","$v":"Označ."},{"$i":"other","$v":"Iné"},{"$i":"tcl-customTag","$v":"Vlastná značka"},{"$i":"dateTimeFormat_%c","$v":"%a %b %e %Y %I:%M:%S %p"},{"$i":"dateTimeFormat_%x","$v":"%m/%d/%Y"},{"$i":"days-ago-long","$v":{"few":["Pred počtom dní: ",{"t":"idOrVar","v":"value"}],"many":["Pred počtom dní: ",{"t":"idOrVar","v":"value"}],"one":"včera","other":["Pred počtom dní: ",{"t":"idOrVar","v":"value"}],"two":["Pred počtom dní: ",{"t":"idOrVar","v":"value"}],"zero":"dnes"},"$x":[{"t":"idOrVar","v":"plural"},"value"]},{"$i":"days-ago-short","$v":{"other":["Pred ",{"t":"idOrVar","v":"value"}," d"],"zero":"dnes"},"$x":[{"t":"idOrVar","v":"plural"},"value"]},{"$i":"days-until-long","$v":{"few":["o ",{"t":"idOrVar","v":"value"}," d."],"many":["o ",{"t":"idOrVar","v":"value"}," d."],"one":"zajtra","other":["o ",{"t":"idOrVar","v":"value"}," d."],"two":["o ",{"t":"idOrVar","v":"value"}," d."],"zero":"dnes"},"$x":[{"t":"idOrVar","v":"plural"},"value"]},{"$i":"days-until-short","$v":{"other":["o ",{"t":"idOrVar","v":"value"}," d"],"zero":"dnes"},"$x":[{"t":"idOrVar","v":"plural"},"value"]},{"$i":"hours-ago-long","$v":{"few":["Pred počtom hod.: ",{"t":"idOrVar","v":"value"}],"many":["Pred počtom hod.: ",{"t":"idOrVar","v":"value"}],"one":"pred hodinou","other":["Pred počtom hod.: ",{"t":"idOrVar","v":"value"}],"two":["Pred počtom hod.: ",{"t":"idOrVar","v":"value"}],"zero":"práve teraz"},"$x":[{"t":"idOrVar","v":"plural"},"value"]},{"$i":"hours-ago-short","$v":{"other":["Pred ",{"t":"idOrVar","v":"value"}," h"],"zero":"práve teraz"},"$x":[{"t":"idOrVar","v":"plural"},"value"]},{"$i":"hours-until-long","$v":{"few":["o ",{"t":"idOrVar","v":"value"}," hod."],"many":["o ",{"t":"idOrVar","v":"value"}," hod."],"one":"o hodinu","other":["o ",{"t":"idOrVar","v":"value"}," hod."],"two":["o ",{"t":"idOrVar","v":"value"}," hod."],"zero":"teraz"},"$x":[{"t":"idOrVar","v":"plural"},"value"]},{"$i":"hours-until-short","$v":{"other":["o ",{"t":"idOrVar","v":"value"}," h"],"zero":"teraz"},"$x":[{"t":"idOrVar","v":"plural"},"value"]},{"$i":"incorrectDate","$v":"(nesprávny dátum)"},{"$i":"minutes-ago-long","$v":{"few":["Pred počtom min.: ",{"t":"idOrVar","v":"value"}],"many":["Pred počtom min.: ",{"t":"idOrVar","v":"value"}],"one":"pred 1 min.","other":["Pred počtom min.: ",{"t":"idOrVar","v":"value"}],"two":["Pred počtom min.: ",{"t":"idOrVar","v":"value"}],"zero":"práve teraz"},"$x":[{"t":"idOrVar","v":"plural"},"value"]},{"$i":"minutes-ago-short","$v":{"other":["Pred ",{"t":"idOrVar","v":"value"}," m"],"zero":"práve teraz"},"$x":[{"t":"idOrVar","v":"plural"},"value"]},{"$i":"minutes-until-long","$v":{"few":["o ",{"t":"idOrVar","v":"value"}," min"],"many":["o ",{"t":"idOrVar","v":"value"}," min"],"one":"o minútu","other":["o ",{"t":"idOrVar","v":"value"}," min"],"two":["o ",{"t":"idOrVar","v":"value"}," min"],"zero":"teraz"},"$x":[{"t":"idOrVar","v":"plural"},"value"]},{"$i":"minutes-until-short","$v":{"other":["o ",{"t":"idOrVar","v":"value"}," m"],"zero":"teraz"},"$x":[{"t":"idOrVar","v":"plural"},"value"]},{"$i":"month-0-genitive","$v":"Január"},{"$i":"month-0-long","$v":"Január"},{"$i":"month-0-short","$v":"Jan"},{"$i":"month-1-genitive","$v":"Február"},{"$i":"month-1-long","$v":"Február"},{"$i":"month-1-short","$v":"Feb"},{"$i":"month-10-genitive","$v":"November"},{"$i":"month-10-long","$v":"November"},{"$i":"month-10-short","$v":"Nov"},{"$i":"month-11-genitive","$v":"December"},{"$i":"month-11-long","$v":"December"},{"$i":"month-11-short","$v":"Dec"},{"$i":"month-2-genitive","$v":"Marec"},{"$i":"month-2-long","$v":"Marec"},{"$i":"month-2-short","$v":"Mar"},{"$i":"month-3-genitive","$v":"Apríl"},{"$i":"month-3-long","$v":"Apríl"},{"$i":"month-3-short","$v":"Apr"},{"$i":"month-4-genitive","$v":"Máj"},{"$i":"month-4-long","$v":"Máj"},{"$i":"month-4-short","$v":"Máj"},{"$i":"month-5-genitive","$v":"Jún"},{"$i":"month-5-long","$v":"Jún"},{"$i":"month-5-short","$v":"Jún"},{"$i":"month-6-genitive","$v":"Júl"},{"$i":"month-6-long","$v":"Júl"},{"$i":"month-6-short","$v":"Júl"},{"$i":"month-7-genitive","$v":"August"},{"$i":"month-7-long","$v":"August"},{"$i":"month-7-short","$v":"Aug"},{"$i":"month-8-genitive","$v":"September"},{"$i":"month-8-long","$v":"September"},{"$i":"month-8-short","$v":"Sep"},{"$i":"month-9-genitive","$v":"Október"},{"$i":"month-9-long","$v":"Október"},{"$i":"month-9-short","$v":"Okt"},{"$i":"months-ago-long","$v":{"few":["Pred počtom mes.: ",{"t":"idOrVar","v":"value"}],"many":["Pred počtom mes.: ",{"t":"idOrVar","v":"value"}],"one":"min. mesiac","other":["Pred počtom mes.: ",{"t":"idOrVar","v":"value"}],"two":["Pred počtom mes.: ",{"t":"idOrVar","v":"value"}],"zero":"tento mesiac"},"$x":[{"t":"idOrVar","v":"plural"},"value"]},{"$i":"months-until-long","$v":{"few":["o ",{"t":"idOrVar","v":"value"}," mes."],"many":["o ",{"t":"idOrVar","v":"value"}," mes."],"one":"nasl. mesiac","other":["o ",{"t":"idOrVar","v":"value"}," mes."],"two":["o ",{"t":"idOrVar","v":"value"}," mes."],"zero":"tento mesiac"},"$x":[{"t":"idOrVar","v":"plural"},"value"]},{"$i":"shortDateTimeFormat","$v":"%x %I:%M %p"},{"$i":"shortTimeFormat","$v":"%I:%M %p"},{"$i":"shortTimeFormat12","$v":"%I:%M %p"},{"$i":"shortTimeFormat24","$v":"%H:%M"},{"$i":"time_am","$v":"AM"},{"$i":"time_pm","$v":"PM"},{"$i":"weekday-0-long","$v":"Nedeľa"},{"$i":"weekday-0-short","$v":"Ned"},{"$i":"weekday-1-long","$v":"Pondelok"},{"$i":"weekday-1-short","$v":"Pon"},{"$i":"weekday-2-long","$v":"Utorok"},{"$i":"weekday-2-short","$v":"Uto"},{"$i":"weekday-3-long","$v":"Streda"},{"$i":"weekday-3-short","$v":"Str"},{"$i":"weekday-4-long","$v":"Štvrtok"},{"$i":"weekday-4-short","$v":"Štv"},{"$i":"weekday-5-long","$v":"Piatok"},{"$i":"weekday-5-short","$v":"Pia"},{"$i":"weekday-6-long","$v":"Sobota"},{"$i":"weekday-6-short","$v":"Sob"},{"$i":"weeks-ago-long","$v":{"few":["Pred počtom týžd.: ",{"t":"idOrVar","v":"value"}],"many":["Pred počtom týžd.: ",{"t":"idOrVar","v":"value"}],"one":"min. týždeň","other":["Pred počtom týžd.: ",{"t":"idOrVar","v":"value"}],"two":["Pred počtom týžd.: ",{"t":"idOrVar","v":"value"}],"zero":"tento týždeň"},"$x":[{"t":"idOrVar","v":"plural"},"value"]},{"$i":"weeks-until-long","$v":{"few":["o ",{"t":"idOrVar","v":"value"}," týžd."],"many":["o ",{"t":"idOrVar","v":"value"}," týžd."],"one":"nasl. týždeň","other":["o ",{"t":"idOrVar","v":"value"}," týžd."],"two":["o ",{"t":"idOrVar","v":"value"}," týžd."],"zero":"tento týždeň"},"$x":[{"t":"idOrVar","v":"plural"},"value"]},{"$i":"years-ago-long","$v":{"few":["Pred počtom rokov: ",{"t":"idOrVar","v":"value"}],"many":["Pred počtom rokov: ",{"t":"idOrVar","v":"value"}],"one":"min. rok","other":["Pred počtom rokov: ",{"t":"idOrVar","v":"value"}],"two":["Pred počtom rokov: ",{"t":"idOrVar","v":"value"}],"zero":"tento rok"},"$x":[{"t":"idOrVar","v":"plural"},"value"]},{"$i":"years-until-long","$v":{"few":["o ",{"t":"idOrVar","v":"value"}," rok."],"many":["o ",{"t":"idOrVar","v":"value"}," rok."],"one":"nasl. rok","other":["o ",{"t":"idOrVar","v":"value"}," rok."],"two":["o ",{"t":"idOrVar","v":"value"}," rok."],"zero":"tento rok"},"$x":[{"t":"idOrVar","v":"plural"},"value"]},{"$i":"dateTimeFormat_%X","$v":"%I:%M:%S %p"},{"$i":"weekStartsOnMonday","$v":"0"},{"$i":"firstDayOfTheWeek","$v":"1"}]