[{"$i":"clockDateFormat","$v":"%a, %e %b"},{"$i":"deviceIsUnlocked","$v":"Pajisja është shkyçur"},{"$i":"simUnlockCodeAccepted","$v":"Kodi i shkyçjes së SIM u pranua"},{"$i":"simUnlockCodeFailed","$v":"Shkyçja e SIM pa sukses"},{"$i":"eccOnly","$v":"Vetëm thirrje urgjence"},{"$i":"emergencyCallsOnly","$v":"Vetëm telefonata emergjence"},{"$i":"lockedSim","$v":"SIM i kyçur"},{"$i":"noService","$v":"S’ka shërbim"},{"$i":"noSimCard","$v":"Nuk ka kartë SIM"},{"$i":"searching","$v":"Po kërkohet…"},{"$i":"airplane-mode","$v":"Modaliteti i fluturimit"},{"$i":"bluetooth","$v":"Bluetooth"},{"$i":"brightness","$v":"Ndriçimi"},{"$i":"calculator","$v":"Makina llogaritëse"},{"$i":"camera","$v":"Kamera"},{"$i":"cellular-data","$v":"Të dhënat celulare"},{"$i":"confirm-to-uninstall-app","$v":["Të çinstalohet aplikacioni ",{"t":"idOrVar","v":"appName"},"?"]},{"$i":"flashlight","$v":"Elektrik dore"},{"$i":"instant-settings","$v":"cilësimet e çastit"},{"$i":"off","$v":"Joaktiv"},{"$i":"on","$v":"Aktiv"},{"$i":"shortcuts","$v":"Shkurtoret"},{"$i":"uninstall","$v":"Çinstalo"},{"$i":"volume","$v":"Volumi"},{"$i":"wifi","$v":"Wi-Fi"},{"$i":"percentage-number","$v":[{"t":"idOrVar","v":"number"},"%"]},{"$i":"all-apps","$v":"Të gjitha aplikacionet"},{"$i":"scImei","$v":"IMEI"},{"$i":"scMeid","$v":"MEID"},{"$i":"scUssd","$v":"USSD"},{"$i":"CallFailed","$v":"Telefonata nuk u krye"},{"$i":"GenericFailure","$v":"Defekt i përgjithshëm"},{"$i":"add-smart-collections","$v":"Shto koleksione \"Smart"},{"$i":"add-to-existing-contact","$v":"Shtoja kontaktit ekzistues"},{"$i":"alert-for-contacts-without-number","$v":"Nuk ka kontakte me numër të lirë telefoni."},{"$i":"app-title","$v":"Aplikacionet e mia"},{"$i":"app-uninstall","$v":[{"t":"idOrVar","v":"name"}," u çinstalua"]},{"$i":"assign","$v":"Cakto"},{"$i":"assign-speed-dial","$v":["Kontakti nuk është shtuar për telefonim në numëratorin e shpejtë në butonin ",{"t":"idOrVar","v":"n"},". Të caktohet tani?"]},{"$i":"assign-voicemail","$v":"Numri i postës zanore nuk është caktuar."},{"$i":"call","$v":"Telefonatë"},{"$i":"callAirplaneModeMessage","$v":"Për të kryer telefonatë duhet të çaktivizosh modalitetin e fluturimit te cilësimet."},{"$i":"callAirplaneModeTitle","$v":"Modaliteti i fluturimit u aktivizua"},{"$i":"cancel","$v":"Anulo"},{"$i":"change-wallpaper","$v":"Ndrysho sfondin"},{"$i":"clocks-updated","$v":"Orët u përditësuan"},{"$i":"confirmation","$v":"Konfirmimi"},{"$i":"contacts","$v":"Kontaktet"},{"$i":"create-new-contact","$v":"Krijo kontakt të ri"},{"$i":"delete","$v":"Fshi"},{"$i":"delete-body","$v":[{"t":"idOrVar","v":"name"}," dhe të gjitha të dhënat përkatëse do të fshihen."]},{"$i":"delete-title","$v":["Fshi ",{"t":"idOrVar","v":"name"}]},{"$i":"edit","$v":"Modifiko"},{"$i":"edit-done","$v":"U krye"},{"$i":"edit-group-header","$v":"Modifiko grupin"},{"$i":"edit-mode","$v":"Modifiko"},{"$i":"emergency-call-error","$v":[{"t":"idOrVar","v":"number"}," nuk është numër emergjence."]},{"$i":"emergency-call-only","$v":"Vetëm telefonata emergjence"},{"$i":"emergencyDialogBodyBadNumber","$v":"Për të kryer telefonatë, telefoni duhet të jetë i lidhur me një rrjet."},{"$i":"emergencyDialogBodyDeviceNotAccepted","$v":"Telefonatat e emergjencës nuk lejohen nga rrjeti."},{"$i":"emergencyDialogTitle","$v":"Nuk ka lidhje rrjeti"},{"$i":"fax-home","$v":"Faksi i shtëpisë"},{"$i":"fax-office","$v":"Faksi i zyrës"},{"$i":"fax-other","$v":"Faks tjetër"},{"$i":"fdnIsActiveMessage","$v":["FDN (numra të caktuar telefoni) është aktive dhe numri i mëposhtëm nuk është në listën FDN: ",{"t":"idOrVar","v":"number"}]},{"$i":"fdnIsActiveTitle","$v":"FDN aktive"},{"$i":"gaia-shortcut-app-updated","$v":"Aplikacioni u përditësua"},{"$i":"grid-view","$v":"Pamja rrjetë"},{"$i":"home","$v":"Shtëpi"},{"$i":"homescreen-settings","$v":"Cilësimet e ekranit kryesor"},{"$i":"invalidNumberToDialMessage","$v":"Numri i telefonit që formove nuk është i vlefshëm."},{"$i":"invalidNumberToDialTitle","$v":"Numër i pavlefshëm telefoni"},{"$i":"list-view","$v":"Pamja listë"},{"$i":"longDateFormat","$v":"%A, %B %e"},{"$i":"menu","$v":"menyja"},{"$i":"message","$v":"Mesazh"},{"$i":"mobile","$v":"Celular"},{"$i":"more","$v":"Më shumë"},{"$i":"move","$v":"Lëviz"},{"$i":"notifications","$v":"Njoftime"},{"$i":"numberIsBusyMessage","$v":"Numri është i zënë për momentin. Provo sërish më vonë."},{"$i":"numberIsBusyTitle","$v":"Numri është i zënë"},{"$i":"ok","$v":"OK"},{"$i":"option-remove","$v":"Hiqe nga numëratori i shpejtë"},{"$i":"option-replace","$v":"Zëvendëso"},{"$i":"options","$v":"Opsionet"},{"$i":"otherConnectionInUseMessage","$v":"Ke një telefonatë aktive në lidhjen tjetër. Mund të përdorësh vetëm një lidhje për rast."},{"$i":"otherConnectionInUseTitle","$v":"Lidhje tjetër në përdorim"},{"$i":"personal","$v":"Personal"},{"$i":"remove","$v":"Hiq"},{"$i":"remove-speed-dial","$v":["Je i sigurt për heqjen e ",{"t":"idOrVar","v":"name"}," nga numëratori i shpejtë?"]},{"$i":"replace","$v":"Zëvendëso"},{"$i":"replace-speed-dial","$v":["Je i sigurt për zëvendësimin e ",{"t":"idOrVar","v":"name"}," me ",{"t":"idOrVar","v":"subName"},"?"]},{"$i":"resume-download-action","$v":"Shkarko"},{"$i":"resume-download-body","$v":["Të shkarkohet ",{"t":"idOrVar","v":"name"},"?"]},{"$i":"resume-download-title","$v":"Rifillo shkarkimin"},{"$i":"scCallBarring","$v":"Bllokimi i telefonatave"},{"$i":"scCallForwarding","$v":"Devijimi i telefonatave"},{"$i":"scCallWaiting","$v":"Pritja e telefonatave"},{"$i":"scClip","$v":"ID e telefonuesit në hyrje"},{"$i":"scClir","$v":"ID e telefonuesit në dalje"},{"$i":"scPin","$v":"Ndryshimi i PIN"},{"$i":"scPin2","$v":"Ndryshimi i PIN2"},{"$i":"scPuk","$v":"Shkyç PIN"},{"$i":"scPuk2","$v":"Shkyç PIN2"},{"$i":"scPwd","$v":"Ndryshim fjalëkalimi"},{"$i":"search-or-enter-address","placeholder":"Kërko ose jep adresën"},{"$i":"select","$v":"Zgjidh"},{"$i":"sending","$v":"Duke dërguar…"},{"$i":"set","$v":"Cakto"},{"$i":"settings","$v":"Cilësimet"},{"$i":"single-view","$v":"Pamja njëshe"},{"$i":"skip","$v":"Anashkalo"},{"$i":"speed-dial","$v":"Telefonimi i shpejtë"},{"$i":"speed-dial-empty","ariaLabel":[{"t":"idOrVar","v":"order"},", bosh"]},{"$i":"speed-dial-not-empty","ariaLabel":[{"t":"idOrVar","v":"order"},", ",{"t":"idOrVar","v":"name"}]},{"$i":"stop-download-action","$v":"Ndalo"},{"$i":"stop-download-body","$v":"Të ndalohet shkarkimi në ecuri e sipër?"},{"$i":"stop-download-title","$v":["Ndalo ",{"t":"idOrVar","v":"name"}]},{"$i":"tcl-wallpaper-changed","$v":"Sfondi u ndryshua"},{"$i":"video-call","$v":"Videotelefonatë"},{"$i":"voicemail","$v":"Posta zanore"},{"$i":"work","$v":"Puna"},{"$i":"apps","$v":"Aplikacionet"},{"$i":"nocard-eccOnly","$v":""},{"$i":"unusablecard-eccOnly","$v":""},{"$i":"apn-sim1","$v":"Cilësimet e APN - SIM1"},{"$i":"apn-sim2","$v":"Cilësimet e APN - SIM2"},{"$i":"apnConfigPrepay","$v":"Parapaguaj"},{"$i":"apnConfigPostpay","$v":"Paspaguaj"},{"$i":"apn-defaultconfig-message","$v":"Cakto llojin e APN për t'u treguar"},{"$i":"apnDefaultConfig","$v":"Konfigurimi standard i APN"},{"$i":"without-sim-new","$v":[{"t":"idOrVar","v":"index"}]},{"$i":"with-sim-new","$v":[{"t":"idOrVar","v":"index"}," - ",{"t":"idOrVar","v":"carrier"}]},{"$i":"sim-with-index-and-carrier","$v":["SIM ",{"t":"idOrVar","v":"index"}," - ",{"t":"idOrVar","v":"carrier"}]},{"$i":"sim-without-carrier","$v":["SIM ",{"t":"idOrVar","v":"index"}]},{"$i":"call-forwarding-voice-after-seconds","$v":["Zëri: ",{"t":"idOrVar","v":"voice"}," pas ",{"t":"idOrVar","v":"timeSeconds"}," sekondash"]},{"$i":"addNewNumber","$v":"Shto numër të ri"},{"$i":"addToExistingContact","$v":"Shtoja kontaktit ekzistues"},{"$i":"all","$v":"Të gjitha","ariaLabel":"Të gjitha"},{"$i":"bluetooth-handsfree-device","$v":"Pajisje me \"Bluetooth\" për përdorim pa duar"},{"$i":"bluetoothOption","ariaLabel":"Bluetooth"},{"$i":"callDurationHours","$v":[{"t":"idOrVar","v":"h"},":",{"t":"idOrVar","v":"m"},":",{"t":"idOrVar","v":"s"}]},{"$i":"callDurationMinutes","$v":[{"t":"idOrVar","v":"m"},":",{"t":"idOrVar","v":"s"}]},{"$i":"callDurationTextFormatHours","$v":[{"t":"idOrVar","v":"h"}," o ",{"t":"idOrVar","v":"m"}," m ",{"t":"idOrVar","v":"s"}," s"]},{"$i":"callDurationTextFormatMinutes","$v":[{"t":"idOrVar","v":"m"}," m ",{"t":"idOrVar","v":"s"}," s"]},{"$i":"callDurationTextFormatSeconds","$v":[{"t":"idOrVar","v":"s"}," s"]},{"$i":"callEnded","$v":"Telefonata përfundoi"},{"$i":"callInformation","$v":"Informacioni i telefonatave"},{"$i":"callLog","$v":"Regjistri i telefonatave"},{"$i":"callLogEdit","title":"Modifiko regjistrin e telefonatave"},{"$i":"callLogEditDialog","ariaLabel":"Modifiko dialogun e regjistrit të telefonatave"},{"$i":"caller-left-call","$v":[{"t":"idOrVar","v":"caller"}," u shkëput nga telefonata."]},{"$i":"calllog-all","$v":"Të gjitha"},{"$i":"calllog-deselectAll","$v":"Çzgjidh të gjitha"},{"$i":"calllog-none","$v":"Asnjë"},{"$i":"calllog-selectAll","$v":"Zgjidhi të gjitha"},{"$i":"canceled","$v":"Anuluar"},{"$i":"clear-all-text","$v":"Spastro të gjithë tekstin"},{"$i":"close","$v":"Mbyll"},{"$i":"composeEmail","ariaLabel":"Emaili"},{"$i":"conferenceAddError","$v":"Nuk i bashkon dot telefonata"},{"$i":"conferenceCall","$v":["Konferencë (",{"t":"idOrVar","v":"n"},")"]},{"$i":"conferenceRemoveError","$v":"Nuk rindahen dot telefonatat"},{"$i":"confirm-deletion","$v":"Të spastrohen telefonatat e zgjedhura?"},{"$i":"connecting","$v":"Po lidhet"},{"$i":"connectingEllipsis","$v":"Duke u lidhur…"},{"$i":"contactDetails","$v":"Detajet e kontaktit"},{"$i":"createNewContact","$v":"Krijo kontakt të ri"},{"$i":"delete-n-log?","$v":{"few":["Të fshihen ",{"t":"idOrVar","v":"n"}," regjistra?"],"many":["Të fshihen ",{"t":"idOrVar","v":"n"}," regjistra?"],"one":"Të fshihet regjistri i zgjedhur?","other":["Të fshihen ",{"t":"idOrVar","v":"n"}," regjistra?"],"two":["Të fshihen ",{"t":"idOrVar","v":"n"}," regjistra?"],"zero":"Nuk u zgjodh gjë"},"$x":[{"t":"idOrVar","v":"plural"},"n"]},{"$i":"deselect","$v":"Çzgjidh"},{"$i":"dialed","$v":"Telefonuar"},{"$i":"dialer-prompt","$v":"Formo numrin ose zgjidh kontaktin për t'ia shtuar telefonatës"},{"$i":"dialerAddContact","ariaLabel":"Shto kontakt"},{"$i":"dialerAddContactDialog","ariaLabel":"Shto dialog kontakti"},{"$i":"edit-selected","$v":{"few":["zgjedhur (",{"t":"idOrVar","v":"n"},")"],"many":["zgjedhur (",{"t":"idOrVar","v":"n"},")"],"one":["zgjedhur (",{"t":"idOrVar","v":"n"},")"],"other":["zgjedhur (",{"t":"idOrVar","v":"n"},")"],"two":["zgjedhur (",{"t":"idOrVar","v":"n"},")"]},"$x":[{"t":"idOrVar","v":"plural"},"n"]},{"$i":"emailDetail","ariaLabel":"Emaili"},{"$i":"from-contact","$v":["Nga ",{"t":"idOrVar","v":"contact"}]},{"$i":"from-number","$v":["Nga ",{"t":"idOrVar","v":"number"}]},{"$i":"from-withheld-number","$v":"Nga numër i panjohur"},{"$i":"hangup-a11y-button","ariaLabel":"Mbyll"},{"$i":"hide","$v":"Fshih"},{"$i":"hideKeypad","ariaLabel":"Fshih tastierën"},{"$i":"hold","ariaLabel":"Pezullo"},{"$i":"hours","$v":"orë"},{"$i":"ignore","$v":"Shpërfille telefonatën"},{"$i":"incoming","$v":"Hyrëse"},{"$i":"incoming-call","$v":"Telefonatë hyrëse"},{"$i":"info-missed","$v":"Të humbura"},{"$i":"keypad","ariaLabel":"Tastiera"},{"$i":"log-item","$v":"Opsionet"},{"$i":"makeCall","ariaLabel":"Telefono"},{"$i":"merge","ariaLabel":"Bashko"},{"$i":"minutes","$v":"minuta"},{"$i":"missed","$v":"Të humbura","ariaLabel":"Të humbura"},{"$i":"missedCall","$v":"Telefonatë e humbur"},{"$i":"missedCallMultiSims","$v":["Telefonatë e humbur në (SIM ",{"t":"idOrVar","v":"n"},")"]},{"$i":"mmi-error","$v":"Ndodhi një gabim gjatë dërgimit të mesazhit"},{"$i":"mmi-notification-title-with-sim","$v":["(",{"t":"idOrVar","v":"sim"},") ",{"t":"idOrVar","v":"title"}]},{"$i":"mmi-session-expired","$v":"Seanca përfundoi"},{"$i":"mmi-successfully-sent","$v":"Mesazhi u dërgua me sukses"},{"$i":"mute","ariaLabel":"Hiq zërin"},{"$i":"newCall","ariaLabel":"Telefonatë e re"},{"$i":"no-logs-msg-1","$v":"Nuk ka telefonata të regjistruara"},{"$i":"no-logs-msg-2","$v":"Fillo komunikimin tani"},{"$i":"no-logs-msg-3","$v":"Nuk ka telefonata të regjistruara"},{"$i":"no-logs-msg-4","$v":"Fillo komunikimin tani"},{"$i":"no-recent-numbers","$v":"Në regjistrat e telefonatave nuk ka numra të rinj për të formuar."},{"$i":"onHoldOption","ariaLabel":"Në pritje"},{"$i":"outgoing","$v":"Dalëse"},{"$i":"outgoing-call","$v":"Telefonatë dalëse"},{"$i":"phoneDetail","ariaLabel":"Telefoni"},{"$i":"pickup-a11y-button","ariaLabel":"Përgjigju"},{"$i":"received","$v":"Marrë"},{"$i":"receiver","$v":"Marrësi"},{"$i":"recents","ariaLabel":"Telefonatat e fundit"},{"$i":"reply","$v":"Përgjigju"},{"$i":"resume","$v":"Rifillo","ariaLabel":"Rifillo"},{"$i":"search-results","$v":"Rezultatet e kërkimit"},{"$i":"seconds","$v":"sekonda"},{"$i":"select-audio-sources","$v":"Zgjidh burimet e audios"},{"$i":"send","$v":"Dërgo"},{"$i":"send-sms-button","ariaLabel":"SMS"},{"$i":"sendSms","$v":"Dërgo mesazh"},{"$i":"separator","$v":","},{"$i":"sim-number","$v":["SIM",{"t":"idOrVar","v":"n"}]},{"$i":"speaker","$v":"Altoparlanti"},{"$i":"speakerOption","ariaLabel":"Altoparlanti"},{"$i":"suggestionMatches","$v":{"few":[{"t":"idOrVar","v":"n"}," rezultate për \"",{"t":"idOrVar","v":"matchNumber"}],"many":[{"t":"idOrVar","v":"n"}," rezultate për \"",{"t":"idOrVar","v":"matchNumber"}],"one":[{"t":"idOrVar","v":"n"}," rezultat për \"",{"t":"idOrVar","v":"matchNumber"}],"other":[{"t":"idOrVar","v":"n"}," rezultate për \"",{"t":"idOrVar","v":"matchNumber"}],"two":[{"t":"idOrVar","v":"n"}," rezultate për \"",{"t":"idOrVar","v":"matchNumber"}]},"$x":[{"t":"idOrVar","v":"plural"},"n"]},{"$i":"switch-calls","$v":"Ndrysho telefonatat"},{"$i":"tcl-assign","$v":"Cakto"},{"$i":"tcl-assign-speed-dial","$v":{"$o":["Kontakti nuk është shtuar për telefonim në numëratorin e shpejtë në butonin \"",{"t":"idOrVar","v":"speedDial"},"\"<br></br>Të caktohet tani?"]}},{"$i":"tcl-call-log-delete-group-notification","$v":[{"t":"idOrVar","v":"n"}," regjistrime u fshinë"]},{"$i":"tcl-calllog-entry-removed-err-notification","$v":"Regjistrimi nuk mund të hiqet nga \"Regjistri i telefonatave"},{"$i":"tcl-calllog-entry-removed-succ-notification","$v":"Regjistrimi u fshi nga \"Regjistri i telefonatave"},{"$i":"tcl-cancel","$v":"Anulo"},{"$i":"tcl-confirmation","$v":"Konfirmimi"},{"$i":"tcl-delete-log","$v":"Je i sigurt për fshirjen e regjistrimeve të zgjedhura nga \"Regjistri i telefonatave\"?"},{"$i":"tcl-dialer","$v":"Formuesi"},{"$i":"tcl-edit-not-selected","$v":"zgjedhur (0)"},{"$i":"tcl-option-menu-call-log-edit","$v":"Modifiko regjistrin e telefonatave"},{"$i":"today","$v":"Sot"},{"$i":"toggleKeypad","ariaLabel":"Ndërro tastierën"},{"$i":"type-your-response","placeholder":"Shkruaj përgjigjen…"},{"$i":"unknown","$v":"I panjohur"},{"$i":"unlock-a11y-button","ariaLabel":"Rrëshqitësja"},{"$i":"ussd-services","$v":["shërbimet e ",{"t":"idOrVar","v":"operator"}]},{"$i":"via-sim","$v":["nëpërmjet SIM",{"t":"idOrVar","v":"n"}]},{"$i":"view-all","$v":"Shfaq të gjitha"},{"$i":"wifi-calling","$v":"Telefonatë me \"Wi-Fi"},{"$i":"withheld-number","$v":"I panjohur"},{"$i":"yesterday","$v":"Dje"},{"$i":"SimPin2","$v":"PIN2 i SIM"},{"$i":"SimPuk2","$v":"PUK2 i SIM"},{"$i":"serviceClassFax","$v":"FAKS"},{"$i":"serviceClassPad","$v":"PAD"},{"$i":"serviceClassSms","$v":"SMS"},{"$i":"DialModifiedToDial","$v":"Dial modified to dial"},{"$i":"DialModifiedToSs","$v":"Dial modified to SS"},{"$i":"DialModifiedToUssd","$v":"Dial modified to USSD"},{"$i":"FdnCheckFailure","$v":"FDN nuk u kontrollua dot"},{"$i":"IllegalSimOrMe","$v":"SIM ose ME e palejuar"},{"$i":"InvalidParameter","$v":"Parametër i pavlefshëm"},{"$i":"ModeNotSupported","$v":"Modaliteti nuk mbështetet"},{"$i":"OpNotAllowedDuringVoiceCall","$v":"Veprimi nuk lejohet gjatë telefo. zan."},{"$i":"PasswordIncorrect","$v":"Fjalëkalim i gabuar"},{"$i":"RadioNotAvailable","$v":"Radio not available"},{"$i":"RejectedByRemote","$v":"Refuzuar nga telekomanda"},{"$i":"RequestNotSupported","$v":"Kërkesa nuk mbështetet"},{"$i":"ServiceIsDisabled","$v":"Shërbimi u çaktivizua"},{"$i":"ServiceIsEnabled","$v":"Shërbimi është aktiv"},{"$i":"ServiceIsEnabledFor","$v":"Shërbimi është aktiv për:"},{"$i":"SimAbsent","$v":"Mungon SIM"},{"$i":"SmsSendFailRetry","$v":"SMS send fail retry"},{"$i":"SsModifiedToDial","$v":"SS u modifikua për telefonim"},{"$i":"SsModifiedToSs","$v":"SS u modifikua në SS"},{"$i":"SsModifiedToUssd","$v":"SS u modifikua në USSD"},{"$i":"SubscriptionNotAvailable","$v":"Nuk ka abonim"},{"$i":"SubscriptionNotSupported","$v":"Nuk mbështetet abonim"},{"$i":"UssdModifiedToDial","$v":"USSD u mod. për telefo."},{"$i":"UssdModifiedToSs","$v":"USSD u modifikua për SS"},{"$i":"UssdModifiedToUssd","$v":"USSD u modifi. për USSD"},{"$i":"call-forwarding-async","$v":["Asinkron: ",{"t":"idOrVar","v":"async"}]},{"$i":"call-forwarding-data","$v":["Të dhëna: ",{"t":"idOrVar","v":"data"}]},{"$i":"call-forwarding-error","$v":"Ndodhi një gabim gjatë leximit të gjendjes së devijimit të telefonatave"},{"$i":"call-forwarding-fax","$v":["FAKS: ",{"t":"idOrVar","v":"fax"}]},{"$i":"call-forwarding-inactive","$v":"Joaktiv"},{"$i":"call-forwarding-packet","$v":["Paketa: ",{"t":"idOrVar","v":"packet"}]},{"$i":"call-forwarding-pad","$v":["PAD: ",{"t":"idOrVar","v":"pad"}]},{"$i":"call-forwarding-sms","$v":["SMS: ",{"t":"idOrVar","v":"sms"}]},{"$i":"call-forwarding-status","$v":"Gjendja e devijimit të telefonatave"},{"$i":"call-forwarding-sync","$v":["Sinkron: ",{"t":"idOrVar","v":"sync"}]},{"$i":"call-forwarding-voice","$v":["Zëri: ",{"t":"idOrVar","v":"voice"}]},{"$i":"emMmiError","$v":"Problem me lidhjen ose kod i pavlefshëm MMI"},{"$i":"emMmiErrorBadPin","$v":"Kodi i vjetër PIN që dhe nuk është i saktë."},{"$i":"emMmiErrorBadPuk","$v":"Kodi PUK që dhe nuk është i saktë"},{"$i":"emMmiErrorEnablePin","$v":"Pa suskes. Aktivizo SIM/RUIM LOCK"},{"$i":"emMmiErrorInvalidAction","$v":"Veprim i pavlefshëm"},{"$i":"emMmiErrorInvalidPin","$v":"Jep një PIN me 4 deri në 8 shifra"},{"$i":"emMmiErrorInvalidScCode","$v":"Kod i pavlefshëm shërbimi"},{"$i":"emMmiErrorMismatchPin","$v":"Kodet PIN që dhe nuk përputhen"},{"$i":"emMmiErrorMmiFdn","$v":"Veprimi kufiz. vetëm në numra të caktuar telefo. (FDN)"},{"$i":"emMmiErrorNeedPuk2","$v":"Për të zhbllokuar kartën SIM jep kodin PUK2"},{"$i":"emMmiErrorNeedsPuk","$v":"Karta SIM është e kyçur me PUK"},{"$i":"emMmiErrorNotSupported","$v":"Kod MMI i pavlefshëm ose i pambështetur"},{"$i":"emMmiErrorPasswordIncorrect","$v":"Fjalëkalim i gabuar"},{"$i":"emMmiErrorPinPukAttempts","$v":{"few":[{"t":"idOrVar","v":"n"}," ritentativa të mbetura"],"many":[{"t":"idOrVar","v":"n"}," ritentativa të mbetura"],"one":["Kanë mbetur vetëm ",{"t":"idOrVar","v":"n"}," prova"],"other":[{"t":"idOrVar","v":"n"}," ritentativa të mbetura"],"two":[{"t":"idOrVar","v":"n"}," ritentativa të mbetura"]},"$x":[{"t":"idOrVar","v":"plural"},"n"]},{"$i":"emMmiErrorSimBlocked","$v":"U tejkalua numri maksimal i provave. SIM u bllokua."},{"$i":"emMmiErrorStkCcSsDial","$v":"Kërkesa SS u modifikua në kërkesë DIAL"},{"$i":"emMmiErrorStkCcSsSs","$v":"Kërkesa SS u modifikua në kërkesë SS"},{"$i":"emMmiErrorStkCcSsUssd","$v":"Kërkesa SS u modifikua në kërkesë USSD"},{"$i":"emMmiErrorStkCcUssdDial","$v":"Kërkesa USSD u modifikua në kërkesë DIAL"},{"$i":"emMmiErrorStkCcUssdSs","$v":"Kërkesa USSD u modifikua në kërkesë SS"},{"$i":"emMmiErrorStkCcUssdUssd","$v":"Kërkesa USSD u modifikua në kërkesë të re USSD"},{"$i":"fihVersion","$v":"Versioni i FIH"},{"$i":"imeiAndSvn","$v":"IMEI dhe SVN"},{"$i":"internalVersion","$v":"Versioni i brendshëm"},{"$i":"serviceClassData","$v":"Të dhëna"},{"$i":"serviceClassDataAsync","$v":"Asinkr."},{"$i":"serviceClassDataSync","$v":"Sinkronizim"},{"$i":"serviceClassPacket","$v":"Paketë"},{"$i":"serviceClassVoice","$v":"Zëri"},{"$i":"smClirDefaultOffNextCallOff","$v":"Vlerat standarde të ID së telefonuesit pa kufizime. Në telefonatën tjetër: Pa kufizime"},{"$i":"smClirDefaultOffNextCallOn","$v":"Vlerat standarde të ID së telefonuesit pa kufizime. Në telefonatën tjetër: Me kufizime"},{"$i":"smClirDefaultOnNextCallOff","$v":"Vlerat standarde të ID së telefonuesit me kufizime. Në telefonatën tjetër: Pa kufizime"},{"$i":"smClirDefaultOnNextCallOn","$v":"Vlerat e ID së tel. me kufizime. Tel. tjetër: Me kufizime"},{"$i":"smClirPermanent","$v":"Nuk e ndryshon dot cilësimin e ID së telefonuesit"},{"$i":"smPin2Changed","$v":"PIN2 u ndërrua me sukses"},{"$i":"smPin2Unblocked","$v":"PIN2 u zhbllokua me sukses"},{"$i":"smPinChanged","$v":"PIN u ndërrua me sukses"},{"$i":"smPinUnblocked","$v":"PIN u zhbllokua me sukses"},{"$i":"smServiceDisabled","$v":"Shërbimi është çaktivizuar"},{"$i":"smServiceEnabled","$v":"Shërbimi u aktivizua"},{"$i":"smServiceEnabledFor","$v":"Shërb. u aktivizua për:"},{"$i":"smServiceErased","$v":"Fshirja ishte e suksesshme"},{"$i":"smServiceInterrogated","$v":"Kërkesa rezultoi me sukses"},{"$i":"smServiceNotProvisioned","$v":"Shërbimi nuk ofrohet"},{"$i":"smServiceRegistered","$v":"Regjistrimi u krye me sukses"},{"$i":"another","$v":"Një tjetër"},{"$i":"current","$v":"Aktual"},{"$i":"customTag","$v":"Etiketë e personalizuar","placeholder":"Etiketë e personalizuar"},{"$i":"faxHome","$v":"Faksi i shtëpisë"},{"$i":"faxOffice","$v":"Faksi i zyrës"},{"$i":"faxOther","$v":"Faks tjetër"},{"$i":"itemWithLabel","$v":[{"t":"idOrVar","v":"label"},", ",{"t":"idOrVar","v":"item"}]},{"$i":"label","$v":"Etiketë"},{"$i":"other","$v":"Tjetër"},{"$i":"tcl-customTag","$v":"Etiketë e personalizuar"},{"$i":"dateTimeFormat_%c","$v":"%a %b %e %Y %I:%M:%S %p"},{"$i":"dateTimeFormat_%x","$v":"%m/%d/%Y"},{"$i":"days-ago-long","$v":{"few":[{"t":"idOrVar","v":"value"}," ditë më parë"],"many":[{"t":"idOrVar","v":"value"}," ditë më parë"],"one":"dje","other":[{"t":"idOrVar","v":"value"}," ditë më parë"],"two":[{"t":"idOrVar","v":"value"}," ditë më parë"],"zero":"sot"},"$x":[{"t":"idOrVar","v":"plural"},"value"]},{"$i":"days-ago-short","$v":{"other":[{"t":"idOrVar","v":"value"}," ditë më parë"],"zero":"sot"},"$x":[{"t":"idOrVar","v":"plural"},"value"]},{"$i":"days-until-long","$v":{"few":["për ",{"t":"idOrVar","v":"value"}," ditë"],"many":["për ",{"t":"idOrVar","v":"value"}," ditë"],"one":"nesër","other":["për ",{"t":"idOrVar","v":"value"}," ditë"],"two":["për ",{"t":"idOrVar","v":"value"}," ditë"],"zero":"sot"},"$x":[{"t":"idOrVar","v":"plural"},"value"]},{"$i":"days-until-short","$v":{"other":["për ",{"t":"idOrVar","v":"value"}," ditë"],"zero":"sot"},"$x":[{"t":"idOrVar","v":"plural"},"value"]},{"$i":"hours-ago-long","$v":{"few":[{"t":"idOrVar","v":"value"}," orë më parë"],"many":[{"t":"idOrVar","v":"value"}," orë më parë"],"one":"një orë më parë","other":[{"t":"idOrVar","v":"value"}," orë më parë"],"two":[{"t":"idOrVar","v":"value"}," orë më parë"],"zero":"sapo"},"$x":[{"t":"idOrVar","v":"plural"},"value"]},{"$i":"hours-ago-short","$v":{"other":[{"t":"idOrVar","v":"value"}," orë më parë"],"zero":"sapo"},"$x":[{"t":"idOrVar","v":"plural"},"value"]},{"$i":"hours-until-long","$v":{"few":["për ",{"t":"idOrVar","v":"value"}," orë"],"many":["për ",{"t":"idOrVar","v":"value"}," orë"],"one":"për një orë","other":["për ",{"t":"idOrVar","v":"value"}," orë"],"two":["për ",{"t":"idOrVar","v":"value"}," orë"],"zero":"tani"},"$x":[{"t":"idOrVar","v":"plural"},"value"]},{"$i":"hours-until-short","$v":{"other":["për ",{"t":"idOrVar","v":"value"}," orë"],"zero":"tani"},"$x":[{"t":"idOrVar","v":"plural"},"value"]},{"$i":"incorrectDate","$v":"(datë e pasaktë)"},{"$i":"minutes-ago-long","$v":{"few":[{"t":"idOrVar","v":"value"}," minuta më parë"],"many":[{"t":"idOrVar","v":"value"}," minuta më parë"],"one":"një minutë më parë","other":[{"t":"idOrVar","v":"value"}," minuta më parë"],"two":[{"t":"idOrVar","v":"value"}," minuta më parë"],"zero":"sapo"},"$x":[{"t":"idOrVar","v":"plural"},"value"]},{"$i":"minutes-ago-short","$v":{"other":[{"t":"idOrVar","v":"value"}," min më parë"],"zero":"sapo"},"$x":[{"t":"idOrVar","v":"plural"},"value"]},{"$i":"minutes-until-long","$v":{"few":["për ",{"t":"idOrVar","v":"value"}," minuta"],"many":["për ",{"t":"idOrVar","v":"value"}," minuta"],"one":"për një minutë","other":["për ",{"t":"idOrVar","v":"value"}," minuta"],"two":["për ",{"t":"idOrVar","v":"value"}," minuta"],"zero":"tani"},"$x":[{"t":"idOrVar","v":"plural"},"value"]},{"$i":"minutes-until-short","$v":{"other":["për ",{"t":"idOrVar","v":"value"}," min"],"zero":"tani"},"$x":[{"t":"idOrVar","v":"plural"},"value"]},{"$i":"month-0-genitive","$v":"Janar"},{"$i":"month-0-long","$v":"Janar"},{"$i":"month-0-short","$v":"Jan"},{"$i":"month-1-genitive","$v":"Shkurt"},{"$i":"month-1-long","$v":"Shkurt"},{"$i":"month-1-short","$v":"Shku"},{"$i":"month-10-genitive","$v":"Nëntor"},{"$i":"month-10-long","$v":"Nëntor"},{"$i":"month-10-short","$v":"Nën"},{"$i":"month-11-genitive","$v":"Dhjetor"},{"$i":"month-11-long","$v":"Dhjetor"},{"$i":"month-11-short","$v":"Dhj"},{"$i":"month-2-genitive","$v":"Mars"},{"$i":"month-2-long","$v":"Mars"},{"$i":"month-2-short","$v":"Mar"},{"$i":"month-3-genitive","$v":"Prill"},{"$i":"month-3-long","$v":"Prill"},{"$i":"month-3-short","$v":"Pri"},{"$i":"month-4-genitive","$v":"Maj"},{"$i":"month-4-long","$v":"Maj"},{"$i":"month-4-short","$v":"Maj"},{"$i":"month-5-genitive","$v":"Qershor"},{"$i":"month-5-long","$v":"Qershor"},{"$i":"month-5-short","$v":"Qer"},{"$i":"month-6-genitive","$v":"Korrik"},{"$i":"month-6-long","$v":"Korrik"},{"$i":"month-6-short","$v":"Korr"},{"$i":"month-7-genitive","$v":"Gusht"},{"$i":"month-7-long","$v":"Gusht"},{"$i":"month-7-short","$v":"Gush"},{"$i":"month-8-genitive","$v":"Shtator"},{"$i":"month-8-long","$v":"Shtator"},{"$i":"month-8-short","$v":"Shta"},{"$i":"month-9-genitive","$v":"Tetor"},{"$i":"month-9-long","$v":"Tetor"},{"$i":"month-9-short","$v":"Tet"},{"$i":"months-ago-long","$v":{"few":[{"t":"idOrVar","v":"value"}," muaj më parë"],"many":[{"t":"idOrVar","v":"value"}," muaj më parë"],"one":"muajin e kaluar","other":[{"t":"idOrVar","v":"value"}," muaj më parë"],"two":[{"t":"idOrVar","v":"value"}," muaj më parë"],"zero":"këtë muaj"},"$x":[{"t":"idOrVar","v":"plural"},"value"]},{"$i":"months-until-long","$v":{"few":["për ",{"t":"idOrVar","v":"value"}," muaj"],"many":["për ",{"t":"idOrVar","v":"value"}," muaj"],"one":"muajin tjetër","other":["për ",{"t":"idOrVar","v":"value"}," muaj"],"two":["për ",{"t":"idOrVar","v":"value"}," muaj"],"zero":"këtë muaj"},"$x":[{"t":"idOrVar","v":"plural"},"value"]},{"$i":"shortDateTimeFormat","$v":"%x %I:%M %p"},{"$i":"shortTimeFormat","$v":"%I:%M %p"},{"$i":"shortTimeFormat12","$v":"%I:%M %p"},{"$i":"shortTimeFormat24","$v":"%H:%M"},{"$i":"time_am","$v":"p.d."},{"$i":"time_pm","$v":"m.d."},{"$i":"weekday-0-long","$v":"E diel"},{"$i":"weekday-0-short","$v":"Die"},{"$i":"weekday-1-long","$v":"E hënë"},{"$i":"weekday-1-short","$v":"Hën"},{"$i":"weekday-2-long","$v":"E martë"},{"$i":"weekday-2-short","$v":"Mar"},{"$i":"weekday-3-long","$v":"E mërkurë"},{"$i":"weekday-3-short","$v":"Mër"},{"$i":"weekday-4-long","$v":"E enjte"},{"$i":"weekday-4-short","$v":"Enj"},{"$i":"weekday-5-long","$v":"E premte"},{"$i":"weekday-5-short","$v":"Pre"},{"$i":"weekday-6-long","$v":"E shtunë"},{"$i":"weekday-6-short","$v":"Sht"},{"$i":"weeks-ago-long","$v":{"few":[{"t":"idOrVar","v":"value"}," javë më parë"],"many":[{"t":"idOrVar","v":"value"}," javë më parë"],"one":"javën e kaluar","other":[{"t":"idOrVar","v":"value"}," javë më parë"],"two":[{"t":"idOrVar","v":"value"}," javë më parë"],"zero":"këtë javë"},"$x":[{"t":"idOrVar","v":"plural"},"value"]},{"$i":"weeks-until-long","$v":{"few":["për ",{"t":"idOrVar","v":"value"}," javë"],"many":["për ",{"t":"idOrVar","v":"value"}," javë"],"one":"javën tjetër","other":["për ",{"t":"idOrVar","v":"value"}," javë"],"two":["për ",{"t":"idOrVar","v":"value"}," javë"],"zero":"këtë javë"},"$x":[{"t":"idOrVar","v":"plural"},"value"]},{"$i":"years-ago-long","$v":{"few":[{"t":"idOrVar","v":"value"}," vite më parë"],"many":[{"t":"idOrVar","v":"value"}," vite më parë"],"one":"vitin e kaluar","other":[{"t":"idOrVar","v":"value"}," vite më parë"],"two":[{"t":"idOrVar","v":"value"}," vite më parë"],"zero":"këtë vit"},"$x":[{"t":"idOrVar","v":"plural"},"value"]},{"$i":"years-until-long","$v":{"few":["për ",{"t":"idOrVar","v":"value"}," vjet"],"many":["për ",{"t":"idOrVar","v":"value"}," vjet"],"one":"vitin tjetër","other":["për ",{"t":"idOrVar","v":"value"}," vjet"],"two":["për ",{"t":"idOrVar","v":"value"}," vjet"],"zero":"këtë vit"},"$x":[{"t":"idOrVar","v":"plural"},"value"]},{"$i":"dateTimeFormat_%X","$v":"%I:%M:%S %p"},{"$i":"weekStartsOnMonday","$v":"0"},{"$i":"firstDayOfTheWeek","$v":"1"}]