[{"$i":"clockDateFormat","$v":"%a, %e %b"},{"$i":"deviceIsUnlocked","$v":"Device is unlocked"},{"$i":"simUnlockCodeAccepted","$v":"SIM unlock code accepted"},{"$i":"simUnlockCodeFailed","$v":"SIM unlock unsuccessful"},{"$i":"eccOnly","$v":"Samo hitni pozivi"},{"$i":"emergencyCallsOnly","$v":"Samo hitni pozivi"},{"$i":"lockedSim","$v":"Zaključani SIM"},{"$i":"noService","$v":"Nema usluge"},{"$i":"noSimCard","$v":"Nema SIM kartice"},{"$i":"searching","$v":"Pretraga..."},{"$i":"airplane-mode","$v":"Režim rada u avionu"},{"$i":"bluetooth","$v":"Bluetooth"},{"$i":"brightness","$v":"Osvetljenost"},{"$i":"calculator","$v":"Kalkulator"},{"$i":"camera","$v":"Fotoaparat"},{"$i":"cellular-data","$v":"Mobilni podaci"},{"$i":"confirm-to-uninstall-app","$v":["Deinstalirati apl. ",{"t":"idOrVar","v":"appName"},"?"]},{"$i":"flashlight","$v":"Baterijska lampa"},{"$i":"instant-settings","$v":"trenutna podešavanja"},{"$i":"off","$v":"Isključeno"},{"$i":"on","$v":"Uključeno"},{"$i":"shortcuts","$v":"Prečice"},{"$i":"uninstall","$v":"Deinstaliraj"},{"$i":"volume","$v":"Jačina zvuka"},{"$i":"wifi","$v":"Wi-Fi"},{"$i":"percentage-number","$v":[{"t":"idOrVar","v":"number"},"%"]},{"$i":"all-apps","$v":"Sve aplikacije"},{"$i":"scImei","$v":"IMEI"},{"$i":"scMeid","$v":"MEID"},{"$i":"scUssd","$v":"USSD"},{"$i":"CallFailed","$v":"Poziv nije uspeo"},{"$i":"GenericFailure","$v":"Generička greška"},{"$i":"add-smart-collections","$v":"Dodaj pametne kolekcije"},{"$i":"add-to-existing-contact","$v":"Dodaj postojećem kontaktu"},{"$i":"alert-for-contacts-without-number","$v":"Nema dostupnih kontakata sa brojem telefona."},{"$i":"app-title","$v":"Moje aplikacije"},{"$i":"app-uninstall","$v":[{"t":"idOrVar","v":"name"}," je deinstalirana"]},{"$i":"assign","$v":"Dodeli"},{"$i":"assign-speed-dial","$v":["Kontakt nije dodat na dugme ",{"t":"idOrVar","v":"n"}," za brzo biranje. Dodeliti sada?"]},{"$i":"assign-voicemail","$v":"Broj govorne pošte nije podešen."},{"$i":"call","$v":"Poziv"},{"$i":"callAirplaneModeMessage","$v":"Da biste obavili poziv, morate onemogućiti režim rada u avionu u podešavanjima."},{"$i":"callAirplaneModeTitle","$v":"Režim rada u avionu je aktiviran"},{"$i":"cancel","$v":"Otkaži"},{"$i":"change-wallpaper","$v":"Promeni pozadinu"},{"$i":"clocks-updated","$v":"Satovi su ažurirani"},{"$i":"confirmation","$v":"Potvrda"},{"$i":"contacts","$v":"Kontakti"},{"$i":"create-new-contact","$v":"Kreiraj novi kontakt"},{"$i":"delete","$v":"Izbriši"},{"$i":"delete-body","$v":[{"t":"idOrVar","v":"name"}," i svi njegovi podaci biće izbrisani."]},{"$i":"delete-title","$v":["Brisanje ",{"t":"idOrVar","v":"name"}]},{"$i":"edit","$v":"Izmeni"},{"$i":"edit-done","$v":"Gotovo"},{"$i":"edit-group-header","$v":"Uredi grupu"},{"$i":"edit-mode","$v":"Uređivanje"},{"$i":"emergency-call-error","$v":[{"t":"idOrVar","v":"number"}," nije broj za hitne pozive."]},{"$i":"emergency-call-only","$v":"Samo hitni pozivi"},{"$i":"emergencyDialogBodyBadNumber","$v":"Da biste obavili poziv, telefon mora biti povezan na mrežu."},{"$i":"emergencyDialogBodyDeviceNotAccepted","$v":"Mreža ne dozvoljava hitne pozive."},{"$i":"emergencyDialogTitle","$v":"Nema mrežne veze"},{"$i":"fax-home","$v":"Faks kod kuće"},{"$i":"fax-office","$v":"Faks u kancelariji"},{"$i":"fax-other","$v":"Faks - drugo"},{"$i":"fdnIsActiveMessage","$v":["Opcija FDN (brojevi fiksnog biranja) je aktivirana i sledeći broj se ne nalazi na vašoj FDN listi: ",{"t":"idOrVar","v":"number"}]},{"$i":"fdnIsActiveTitle","$v":"Opcija FDN je aktivirana"},{"$i":"gaia-shortcut-app-updated","$v":"Aplikacija je ažurirana"},{"$i":"grid-view","$v":"Prikaz mreže"},{"$i":"home","$v":"Kuća"},{"$i":"homescreen-settings","$v":"Podešavanja početnog ekrana"},{"$i":"invalidNumberToDialMessage","$v":"Broj koji pokušavate da pozovete nije važeći."},{"$i":"invalidNumberToDialTitle","$v":"Nevažeći broj telefona"},{"$i":"list-view","$v":"Prikaz liste"},{"$i":"longDateFormat","$v":"%A, %B %e"},{"$i":"menu","$v":"Meni"},{"$i":"message","$v":"Poruka"},{"$i":"mobile","$v":"Mobilni"},{"$i":"more","$v":"Još"},{"$i":"move","$v":"Premesti"},{"$i":"notifications","$v":"Obaveštenja"},{"$i":"numberIsBusyMessage","$v":"Broj je trenutno zauzet. Pokušajte ponovo kasnije."},{"$i":"numberIsBusyTitle","$v":"Broj je zauzet"},{"$i":"ok","$v":"OK"},{"$i":"option-remove","$v":"Ukloni sa brzog biranja"},{"$i":"option-replace","$v":"Zameni"},{"$i":"options","$v":"Opcije"},{"$i":"otherConnectionInUseMessage","$v":"Imate aktivan poziv na drugoj vezi. Ne možete koristiti više veza istovremeno."},{"$i":"otherConnectionInUseTitle","$v":"Koristi se druga veza"},{"$i":"personal","$v":"Lično"},{"$i":"remove","$v":"Ukloni"},{"$i":"remove-speed-dial","$v":["Želite li sigurno da uklonite ",{"t":"idOrVar","v":"name"}," sa brzog biranja?"]},{"$i":"replace","$v":"Zameni"},{"$i":"replace-speed-dial","$v":["Želite li sigurno da ",{"t":"idOrVar","v":"name"}," zamenite ",{"t":"idOrVar","v":"subName"},"?"]},{"$i":"resume-download-action","$v":"Preuzimanje"},{"$i":"resume-download-body","$v":["Želite li da preuzmete ",{"t":"idOrVar","v":"name"},"?"]},{"$i":"resume-download-title","$v":"Pon. pokr. preuz."},{"$i":"scCallBarring","$v":"Zabrana poziva"},{"$i":"scCallForwarding","$v":"Preusmeravanje poziva"},{"$i":"scCallWaiting","$v":"Poziv na čekanju"},{"$i":"scClip","$v":"ID pozivaoca dolaznog poziva"},{"$i":"scClir","$v":"ID poziv. odl. poziva"},{"$i":"scPin","$v":"Promena PIN koda"},{"$i":"scPin2","$v":"Promena PIN2 koda"},{"$i":"scPuk","$v":"Odblokiraj PIN kod"},{"$i":"scPuk2","$v":"Odblokiraj PIN2 kod"},{"$i":"scPwd","$v":"Promena lozinke"},{"$i":"search-or-enter-address","placeholder":"Pretr. ili unes. adr."},{"$i":"select","$v":"Izaberi"},{"$i":"sending","$v":"Slanje…"},{"$i":"set","$v":"Podesi"},{"$i":"settings","$v":"Podešavanja"},{"$i":"single-view","$v":"Prikaz jednog"},{"$i":"skip","$v":"Preskoči"},{"$i":"speed-dial","$v":"Brzo biranje"},{"$i":"speed-dial-empty","ariaLabel":[{"t":"idOrVar","v":"order"},", prazno"]},{"$i":"speed-dial-not-empty","ariaLabel":[{"t":"idOrVar","v":"order"},", ",{"t":"idOrVar","v":"name"}]},{"$i":"stop-download-action","$v":"Zaustavi"},{"$i":"stop-download-body","$v":"Želite li da zaustavite preuzimanje koje je u toku?"},{"$i":"stop-download-title","$v":["Zaustavi ",{"t":"idOrVar","v":"name"}]},{"$i":"tcl-wallpaper-changed","$v":"Pozadina promenjena"},{"$i":"video-call","$v":"Video poziv"},{"$i":"voicemail","$v":"Govorna pošta"},{"$i":"work","$v":"Posao"},{"$i":"apps","$v":"Aplikacije"},{"$i":"nocard-eccOnly","$v":"No SIM card-Emergency calls only"},{"$i":"unusablecard-eccOnly","$v":"Unusable SIM card-Emergency calls only"},{"$i":"apn-sim1","$v":"APN podešavanja – SIM1"},{"$i":"apn-sim2","$v":"APN podešavanja – SIM2"},{"$i":"apnConfigPrepay","$v":"Pripejd"},{"$i":"apnConfigPostpay","$v":"Postpejd"},{"$i":"apn-defaultconfig-message","$v":"Podesite tip APN-a za prikaz"},{"$i":"apnDefaultConfig","$v":"APN podraz. konfig."},{"$i":"without-sim-new","$v":[{"t":"idOrVar","v":"index"}]},{"$i":"with-sim-new","$v":[{"t":"idOrVar","v":"index"}," – ",{"t":"idOrVar","v":"carrier"}]},{"$i":"sim-with-index-and-carrier","$v":["SIM ",{"t":"idOrVar","v":"index"}," - ",{"t":"idOrVar","v":"carrier"}]},{"$i":"sim-without-carrier","$v":["SIM ",{"t":"idOrVar","v":"index"}]},{"$i":"call-forwarding-voice-after-seconds","$v":["Glas: ",{"t":"idOrVar","v":"voice"}," posle ovoliko sekundi: ",{"t":"idOrVar","v":"timeSeconds"}]},{"$i":"addNewNumber","$v":"Dodaj novi broj"},{"$i":"addToExistingContact","$v":"Dodaj postojećem kontaktu"},{"$i":"all","$v":"Sve","ariaLabel":"Sve"},{"$i":"bluetooth-handsfree-device","$v":"Bluetooth hendsfri uređaj"},{"$i":"bluetoothOption","ariaLabel":"Bluetooth"},{"$i":"callDurationHours","$v":[{"t":"idOrVar","v":"h"},":",{"t":"idOrVar","v":"m"},":",{"t":"idOrVar","v":"s"}]},{"$i":"callDurationMinutes","$v":[{"t":"idOrVar","v":"m"},":",{"t":"idOrVar","v":"s"}]},{"$i":"callDurationTextFormatHours","$v":[{"t":"idOrVar","v":"h"}," h ",{"t":"idOrVar","v":"m"}," m ",{"t":"idOrVar","v":"s"}," s"]},{"$i":"callDurationTextFormatMinutes","$v":[{"t":"idOrVar","v":"m"}," m ",{"t":"idOrVar","v":"s"}," s"]},{"$i":"callDurationTextFormatSeconds","$v":[{"t":"idOrVar","v":"s"}," s"]},{"$i":"callEnded","$v":"Poziv je završen"},{"$i":"callInformation","$v":"Informacije o pozivu"},{"$i":"callLog","$v":"Evidencija poziva"},{"$i":"callLogEdit","title":"Uredi evidenciju poziva"},{"$i":"callLogEditDialog","ariaLabel":"Dijalog za izmenu evidencije poziva"},{"$i":"caller-left-call","$v":[{"t":"idOrVar","v":"caller"}," je napustio poziv."]},{"$i":"calllog-all","$v":"Sve"},{"$i":"calllog-deselectAll","$v":"Opozovi izbor svega"},{"$i":"calllog-none","$v":"Nema"},{"$i":"calllog-selectAll","$v":"Odaberi sve"},{"$i":"canceled","$v":"Otkazano"},{"$i":"clear-all-text","$v":"Obriši sav tekst"},{"$i":"close","$v":"Zatvori"},{"$i":"composeEmail","ariaLabel":"Pošta"},{"$i":"conferenceAddError","$v":"Nije moguće spojiti pozive"},{"$i":"conferenceCall","$v":["Konferencija (",{"t":"idOrVar","v":"n"},")"]},{"$i":"conferenceRemoveError","$v":"Nije moguće razdvojiti pozive"},{"$i":"confirm-deletion","$v":"Obrisati odabrane pozive?"},{"$i":"connecting","$v":"Povezivanje"},{"$i":"connectingEllipsis","$v":"Povezivanje…"},{"$i":"contactDetails","$v":"Detalji o kontaktu"},{"$i":"createNewContact","$v":"Kreiraj novi kontakt"},{"$i":"delete-n-log?","$v":{"few":["Izbrisati ",{"t":"idOrVar","v":"n"}," evidencija?"],"many":["Izbrisati ",{"t":"idOrVar","v":"n"}," evidencija?"],"one":"Izbrisati odabranu evidenciju?","other":["Izbrisati ",{"t":"idOrVar","v":"n"}," evidencija?"],"two":["Izbrisati ",{"t":"idOrVar","v":"n"}," evidencija?"],"zero":"Ništa nije odabrano"},"$x":[{"t":"idOrVar","v":"plural"},"n"]},{"$i":"deselect","$v":"Poništi izbor"},{"$i":"dialed","$v":"Birani"},{"$i":"dialer-prompt","$v":"Pozovite broj ili izaberite kontakt koji želite da pozovete"},{"$i":"dialerAddContact","ariaLabel":"Dodaj kontakt"},{"$i":"dialerAddContactDialog","ariaLabel":"Dijalog za dodavanje kontakta"},{"$i":"edit-selected","$v":{"few":["izabrano (",{"t":"idOrVar","v":"n"},")"],"many":["izabrano (",{"t":"idOrVar","v":"n"},")"],"one":["izabrano (",{"t":"idOrVar","v":"n"},")"],"other":["izabrano (",{"t":"idOrVar","v":"n"},")"],"two":["izabrano (",{"t":"idOrVar","v":"n"},")"]},"$x":[{"t":"idOrVar","v":"plural"},"n"]},{"$i":"emailDetail","ariaLabel":"Pošta"},{"$i":"from-contact","$v":["Od ",{"t":"idOrVar","v":"contact"}]},{"$i":"from-number","$v":["Od ",{"t":"idOrVar","v":"number"}]},{"$i":"from-withheld-number","$v":"Od nepoznatog broja"},{"$i":"hangup-a11y-button","ariaLabel":"Prekini vezu"},{"$i":"hide","$v":"Sakrij"},{"$i":"hideKeypad","ariaLabel":"Sakrij tastaturu"},{"$i":"hold","ariaLabel":"Zadrži"},{"$i":"hours","$v":"sati"},{"$i":"ignore","$v":"Zanemari poziv"},{"$i":"incoming","$v":"Dolazni"},{"$i":"incoming-call","$v":"Dolazni poziv"},{"$i":"info-missed","$v":"Propušteni"},{"$i":"keypad","ariaLabel":"Numer. tast."},{"$i":"log-item","$v":"Opcije"},{"$i":"makeCall","ariaLabel":"Pozovi"},{"$i":"merge","ariaLabel":"Spoji"},{"$i":"minutes","$v":"minuti"},{"$i":"missed","$v":"Propušteni","ariaLabel":"Propušteni"},{"$i":"missedCall","$v":"Propušten poziv"},{"$i":"missedCallMultiSims","$v":["(Prop. pozivi za SIM: ",{"t":"idOrVar","v":"n"},")"]},{"$i":"mmi-error","$v":"Došlo je do greške prilikom slanja poruke"},{"$i":"mmi-notification-title-with-sim","$v":["(",{"t":"idOrVar","v":"sim"},") ",{"t":"idOrVar","v":"title"}]},{"$i":"mmi-session-expired","$v":"Sesija je istekla"},{"$i":"mmi-successfully-sent","$v":"Poruka uspešno poslata"},{"$i":"mute","ariaLabel":"Isklj. zvuk"},{"$i":"newCall","ariaLabel":"Novi poziv"},{"$i":"no-logs-msg-1","$v":"Nema zabeleženih poziva"},{"$i":"no-logs-msg-2","$v":"Počnite da komun."},{"$i":"no-logs-msg-3","$v":"Nema zabeleženih poziva"},{"$i":"no-logs-msg-4","$v":"Počnite da komun."},{"$i":"no-recent-numbers","$v":"U evidenciji poziva nema nedavnih poziva za biranje."},{"$i":"onHoldOption","ariaLabel":"Na ček."},{"$i":"outgoing","$v":"Odlazni"},{"$i":"outgoing-call","$v":"Odlazni poziv"},{"$i":"phoneDetail","ariaLabel":"Telefon"},{"$i":"pickup-a11y-button","ariaLabel":"Javi se"},{"$i":"received","$v":"Primljeni"},{"$i":"receiver","$v":"Slušalica"},{"$i":"recents","ariaLabel":"Nedavni pozivi"},{"$i":"reply","$v":"Odgovori"},{"$i":"resume","$v":"Nastavi","ariaLabel":"Nastavi"},{"$i":"search-results","$v":"Rezultati pretrage"},{"$i":"seconds","$v":"sekunde/i"},{"$i":"select-audio-sources","$v":"Odaberi audio izvore"},{"$i":"send","$v":"Pošalji"},{"$i":"send-sms-button","ariaLabel":"SMS"},{"$i":"sendSms","$v":"Pošalji poruku"},{"$i":"separator","$v":","},{"$i":"sim-number","$v":["SIM",{"t":"idOrVar","v":"n"}]},{"$i":"speaker","$v":"Zvučnik"},{"$i":"speakerOption","ariaLabel":"Zvučnik"},{"$i":"suggestionMatches","$v":{"few":[{"t":"idOrVar","v":"n"}," podudaranja za „",{"t":"idOrVar","v":"matchNumber"},"“"],"many":[{"t":"idOrVar","v":"n"}," podudaranja za „",{"t":"idOrVar","v":"matchNumber"},"“"],"one":[{"t":"idOrVar","v":"n"}," podudaranje za „",{"t":"idOrVar","v":"matchNumber"},"“"],"other":[{"t":"idOrVar","v":"n"}," podudaranja za „",{"t":"idOrVar","v":"matchNumber"},"“"],"two":[{"t":"idOrVar","v":"n"}," podudaranja za „",{"t":"idOrVar","v":"matchNumber"},"“"]},"$x":[{"t":"idOrVar","v":"plural"},"n"]},{"$i":"switch-calls","$v":"Zameni pozive"},{"$i":"tcl-assign","$v":"Dodeli"},{"$i":"tcl-assign-speed-dial","$v":{"$o":["Kontakt nije dodat. na dugme „",{"t":"idOrVar","v":"speedDial"},"“ za brzo biranje. <br></br>Dodeliti sada?"]}},{"$i":"tcl-call-log-delete-group-notification","$v":[{"t":"idOrVar","v":"n"}," unosa izbrisano"]},{"$i":"tcl-calllog-entry-removed-err-notification","$v":"Nije moguće ukl. unos iz evid. poziva"},{"$i":"tcl-calllog-entry-removed-succ-notification","$v":"Unos iz evidencije poziva je uklonjen"},{"$i":"tcl-cancel","$v":"Otkaži"},{"$i":"tcl-confirmation","$v":"Potvrda"},{"$i":"tcl-delete-log","$v":"Želite li sigurno da izbrišete odabrane unose iz evidencije poziva?"},{"$i":"tcl-dialer","$v":"Brojčanik"},{"$i":"tcl-edit-not-selected","$v":"odabrano(0)"},{"$i":"tcl-option-menu-call-log-edit","$v":"Uredi evidenciju poziva"},{"$i":"today","$v":"Danas"},{"$i":"toggleKeypad","ariaLabel":"Promeni stanje tastature"},{"$i":"type-your-response","placeholder":"Ukucajte odgovor..."},{"$i":"unknown","$v":"Nepoznato"},{"$i":"unlock-a11y-button","ariaLabel":"Klizač"},{"$i":"ussd-services","$v":[{"t":"idOrVar","v":"operator"}," usluge"]},{"$i":"via-sim","$v":["preko SIM",{"t":"idOrVar","v":"n"}," kartice"]},{"$i":"view-all","$v":"Prikaži sve"},{"$i":"wifi-calling","$v":"Wi-Fi pozivanje"},{"$i":"withheld-number","$v":"Nepoznato"},{"$i":"yesterday","$v":"Juče"},{"$i":"SimPin2","$v":"PIN2 kod za SIM karticu"},{"$i":"SimPuk2","$v":"PUK2 kod za SIM karticu"},{"$i":"serviceClassFax","$v":"FAKS"},{"$i":"serviceClassPad","$v":"PAD"},{"$i":"serviceClassSms","$v":"SMS"},{"$i":"DialModifiedToDial","$v":"Dial modified to dial"},{"$i":"DialModifiedToSs","$v":"Dial modified to SS"},{"$i":"DialModifiedToUssd","$v":"Dial modified to USSD"},{"$i":"FdnCheckFailure","$v":"Provera Fdn nije uspela"},{"$i":"IllegalSimOrMe","$v":"Nevažeća SIM kartica ili ME"},{"$i":"InvalidParameter","$v":"Nevažeći parametar"},{"$i":"ModeNotSupported","$v":"Režim nije podržan"},{"$i":"OpNotAllowedDuringVoiceCall","$v":"Oper. nije dozv. tokom gov. poz."},{"$i":"PasswordIncorrect","$v":"Lozinka nije tačna"},{"$i":"RadioNotAvailable","$v":"Radio not available"},{"$i":"RejectedByRemote","$v":"Daljinski odbijeno"},{"$i":"RequestNotSupported","$v":"Zahtev nije podržan"},{"$i":"ServiceIsDisabled","$v":"Usluga je onemogućena"},{"$i":"ServiceIsEnabled","$v":"Usluga je omogućena"},{"$i":"ServiceIsEnabledFor","$v":"Usluga je omogućena za:"},{"$i":"SimAbsent","$v":"Nema SIM kartice"},{"$i":"SmsSendFailRetry","$v":"SMS send fail retry"},{"$i":"SsModifiedToDial","$v":"SS prilagođen biranju"},{"$i":"SsModifiedToSs","$v":"SS prilagođen SS-u"},{"$i":"SsModifiedToUssd","$v":"SS prilagođen USSD-u"},{"$i":"SubscriptionNotAvailable","$v":"Pretplata nije dostupna"},{"$i":"SubscriptionNotSupported","$v":"Pretplata nije podržana"},{"$i":"UssdModifiedToDial","$v":"USSD prilagođen biranju"},{"$i":"UssdModifiedToSs","$v":"USSD prilagođen SS-u"},{"$i":"UssdModifiedToUssd","$v":"USSD prilagođen USSD-u"},{"$i":"call-forwarding-async","$v":["Asinhrono: ",{"t":"idOrVar","v":"async"}]},{"$i":"call-forwarding-data","$v":["Podaci: ",{"t":"idOrVar","v":"data"}]},{"$i":"call-forwarding-error","$v":"Došlo je do greške pri preuzimanja statusa preusmeravanja poziva"},{"$i":"call-forwarding-fax","$v":["FAKS: ",{"t":"idOrVar","v":"fax"}]},{"$i":"call-forwarding-inactive","$v":"Neaktivno"},{"$i":"call-forwarding-packet","$v":["Paket: ",{"t":"idOrVar","v":"packet"}]},{"$i":"call-forwarding-pad","$v":["PAD: ",{"t":"idOrVar","v":"pad"}]},{"$i":"call-forwarding-sms","$v":["SMS: ",{"t":"idOrVar","v":"sms"}]},{"$i":"call-forwarding-status","$v":"Status preusmeravanja poziva"},{"$i":"call-forwarding-sync","$v":["Sinhronizovano: ",{"t":"idOrVar","v":"sync"}]},{"$i":"call-forwarding-voice","$v":["Glas: ",{"t":"idOrVar","v":"voice"}]},{"$i":"emMmiError","$v":"Problem sa povezivanjem ili MMI šifrom"},{"$i":"emMmiErrorBadPin","$v":"Stari PIN kod koji ste uneli je netačan."},{"$i":"emMmiErrorBadPuk","$v":"PUK kod koji ste uneli je netačan"},{"$i":"emMmiErrorEnablePin","$v":"Neuspešno. Omogući SIM/RUIM BLOKADU"},{"$i":"emMmiErrorInvalidAction","$v":"Nevažeća radnja"},{"$i":"emMmiErrorInvalidPin","$v":"Unesite PIN kod koji se sastoji od 4 do 8 brojeva"},{"$i":"emMmiErrorInvalidScCode","$v":"Nevažeći servisni kod"},{"$i":"emMmiErrorMismatchPin","$v":"PIN kodovi koje ste uneli se ne podudaraju"},{"$i":"emMmiErrorMmiFdn","$v":"Oper. je ogr. isključivo na br. fiks. bir."},{"$i":"emMmiErrorNeedPuk2","$v":"Unesite PUK2 kod da biste deblokirali SIM karticu"},{"$i":"emMmiErrorNeedsPuk","$v":"Vaša SIM kartica je zaključana PUK kodom"},{"$i":"emMmiErrorNotSupported","$v":"Nevažeći ili nepodržani MMI kod"},{"$i":"emMmiErrorPasswordIncorrect","$v":"Netačna lozinka"},{"$i":"emMmiErrorPinPukAttempts","$v":{"few":[{"t":"idOrVar","v":"n"}," pokušaja preostala"],"many":[{"t":"idOrVar","v":"n"}," pokušaja preostalo"],"one":["Ost.samo ",{"t":"idOrVar","v":"n"}," pok."],"other":[{"t":"idOrVar","v":"n"}," pokušaja preostalo"],"two":[{"t":"idOrVar","v":"n"}," pokušaja preostala"]},"$x":[{"t":"idOrVar","v":"plural"},"n"]},{"$i":"emMmiErrorSimBlocked","$v":"Maksimalni broj ponovnih pokušaja prekoračen. SIM kartica blokirana"},{"$i":"emMmiErrorStkCcSsDial","$v":"SS zahtev je promenjen u zahtev za biranje"},{"$i":"emMmiErrorStkCcSsSs","$v":"SS zahtev je promenjen u novi SS zahtev"},{"$i":"emMmiErrorStkCcSsUssd","$v":"SS zaht. je prom. u USSD zaht."},{"$i":"emMmiErrorStkCcUssdDial","$v":"USSD zahtev je promenjen u DIAL zahtev"},{"$i":"emMmiErrorStkCcUssdSs","$v":"USSD zahtev je promenjen u SS zahtev"},{"$i":"emMmiErrorStkCcUssdUssd","$v":"USSD zahtev je promenjen u novi USSD zahtev"},{"$i":"fihVersion","$v":"FIH verzija"},{"$i":"imeiAndSvn","$v":"IMEI i SVN"},{"$i":"internalVersion","$v":"Interna verzija"},{"$i":"serviceClassData","$v":"Podaci"},{"$i":"serviceClassDataAsync","$v":"Asinh."},{"$i":"serviceClassDataSync","$v":"Sinhronizacija"},{"$i":"serviceClassPacket","$v":"Paket"},{"$i":"serviceClassVoice","$v":"Glas"},{"$i":"smClirDefaultOffNextCallOff","$v":"Podrazumevani ID pozivaoca je dostupan. Sledeći poziv: dostupan"},{"$i":"smClirDefaultOffNextCallOn","$v":"Podrazumevani ID pozivaoca je dostupan. Sledeći poziv: nije dostupan"},{"$i":"smClirDefaultOnNextCallOff","$v":"Podrazumevani ID pozivaoca nije dostupan. Sledeći poziv: dostupan"},{"$i":"smClirDefaultOnNextCallOn","$v":"Podr. ID poz. nije dost. Sled. poziv: nije dost."},{"$i":"smClirPermanent","$v":"Ne možete da promenite podešavanja ID-a pozivaoca"},{"$i":"smPin2Changed","$v":"PIN2 kod je uspešno promenjen"},{"$i":"smPin2Unblocked","$v":"PIN2 uspešno debl."},{"$i":"smPinChanged","$v":"PIN uspešno prom."},{"$i":"smPinUnblocked","$v":"PIN uspešno debl."},{"$i":"smServiceDisabled","$v":"Usluga je onemogućena"},{"$i":"smServiceEnabled","$v":"Usluga je omogućena"},{"$i":"smServiceEnabledFor","$v":"Usluga je omog. za:"},{"$i":"smServiceErased","$v":"Brisanje je uspelo"},{"$i":"smServiceInterrogated","$v":"Zahtev je uspešan"},{"$i":"smServiceNotProvisioned","$v":"Usluga nije obezbeđena"},{"$i":"smServiceRegistered","$v":"Uspešno ste se registrovali"},{"$i":"another","$v":"Drugo"},{"$i":"current","$v":"Trenutno"},{"$i":"customTag","$v":"Prilagođena oznaka","placeholder":"Prilagođena oznaka"},{"$i":"faxHome","$v":"Faks kod kuće"},{"$i":"faxOffice","$v":"Faks u kancelariji"},{"$i":"faxOther","$v":"Faks - drugo"},{"$i":"itemWithLabel","$v":[{"t":"idOrVar","v":"label"},", ",{"t":"idOrVar","v":"item"}]},{"$i":"label","$v":"Oznaka"},{"$i":"other","$v":"Drugo"},{"$i":"tcl-customTag","$v":"Prilagođena oznaka"},{"$i":"dateTimeFormat_%c","$v":"%a %b %e %Y %I:%M:%S %p"},{"$i":"dateTimeFormat_%x","$v":"%m/%d/%Y"},{"$i":"days-ago-long","$v":{"few":["Pre ",{"t":"idOrVar","v":"value"}," dana"],"many":["Pre ",{"t":"idOrVar","v":"value"}," dana"],"one":"juče","other":["Pre ",{"t":"idOrVar","v":"value"}," dana"],"two":["Pre ",{"t":"idOrVar","v":"value"}," dana"],"zero":"danas"},"$x":[{"t":"idOrVar","v":"plural"},"value"]},{"$i":"days-ago-short","$v":{"other":["Pre ",{"t":"idOrVar","v":"value"}," d"],"zero":"danas"},"$x":[{"t":"idOrVar","v":"plural"},"value"]},{"$i":"days-until-long","$v":{"few":["za ",{"t":"idOrVar","v":"value"}," dana"],"many":["za ",{"t":"idOrVar","v":"value"}," dana"],"one":"sutra","other":["za ",{"t":"idOrVar","v":"value"}," dana"],"two":["za ",{"t":"idOrVar","v":"value"}," dana"],"zero":"danas"},"$x":[{"t":"idOrVar","v":"plural"},"value"]},{"$i":"days-until-short","$v":{"other":["za ",{"t":"idOrVar","v":"value"}," d"],"zero":"danas"},"$x":[{"t":"idOrVar","v":"plural"},"value"]},{"$i":"hours-ago-long","$v":{"few":["Pre ovoliko sati: ",{"t":"idOrVar","v":"value"}],"many":["Pre ovoliko sati: ",{"t":"idOrVar","v":"value"}],"one":"pre sat vremena","other":["Pre ovoliko sati: ",{"t":"idOrVar","v":"value"}],"two":["Pre ovoliko sati: ",{"t":"idOrVar","v":"value"}],"zero":"malopre"},"$x":[{"t":"idOrVar","v":"plural"},"value"]},{"$i":"hours-ago-short","$v":{"other":["Pre ",{"t":"idOrVar","v":"value"}," h"],"zero":"malopre"},"$x":[{"t":"idOrVar","v":"plural"},"value"]},{"$i":"hours-until-long","$v":{"few":["za ",{"t":"idOrVar","v":"value"}," sata/i"],"many":["za ",{"t":"idOrVar","v":"value"}," sata/i"],"one":"za jedan sat","other":["za ",{"t":"idOrVar","v":"value"}," sata/i"],"two":["za ",{"t":"idOrVar","v":"value"}," sata/i"],"zero":"sada"},"$x":[{"t":"idOrVar","v":"plural"},"value"]},{"$i":"hours-until-short","$v":{"other":["za ",{"t":"idOrVar","v":"value"}," h"],"zero":"sada"},"$x":[{"t":"idOrVar","v":"plural"},"value"]},{"$i":"incorrectDate","$v":"(netačan datum)"},{"$i":"minutes-ago-long","$v":{"few":["Pre ",{"t":"idOrVar","v":"value"}," minuta"],"many":["Pre ",{"t":"idOrVar","v":"value"}," minuta"],"one":"pre jednog minuta","other":["Pre ",{"t":"idOrVar","v":"value"}," minuta"],"two":["Pre ",{"t":"idOrVar","v":"value"}," minuta"],"zero":"malopre"},"$x":[{"t":"idOrVar","v":"plural"},"value"]},{"$i":"minutes-ago-short","$v":{"other":["Pre ",{"t":"idOrVar","v":"value"}," m"],"zero":"malopre"},"$x":[{"t":"idOrVar","v":"plural"},"value"]},{"$i":"minutes-until-long","$v":{"few":["za ",{"t":"idOrVar","v":"value"}," minuta"],"many":["za ",{"t":"idOrVar","v":"value"}," minuta"],"one":"za jedan minut","other":["za ",{"t":"idOrVar","v":"value"}," minuta"],"two":["za ",{"t":"idOrVar","v":"value"}," minuta"],"zero":"sada"},"$x":[{"t":"idOrVar","v":"plural"},"value"]},{"$i":"minutes-until-short","$v":{"other":["za ",{"t":"idOrVar","v":"value"}," m"],"zero":"sada"},"$x":[{"t":"idOrVar","v":"plural"},"value"]},{"$i":"month-0-genitive","$v":"Januar"},{"$i":"month-0-long","$v":"Januar"},{"$i":"month-0-short","$v":"Jan"},{"$i":"month-1-genitive","$v":"Februar"},{"$i":"month-1-long","$v":"Februar"},{"$i":"month-1-short","$v":"Feb"},{"$i":"month-10-genitive","$v":"Novembar"},{"$i":"month-10-long","$v":"Novembar"},{"$i":"month-10-short","$v":"Nov"},{"$i":"month-11-genitive","$v":"Decembar"},{"$i":"month-11-long","$v":"Decembar"},{"$i":"month-11-short","$v":"Dec"},{"$i":"month-2-genitive","$v":"Mart"},{"$i":"month-2-long","$v":"Mart"},{"$i":"month-2-short","$v":"Mar"},{"$i":"month-3-genitive","$v":"April"},{"$i":"month-3-long","$v":"April"},{"$i":"month-3-short","$v":"Apr"},{"$i":"month-4-genitive","$v":"Maj"},{"$i":"month-4-long","$v":"Maj"},{"$i":"month-4-short","$v":"Maj"},{"$i":"month-5-genitive","$v":"Jun"},{"$i":"month-5-long","$v":"Jun"},{"$i":"month-5-short","$v":"Jun"},{"$i":"month-6-genitive","$v":"Jul"},{"$i":"month-6-long","$v":"Jul"},{"$i":"month-6-short","$v":"Jul"},{"$i":"month-7-genitive","$v":"Avgust"},{"$i":"month-7-long","$v":"Avgust"},{"$i":"month-7-short","$v":"Avg"},{"$i":"month-8-genitive","$v":"Septembar"},{"$i":"month-8-long","$v":"Septembar"},{"$i":"month-8-short","$v":"Sep"},{"$i":"month-9-genitive","$v":"Oktobar"},{"$i":"month-9-long","$v":"Oktobar"},{"$i":"month-9-short","$v":"Okt"},{"$i":"months-ago-long","$v":{"few":["Pre ovoliko meseci: ",{"t":"idOrVar","v":"value"}],"many":["Pre ovoliko meseci: ",{"t":"idOrVar","v":"value"}],"one":"prošli mesec","other":["Pre ovoliko meseci: ",{"t":"idOrVar","v":"value"}],"two":["Pre ovoliko meseci: ",{"t":"idOrVar","v":"value"}],"zero":"ovog meseca"},"$x":[{"t":"idOrVar","v":"plural"},"value"]},{"$i":"months-until-long","$v":{"few":["za ",{"t":"idOrVar","v":"value"}," meseca/i"],"many":["za ",{"t":"idOrVar","v":"value"}," meseca/i"],"one":"sledeći mesec","other":["za ",{"t":"idOrVar","v":"value"}," meseca/i"],"two":["za ",{"t":"idOrVar","v":"value"}," meseca/i"],"zero":"ovog meseca"},"$x":[{"t":"idOrVar","v":"plural"},"value"]},{"$i":"shortDateTimeFormat","$v":"%x %I:%M %p"},{"$i":"shortTimeFormat","$v":"%I:%M %p"},{"$i":"shortTimeFormat12","$v":"%I:%M %p"},{"$i":"shortTimeFormat24","$v":"%H:%M"},{"$i":"time_am","$v":"AM"},{"$i":"time_pm","$v":"Posle podne"},{"$i":"weekday-0-long","$v":"Nedelja"},{"$i":"weekday-0-short","$v":"Ned"},{"$i":"weekday-1-long","$v":"Ponedeljak"},{"$i":"weekday-1-short","$v":"Pon"},{"$i":"weekday-2-long","$v":"Utorak"},{"$i":"weekday-2-short","$v":"Uto"},{"$i":"weekday-3-long","$v":"Sreda"},{"$i":"weekday-3-short","$v":"Sre"},{"$i":"weekday-4-long","$v":"Četvrtak"},{"$i":"weekday-4-short","$v":"Čet"},{"$i":"weekday-5-long","$v":"Petak"},{"$i":"weekday-5-short","$v":"Pet"},{"$i":"weekday-6-long","$v":"Subota"},{"$i":"weekday-6-short","$v":"Sub"},{"$i":"weeks-ago-long","$v":{"few":["Pre ovoliko nedelja: ",{"t":"idOrVar","v":"value"}],"many":["Pre ovoliko nedelja: ",{"t":"idOrVar","v":"value"}],"one":"prošle nedelje","other":["Pre ovoliko nedelja: ",{"t":"idOrVar","v":"value"}],"two":["Pre ovoliko nedelja: ",{"t":"idOrVar","v":"value"}],"zero":"ove nedelje"},"$x":[{"t":"idOrVar","v":"plural"},"value"]},{"$i":"weeks-until-long","$v":{"few":["za ",{"t":"idOrVar","v":"value"}," nedelje/a"],"many":["za ",{"t":"idOrVar","v":"value"}," nedelje/a"],"one":"sledeća nedelja","other":["za ",{"t":"idOrVar","v":"value"}," nedelje/a"],"two":["za ",{"t":"idOrVar","v":"value"}," nedelje/a"],"zero":"ove nedelje"},"$x":[{"t":"idOrVar","v":"plural"},"value"]},{"$i":"years-ago-long","$v":{"few":["Pre ovoliko godina: ",{"t":"idOrVar","v":"value"}],"many":["Pre ovoliko godina: ",{"t":"idOrVar","v":"value"}],"one":"prošle godine","other":["Pre ovoliko godina: ",{"t":"idOrVar","v":"value"}],"two":["Pre ovoliko godina: ",{"t":"idOrVar","v":"value"}],"zero":"ove godine"},"$x":[{"t":"idOrVar","v":"plural"},"value"]},{"$i":"years-until-long","$v":{"few":["za ",{"t":"idOrVar","v":"value"}," godine/a"],"many":["za ",{"t":"idOrVar","v":"value"}," godine/a"],"one":"sledeća godina","other":["za ",{"t":"idOrVar","v":"value"}," godine/a"],"two":["za ",{"t":"idOrVar","v":"value"}," godine/a"],"zero":"ove godine"},"$x":[{"t":"idOrVar","v":"plural"},"value"]},{"$i":"dateTimeFormat_%X","$v":"%I:%M:%S %p"},{"$i":"weekStartsOnMonday","$v":"0"},{"$i":"firstDayOfTheWeek","$v":"0"}]