[{"$i":"clockDateFormat","$v":"%a, %e %b"},{"$i":"deviceIsUnlocked","$v":"Enheten är upplåst"},{"$i":"simUnlockCodeAccepted","$v":"SIM-upplåsningskoden accepterad"},{"$i":"simUnlockCodeFailed","$v":"SIM-upplåsning misslyckades"},{"$i":"eccOnly","$v":"Endast nödsamtal"},{"$i":"emergencyCallsOnly","$v":"Endast nödsamtal"},{"$i":"lockedSim","$v":"Låst SIM"},{"$i":"noService","$v":"Ingen service"},{"$i":"noSimCard","$v":"Inget SIM-kort"},{"$i":"searching","$v":"Söker ..."},{"$i":"airplane-mode","$v":"Flygläge"},{"$i":"bluetooth","$v":"Bluetooth"},{"$i":"brightness","$v":"Ljusstyrka"},{"$i":"calculator","$v":"Kalkylator"},{"$i":"camera","$v":"Kamera"},{"$i":"cellular-data","$v":"Mobildata"},{"$i":"confirm-to-uninstall-app","$v":["Avinstallera appen ",{"t":"idOrVar","v":"appName"},"?"]},{"$i":"flashlight","$v":"Ficklampa"},{"$i":"instant-settings","$v":"snabbinställningar"},{"$i":"off","$v":"Av"},{"$i":"on","$v":"På"},{"$i":"shortcuts","$v":"Genvägar"},{"$i":"uninstall","$v":"Avinstallera"},{"$i":"volume","$v":"Volym"},{"$i":"wifi","$v":"Wi-Fi"},{"$i":"percentage-number","$v":[{"t":"idOrVar","v":"number"},"%"]},{"$i":"all-apps","$v":"Alla appar"},{"$i":"scImei","$v":"IMEI"},{"$i":"scMeid","$v":"MEID"},{"$i":"scUssd","$v":"USSD"},{"$i":"CallFailed","$v":"Samtalet misslyckades"},{"$i":"GenericFailure","$v":"Allmänt fel"},{"$i":"add-smart-collections","$v":"Lägg till smarta samlingar"},{"$i":"add-to-existing-contact","$v":"Lägg till i befintlig kontakt"},{"$i":"alert-for-contacts-without-number","$v":"Det finns inga tillgängliga kontakter med telefonnumret."},{"$i":"app-title","$v":"Mina appar"},{"$i":"app-uninstall","$v":[{"t":"idOrVar","v":"name"}," har avinstallerats"]},{"$i":"assign","$v":"Tilldela"},{"$i":"assign-speed-dial","$v":["Kontakten har inte lagts till som snabbuppringning på knappen ",{"t":"idOrVar","v":"n"},". Tilldela nu?"]},{"$i":"assign-voicemail","$v":"Nummer till röstbrevlåda har inte ställts in."},{"$i":"call","$v":"Samtal"},{"$i":"callAirplaneModeMessage","$v":"Du måste inaktivera flygläge i inställningar för att kunna ringa ett samtal."},{"$i":"callAirplaneModeTitle","$v":"Flygläge aktiverat"},{"$i":"cancel","$v":"Avbryt"},{"$i":"change-wallpaper","$v":"Ändra bakgrund"},{"$i":"clocks-updated","$v":"Klockor uppdaterade"},{"$i":"confirmation","$v":"Bekräftelse"},{"$i":"contacts","$v":"Kontakter"},{"$i":"create-new-contact","$v":"Skapa ny kontakt"},{"$i":"delete","$v":"Ta bort"},{"$i":"delete-body","$v":[{"t":"idOrVar","v":"name"}," och alla dess data kommer att tas bort."]},{"$i":"delete-title","$v":["Ta bort ",{"t":"idOrVar","v":"name"}]},{"$i":"edit","$v":"Redigera"},{"$i":"edit-done","$v":"Klar"},{"$i":"edit-group-header","$v":"Redigera grupp"},{"$i":"edit-mode","$v":"Redigera"},{"$i":"emergency-call-error","$v":[{"t":"idOrVar","v":"number"}," är inte ett nödsituationsnummer."]},{"$i":"emergency-call-only","$v":"Endast nödsamtal"},{"$i":"emergencyDialogBodyBadNumber","$v":"Du måste vara ansluten till ett nätverk för att kunna ringa ett samtal."},{"$i":"emergencyDialogBodyDeviceNotAccepted","$v":"Nödsamtal tillåts inte av nätverket."},{"$i":"emergencyDialogTitle","$v":"Ingen nätverksanslutning"},{"$i":"fax-home","$v":"Fax hem"},{"$i":"fax-office","$v":"Fax kontor"},{"$i":"fax-other","$v":"Fax annan"},{"$i":"fdnIsActiveMessage","$v":["FDN (nummerbegräsningsnr.) är aktivt och följande nr. finns i FDN-listan: ",{"t":"idOrVar","v":"number"}]},{"$i":"fdnIsActiveTitle","$v":"FDN aktiv"},{"$i":"gaia-shortcut-app-updated","$v":"App uppdaterad"},{"$i":"grid-view","$v":"Ikonvy"},{"$i":"home","$v":"Hem"},{"$i":"homescreen-settings","$v":"Inställningar för startsida"},{"$i":"invalidNumberToDialMessage","$v":"Telefonnumret du ringer är inte giltigt."},{"$i":"invalidNumberToDialTitle","$v":"Ogiltigt telefonnummer"},{"$i":"list-view","$v":"Listvy"},{"$i":"longDateFormat","$v":"%A, %B %e"},{"$i":"menu","$v":"Meny"},{"$i":"message","$v":"Meddelande"},{"$i":"mobile","$v":"Mobil"},{"$i":"more","$v":"Mer"},{"$i":"move","$v":"Flytta"},{"$i":"notifications","$v":"Meddelanden"},{"$i":"numberIsBusyMessage","$v":"Numret är upptaget. Försök igen senare."},{"$i":"numberIsBusyTitle","$v":"Numret är upptaget"},{"$i":"ok","$v":"OK"},{"$i":"option-remove","$v":"Ta bort från snabbuppringn."},{"$i":"option-replace","$v":"Ersätt"},{"$i":"options","$v":"Alternativ"},{"$i":"otherConnectionInUseMessage","$v":"Du har ett aktivt samtal på en annan anslutning. Du kan bara använda en anslutning åt gången."},{"$i":"otherConnectionInUseTitle","$v":"Annan anslutning används"},{"$i":"personal","$v":"Privat"},{"$i":"remove","$v":"Ta bort"},{"$i":"remove-speed-dial","$v":["Är du säker på att du vill ta bort  ",{"t":"idOrVar","v":"name"}," från snabbuppringning ?"]},{"$i":"replace","$v":"Ersätt"},{"$i":"replace-speed-dial","$v":["Är du säker på att du vill byta ut ",{"t":"idOrVar","v":"name"}," mot ",{"t":"idOrVar","v":"subName"}," ?"]},{"$i":"resume-download-action","$v":"Nedladdning"},{"$i":"resume-download-body","$v":["Vill du ladda ned ",{"t":"idOrVar","v":"name"},"?"]},{"$i":"resume-download-title","$v":"Starta om nedladdning"},{"$i":"scCallBarring","$v":"Samtalsspärr"},{"$i":"scCallForwarding","$v":"Vidarekoppling av samtal"},{"$i":"scCallWaiting","$v":"Samtal väntar"},{"$i":"scClip","$v":"Inkommande nummerpresentation"},{"$i":"scClir","$v":"Utg. nr.presentation"},{"$i":"scPin","$v":"Ändra PIN"},{"$i":"scPin2","$v":"Ändra PIN2"},{"$i":"scPuk","$v":"Upplåsnings-PIN"},{"$i":"scPuk2","$v":"Upplåsnings-PIN2"},{"$i":"scPwd","$v":"Lösenordsändring"},{"$i":"search-or-enter-address","placeholder":"Sök eller ange adress"},{"$i":"select","$v":"Välj"},{"$i":"sending","$v":"Skickar…"},{"$i":"set","$v":"Ställ in"},{"$i":"settings","$v":"Inställningar"},{"$i":"single-view","$v":"Enkel visning"},{"$i":"skip","$v":"Hoppa över"},{"$i":"speed-dial","$v":"Snabbuppringning"},{"$i":"speed-dial-empty","ariaLabel":[{"t":"idOrVar","v":"order"},", tom"]},{"$i":"speed-dial-not-empty","ariaLabel":[{"t":"idOrVar","v":"order"},", ",{"t":"idOrVar","v":"name"}]},{"$i":"stop-download-action","$v":"Stopp"},{"$i":"stop-download-body","$v":"Vill du stoppa den pågående nedladdningen?"},{"$i":"stop-download-title","$v":["Stopp ",{"t":"idOrVar","v":"name"}]},{"$i":"tcl-wallpaper-changed","$v":"Bakgrund ändrad"},{"$i":"video-call","$v":"Videosamtal"},{"$i":"voicemail","$v":"Röstmeddelande"},{"$i":"work","$v":"Arbete"},{"$i":"apps","$v":"Appar"},{"$i":"nocard-eccOnly","$v":"No SIM card-Emergency calls only"},{"$i":"unusablecard-eccOnly","$v":"Unusable SIM card-Emergency calls only"},{"$i":"apn-sim1","$v":"APN-inställningar – SIM1"},{"$i":"apn-sim2","$v":"APN-inställningar – SIM2"},{"$i":"apnConfigPrepay","$v":"Betala i förskott"},{"$i":"apnConfigPostpay","$v":"Betala i efterskott"},{"$i":"apn-defaultconfig-message","$v":"Ange vilken typ av APN som ska visas"},{"$i":"apnDefaultConfig","$v":"Standardkonfiguration för APN"},{"$i":"without-sim-new","$v":[{"t":"idOrVar","v":"index"}]},{"$i":"with-sim-new","$v":[{"t":"idOrVar","v":"index"}," – ",{"t":"idOrVar","v":"carrier"}]},{"$i":"sim-with-index-and-carrier","$v":["SIM ",{"t":"idOrVar","v":"index"}," - ",{"t":"idOrVar","v":"carrier"}]},{"$i":"sim-without-carrier","$v":["SIM ",{"t":"idOrVar","v":"index"}]},{"$i":"call-forwarding-voice-after-seconds","$v":["Röst: ",{"t":"idOrVar","v":"voice"}," efter ",{"t":"idOrVar","v":"timeSeconds"}," sekunder"]},{"$i":"addNewNumber","$v":"Lägg till nytt nummer"},{"$i":"addToExistingContact","$v":"Lägg till i befintlig kontakt"},{"$i":"all","$v":"Alla","ariaLabel":"Alla"},{"$i":"bluetooth-handsfree-device","$v":"Bluetooth handsfree-enhet"},{"$i":"bluetoothOption","ariaLabel":"Bluetooth"},{"$i":"callDurationHours","$v":[{"t":"idOrVar","v":"h"},":",{"t":"idOrVar","v":"m"},":",{"t":"idOrVar","v":"s"}]},{"$i":"callDurationMinutes","$v":[{"t":"idOrVar","v":"m"},":",{"t":"idOrVar","v":"s"}]},{"$i":"callDurationTextFormatHours","$v":[{"t":"idOrVar","v":"h"}," h ",{"t":"idOrVar","v":"m"}," m ",{"t":"idOrVar","v":"s"}," s"]},{"$i":"callDurationTextFormatMinutes","$v":[{"t":"idOrVar","v":"m"}," m ",{"t":"idOrVar","v":"s"}," s"]},{"$i":"callDurationTextFormatSeconds","$v":[{"t":"idOrVar","v":"s"}," s"]},{"$i":"callEnded","$v":"Samtal avslutat"},{"$i":"callInformation","$v":"Samtalsinformation"},{"$i":"callLog","$v":"Samtalslogg"},{"$i":"callLogEdit","title":"Redigera samtalslogg"},{"$i":"callLogEditDialog","ariaLabel":"Redigera samtalsloggdialog"},{"$i":"caller-left-call","$v":[{"t":"idOrVar","v":"caller"}," har lämnat samtalet."]},{"$i":"calllog-all","$v":"Alla"},{"$i":"calllog-deselectAll","$v":"Avmarkera alla"},{"$i":"calllog-none","$v":"Inget"},{"$i":"calllog-selectAll","$v":"Markera alla"},{"$i":"canceled","$v":"Avbruten"},{"$i":"clear-all-text","$v":"Rensa all text"},{"$i":"close","$v":"Stäng"},{"$i":"composeEmail","ariaLabel":"E-post"},{"$i":"conferenceAddError","$v":"Det går inte att slå ihop samtal"},{"$i":"conferenceCall","$v":["Konferens (",{"t":"idOrVar","v":"n"},")"]},{"$i":"conferenceRemoveError","$v":"Det går inte att bryta upp samtal"},{"$i":"confirm-deletion","$v":"Rensa valda samtal?"},{"$i":"connecting","$v":"Ansluter"},{"$i":"connectingEllipsis","$v":"Ansluter …"},{"$i":"contactDetails","$v":"Kontaktuppgifter"},{"$i":"createNewContact","$v":"Skapa ny kontakt"},{"$i":"delete-n-log?","$v":{"few":["Ta bort ",{"t":"idOrVar","v":"n"}," loggar?"],"many":["Ta bort ",{"t":"idOrVar","v":"n"}," loggar?"],"one":"Ta bort vald logg?","other":["Ta bort ",{"t":"idOrVar","v":"n"}," loggar?"],"two":["Ta bort ",{"t":"idOrVar","v":"n"}," loggar?"],"zero":"Inget valt"},"$x":[{"t":"idOrVar","v":"plural"},"n"]},{"$i":"deselect","$v":"Avmarkera"},{"$i":"dialed","$v":"Uppringd"},{"$i":"dialer-prompt","$v":"Uppringningsnummer eller vald kontakt att lägga till i samtal"},{"$i":"dialerAddContact","ariaLabel":"Lägg till kontakt"},{"$i":"dialerAddContactDialog","ariaLabel":"Lägg till kontaktdialog"},{"$i":"edit-selected","$v":{"few":["valda(",{"t":"idOrVar","v":"n"},")"],"many":["valda(",{"t":"idOrVar","v":"n"},")"],"one":["vald(",{"t":"idOrVar","v":"n"},")"],"other":["valda(",{"t":"idOrVar","v":"n"},")"],"two":["valda(",{"t":"idOrVar","v":"n"},")"]},"$x":[{"t":"idOrVar","v":"plural"},"n"]},{"$i":"emailDetail","ariaLabel":"E-post"},{"$i":"from-contact","$v":["Från ",{"t":"idOrVar","v":"contact"}]},{"$i":"from-number","$v":["Från ",{"t":"idOrVar","v":"number"}]},{"$i":"from-withheld-number","$v":"Från okänt nummer"},{"$i":"hangup-a11y-button","ariaLabel":"Lägg på"},{"$i":"hide","$v":"Dölj"},{"$i":"hideKeypad","ariaLabel":"Dölj knappsats"},{"$i":"hold","ariaLabel":"Parkera"},{"$i":"hours","$v":"timmar"},{"$i":"ignore","$v":"Ignorera samtal"},{"$i":"incoming","$v":"Inkommande"},{"$i":"incoming-call","$v":"Inkommande samtal"},{"$i":"info-missed","$v":"Missade"},{"$i":"keypad","ariaLabel":"Knappsats"},{"$i":"log-item","$v":"Alternativ"},{"$i":"makeCall","ariaLabel":"Ring samtal"},{"$i":"merge","ariaLabel":"Slå ihop"},{"$i":"minutes","$v":"min."},{"$i":"missed","$v":"Missade","ariaLabel":"Missade"},{"$i":"missedCall","$v":"Missat samtal"},{"$i":"missedCallMultiSims","$v":["(SIM ",{"t":"idOrVar","v":"n"},") missade samtal"]},{"$i":"mmi-error","$v":"Ett fel uppstod när meddelandet skulle skickas"},{"$i":"mmi-notification-title-with-sim","$v":["(",{"t":"idOrVar","v":"sim"},") ",{"t":"idOrVar","v":"title"}]},{"$i":"mmi-session-expired","$v":"Sessionen har gått ut"},{"$i":"mmi-successfully-sent","$v":"Meddelandet har skickats"},{"$i":"mute","ariaLabel":"Mikrofon av"},{"$i":"newCall","ariaLabel":"Nytt samtal"},{"$i":"no-logs-msg-1","$v":"Inga inspelade samtal"},{"$i":"no-logs-msg-2","$v":"Börja kommunicera nu"},{"$i":"no-logs-msg-3","$v":"Inga inspelade samtal"},{"$i":"no-logs-msg-4","$v":"Börja kommunicera nu"},{"$i":"no-recent-numbers","$v":"Det finns inga senaste nummer i samtalsloggarna att ringa."},{"$i":"onHoldOption","ariaLabel":"Parkerad"},{"$i":"outgoing","$v":"Utgående"},{"$i":"outgoing-call","$v":"Utgående samtal"},{"$i":"phoneDetail","ariaLabel":"Telefon"},{"$i":"pickup-a11y-button","ariaLabel":"Svara"},{"$i":"received","$v":"Mottaget"},{"$i":"receiver","$v":"Mottagare"},{"$i":"recents","ariaLabel":"Senaste samtal"},{"$i":"reply","$v":"Svara"},{"$i":"resume","$v":"Fortsätt","ariaLabel":"Fortsätt"},{"$i":"search-results","$v":"Sökresultat"},{"$i":"seconds","$v":"sekunder"},{"$i":"select-audio-sources","$v":"Välj ljudkällor"},{"$i":"send","$v":"Skicka"},{"$i":"send-sms-button","ariaLabel":"SMS"},{"$i":"sendSms","$v":"Skicka meddelande"},{"$i":"separator","$v":","},{"$i":"sim-number","$v":["SIM",{"t":"idOrVar","v":"n"}]},{"$i":"speaker","$v":"Högtalare"},{"$i":"speakerOption","ariaLabel":"Högtalare"},{"$i":"suggestionMatches","$v":{"few":[{"t":"idOrVar","v":"n"}," matchningar för \"",{"t":"idOrVar","v":"matchNumber"}],"many":[{"t":"idOrVar","v":"n"}," matchningar för \"",{"t":"idOrVar","v":"matchNumber"}],"one":[{"t":"idOrVar","v":"n"}," matchning för \"",{"t":"idOrVar","v":"matchNumber"}],"other":[{"t":"idOrVar","v":"n"}," matchningar för \"",{"t":"idOrVar","v":"matchNumber"}],"two":[{"t":"idOrVar","v":"n"}," matchningar för \"",{"t":"idOrVar","v":"matchNumber"}]},"$x":[{"t":"idOrVar","v":"plural"},"n"]},{"$i":"switch-calls","$v":"Växla samtal"},{"$i":"tcl-assign","$v":"Tilldela"},{"$i":"tcl-assign-speed-dial","$v":{"$o":["Kontakten ej tillagd på snabbuppringningsknapp \"",{"t":"idOrVar","v":"speedDial"},"\"<br></br>Tilldela nu?"]}},{"$i":"tcl-call-log-delete-group-notification","$v":[{"t":"idOrVar","v":"n"}," inlägg har tagits bort"]},{"$i":"tcl-calllog-entry-removed-err-notification","$v":"Det går inte att ta bort samtalsloggpost"},{"$i":"tcl-calllog-entry-removed-succ-notification","$v":"Post borttagen från samtalslogg"},{"$i":"tcl-cancel","$v":"Avbryt"},{"$i":"tcl-confirmation","$v":"Bekräftelse"},{"$i":"tcl-delete-log","$v":"Är du säker på att du vill ta bort valda poster från samtalsloggen?"},{"$i":"tcl-dialer","$v":"Uppringare"},{"$i":"tcl-edit-not-selected","$v":"vald(0)"},{"$i":"tcl-option-menu-call-log-edit","$v":"Redigera samtalslogg"},{"$i":"today","$v":"Idag"},{"$i":"toggleKeypad","ariaLabel":"Växla knappsats"},{"$i":"type-your-response","placeholder":"Skriv ditt svar…"},{"$i":"unknown","$v":"Okänd"},{"$i":"unlock-a11y-button","ariaLabel":"Skjutreglage"},{"$i":"ussd-services","$v":[{"t":"idOrVar","v":"operator"},"-tjänster"]},{"$i":"via-sim","$v":["via SIM",{"t":"idOrVar","v":"n"}]},{"$i":"view-all","$v":"Visa alla"},{"$i":"wifi-calling","$v":"Wi-Fi-uppringning"},{"$i":"withheld-number","$v":"Okänd"},{"$i":"yesterday","$v":"Igår"},{"$i":"SimPin2","$v":"SIM PIN2"},{"$i":"SimPuk2","$v":"SIM PUK2"},{"$i":"serviceClassFax","$v":"FAX"},{"$i":"serviceClassPad","$v":"PAD"},{"$i":"serviceClassSms","$v":"SMS"},{"$i":"DialModifiedToDial","$v":"Dial modified to dial"},{"$i":"DialModifiedToSs","$v":"Dial modified to SS"},{"$i":"DialModifiedToUssd","$v":"Dial modified to USSD"},{"$i":"FdnCheckFailure","$v":"Fdn-kontroll misslyckades"},{"$i":"IllegalSimOrMe","$v":"Otillåtet SIM eller ME"},{"$i":"InvalidParameter","$v":"Ogiltig parameter"},{"$i":"ModeNotSupported","$v":"Läget stöds ej"},{"$i":"OpNotAllowedDuringVoiceCall","$v":"Otillåten åtgärd under röstsamtal"},{"$i":"PasswordIncorrect","$v":"Fel lösenord"},{"$i":"RadioNotAvailable","$v":"Radio not available"},{"$i":"RejectedByRemote","$v":"Avvisad av fjärrstyrning"},{"$i":"RequestNotSupported","$v":"Begäran stöds inte"},{"$i":"ServiceIsDisabled","$v":"Tjänsten är inaktiverad"},{"$i":"ServiceIsEnabled","$v":"Tjänsten är aktiverad"},{"$i":"ServiceIsEnabledFor","$v":"Tjänsten är aktiverad för:"},{"$i":"SimAbsent","$v":"SIM saknas"},{"$i":"SmsSendFailRetry","$v":"SMS misslyckades, försök igen"},{"$i":"SsModifiedToDial","$v":"SS ändrad till uppringning"},{"$i":"SsModifiedToSs","$v":"SS ändrad till SS"},{"$i":"SsModifiedToUssd","$v":"SS ändrad till USSD"},{"$i":"SubscriptionNotAvailable","$v":"Abonnemanget är ej tillgängligt"},{"$i":"SubscriptionNotSupported","$v":"Abonnemanget stöds ej"},{"$i":"UssdModifiedToDial","$v":"USSD ändrad till uppringn."},{"$i":"UssdModifiedToSs","$v":"USSD ändrad till SS"},{"$i":"UssdModifiedToUssd","$v":"USSD ändrad till USSD"},{"$i":"call-forwarding-async","$v":["Asynkron: ",{"t":"idOrVar","v":"async"}]},{"$i":"call-forwarding-data","$v":["Data: ",{"t":"idOrVar","v":"data"}]},{"$i":"call-forwarding-error","$v":"Ett fel uppstod när statusen vidarebefordra samtal skulle hämtas"},{"$i":"call-forwarding-fax","$v":["FAX: ",{"t":"idOrVar","v":"fax"}]},{"$i":"call-forwarding-inactive","$v":"Inaktivt"},{"$i":"call-forwarding-packet","$v":["Paket: ",{"t":"idOrVar","v":"packet"}]},{"$i":"call-forwarding-pad","$v":["PAD: ",{"t":"idOrVar","v":"pad"}]},{"$i":"call-forwarding-sms","$v":["SMS: ",{"t":"idOrVar","v":"sms"}]},{"$i":"call-forwarding-status","$v":"Status för vidarekoppl. av samtal"},{"$i":"call-forwarding-sync","$v":["Synkron: ",{"t":"idOrVar","v":"sync"}]},{"$i":"call-forwarding-voice","$v":["Röst: ",{"t":"idOrVar","v":"voice"}]},{"$i":"emMmiError","$v":"Anslutningsproblem eller ogiltig MMI-kod"},{"$i":"emMmiErrorBadPin","$v":"Den angivna gamla PIN-koden är fel."},{"$i":"emMmiErrorBadPuk","$v":"Den angivna PUK-koden är felaktig"},{"$i":"emMmiErrorEnablePin","$v":"Misslyckades. Aktivera SIM/RUIM LOCK"},{"$i":"emMmiErrorInvalidAction","$v":"Ogiltig åtgärd"},{"$i":"emMmiErrorInvalidPin","$v":"Ange en PIN-kod som är 4-8 siffror"},{"$i":"emMmiErrorInvalidScCode","$v":"Ogiltig tjänstekod"},{"$i":"emMmiErrorMismatchPin","$v":"De PIN-koder du angivit överensstämmer inte"},{"$i":"emMmiErrorMmiFdn","$v":"Åtgärd begränsad till enbart nr.begr.nr."},{"$i":"emMmiErrorNeedPuk2","$v":"Ange PUK2 för att låsa upp SIM-kortet"},{"$i":"emMmiErrorNeedsPuk","$v":"Ditt SIM-kort är PUK-låst"},{"$i":"emMmiErrorNotSupported","$v":"Ogiltig eller ej stödd MMI-kod"},{"$i":"emMmiErrorPasswordIncorrect","$v":"Fel lösenord"},{"$i":"emMmiErrorPinPukAttempts","$v":{"few":[{"t":"idOrVar","v":"n"}," försök kvar"],"many":[{"t":"idOrVar","v":"n"}," försök kvar"],"one":[{"t":"idOrVar","v":"n"}," försök kvar"],"other":[{"t":"idOrVar","v":"n"}," försök kvar"],"two":[{"t":"idOrVar","v":"n"}," försök kvar"]},"$x":[{"t":"idOrVar","v":"plural"},"n"]},{"$i":"emMmiErrorSimBlocked","$v":"Max antal omförsök har överskidits. SIM-kort spärrat"},{"$i":"emMmiErrorStkCcSsDial","$v":"SS-begäran ändrad till DIAL-begäran"},{"$i":"emMmiErrorStkCcSsSs","$v":"SS-begäran ändr. till ny SS-begäran"},{"$i":"emMmiErrorStkCcSsUssd","$v":"SS-begäran ändr. till USSD-begäran"},{"$i":"emMmiErrorStkCcUssdDial","$v":"USSD-begäran ändrad till DIAL-begäran"},{"$i":"emMmiErrorStkCcUssdSs","$v":"USSD-begäran ändrad till SS-begäran"},{"$i":"emMmiErrorStkCcUssdUssd","$v":"USSD-begäran ändrad till ny USSD-begäran"},{"$i":"fihVersion","$v":"FIH-version"},{"$i":"imeiAndSvn","$v":"IMEI och SVN"},{"$i":"internalVersion","$v":"Intern version"},{"$i":"serviceClassData","$v":"Data"},{"$i":"serviceClassDataAsync","$v":"Async"},{"$i":"serviceClassDataSync","$v":"Synkr."},{"$i":"serviceClassPacket","$v":"Paket"},{"$i":"serviceClassVoice","$v":"Röst"},{"$i":"smClirDefaultOffNextCallOff","$v":"Nummerpresentation har som standard ingen begränsning. Nästa samtal: ej begränsat"},{"$i":"smClirDefaultOffNextCallOn","$v":"Nummerpresentation har som standard ingen begränsning. Nästa samtal: begränsat"},{"$i":"smClirDefaultOnNextCallOff","$v":"Nummerpresentation är som standard begränsad. Nästa samtal: ej begränsat"},{"$i":"smClirDefaultOnNextCallOn","$v":"Nr.presentation är som standard begr. Nästa samtal: begr."},{"$i":"smClirPermanent","$v":"Du kan inte ändra inställningen för nummerpresentation"},{"$i":"smPin2Changed","$v":"PIN2-koden har ändrats"},{"$i":"smPin2Unblocked","$v":"PIN2-koden har låsts upp"},{"$i":"smPinChanged","$v":"PIN-koden har ändrats"},{"$i":"smPinUnblocked","$v":"PIN-koden har låsts upp"},{"$i":"smServiceDisabled","$v":"Tjänsten har inaktiverats"},{"$i":"smServiceEnabled","$v":"Tjänsten aktiverad"},{"$i":"smServiceEnabledFor","$v":"Tjänsten aktiverad för:"},{"$i":"smServiceErased","$v":"Erasure lyckades"},{"$i":"smServiceInterrogated","$v":"Begäran genomförd"},{"$i":"smServiceNotProvisioned","$v":"Tjänsten tillhandahålls ej"},{"$i":"smServiceRegistered","$v":"Registrering genomförd"},{"$i":"another","$v":"En annan"},{"$i":"current","$v":"Nuvarande"},{"$i":"customTag","$v":"Anpassad tagg","placeholder":"Anpassad tagg"},{"$i":"faxHome","$v":"Fax hem"},{"$i":"faxOffice","$v":"Fax kontor"},{"$i":"faxOther","$v":"Fax annan"},{"$i":"itemWithLabel","$v":[{"t":"idOrVar","v":"label"},", ",{"t":"idOrVar","v":"item"}]},{"$i":"label","$v":"Etikett"},{"$i":"other","$v":"Annat"},{"$i":"tcl-customTag","$v":"Anpassad tagg"},{"$i":"dateTimeFormat_%c","$v":"%a %b %e %Y %I:%M:%S %p"},{"$i":"dateTimeFormat_%x","$v":"%m/%d/%Y"},{"$i":"days-ago-long","$v":{"few":[{"t":"idOrVar","v":"value"}," dagar sedan"],"many":[{"t":"idOrVar","v":"value"}," dagar sedan"],"one":"igår","other":[{"t":"idOrVar","v":"value"}," dagar sedan"],"two":[{"t":"idOrVar","v":"value"}," dagar sedan"],"zero":"idag"},"$x":[{"t":"idOrVar","v":"plural"},"value"]},{"$i":"days-ago-short","$v":{"other":[{"t":"idOrVar","v":"value"}," d sedan"],"zero":"idag"},"$x":[{"t":"idOrVar","v":"plural"},"value"]},{"$i":"days-until-long","$v":{"few":["om ",{"t":"idOrVar","v":"value"}," dagar"],"many":["om ",{"t":"idOrVar","v":"value"}," dagar"],"one":"imorgon","other":["om ",{"t":"idOrVar","v":"value"}," dagar"],"two":["om ",{"t":"idOrVar","v":"value"}," dagar"],"zero":"idag"},"$x":[{"t":"idOrVar","v":"plural"},"value"]},{"$i":"days-until-short","$v":{"other":["om ",{"t":"idOrVar","v":"value"}," dag"],"zero":"idag"},"$x":[{"t":"idOrVar","v":"plural"},"value"]},{"$i":"hours-ago-long","$v":{"few":[{"t":"idOrVar","v":"value"}," timmar sedan"],"many":[{"t":"idOrVar","v":"value"}," timmar sedan"],"one":"en timme sedan","other":[{"t":"idOrVar","v":"value"}," timmar sedan"],"two":[{"t":"idOrVar","v":"value"}," timmar sedan"],"zero":"just nu"},"$x":[{"t":"idOrVar","v":"plural"},"value"]},{"$i":"hours-ago-short","$v":{"other":[{"t":"idOrVar","v":"value"}," tim. sedan"],"zero":"just nu"},"$x":[{"t":"idOrVar","v":"plural"},"value"]},{"$i":"hours-until-long","$v":{"few":["om ",{"t":"idOrVar","v":"value"}," timmar"],"many":["om ",{"t":"idOrVar","v":"value"}," timmar"],"one":"om en timme","other":["om ",{"t":"idOrVar","v":"value"}," timmar"],"two":["om ",{"t":"idOrVar","v":"value"}," timmar"],"zero":"nu"},"$x":[{"t":"idOrVar","v":"plural"},"value"]},{"$i":"hours-until-short","$v":{"other":["om ",{"t":"idOrVar","v":"value"}," tim."],"zero":"nu"},"$x":[{"t":"idOrVar","v":"plural"},"value"]},{"$i":"incorrectDate","$v":"(fel datum)"},{"$i":"minutes-ago-long","$v":{"few":[{"t":"idOrVar","v":"value"}," minuter sedan"],"many":[{"t":"idOrVar","v":"value"}," minuter sedan"],"one":"en minut sedan","other":[{"t":"idOrVar","v":"value"}," minuter sedan"],"two":[{"t":"idOrVar","v":"value"}," minuter sedan"],"zero":"just nu"},"$x":[{"t":"idOrVar","v":"plural"},"value"]},{"$i":"minutes-ago-short","$v":{"other":[{"t":"idOrVar","v":"value"}," m sedan"],"zero":"just nu"},"$x":[{"t":"idOrVar","v":"plural"},"value"]},{"$i":"minutes-until-long","$v":{"few":["om ",{"t":"idOrVar","v":"value"}," minuter"],"many":["om ",{"t":"idOrVar","v":"value"}," minuter"],"one":"om en minut","other":["om ",{"t":"idOrVar","v":"value"}," minuter"],"two":["om ",{"t":"idOrVar","v":"value"}," minuter"],"zero":"nu"},"$x":[{"t":"idOrVar","v":"plural"},"value"]},{"$i":"minutes-until-short","$v":{"other":["om ",{"t":"idOrVar","v":"value"}," min."],"zero":"nu"},"$x":[{"t":"idOrVar","v":"plural"},"value"]},{"$i":"month-0-genitive","$v":"Januari"},{"$i":"month-0-long","$v":"Januari"},{"$i":"month-0-short","$v":"Jan"},{"$i":"month-1-genitive","$v":"Februari"},{"$i":"month-1-long","$v":"Februari"},{"$i":"month-1-short","$v":"Feb"},{"$i":"month-10-genitive","$v":"November"},{"$i":"month-10-long","$v":"November"},{"$i":"month-10-short","$v":"Nov"},{"$i":"month-11-genitive","$v":"December"},{"$i":"month-11-long","$v":"December"},{"$i":"month-11-short","$v":"Dec"},{"$i":"month-2-genitive","$v":"Mars"},{"$i":"month-2-long","$v":"Mars"},{"$i":"month-2-short","$v":"Mar"},{"$i":"month-3-genitive","$v":"April"},{"$i":"month-3-long","$v":"April"},{"$i":"month-3-short","$v":"Apr"},{"$i":"month-4-genitive","$v":"Maj"},{"$i":"month-4-long","$v":"Maj"},{"$i":"month-4-short","$v":"Maj"},{"$i":"month-5-genitive","$v":"Juni"},{"$i":"month-5-long","$v":"Juni"},{"$i":"month-5-short","$v":"Jun"},{"$i":"month-6-genitive","$v":"Juli"},{"$i":"month-6-long","$v":"Juli"},{"$i":"month-6-short","$v":"Jul"},{"$i":"month-7-genitive","$v":"Augusti"},{"$i":"month-7-long","$v":"Augusti"},{"$i":"month-7-short","$v":"Aug"},{"$i":"month-8-genitive","$v":"September"},{"$i":"month-8-long","$v":"September"},{"$i":"month-8-short","$v":"Sep"},{"$i":"month-9-genitive","$v":"Oktober"},{"$i":"month-9-long","$v":"Oktober"},{"$i":"month-9-short","$v":"Okt"},{"$i":"months-ago-long","$v":{"few":[{"t":"idOrVar","v":"value"}," månader sedan"],"many":[{"t":"idOrVar","v":"value"}," månader sedan"],"one":"förra månaden","other":[{"t":"idOrVar","v":"value"}," månader sedan"],"two":[{"t":"idOrVar","v":"value"}," månader sedan"],"zero":"den här månaden"},"$x":[{"t":"idOrVar","v":"plural"},"value"]},{"$i":"months-until-long","$v":{"few":["om ",{"t":"idOrVar","v":"value"}," månader"],"many":["om ",{"t":"idOrVar","v":"value"}," månader"],"one":"nästa månad","other":["om ",{"t":"idOrVar","v":"value"}," månader"],"two":["om ",{"t":"idOrVar","v":"value"}," månader"],"zero":"den här månaden"},"$x":[{"t":"idOrVar","v":"plural"},"value"]},{"$i":"shortDateTimeFormat","$v":"%x %I:%M %p"},{"$i":"shortTimeFormat","$v":"%I:%M %p"},{"$i":"shortTimeFormat12","$v":"%I:%M %p"},{"$i":"shortTimeFormat24","$v":"%H:%M"},{"$i":"time_am","$v":"am"},{"$i":"time_pm","$v":"PM"},{"$i":"weekday-0-long","$v":"Söndag"},{"$i":"weekday-0-short","$v":"Sön"},{"$i":"weekday-1-long","$v":"Måndag"},{"$i":"weekday-1-short","$v":"Mån"},{"$i":"weekday-2-long","$v":"Tisdag"},{"$i":"weekday-2-short","$v":"Tis"},{"$i":"weekday-3-long","$v":"Onsdag"},{"$i":"weekday-3-short","$v":"Ons"},{"$i":"weekday-4-long","$v":"Torsdag"},{"$i":"weekday-4-short","$v":"Tor"},{"$i":"weekday-5-long","$v":"Fredag"},{"$i":"weekday-5-short","$v":"Fre"},{"$i":"weekday-6-long","$v":"Lördag"},{"$i":"weekday-6-short","$v":"Lör"},{"$i":"weeks-ago-long","$v":{"few":[{"t":"idOrVar","v":"value"}," veckor sedan"],"many":[{"t":"idOrVar","v":"value"}," veckor sedan"],"one":"förra veckan","other":[{"t":"idOrVar","v":"value"}," veckor sedan"],"two":[{"t":"idOrVar","v":"value"}," veckor sedan"],"zero":"den här veckan"},"$x":[{"t":"idOrVar","v":"plural"},"value"]},{"$i":"weeks-until-long","$v":{"few":["om ",{"t":"idOrVar","v":"value"}," veckor"],"many":["om ",{"t":"idOrVar","v":"value"}," veckor"],"one":"nästa vecka","other":["om ",{"t":"idOrVar","v":"value"}," veckor"],"two":["om ",{"t":"idOrVar","v":"value"}," veckor"],"zero":"den här veckan"},"$x":[{"t":"idOrVar","v":"plural"},"value"]},{"$i":"years-ago-long","$v":{"few":[{"t":"idOrVar","v":"value"}," år sedan"],"many":[{"t":"idOrVar","v":"value"}," år sedan"],"one":"förra året","other":[{"t":"idOrVar","v":"value"}," år sedan"],"two":[{"t":"idOrVar","v":"value"}," år sedan"],"zero":"det här året"},"$x":[{"t":"idOrVar","v":"plural"},"value"]},{"$i":"years-until-long","$v":{"few":["om ",{"t":"idOrVar","v":"value"}," år"],"many":["om ",{"t":"idOrVar","v":"value"}," år"],"one":"nästa år","other":["om ",{"t":"idOrVar","v":"value"}," år"],"two":["om ",{"t":"idOrVar","v":"value"}," år"],"zero":"det här året"},"$x":[{"t":"idOrVar","v":"plural"},"value"]},{"$i":"dateTimeFormat_%X","$v":"%I:%M:%S %p"},{"$i":"weekStartsOnMonday","$v":"0"},{"$i":"firstDayOfTheWeek","$v":"1"}]