[{"$i":"clockDateFormat","$v":"%a, %e %b"},{"$i":"deviceIsUnlocked","$v":"Kifaa kimefungunguliwa"},{"$i":"simUnlockCodeAccepted","$v":"Msimbo wa kufungua simu umekubaliwa"},{"$i":"simUnlockCodeFailed","$v":"SIM haijafunguka."},{"$i":"eccOnly","$v":"Simu za dharura tu"},{"$i":"emergencyCallsOnly","$v":"Simu za dharura pekee"},{"$i":"lockedSim","$v":"SIM imefungwa"},{"$i":"noService","$v":"Hakuna Huduma"},{"$i":"noSimCard","$v":"Hakuna kadi ya SIM"},{"$i":"searching","$v":"Inatafuta..."},{"$i":"airplane-mode","$v":"Modi ya Ndege"},{"$i":"bluetooth","$v":"Bluetooth"},{"$i":"brightness","$v":"Uangavu"},{"$i":"calculator","$v":"Kikokotozi"},{"$i":"camera","$v":"Kamera"},{"$i":"cellular-data","$v":"Data ya Simu"},{"$i":"confirm-to-uninstall-app","$v":["Unataka kusakinusha programu ya ",{"t":"idOrVar","v":"appName"},"?"]},{"$i":"flashlight","$v":"Taa"},{"$i":"instant-settings","$v":"mipangilio ya papo hapo"},{"$i":"off","$v":"Zima"},{"$i":"on","$v":"Washa"},{"$i":"shortcuts","$v":"Njia mkato"},{"$i":"uninstall","$v":"Sakinusha"},{"$i":"volume","$v":"Kiwango-sauti"},{"$i":"wifi","$v":"Wi-Fi"},{"$i":"percentage-number","$v":[{"t":"idOrVar","v":"number"},"%"]},{"$i":"all-apps","$v":"Programu zote"},{"$i":"scImei","$v":"IMEI"},{"$i":"scMeid","$v":"MEID"},{"$i":"scUssd","$v":"USSD"},{"$i":"CallFailed","$v":"Simu haijafaulu"},{"$i":"GenericFailure","$v":"Hitilafu jenasi"},{"$i":"add-smart-collections","$v":"Ongeza Mkusanyiko Mahiri"},{"$i":"add-to-existing-contact","$v":"Ongeza kwenye anwani iliyopo"},{"$i":"alert-for-contacts-without-number","$v":"Hakuna anwani yenye nambari ya simu inapatikana."},{"$i":"app-title","$v":"Programu Zangu"},{"$i":"app-uninstall","$v":[{"t":"idOrVar","v":"name"}," ilisakinushwa"]},{"$i":"assign","$v":"Panga"},{"$i":"assign-speed-dial","$v":["Anwani haikuongezwa kama kidayo cha kasi kwenye kifute cha ",{"t":"idOrVar","v":"n"},". Unataka kuipanga sasa hivi?"]},{"$i":"assign-voicemail","$v":"Nambari ya ujumbe wa sauti haijawekwa."},{"$i":"call","$v":"Piga simu"},{"$i":"callAirplaneModeMessage","$v":"Ili upige simu unahitaji kulemaza modi ya ndege katika mipangilio."},{"$i":"callAirplaneModeTitle","$v":"Modi ya ndege imeamilishwa"},{"$i":"cancel","$v":"Ghairi"},{"$i":"change-wallpaper","$v":"Badilisha Pazia"},{"$i":"clocks-updated","$v":"Saa zimesasishwa"},{"$i":"confirmation","$v":"Uthibitishaji"},{"$i":"contacts","$v":"Anwani"},{"$i":"create-new-contact","$v":"Unda anwani mpya"},{"$i":"delete","$v":"Futa"},{"$i":"delete-body","$v":[{"t":"idOrVar","v":"Name"}," na data yake yote itafutwa."]},{"$i":"delete-title","$v":["Futa ",{"t":"idOrVar","v":"name"}]},{"$i":"edit","$v":"Hariri"},{"$i":"edit-done","$v":"Gotoka"},{"$i":"edit-group-header","$v":"Hariri kundi"},{"$i":"edit-mode","$v":"Hariri"},{"$i":"emergency-call-error","$v":[{"t":"idOrVar","v":"number"}," sio nambari ya dharura."]},{"$i":"emergency-call-only","$v":"Simu za Dharura Pekee"},{"$i":"emergencyDialogBodyBadNumber","$v":"Ili upige simu, lazime simu iwe imeunganishwa kwenye mtandao."},{"$i":"emergencyDialogBodyDeviceNotAccepted","$v":"Simu za dharura haziruhusiwi na mtandao."},{"$i":"emergencyDialogTitle","$v":"Hakuna muunganisho wa mtandao"},{"$i":"fax-home","$v":"Tuma faksi nyumbani"},{"$i":"fax-office","$v":"Tuma faksi ofisini"},{"$i":"fax-other","$v":"Tuma faksi mahali pengine"},{"$i":"fdnIsActiveMessage","$v":["FDN (Nambari ya Simu ya Kudumu) imeamilishwa na nambari inayofuata haiko katika orodha yako ya FDN: ",{"t":"idOrVar","v":"number"}]},{"$i":"fdnIsActiveTitle","$v":"FDN imeamilishwa"},{"$i":"gaia-shortcut-app-updated","$v":"Programu imesasishwa"},{"$i":"grid-view","$v":"Mwonekano wa Gridi"},{"$i":"home","$v":"Nyumbani"},{"$i":"homescreen-settings","$v":"Mpangilio ya Skrini ya Mwanzo"},{"$i":"invalidNumberToDialMessage","$v":"Nambari ya simu unayopiga sio halali"},{"$i":"invalidNumberToDialTitle","$v":"Nambari ya simu isiyo halali"},{"$i":"list-view","$v":"Mwonekano wa Orodha"},{"$i":"longDateFormat","$v":"%A, %B %e"},{"$i":"menu","$v":"Menyu"},{"$i":"message","$v":"Ujumbe"},{"$i":"mobile","$v":"Simu ya mkononi"},{"$i":"more","$v":"Zaidi"},{"$i":"move","$v":"Songeza"},{"$i":"notifications","$v":"Notisi"},{"$i":"numberIsBusyMessage","$v":"Nambari inatumika kwa sasa. Tafadhali jaribu tena baadaye."},{"$i":"numberIsBusyTitle","$v":"Nambati inatumika"},{"$i":"ok","$v":"SAWA"},{"$i":"option-remove","$v":"Ondoa kutoka Kidayo cha Kasi"},{"$i":"option-replace","$v":"Badilisha"},{"$i":"options","$v":"Chaguo"},{"$i":"otherConnectionInUseMessage","$v":"Una simu inayoendelea kwenye muunganisho mwingine. Unaweza kutumia muunganisho mmoja tu kwa wakati mmoja."},{"$i":"otherConnectionInUseTitle","$v":"Muunganisho mwingine unatumika"},{"$i":"personal","$v":"Kibinafsi"},{"$i":"remove","$v":"Ondoa"},{"$i":"remove-speed-dial","$v":["Una uhakika unataka kumuondoa ",{"t":"idOrVar","v":"name"}," kutoka kwenye Kidayo cha Kasi?"]},{"$i":"replace","$v":"Badilisha"},{"$i":"replace-speed-dial","$v":["Una uhakika unataka kubadilisha ",{"t":"idOrVar","v":"name"}," na ",{"t":"idOrVar","v":"subName"}," ?"]},{"$i":"resume-download-action","$v":"Pakua"},{"$i":"resume-download-body","$v":["Unataka kupakua ",{"t":"idOrVar","v":"name"},"?"]},{"$i":"resume-download-title","$v":"Anzisha Upakuzi Upya"},{"$i":"scCallBarring","$v":"Uzuiaji wa simu"},{"$i":"scCallForwarding","$v":"Upelekaji mbele wa simu"},{"$i":"scCallWaiting","$v":"Kusubiri kwa simu"},{"$i":"scClip","$v":"Utambulisho wa Simu Inayoingia"},{"$i":"scClir","$v":"Utambulisho wa Simu Inayotoka"},{"$i":"scPin","$v":"Ubadilishaji wa PIN"},{"$i":"scPin2","$v":"Ubadilishaji wa PIN2"},{"$i":"scPuk","$v":"Ruhusu PIN"},{"$i":"scPuk2","$v":"Ruhusu PIN2"},{"$i":"scPwd","$v":"Badilisha nenosiri"},{"$i":"search-or-enter-address","placeholder":"Tafuta au ingiza anwani"},{"$i":"select","$v":"Chagua"},{"$i":"sending","$v":"Inatuma..."},{"$i":"set","$v":"Weka"},{"$i":"settings","$v":"Mipangilio"},{"$i":"single-view","$v":"Mwonekano Mmoja"},{"$i":"skip","$v":"Ruka"},{"$i":"speed-dial","$v":"Kidayo cha Kasi"},{"$i":"speed-dial-empty","ariaLabel":[{"t":"idOrVar","v":"order"},", tupu"]},{"$i":"speed-dial-not-empty","ariaLabel":[{"t":"idOrVar","v":"order"},", ",{"t":"idOrVar","v":"name"}]},{"$i":"stop-download-action","$v":"Simamisha"},{"$i":"stop-download-body","$v":"Unataka kusimamisha upakuzi unaoendelea?"},{"$i":"stop-download-title","$v":["Simamisha ",{"t":"idOrVar","v":"name"}]},{"$i":"tcl-wallpaper-changed","$v":"Pazia imebadilishwa"},{"$i":"video-call","$v":"Simu ya video"},{"$i":"voicemail","$v":"Ujumbe wa sauti"},{"$i":"work","$v":"Kazi"},{"$i":"apps","$v":"Programu"},{"$i":"nocard-eccOnly","$v":"No SIM card-Emergency calls only"},{"$i":"unusablecard-eccOnly","$v":"Unusable SIM card-Emergency calls only"},{"$i":"apn-sim1","$v":"Mipangilio ya APN - SIM1"},{"$i":"apn-sim2","$v":"Mipangilio ya APN - SIM2"},{"$i":"apnConfigPrepay","$v":"Lipa awali"},{"$i":"apnConfigPostpay","$v":"Lipa baada ya"},{"$i":"apn-defaultconfig-message","$v":"Weka aina ya APN ya kuonyesha"},{"$i":"apnDefaultConfig","$v":"Usanidi Chaguo-msingi wa APN"},{"$i":"without-sim-new","$v":[{"t":"idOrVar","v":"index"}]},{"$i":"with-sim-new","$v":[{"t":"idOrVar","v":"index"}," - ",{"t":"idOrVar","v":"carrier"}]},{"$i":"sim-with-index-and-carrier","$v":["SIM ",{"t":"idOrVar","v":"index"}," - ",{"t":"idOrVar","v":"carrier"}]},{"$i":"sim-without-carrier","$v":["SIM ",{"t":"idOrVar","v":"index"}]},{"$i":"call-forwarding-voice-after-seconds","$v":["Sauti: ",{"t":"idOrVar","v":"voice"}," baada ya sekunde ",{"t":"idOrVar","v":"timeSeconds"}]},{"$i":"addNewNumber","$v":"Ongeza nambari mpya"},{"$i":"addToExistingContact","$v":"Ongeza kwenye anwani iliyopo"},{"$i":"all","$v":"Zote","ariaLabel":"Zote"},{"$i":"bluetooth-handsfree-device","$v":"Kifaa cha kupokea sauti cha Bluetooth"},{"$i":"bluetoothOption","ariaLabel":"Bluetooth"},{"$i":"callDurationHours","$v":[{"t":"idOrVar","v":"h"},":",{"t":"idOrVar","v":"m"},":",{"t":"idOrVar","v":"s"}]},{"$i":"callDurationMinutes","$v":[{"t":"idOrVar","v":"m"},":",{"t":"idOrVar","v":"s"}]},{"$i":"callDurationTextFormatHours","$v":[{"t":"idOrVar","v":"h"}," h ",{"t":"idOrVar","v":"m"}," m ",{"t":"idOrVar","v":"s"}," s"]},{"$i":"callDurationTextFormatMinutes","$v":[{"t":"idOrVar","v":"m"}," m ",{"t":"idOrVar","v":"s"}," s"]},{"$i":"callDurationTextFormatSeconds","$v":[{"t":"idOrVar","v":"s"}," s"]},{"$i":"callEnded","$v":"Simu Imekatika"},{"$i":"callInformation","$v":"Maelezo ya Simu"},{"$i":"callLog","$v":"Kumbukumbu ya Simu"},{"$i":"callLogEdit","title":"Hariri kumbukumbu ya simu"},{"$i":"callLogEditDialog","ariaLabel":"Hariri kisanduku-ongezi cha kumbukumbu ya simu"},{"$i":"caller-left-call","$v":[{"t":"idOrVar","v":"caller"}," ameondoka kutoka kwenye simu."]},{"$i":"calllog-all","$v":"Zote"},{"$i":"calllog-deselectAll","$v":"Tengua Uteuzi wa Zote"},{"$i":"calllog-none","$v":"Hamna"},{"$i":"calllog-selectAll","$v":"Chagua Zote"},{"$i":"canceled","$v":"Katizwa"},{"$i":"clear-all-text","$v":"Futa maandishi yote"},{"$i":"close","$v":"Funga"},{"$i":"composeEmail","ariaLabel":"Barua pepe"},{"$i":"conferenceAddError","$v":"Haiwezi kuunganisha simu"},{"$i":"conferenceCall","$v":["Mkutano (",{"t":"idOrVar","v":"n"},")"]},{"$i":"conferenceRemoveError","$v":"Haiwezi kutenganisha simu"},{"$i":"confirm-deletion","$v":"Unataka kufuta simu zilizochuaguliwa?"},{"$i":"connecting","$v":"Inaunganisha"},{"$i":"connectingEllipsis","$v":"Kinaunganisha..."},{"$i":"contactDetails","$v":"Maelezo ya anwani"},{"$i":"createNewContact","$v":"Unda mwasiliani mpya"},{"$i":"delete-n-log?","$v":{"few":["Unataka kufuta kumbukumbu ",{"t":"idOrVar","v":"n"},"?"],"many":["Unataka kufuta kumbukumbu ",{"t":"idOrVar","v":"n"},"?"],"one":"Unataka kufuta kumbukumbu iliyochaguliwa?","other":["Unataka kufuta kumbukumbu ",{"t":"idOrVar","v":"n"},"?"],"two":["Unataka kufuta kumbukumbu ",{"t":"idOrVar","v":"n"},"?"],"zero":"Hakuna kitu kimechaguliwa"},"$x":[{"t":"idOrVar","v":"plural"},"n"]},{"$i":"deselect","$v":"Tengua uteuzi"},{"$i":"dialed","$v":"Imepigwa"},{"$i":"dialer-prompt","$v":"Dayo nambari au chagua anwani ya kuongeza kwenye simu"},{"$i":"dialerAddContact","ariaLabel":"Ongeza anwani"},{"$i":"dialerAddContactDialog","ariaLabel":"Ongeza Kisanduku Ongezi cha Anwani"},{"$i":"edit-selected","$v":{"few":["umechagua(",{"t":"idOrVar","v":"n"},")"],"many":["umechagua(",{"t":"idOrVar","v":"n"},")"],"one":["umechagua(",{"t":"idOrVar","v":"n"},")"],"other":["umechagua(",{"t":"idOrVar","v":"n"},")"],"two":["umechagua(",{"t":"idOrVar","v":"n"},")"]},"$x":[{"t":"idOrVar","v":"plural"},"n"]},{"$i":"emailDetail","ariaLabel":"Barua pepe"},{"$i":"from-contact","$v":["Kutoka ",{"t":"idOrVar","v":"contact"}]},{"$i":"from-number","$v":["Kutoka ",{"t":"idOrVar","v":"number"}]},{"$i":"from-withheld-number","$v":"Kutoka kwa nambari isiyojulikana"},{"$i":"hangup-a11y-button","ariaLabel":"Kata Simu"},{"$i":"hide","$v":"Ficha"},{"$i":"hideKeypad","ariaLabel":"Ficha kipadi"},{"$i":"hold","ariaLabel":"Shikilia"},{"$i":"hours","$v":"saa"},{"$i":"ignore","$v":"Puuza Simu"},{"$i":"incoming","$v":"Inayoingia"},{"$i":"incoming-call","$v":"Simu inayoingia"},{"$i":"info-missed","$v":"Uliokosa"},{"$i":"keypad","ariaLabel":"Kipadi"},{"$i":"log-item","$v":"Chaguo"},{"$i":"makeCall","ariaLabel":"Piga simu"},{"$i":"merge","ariaLabel":"Unganisha"},{"$i":"minutes","$v":"dakika"},{"$i":"missed","$v":"Uliokosa","ariaLabel":"Uliokosa"},{"$i":"missedCall","$v":"Simu uliyokosa"},{"$i":"missedCallMultiSims","$v":["Simu uliyokosa (SIM ",{"t":"idOrVar","v":"n"},")"]},{"$i":"mmi-error","$v":"Hitilafu ilitokea wakati wa kutuma ujumbe"},{"$i":"mmi-notification-title-with-sim","$v":["(",{"t":"idOrVar","v":"sim"},") ",{"t":"idOrVar","v":"title"}]},{"$i":"mmi-session-expired","$v":"Kipindi kimechina"},{"$i":"mmi-successfully-sent","$v":"Ujumbe umetumwa kwa mafanikio"},{"$i":"mute","ariaLabel":"Nyamazisha"},{"$i":"newCall","ariaLabel":"Piga simu mpya"},{"$i":"no-logs-msg-1","$v":"Hakuna simu zimerekodiwa"},{"$i":"no-logs-msg-2","$v":"Anzisha mawasiliano sasa hivi"},{"$i":"no-logs-msg-3","$v":"Hakuna simu zimerekodiwa"},{"$i":"no-logs-msg-4","$v":"Anzisha mawasiliano sasa hivi"},{"$i":"no-recent-numbers","$v":"Hakuna nambari za hivi karibuni katika Kumbukumbu za Simu za kudayo."},{"$i":"onHoldOption","ariaLabel":"Inasuburi"},{"$i":"outgoing","$v":"Inayotoka"},{"$i":"outgoing-call","$v":"Simu inayotoka"},{"$i":"phoneDetail","ariaLabel":"Simu"},{"$i":"pickup-a11y-button","ariaLabel":"Shika"},{"$i":"received","$v":"Iliyopokewa"},{"$i":"receiver","$v":"Kipokeaji"},{"$i":"recents","ariaLabel":"Simu za hivi karibuni"},{"$i":"reply","$v":"Jibu"},{"$i":"resume","$v":"Endelea","ariaLabel":"Endelea"},{"$i":"search-results","$v":"Matokeo ya Utafutaji"},{"$i":"seconds","$v":"sekunde"},{"$i":"select-audio-sources","$v":"Chagua vyanzo vya sauti"},{"$i":"send","$v":"Tuma"},{"$i":"send-sms-button","ariaLabel":"SMS"},{"$i":"sendSms","$v":"Tuma Ujumbe"},{"$i":"separator","$v":","},{"$i":"sim-number","$v":["SIM",{"t":"idOrVar","v":"n"}]},{"$i":"speaker","$v":"Spika"},{"$i":"speakerOption","ariaLabel":"Spika"},{"$i":"suggestionMatches","$v":{"few":[{"t":"idOrVar","v":"n"}," unalingana kwa \"",{"t":"idOrVar","v":"matchNumber"}],"many":[{"t":"idOrVar","v":"n"}," unalingana kwa \"",{"t":"idOrVar","v":"matchNumber"}],"one":[{"t":"idOrVar","v":"n"}," unalingana kwa \"",{"t":"idOrVar","v":"matchNumber"}],"other":[{"t":"idOrVar","v":"n"}," unalingana kwa \"",{"t":"idOrVar","v":"matchNumber"}],"two":[{"t":"idOrVar","v":"n"}," unalingana kwa \"",{"t":"idOrVar","v":"matchNumber"}]},"$x":[{"t":"idOrVar","v":"plural"},"n"]},{"$i":"switch-calls","$v":"Badilisha simu"},{"$i":"tcl-assign","$v":"Panga"},{"$i":"tcl-assign-speed-dial","$v":{"$o":["Anwani haikuongezwa kama Kidayo cha Kasi kwenye kitufe \"",{"t":"idOrVar","v":"speedDial"},"\"<br><br>Unataka kuipanga sasa hivi?"]}},{"$i":"tcl-call-log-delete-group-notification","$v":["Maingizo ",{"t":"idOrVar","v":"n"}," yalifutwa"]},{"$i":"tcl-calllog-entry-removed-err-notification","$v":"Huwezi kuondoa ingizo la Kumbukumbu ya Simu"},{"$i":"tcl-calllog-entry-removed-succ-notification","$v":"Ingizo la Kumbukumbu ya Simu limeondolewa"},{"$i":"tcl-cancel","$v":"Ghairi"},{"$i":"tcl-confirmation","$v":"Uthibitisho"},{"$i":"tcl-delete-log","$v":"Una uhakika unataka kufuta maingizo yaliyochaguliwa kutoka kwenye Kumbukumbu ya Simu?"},{"$i":"tcl-dialer","$v":"Kidayo"},{"$i":"tcl-edit-not-selected","$v":"zilizochaguliwa (0)"},{"$i":"tcl-option-menu-call-log-edit","$v":"Hariri Kumbukumbu ya Simu"},{"$i":"today","$v":"Leo"},{"$i":"toggleKeypad","ariaLabel":"Kipadi ya tuglu"},{"$i":"type-your-response","placeholder":"Charaza jibu lako..."},{"$i":"unknown","$v":"Isiyojulikana"},{"$i":"unlock-a11y-button","ariaLabel":"Slaida"},{"$i":"ussd-services","$v":["Huduma za ",{"t":"idOrVar","v":"operator"}]},{"$i":"via-sim","$v":["kupitia SIM",{"t":"idOrVar","v":"n"}]},{"$i":"view-all","$v":"Tazama zote"},{"$i":"wifi-calling","$v":"Upigaji simu wa Wi-Fi"},{"$i":"withheld-number","$v":"Isiyojulikana"},{"$i":"yesterday","$v":"Jana"},{"$i":"SimPin2","$v":"PIN2 ya SIM"},{"$i":"SimPuk2","$v":"PUK2 ya SIM"},{"$i":"serviceClassFax","$v":"FAKSI"},{"$i":"serviceClassPad","$v":"PAD"},{"$i":"serviceClassSms","$v":"SMS"},{"$i":"DialModifiedToDial","$v":"Kudayo kubadilishwa kuwa kudayo"},{"$i":"DialModifiedToSs","$v":"Kudayo kubadilishwa kuwa SS"},{"$i":"DialModifiedToUssd","$v":"Kudayo kubadilishwa kuwa USSD"},{"$i":"FdnCheckFailure","$v":"Hitilafu ya ukaguaji wa FDN"},{"$i":"IllegalSimOrMe","$v":"SIM au ME sio halali"},{"$i":"InvalidParameter","$v":"Kipengele batili"},{"$i":"ModeNotSupported","$v":"Modi haikubaliwi"},{"$i":"OpNotAllowedDuringVoiceCall","$v":"Shughuli haikubaliwi wakati wa simu ya sauti"},{"$i":"PasswordIncorrect","$v":"Nenosiri sio sahihi"},{"$i":"RadioNotAvailable","$v":"Redio haipatikani"},{"$i":"RejectedByRemote","$v":"Imekataliwa na rimoti"},{"$i":"RequestNotSupported","$v":"Agizo halikubaliwi"},{"$i":"ServiceIsDisabled","$v":"Huduma imelemazwa"},{"$i":"ServiceIsEnabled","$v":"Huduma imewezeshwa"},{"$i":"ServiceIsEnabledFor","$v":"Huduma imewezeshwa kwa:"},{"$i":"SimAbsent","$v":"SIM haipo"},{"$i":"SmsSendFailRetry","$v":"Utumaji wa SMS haujafaulu jaribu tena"},{"$i":"SsModifiedToDial","$v":"SS imebadilisha kuwa kudayo"},{"$i":"SsModifiedToSs","$v":"SS imebadilisha kuwa SS"},{"$i":"SsModifiedToUssd","$v":"SS imebadilisha kuwa USSD"},{"$i":"SubscriptionNotAvailable","$v":"Usajili haupatikani"},{"$i":"SubscriptionNotSupported","$v":"Usajili haukubaliwi"},{"$i":"UssdModifiedToDial","$v":"USSD imebadilisha kuwa kudayo"},{"$i":"UssdModifiedToSs","$v":"USSD imebadilisha kuwa SS"},{"$i":"UssdModifiedToUssd","$v":"USSD imebadilisha kuwa USSD"},{"$i":"call-forwarding-async","$v":["Solandanifu: ",{"t":"idOrVar","v":"async"}]},{"$i":"call-forwarding-data","$v":["Data: ",{"t":"idOrVar","v":"data"}]},{"$i":"call-forwarding-error","$v":"Hitilafu ilitokea wakati wa kuepua hali ya usambazaji wa simu"},{"$i":"call-forwarding-fax","$v":["FAKSI: ",{"t":"idOrVar","v":"fax"}]},{"$i":"call-forwarding-inactive","$v":"Sio amilifu"},{"$i":"call-forwarding-packet","$v":["Pakiti: ",{"t":"idOrVar","v":"packet"}]},{"$i":"call-forwarding-pad","$v":["PEDI: ",{"t":"idOrVar","v":"pad"}]},{"$i":"call-forwarding-sms","$v":["SMS: ",{"t":"idOrVar","v":"sms"}]},{"$i":"call-forwarding-status","$v":"Hali ya usambazaji wa simu"},{"$i":"call-forwarding-sync","$v":["Landanifu: ",{"t":"idOrVar","v":"sync"}]},{"$i":"call-forwarding-voice","$v":["Sauti: ",{"t":"idOrVar","v":"voice"}]},{"$i":"emMmiError","$v":"Tatizo la muunganisho au msimbo wa MMI sio halali"},{"$i":"emMmiErrorBadPin","$v":"PIN ya zamani uliyocharaza sio sahihi."},{"$i":"emMmiErrorBadPuk","$v":"PUK uliyocharaza sio sahihi."},{"$i":"emMmiErrorEnablePin","$v":"Haijafaulu. Wezesha UFUNGAJI wa SIM/RUIM"},{"$i":"emMmiErrorInvalidAction","$v":"Hatua sio halali"},{"$i":"emMmiErrorInvalidPin","$v":"Charaza PIN yenye nambari 4 hadi 8"},{"$i":"emMmiErrorInvalidScCode","$v":"Msimbo wa huduma sio halali"},{"$i":"emMmiErrorMismatchPin","$v":"PIN ulizocharaza hazilingani"},{"$i":"emMmiErrorMmiFdn","$v":"Shughuli imeziuwa kwenye nambari za kudayo za kudumu pekee"},{"$i":"emMmiErrorNeedPuk2","$v":"Charaza PUK2 ili uruhusu kadi ya SIM"},{"$i":"emMmiErrorNeedsPuk","$v":"Kadi yako ya SIM imefungwa na PUK"},{"$i":"emMmiErrorNotSupported","$v":"Msimbo wa MMI Sio Halalu au Haaukubaliki"},{"$i":"emMmiErrorPasswordIncorrect","$v":"Nenosiri Sio Halali"},{"$i":"emMmiErrorPinPukAttempts","$v":{"few":["Umesalia na majaribio ",{"t":"idOrVar","v":"n"}," mapya"],"many":["Umesalia na majaribio ",{"t":"idOrVar","v":"n"}," mapya"],"one":["Umesalia na jaribio ",{"t":"idOrVar","v":"n"}," mapya pekee"],"other":["Umesalia na majaribio ",{"t":"idOrVar","v":"n"}," mapya"],"two":["Umesalia na majaribio ",{"t":"idOrVar","v":"n"}," mapya"]},"$x":[{"t":"idOrVar","v":"plural"},"n"]},{"$i":"emMmiErrorSimBlocked","$v":"Idadi ya upeo ya majaribio imezidishwa. SIM imezibwa"},{"$i":"emMmiErrorStkCcSsDial","$v":"Agizo la SS limerekebishwa kuwa agizo la KUDAYO"},{"$i":"emMmiErrorStkCcSsSs","$v":"Agizo la SS limerekebishwa kuwa agizo lipya la SS"},{"$i":"emMmiErrorStkCcSsUssd","$v":"Agizo la SS limerekebishwa kuwa agizo la USSD"},{"$i":"emMmiErrorStkCcUssdDial","$v":"Agizo la USSD limerekebishwa kuwa agizo la KUDAYO"},{"$i":"emMmiErrorStkCcUssdSs","$v":"Agizo la USSD limerekebishwa kuwa agizo la SS"},{"$i":"emMmiErrorStkCcUssdUssd","$v":"Agizo la USSD limerekebishwa kuwa agizo lipya la USSD"},{"$i":"fihVersion","$v":"Toleo la FIH"},{"$i":"imeiAndSvn","$v":"IMEI na SVN"},{"$i":"internalVersion","$v":"Toleo la Ndani"},{"$i":"serviceClassData","$v":"Data"},{"$i":"serviceClassDataAsync","$v":"Tenganisha"},{"$i":"serviceClassDataSync","$v":"Landanisha"},{"$i":"serviceClassPacket","$v":"Pakiti"},{"$i":"serviceClassVoice","$v":"Sauti"},{"$i":"smClirDefaultOffNextCallOff","$v":"Kama chaguo-msingi utambulisho wa mpiga simu haujazuiwa. Simu inayofuata: Haijazuiwa"},{"$i":"smClirDefaultOffNextCallOn","$v":"Kama chaguo-msingi utambulisho wa mpiga simu haujazuiwa. Simu inayofuata: Imezuiwa"},{"$i":"smClirDefaultOnNextCallOff","$v":"Kama chaguo-msingi utambulisho wa mpiga simu umezuiwa. Simu inayofuata: Haijazuiwa"},{"$i":"smClirDefaultOnNextCallOn","$v":"Kama chaguo-msingi utambulisho wa mpiga simu umezuiwa. Simu inayofuata: Zuiliwa"},{"$i":"smClirPermanent","$v":"Huwezi kubadilisha mpangilio wa kitambulishi cha mpigaji simu."},{"$i":"smPin2Changed","$v":"PIN2 imebadilishwa kwa mafanikio"},{"$i":"smPin2Unblocked","$v":"PIN2 imeruhusiwa kwa mafanikio"},{"$i":"smPinChanged","$v":"PIN imebadilishwa kwa mafanikio"},{"$i":"smPinUnblocked","$v":"PIN imeruhusiwa kwa mafanikio"},{"$i":"smServiceDisabled","$v":"Huduma imelemazwa"},{"$i":"smServiceEnabled","$v":"Huduma iliwezeshwa"},{"$i":"smServiceEnabledFor","$v":"Huduma iliwezeshwa kwa:"},{"$i":"smServiceErased","$v":"Ufutaji ulifaulu"},{"$i":"smServiceInterrogated","$v":"Agizo lilifaulu"},{"$i":"smServiceNotProvisioned","$v":"Huduma haijatolewa"},{"$i":"smServiceRegistered","$v":"Usajili ulifaulu"},{"$i":"another","$v":"Nyingine"},{"$i":"current","$v":"Ya sasa"},{"$i":"customTag","$v":"Tagi kaida","placeholder":"Tagi kaida"},{"$i":"faxHome","$v":"Tuma faksi nyumbani"},{"$i":"faxOffice","$v":"Tuma faksi ofisini"},{"$i":"faxOther","$v":"Tuma faksi mahali pengine"},{"$i":"itemWithLabel","$v":[{"t":"idOrVar","v":"label"},", ",{"t":"idOrVar","v":"item"}]},{"$i":"label","$v":"Lebo"},{"$i":"other","$v":"Nyingine"},{"$i":"tcl-customTag","$v":"Tagi kaida"},{"$i":"dateTimeFormat_%c","$v":"%a %b %e %Y %I:%M:%S %p"},{"$i":"dateTimeFormat_%x","$v":"%m/%d/%Y"},{"$i":"days-ago-long","$v":{"few":["Siku ",{"t":"idOrVar","v":"value"}," zilizopita"],"many":["Siku ",{"t":"idOrVar","v":"value"}," zilizopita"],"one":"jana","other":["Siku ",{"t":"idOrVar","v":"value"}," zilizopita"],"two":["Siku ",{"t":"idOrVar","v":"value"}," zilizopita"],"zero":"leo"},"$x":[{"t":"idOrVar","v":"plural"},"value"]},{"$i":"days-ago-short","$v":{"other":["Siku ",{"t":"idOrVar","v":"value"}," iliyopita"],"zero":"leo"},"$x":[{"t":"idOrVar","v":"plural"},"value"]},{"$i":"days-until-long","$v":{"few":["baada ya siku ",{"t":"idOrVar","v":"value"}],"many":["baada ya siku ",{"t":"idOrVar","v":"value"}],"one":"kesho","other":["baada ya siku ",{"t":"idOrVar","v":"value"}],"two":["baada ya siku ",{"t":"idOrVar","v":"value"}],"zero":"leo"},"$x":[{"t":"idOrVar","v":"plural"},"value"]},{"$i":"days-until-short","$v":{"other":["baada ya siku ",{"t":"idOrVar","v":"value"}],"zero":"leo"},"$x":[{"t":"idOrVar","v":"plural"},"value"]},{"$i":"hours-ago-long","$v":{"few":["saa ",{"t":"idOrVar","v":"value"}," zilizopita"],"many":["saa ",{"t":"idOrVar","v":"value"}," zilizopita"],"one":"saa moja iliyopita","other":["saa ",{"t":"idOrVar","v":"value"}," zilizopita"],"two":["saa ",{"t":"idOrVar","v":"value"}," zilizopita"],"zero":"sasa hivi tu"},"$x":[{"t":"idOrVar","v":"plural"},"value"]},{"$i":"hours-ago-short","$v":{"other":["saa ",{"t":"idOrVar","v":"value"}," iliyopita"],"zero":"sasa hivi tu"},"$x":[{"t":"idOrVar","v":"plural"},"value"]},{"$i":"hours-until-long","$v":{"few":["baada ya saa ",{"t":"idOrVar","v":"value"}],"many":["baada ya saa ",{"t":"idOrVar","v":"value"}],"one":"baada ya saa moja","other":["baada ya saa ",{"t":"idOrVar","v":"value"}],"two":["baada ya saa ",{"t":"idOrVar","v":"value"}],"zero":"sasa hivi"},"$x":[{"t":"idOrVar","v":"plural"},"value"]},{"$i":"hours-until-short","$v":{"other":["baada ya saa ",{"t":"idOrVar","v":"value"}],"zero":"sasa hivi"},"$x":[{"t":"idOrVar","v":"plural"},"value"]},{"$i":"incorrectDate","$v":"(Tarehe isiyo sahihi)"},{"$i":"minutes-ago-long","$v":{"few":["dakika ",{"t":"idOrVar","v":"value"}," zilizopita"],"many":["dakika ",{"t":"idOrVar","v":"value"}," zilizopita"],"one":"dakika moja iliyopita","other":["dakika ",{"t":"idOrVar","v":"value"}," zilizopita"],"two":["dakika ",{"t":"idOrVar","v":"value"}," zilizopita"],"zero":"sasa hivi tu"},"$x":[{"t":"idOrVar","v":"plural"},"value"]},{"$i":"minutes-ago-short","$v":{"other":["dakika ",{"t":"idOrVar","v":"value"}," iliyopita"],"zero":"sasa hivi tu"},"$x":[{"t":"idOrVar","v":"plural"},"value"]},{"$i":"minutes-until-long","$v":{"few":["baada ya dakika ",{"t":"idOrVar","v":"value"}],"many":["baada ya dakika ",{"t":"idOrVar","v":"value"}],"one":"baada ya dakika moja","other":["baada ya dakika ",{"t":"idOrVar","v":"value"}],"two":["baada ya dakika ",{"t":"idOrVar","v":"value"}],"zero":"sasa hivi"},"$x":[{"t":"idOrVar","v":"plural"},"value"]},{"$i":"minutes-until-short","$v":{"other":["baada ya dakika ",{"t":"idOrVar","v":"value"}],"zero":"sasa hivi"},"$x":[{"t":"idOrVar","v":"plural"},"value"]},{"$i":"month-0-genitive","$v":"Januari"},{"$i":"month-0-long","$v":"Januari"},{"$i":"month-0-short","$v":"Januari"},{"$i":"month-1-genitive","$v":"Februari"},{"$i":"month-1-long","$v":"Februari"},{"$i":"month-1-short","$v":"Februari"},{"$i":"month-10-genitive","$v":"Novemba"},{"$i":"month-10-long","$v":"Novemba"},{"$i":"month-10-short","$v":"Novemba"},{"$i":"month-11-genitive","$v":"Desemba"},{"$i":"month-11-long","$v":"Desemba"},{"$i":"month-11-short","$v":"Disemba"},{"$i":"month-2-genitive","$v":"Machi"},{"$i":"month-2-long","$v":"Machi"},{"$i":"month-2-short","$v":"Machi"},{"$i":"month-3-genitive","$v":"Aprili"},{"$i":"month-3-long","$v":"Aprili"},{"$i":"month-3-short","$v":"Aprili"},{"$i":"month-4-genitive","$v":"Mei"},{"$i":"month-4-long","$v":"Mei"},{"$i":"month-4-short","$v":"Mei"},{"$i":"month-5-genitive","$v":"Juni"},{"$i":"month-5-long","$v":"Juni"},{"$i":"month-5-short","$v":"Juni"},{"$i":"month-6-genitive","$v":"Julai"},{"$i":"month-6-long","$v":"Julai"},{"$i":"month-6-short","$v":"Julai"},{"$i":"month-7-genitive","$v":"Agosti"},{"$i":"month-7-long","$v":"Agosti"},{"$i":"month-7-short","$v":"Agosti"},{"$i":"month-8-genitive","$v":"Septemba"},{"$i":"month-8-long","$v":"Septemba"},{"$i":"month-8-short","$v":"Septemba"},{"$i":"month-9-genitive","$v":"Oktoba"},{"$i":"month-9-long","$v":"Oktoba"},{"$i":"month-9-short","$v":"Oktoba"},{"$i":"months-ago-long","$v":{"few":["miezi ",{"t":"idOrVar","v":"value"}," iliyopita"],"many":["miezi ",{"t":"idOrVar","v":"value"}," iliyopita"],"one":"mwezi uliopita","other":["miezi ",{"t":"idOrVar","v":"value"}," iliyopita"],"two":["miezi ",{"t":"idOrVar","v":"value"}," iliyopita"],"zero":"mwezi huu"},"$x":[{"t":"idOrVar","v":"plural"},"value"]},{"$i":"months-until-long","$v":{"few":["baada ya miezi ",{"t":"idOrVar","v":"value"}],"many":["baada ya miezi ",{"t":"idOrVar","v":"value"}],"one":"mwezi ujao","other":["baada ya miezi ",{"t":"idOrVar","v":"value"}],"two":["baada ya miezi ",{"t":"idOrVar","v":"value"}],"zero":"mwezi huu"},"$x":[{"t":"idOrVar","v":"plural"},"value"]},{"$i":"shortDateTimeFormat","$v":"%x %I:%M %p"},{"$i":"shortTimeFormat","$v":"%I:%M %p"},{"$i":"shortTimeFormat12","$v":"%I:%M %p"},{"$i":"shortTimeFormat24","$v":"%H:%M"},{"$i":"time_am","$v":"Asubuhi"},{"$i":"time_pm","$v":"PM"},{"$i":"weekday-0-long","$v":"Jumapili"},{"$i":"weekday-0-short","$v":"Jumapili"},{"$i":"weekday-1-long","$v":"Jumatatu"},{"$i":"weekday-1-short","$v":"Jumatatu"},{"$i":"weekday-2-long","$v":"Jumanne"},{"$i":"weekday-2-short","$v":"Jumanne"},{"$i":"weekday-3-long","$v":"Jumatano"},{"$i":"weekday-3-short","$v":"Jumatano"},{"$i":"weekday-4-long","$v":"Alhamisi"},{"$i":"weekday-4-short","$v":"Alhamisi"},{"$i":"weekday-5-long","$v":"Ijumaa"},{"$i":"weekday-5-short","$v":"Ijumaa"},{"$i":"weekday-6-long","$v":"Jumamosi"},{"$i":"weekday-6-short","$v":"Jumamosi"},{"$i":"weeks-ago-long","$v":{"few":["wiki ",{"t":"idOrVar","v":"value"}," zilizopita"],"many":["wiki ",{"t":"idOrVar","v":"value"}," zilizopita"],"one":"wiki iliyopita","other":["wiki ",{"t":"idOrVar","v":"value"}," zilizopita"],"two":["wiki ",{"t":"idOrVar","v":"value"}," zilizopita"],"zero":"wiki hii"},"$x":[{"t":"idOrVar","v":"plural"},"value"]},{"$i":"weeks-until-long","$v":{"few":["baada ya wiki ",{"t":"idOrVar","v":"value"}],"many":["baada ya wiki ",{"t":"idOrVar","v":"value"}],"one":"wiki ijayo","other":["baada ya wiki ",{"t":"idOrVar","v":"value"}],"two":["baada ya wiki ",{"t":"idOrVar","v":"value"}],"zero":"wiki hii"},"$x":[{"t":"idOrVar","v":"plural"},"value"]},{"$i":"years-ago-long","$v":{"few":["mwaka ",{"t":"idOrVar","v":"value"}," uliopita"],"many":["mwaka ",{"t":"idOrVar","v":"value"}," uliopita"],"one":"mwaka jana","other":["mwaka ",{"t":"idOrVar","v":"value"}," uliopita"],"two":["mwaka ",{"t":"idOrVar","v":"value"}," uliopita"],"zero":"mwaka huu"},"$x":[{"t":"idOrVar","v":"plural"},"value"]},{"$i":"years-until-long","$v":{"few":["baada ya miaka ",{"t":"idOrVar","v":"value"}],"many":["baada ya miaka ",{"t":"idOrVar","v":"value"}],"one":"mwaka ujao","other":["baada ya miaka ",{"t":"idOrVar","v":"value"}],"two":["baada ya miaka ",{"t":"idOrVar","v":"value"}],"zero":"mwaka huu"},"$x":[{"t":"idOrVar","v":"plural"},"value"]},{"$i":"dateTimeFormat_%X","$v":"%I:%M:%S %p"},{"$i":"weekStartsOnMonday","$v":"0"},{"$i":"firstDayOfTheWeek","$v":"0"}]