[{"$i":"clockDateFormat","$v":"%a, %e %b"},{"$i":"deviceIsUnlocked","$v":"டிவைஸ் அன்லாக் செய்யப்பட்டது"},{"$i":"simUnlockCodeAccepted","$v":"சிம் அன்லாக் கோட் ஏற்றுக்கொள்ளப்பட்டது"},{"$i":"simUnlockCodeFailed","$v":"சிம் அன்லாக் வெற்றியடையவில்லை"},{"$i":"eccOnly","$v":"அவசர அழைப்புகள் மட்டும்"},{"$i":"emergencyCallsOnly","$v":"அவசர அழைப்புகள் மட்டும்"},{"$i":"lockedSim","$v":"பூட்டப்பட்ட சிம்"},{"$i":"noService","$v":"சேவை இல்லை"},{"$i":"noSimCard","$v":"சிம் கார்டு இல்லை"},{"$i":"searching","$v":"தேடுகிறது…"},{"$i":"airplane-mode","$v":"ஏரோப்ளைன் மோட்"},{"$i":"bluetooth","$v":"ப்ளூடூத்"},{"$i":"brightness","$v":"ஒளிர்வு"},{"$i":"calculator","$v":"கால்குலேட்டர்"},{"$i":"camera","$v":"கேமரா"},{"$i":"cellular-data","$v":"செல்லுலார் டேட்டா"},{"$i":"confirm-to-uninstall-app","$v":[{"t":"idOrVar","v":"appName"}," ஆப்-ஐ அன்இன்ஸ்டால் செய்யவா?"]},{"$i":"flashlight","$v":"ஃபிளாஷ்லைட்"},{"$i":"instant-settings","$v":"உடனடி செட்டிங்ஸ்"},{"$i":"off","$v":"ஆஃப்"},{"$i":"on","$v":"ஆன்"},{"$i":"shortcuts","$v":"ஷாட்கட்ஸ்"},{"$i":"uninstall","$v":"அன்இன்ஸ்டால்"},{"$i":"volume","$v":"வால்யூம்"},{"$i":"wifi","$v":"WiFi"},{"$i":"percentage-number","$v":[{"t":"idOrVar","v":"number"},"%"]},{"$i":"all-apps","$v":"எல்லாம் ஆப்-கள்"},{"$i":"scImei","$v":"IMEI"},{"$i":"scMeid","$v":"MEID"},{"$i":"scUssd","$v":"USSD"},{"$i":"CallFailed","$v":"கால் தோல்வியடைந்தது"},{"$i":"GenericFailure","$v":"பொதுவான செயலிழப்பு"},{"$i":"add-smart-collections","$v":"ஸ்மார்ட் சேகரிப்புகளை சேர்"},{"$i":"add-to-existing-contact","$v":"ஏற்கனவே உள்ள தொடர்பில் சேர்"},{"$i":"alert-for-contacts-without-number","$v":"ஃபோன் எண்ணுடன் எந்த தொடர்பும் இல்லை."},{"$i":"app-title","$v":"எனது ஆப்-கள்"},{"$i":"app-uninstall","$v":[{"t":"idOrVar","v":"name"}," அன்இன்ஸ்டால் செய்யப்பட்டது"]},{"$i":"assign","$v":"ஒதுக்கு"},{"$i":"assign-speed-dial","$v":[{"t":"idOrVar","v":"n"}," பட்டனில் தொடர்பு ஸ்பீட் டயலாகச் சேர்க்கப்படவில்லை . இப்போதே ஒதுக்கவா?"]},{"$i":"assign-voicemail","$v":"வாய்ஸ் மெயில் எண் அமைக்கப்படவில்லை."},{"$i":"call","$v":"கால்"},{"$i":"callAirplaneModeMessage","$v":"கால் செய்ய நீங்கள் செட்டிஙஸ்-இல் ஏரோப்ளைன் மோட்-ஐ முடக்க வேண்டும்."},{"$i":"callAirplaneModeTitle","$v":"ஏரோப்ளைன் மோட் செயல்படுத்தப்பட்டது"},{"$i":"cancel","$v":"ரத்து"},{"$i":"change-wallpaper","$v":"வால்பேப்பர் மாற்றம்"},{"$i":"clocks-updated","$v":"கடிகாரங்கள் அப்டேட் செய்யப்பட்டது"},{"$i":"confirmation","$v":"உறுதிப்படுத்துதல்"},{"$i":"contacts","$v":"தொடர்புகள்"},{"$i":"create-new-contact","$v":"புதிய தொடர்பை உருவாக்கு"},{"$i":"delete","$v":"நீக்கு"},{"$i":"delete-body","$v":[{"t":"idOrVar","v":"name"}," மற்றும் அதன் டேட்டா நீக்கப்படும்."]},{"$i":"delete-title","$v":[{"t":"idOrVar","v":"name"},"-ஐ நீக்கு"]},{"$i":"edit","$v":"திருத்து"},{"$i":"edit-done","$v":"முடிந்தது"},{"$i":"edit-group-header","$v":"குழுவைத் திருத்து"},{"$i":"edit-mode","$v":"திருத்து"},{"$i":"emergency-call-error","$v":[{"t":"idOrVar","v":"number"}," அவசரநிலை எண் இல்லை."]},{"$i":"emergency-call-only","$v":"அவசர கால் மட்டும்"},{"$i":"emergencyDialogBodyBadNumber","$v":"கால் செய்ய, ஃபோன் நெட்வொர்க்குடன் கனெக்ட் செய்திருக்க வேண்டும்."},{"$i":"emergencyDialogBodyDeviceNotAccepted","$v":"நெட்வொர்க்கால் அவசர கால்-கள் அனுமதிக்கப்படவில்லை."},{"$i":"emergencyDialogTitle","$v":"நெட்வொர்க் கனெக்ஷன் இல்லை"},{"$i":"fax-home","$v":"Fax ஹோம்"},{"$i":"fax-office","$v":"Fax ஆப்பீஸ்"},{"$i":"fax-other","$v":"மற்றவருக்கு Fax"},{"$i":"fdnIsActiveMessage","$v":["FDN (ஃபிக்ஸ்ட் டயலிங் நம்பர்ஸ்) செயல்படுத்தப்பட்டது, பின்வரும் எண்கள் உங்கள் FDN பட்டியலில் இல்லை: ",{"t":"idOrVar","v":"number"}]},{"$i":"fdnIsActiveTitle","$v":"FDN செயலில் உள்ளது"},{"$i":"gaia-shortcut-app-updated","$v":"ஆப் அப்டேட் செய்யப்பட்டது"},{"$i":"grid-view","$v":"கிரிட் வியூ"},{"$i":"home","$v":"ஹோம்"},{"$i":"homescreen-settings","$v":"ஹோம்ஸ்கிரீன் செட்டிங்ஸ்"},{"$i":"invalidNumberToDialMessage","$v":"நீங்கள் கால் செய்யும் ஃபோன் எண் சரியானது அல்ல."},{"$i":"invalidNumberToDialTitle","$v":"செல்லாத ஃபோன் எண்"},{"$i":"list-view","$v":"பட்டியல் காட்சி"},{"$i":"longDateFormat","$v":"%A, %B %e"},{"$i":"menu","$v":"மெனு"},{"$i":"message","$v":"செய்தி"},{"$i":"mobile","$v":"மொபைல்"},{"$i":"more","$v":"மேலும்"},{"$i":"move","$v":"நகர்த்தவும்"},{"$i":"notifications","$v":"நோட்டீஸ்கள் இல்லை"},{"$i":"numberIsBusyMessage","$v":"எண் தற்போது பிஸியாக உள்ளது. தயவுசெய்து மீண்டும் முயலவும்."},{"$i":"numberIsBusyTitle","$v":"எண் பிஸியாக உள்ளது"},{"$i":"ok","$v":"சரி"},{"$i":"option-remove","$v":"ஸ்பீட் டயலில் இருந்து அகற்று"},{"$i":"option-replace","$v":"மாற்றவும்"},{"$i":"options","$v":"விருப்பங்கள்"},{"$i":"otherConnectionInUseMessage","$v":"உங்களுக்கு மற்றொரு கனெக்ஷனில் செயலில் உள்ள கால் உள்ளது. ஒரே நேரத்தில் ஒரு கனெக்ஷனை மட்டுமே நீங்கள் பயன்படுத்தலாம்."},{"$i":"otherConnectionInUseTitle","$v":"வேறொரு கனெக்ஷன் பயன்பாட்டில் உள்ளது"},{"$i":"personal","$v":"தனிப்பட்டவை"},{"$i":"remove","$v":"அகற்று"},{"$i":"remove-speed-dial","$v":["நீங்கள் நிச்சியமாக ஸ்பீட் டயலிலிருந்து ",{"t":"idOrVar","v":"name"},"-ஐ அகற்ற விரும்புகிறீர்களா ?"]},{"$i":"replace","$v":"மாற்றவும்"},{"$i":"replace-speed-dial","$v":["நீங்கள் நிச்சியமாக ",{"t":"idOrVar","v":"name"},"-ஐ ",{"t":"idOrVar","v":"subName"}," மூலம் மாற்ற விரும்புகிறீர்களா?"]},{"$i":"resume-download-action","$v":"டவுன்லோட்"},{"$i":"resume-download-body","$v":["நீங்கள் ",{"t":"idOrVar","v":"name"},"-ஐ டவுன்லோட் செய்ய விரும்புகிறீர்களா?"]},{"$i":"resume-download-title","$v":"டவுன்லோட்-ஐ மறுதொடக்கம் செய்க"},{"$i":"scCallBarring","$v":"கால் தடுப்பு"},{"$i":"scCallForwarding","$v":"கால் பார்வேர்ட்ங்"},{"$i":"scCallWaiting","$v":"கால் காத்திருப்பு"},{"$i":"scClip","$v":"இன்கமிங் காலர் ID"},{"$i":"scClir","$v":"அவுட்கோயிங் காலர் ID"},{"$i":"scPin","$v":"பின்னை மாற்று"},{"$i":"scPin2","$v":"பின்2-ஐ மாற்று"},{"$i":"scPuk","$v":"பின்னின் தடையை நீக்கவும்"},{"$i":"scPuk2","$v":"பின்2 -இன் தடையை நீக்கவும்"},{"$i":"scPwd","$v":"பாஸ்வெர்ட்-ஐ மாற்று"},{"$i":"search-or-enter-address","placeholder":"தேடுக அல்லது முகவரியைத் உள்ளிடுக"},{"$i":"select","$v":"தேர்ந்தெடு"},{"$i":"sending","$v":"அனுப்புகிறது…"},{"$i":"set","$v":"அமை"},{"$i":"settings","$v":"அமைப்புகள்"},{"$i":"single-view","$v":"ஒற்றை காட்சி"},{"$i":"skip","$v":"தவிர்"},{"$i":"speed-dial","$v":"ஸ்பீட் டயல்"},{"$i":"speed-dial-empty","ariaLabel":[{"t":"idOrVar","v":"order"},", காலியாக உள்ளது"]},{"$i":"speed-dial-not-empty","ariaLabel":[{"t":"idOrVar","v":"order"},", ",{"t":"idOrVar","v":"name"}]},{"$i":"stop-download-action","$v":"நிறுத்து"},{"$i":"stop-download-body","$v":"டவுன்லோட் ஆகுவதை நிறுத்த விரும்புகிறீர்களா?"},{"$i":"stop-download-title","$v":[{"t":"idOrVar","v":"name"}," நிறுத்து"]},{"$i":"tcl-wallpaper-changed","$v":"வால்பேப்பர் மாற்றப்பட்டது"},{"$i":"video-call","$v":"வீடியோ கால்"},{"$i":"voicemail","$v":"வாய்ஸ்மெயில்"},{"$i":"work","$v":"அலுவலகம்"},{"$i":"apps","$v":"ஆப்-கள்"},{"$i":"nocard-eccOnly","$v":"No SIM card-Emergency calls only"},{"$i":"unusablecard-eccOnly","$v":"Unusable SIM card-Emergency calls only"},{"$i":"apn-sim1","$v":"ஏ.பி.என் செட்டிங்ஸ் - சிம்1"},{"$i":"apn-sim2","$v":"ஏ.பி.என் செட்டிங்ஸ் - சிம்2"},{"$i":"apnConfigPrepay","$v":"ப்ரீபே"},{"$i":"apnConfigPostpay","$v":"போஸ்ட்பே"},{"$i":"apn-defaultconfig-message","$v":"காண்பிக்க வேண்டிய APN வகையை அமைக்கவும்"},{"$i":"apnDefaultConfig","$v":"APN இயல்பு உள்ளமைவு"},{"$i":"without-sim-new","$v":[{"t":"idOrVar","v":"index"}]},{"$i":"with-sim-new","$v":[{"t":"idOrVar","v":"index"}," - ",{"t":"idOrVar","v":"carrier"}]},{"$i":"sim-with-index-and-carrier","$v":["சிம் ",{"t":"idOrVar","v":"index"}," - ",{"t":"idOrVar","v":"carrier"}]},{"$i":"sim-without-carrier","$v":["சிம் ",{"t":"idOrVar","v":"index"}]},{"$i":"call-forwarding-voice-after-seconds","$v":["குரல்: ",{"t":"idOrVar","v":"voice"}," ",{"t":"idOrVar","v":"timeSeconds"}," விநாடிகளுக்குப் பிறகு"]},{"$i":"addNewNumber","$v":"புதிய எண்ணைச் சேர்"},{"$i":"addToExistingContact","$v":"ஏற்கனவே உள்ள தொடர்பில் சேர்"},{"$i":"all","$v":"அனைத்தும்","ariaLabel":"அனைத்தும்"},{"$i":"bluetooth-handsfree-device","$v":"Bluetooth ஹேண்ட்ஸ்ஃப்ரி சாதனம்"},{"$i":"bluetoothOption","ariaLabel":"Bluetooth"},{"$i":"callDurationHours","$v":[{"t":"idOrVar","v":"h"},":",{"t":"idOrVar","v":"m"},":",{"t":"idOrVar","v":"s"}]},{"$i":"callDurationMinutes","$v":[{"t":"idOrVar","v":"m"},":",{"t":"idOrVar","v":"s"}]},{"$i":"callDurationTextFormatHours","$v":[{"t":"idOrVar","v":"h"}," h ",{"t":"idOrVar","v":"m"}," m ",{"t":"idOrVar","v":"s"}," s"]},{"$i":"callDurationTextFormatMinutes","$v":[{"t":"idOrVar","v":"m"}," m ",{"t":"idOrVar","v":"s"}," s"]},{"$i":"callDurationTextFormatSeconds","$v":[{"t":"idOrVar","v":"s"}," s"]},{"$i":"callEnded","$v":"அழைப்பு முடிந்தது"},{"$i":"callInformation","$v":"அழைப்பு தகவல்"},{"$i":"callLog","$v":"அழைப்பு பதிவேடு"},{"$i":"callLogEdit","title":"அழைப்பு பதிவேட்டைத் திருத்து"},{"$i":"callLogEditDialog","ariaLabel":"அழைப்பு பதிவேடு டயலாக்கைத் திருத்து"},{"$i":"caller-left-call","$v":[{"t":"idOrVar","v":"caller"}," அழைப்பிலிருந்து வெளியேறியுள்ளார்."]},{"$i":"calllog-all","$v":"அனைத்தும்"},{"$i":"calllog-deselectAll","$v":"அனைத்தையும் தேர்வுநீக்கு"},{"$i":"calllog-none","$v":"ஏதுமில்லை"},{"$i":"calllog-selectAll","$v":"அனைத்தையும் தேர்ந்தெடு"},{"$i":"canceled","$v":"ரத்துசெய்யப்பட்டது"},{"$i":"clear-all-text","$v":"அனைத்து உரையையும் காலியாக்கு"},{"$i":"close","$v":"மூடு"},{"$i":"composeEmail","ariaLabel":"மின்னஞ்சல்"},{"$i":"conferenceAddError","$v":"அழைப்புகளை ஒன்றிணைக்க முடியவில்லை"},{"$i":"conferenceCall","$v":["கலந்துரையாடல் (",{"t":"idOrVar","v":"n"},")"]},{"$i":"conferenceRemoveError","$v":"அழைப்புகளை பிணைப்பு நீக்க முடியவில்லை"},{"$i":"confirm-deletion","$v":"தேர்ந்தெடுக்கப்பட்ட அழைப்புகளை காலியாக்கவா?"},{"$i":"connecting","$v":"இணைக்கிறது"},{"$i":"connectingEllipsis","$v":"இணைக்கிறது…"},{"$i":"contactDetails","$v":"தொடர்பு விவரங்கள்"},{"$i":"createNewContact","$v":"புதிய தொடர்பை உருவாக்கு"},{"$i":"delete-n-log?","$v":{"few":[{"t":"idOrVar","v":"n"}," பதிவேடுகளை நீக்கவா?"],"many":[{"t":"idOrVar","v":"n"}," பதிவேடுகளை நீக்கவா?"],"one":"தேர்ந்தெடுக்கப்பட்ட பதிவேட்டை நீக்கவா?","other":[{"t":"idOrVar","v":"n"}," பதிவேடுகளை நீக்கவா?"],"two":[{"t":"idOrVar","v":"n"}," பதிவேடுகளை நீக்கவா?"],"zero":"எதுவும் தேர்ந்தெடுக்கப்படவில்லை"},"$x":[{"t":"idOrVar","v":"plural"},"n"]},{"$i":"deselect","$v":"தேர்வுநீக்கு"},{"$i":"dialed","$v":"டயல் செய்யப்பட்டது"},{"$i":"dialer-prompt","$v":"அழைப்பில் சேர்ப்பதற்கு எண்ணை டயல் செய்யவும் அல்லது தொடர்பைத் தேர்ந்தெடுக்கவும்"},{"$i":"dialerAddContact","ariaLabel":"தொடர்பைச் சேர்"},{"$i":"dialerAddContactDialog","ariaLabel":"தொடர்பு டயலாக்கைச் சேர்"},{"$i":"edit-selected","$v":{"few":["தேர்ந்தெடுக்கப்பட்டவை(",{"t":"idOrVar","v":"n"},")"],"many":["தேர்ந்தெடுக்கப்பட்டவை(",{"t":"idOrVar","v":"n"},")"],"one":["தேர்ந்தெடுக்கப்பட்டவை(",{"t":"idOrVar","v":"n"},")"],"other":["தேர்ந்தெடுக்கப்பட்டவை(",{"t":"idOrVar","v":"n"},")"],"two":["தேர்ந்தெடுக்கப்பட்டவை(",{"t":"idOrVar","v":"n"},")"]},"$x":[{"t":"idOrVar","v":"plural"},"n"]},{"$i":"emailDetail","ariaLabel":"மின்னஞ்சல்"},{"$i":"from-contact","$v":["அனுப்புநர் ",{"t":"idOrVar","v":"contact"}]},{"$i":"from-number","$v":["அனுப்புநர் ",{"t":"idOrVar","v":"number"}]},{"$i":"from-withheld-number","$v":"தெரியாத எண்ணிலிருந்து"},{"$i":"hangup-a11y-button","ariaLabel":"இணைப்பைத் துண்டி"},{"$i":"hide","$v":"மறை"},{"$i":"hideKeypad","ariaLabel":"விசைப்பகுதியை மறை"},{"$i":"hold","ariaLabel":"ஹோல்ட்"},{"$i":"hours","$v":"மணிநேரம்"},{"$i":"ignore","$v":"அழைப்பைப் புறக்கணி"},{"$i":"incoming","$v":"உள்வரும்"},{"$i":"incoming-call","$v":"உள்வரும் அழைப்பு"},{"$i":"info-missed","$v":"தவறிய"},{"$i":"keypad","ariaLabel":"விசைப்பகுதி"},{"$i":"log-item","$v":"வசதிகள்"},{"$i":"makeCall","ariaLabel":"அழைப்பை உருவாக்கு"},{"$i":"merge","ariaLabel":"ஒன்றினை"},{"$i":"minutes","$v":"நிமிடம்"},{"$i":"missed","$v":"தவறிய","ariaLabel":"தவறிய"},{"$i":"missedCall","$v":"தவறிய அழைப்பு"},{"$i":"missedCallMultiSims","$v":["(சிம் ",{"t":"idOrVar","v":"n"},") தவறிய அழைப்பு"]},{"$i":"mmi-error","$v":"சேதியை அனுப்புகையில் பிழை ஏற்பட்டது"},{"$i":"mmi-notification-title-with-sim","$v":["(",{"t":"idOrVar","v":"sim"},") ",{"t":"idOrVar","v":"title"}]},{"$i":"mmi-session-expired","$v":"அமர்வு காலாவதியானது"},{"$i":"mmi-successfully-sent","$v":"சேதி வெற்றிகரமாக அனுப்பப்பட்டது"},{"$i":"mute","ariaLabel":"ஒலிதடு"},{"$i":"newCall","ariaLabel":"புதிய அழைப்பு"},{"$i":"no-logs-msg-1","$v":"எந்த அழைப்புகளும் பதிவு செய்யப்படவில்லை"},{"$i":"no-logs-msg-2","$v":"இப்போதே தொடர்புகொள்ளத் தொடங்கு"},{"$i":"no-logs-msg-3","$v":"எந்த அழைப்புகளும் பதிவு செய்யப்படவில்லை"},{"$i":"no-logs-msg-4","$v":"இப்போதே தொடர்புகொள்ளத் தொடங்கு"},{"$i":"no-recent-numbers","$v":"டயல் செய்வதற்கு, அழைப்பு பதிவேடுகளில் சமீபத்திய எண்கள் எதுவும் இல்லை."},{"$i":"onHoldOption","ariaLabel":"ஆன் ஹோல்ட்"},{"$i":"outgoing","$v":"வெளிச்செல்லும்"},{"$i":"outgoing-call","$v":"வெளிச்செல்லும் அழைப்பு"},{"$i":"phoneDetail","ariaLabel":"ஃபோன்"},{"$i":"pickup-a11y-button","ariaLabel":"பிக் அப்"},{"$i":"received","$v":"பெறப்பட்டது"},{"$i":"receiver","$v":"ரிசீவர்"},{"$i":"recents","ariaLabel":"சமீப அழைப்புகள்"},{"$i":"reply","$v":"பதிலளி"},{"$i":"resume","$v":"ரெஸ்யூம்","ariaLabel":"ரெஸ்யூம்"},{"$i":"search-results","$v":"தேடல் முடிவுகள்"},{"$i":"seconds","$v":"விநாடி"},{"$i":"select-audio-sources","$v":"ஆடியோ ஆதாரங்களைத் தேர்ந்தெடு"},{"$i":"send","$v":"அனுப்பு"},{"$i":"send-sms-button","ariaLabel":"SMS"},{"$i":"sendSms","$v":"சேதி அனுப்பு"},{"$i":"separator","$v":","},{"$i":"sim-number","$v":["SIM",{"t":"idOrVar","v":"n"}]},{"$i":"speaker","$v":"ஸ்பீக்கர்"},{"$i":"speakerOption","ariaLabel":"ஸ்பீக்கர்"},{"$i":"suggestionMatches","$v":{"few":[{"t":"idOrVar","v":"matchNumber"},"\"-க்கான ",{"t":"idOrVar","v":"n"}," பொருத்தங்கள்"],"many":[{"t":"idOrVar","v":"matchNumber"},"\"-க்கான ",{"t":"idOrVar","v":"n"}," பொருத்தங்கள்"],"one":[{"t":"idOrVar","v":"matchNumber"},"\"-க்கான ",{"t":"idOrVar","v":"n"}," பொருத்தம்"],"other":[{"t":"idOrVar","v":"matchNumber"},"\"-க்கான ",{"t":"idOrVar","v":"n"}," பொருத்தங்கள்"],"two":[{"t":"idOrVar","v":"matchNumber"},"\"-க்கான ",{"t":"idOrVar","v":"n"}," பொருத்தங்கள்"]},"$x":[{"t":"idOrVar","v":"plural"},"n"]},{"$i":"switch-calls","$v":"அழைப்புகளை மாற்று"},{"$i":"tcl-assign","$v":"ஒதுக்கு"},{"$i":"tcl-assign-speed-dial","$v":{"$o":["தொடர்பானது \"",{"t":"idOrVar","v":"speedDial"},"\" பட்டன் மீது வேக டயலாக சேர்க்கப்படவில்லை<br><br>இப்போதே ஒதுக்கவா?"]}},{"$i":"tcl-call-log-delete-group-notification","$v":[{"t":"idOrVar","v":"n"}," குறிப்புகள் நீக்கப்பட்டன"]},{"$i":"tcl-calllog-entry-removed-err-notification","$v":"அழைப்பு பதிவேடு குறிப்பை அகற்ற முடியாது"},{"$i":"tcl-calllog-entry-removed-succ-notification","$v":"அழைப்பு பதிவேடு குறிப்பு அகற்றப்பட்டது"},{"$i":"tcl-cancel","$v":"ரத்து"},{"$i":"tcl-confirmation","$v":"உறுதிப்படுத்தல்"},{"$i":"tcl-delete-log","$v":"தேர்ந்தெடுக்கப்பட்ட குறிப்புகளை அழைப்பு பதிவேட்டிலிருந்து நிச்சயமாக நீக்க விரும்புகிறீர்களா?"},{"$i":"tcl-dialer","$v":"டயலர்"},{"$i":"tcl-edit-not-selected","$v":"தேர்ந்தெடுக்கப்பட்டவை(0)"},{"$i":"tcl-option-menu-call-log-edit","$v":"அழைப்பு பதிவேட்டைத் திருத்து"},{"$i":"today","$v":"இன்று"},{"$i":"toggleKeypad","ariaLabel":"விசைப்பகுதியை நிலைமாற்று"},{"$i":"type-your-response","placeholder":"உங்கள் பதிலை டைப் செய்யவும்…"},{"$i":"unknown","$v":"அறியாதது"},{"$i":"unlock-a11y-button","ariaLabel":"ஸ்லைடர்"},{"$i":"ussd-services","$v":[{"t":"idOrVar","v":"operator"}," சேவைகள்"]},{"$i":"via-sim","$v":["SIM",{"t":"idOrVar","v":"n"}," வழியாக"]},{"$i":"view-all","$v":"அனைத்தையும் காண்"},{"$i":"wifi-calling","$v":"Wi-Fi அழைப்பு"},{"$i":"withheld-number","$v":"அறியாதது"},{"$i":"yesterday","$v":"நேற்று"},{"$i":"SimPin2","$v":"சிம் பின்2"},{"$i":"SimPuk2","$v":"சிம் PUK2"},{"$i":"serviceClassFax","$v":"FAX"},{"$i":"serviceClassPad","$v":"PAD"},{"$i":"serviceClassSms","$v":"SMS"},{"$i":"DialModifiedToDial","$v":"டயலுக்கு டயல் மாற்றப்பட்டது"},{"$i":"DialModifiedToSs","$v":"SS-க்கு டயல் மாற்றப்பட்டது"},{"$i":"DialModifiedToUssd","$v":"USSD-க்கு டயல் மாற்றப்பட்டது"},{"$i":"FdnCheckFailure","$v":"FDN சோதனை தோல்வி"},{"$i":"IllegalSimOrMe","$v":"சட்டவிரோத சிம் அல்லது ME"},{"$i":"InvalidParameter","$v":"செல்லாத பேராமீட்டர்"},{"$i":"ModeNotSupported","$v":"மோட் ஆதரிக்கப்படவில்லை"},{"$i":"OpNotAllowedDuringVoiceCall","$v":"வாய்ஸ் கால்-இன் போது ஆபரேஷன் அனுமதிக்கப்படவில்லை"},{"$i":"PasswordIncorrect","$v":"பாஸ்வெர்ட் தவறானது"},{"$i":"RadioNotAvailable","$v":"ரேடியோ கிடைக்கவில்லை"},{"$i":"RejectedByRemote","$v":"ரிமோட்டால், நிராகரிக்கப்பட்டது"},{"$i":"RequestNotSupported","$v":"கோரிக்கை ஆதரிக்கப்படவில்லை"},{"$i":"ServiceIsDisabled","$v":"சேவை முடக்கப்பட்டது"},{"$i":"ServiceIsEnabled","$v":"சேவை செயல்படுத்தப்பட்டுள்ளது"},{"$i":"ServiceIsEnabledFor","$v":"இதற்காக சேவை செயல்படுத்தப்பட்டுள்ளது:"},{"$i":"SimAbsent","$v":"சிம் இல்லை"},{"$i":"SmsSendFailRetry","$v":"SMS அனுப்பியது தோல்வியுற்றது மீண்டும் முயலவும்"},{"$i":"SsModifiedToDial","$v":"SS, டயலுக்கு திருத்தப்பட்டது"},{"$i":"SsModifiedToSs","$v":"SS, SS-க்கு திருத்தப்பட்டது"},{"$i":"SsModifiedToUssd","$v":"SS, USSD-க்கு திருத்தப்பட்டது"},{"$i":"SubscriptionNotAvailable","$v":"சந்தா கிடைக்கவில்லை"},{"$i":"SubscriptionNotSupported","$v":"சந்தா ஆதரிக்கப்படவில்லை"},{"$i":"UssdModifiedToDial","$v":"USSD, டயல் ஆக திருத்தப்பட்டது"},{"$i":"UssdModifiedToSs","$v":"USSD, SS ஆக திருத்தப்பட்டது"},{"$i":"UssdModifiedToUssd","$v":"USSD, USSD ஆக திருத்தப்பட்டது"},{"$i":"call-forwarding-async","$v":["அசின்க்ரோனஸ்: ",{"t":"idOrVar","v":"async"}]},{"$i":"call-forwarding-data","$v":["டேட்டா: ",{"t":"idOrVar","v":"data"}]},{"$i":"call-forwarding-error","$v":"கால் ஃபார்வர்டிங் நிலையை மீட்டெடுக்கும் போது ஒரு பிழை ஏற்பட்டது"},{"$i":"call-forwarding-fax","$v":["FAX: ",{"t":"idOrVar","v":"fax"}]},{"$i":"call-forwarding-inactive","$v":"செயல்படாதது"},{"$i":"call-forwarding-packet","$v":["பாக்கெட்: ",{"t":"idOrVar","v":"packet"}]},{"$i":"call-forwarding-pad","$v":["PAD: ",{"t":"idOrVar","v":"pad"}]},{"$i":"call-forwarding-sms","$v":["SMS: ",{"t":"idOrVar","v":"sms"}]},{"$i":"call-forwarding-status","$v":"கால் பார்வேர்ட்ங் நிலை"},{"$i":"call-forwarding-sync","$v":["ஒத்தியங்கு: ",{"t":"idOrVar","v":"sync"}]},{"$i":"call-forwarding-voice","$v":["வாய்ஸ்: ",{"t":"idOrVar","v":"voice"}]},{"$i":"emMmiError","$v":"கனெக்ஷன் சிக்கல் அல்லது செல்லாத MMI கோட்"},{"$i":"emMmiErrorBadPin","$v":"நீங்கள் டைப் செய்த பழைய பின் சரியானது இல்லை."},{"$i":"emMmiErrorBadPuk","$v":"நீங்கள் டைப் செய்த PUK சரியானது இல்லை"},{"$i":"emMmiErrorEnablePin","$v":"வெற்றியடையவில்லை. SIM/RUIM லாக்-ஐ செயல்படுத்தவும்"},{"$i":"emMmiErrorInvalidAction","$v":"செல்லாத  செயல்"},{"$i":"emMmiErrorInvalidPin","$v":"4 முதல் 8 எண்களை கொண்டுள்ள பின்னை டைப் செய்யவும்"},{"$i":"emMmiErrorInvalidScCode","$v":"செல்லாத சேவைக் கோட்"},{"$i":"emMmiErrorMismatchPin","$v":"நீங்கள் டைப் செய்த பின்கள் பொருந்தவில்லை"},{"$i":"emMmiErrorMmiFdn","$v":"ஃபிக்ஸ்ட் டயலிங் எண்களுக்கு மட்டும் ஆபரேஷன் தடுக்கப்பட்டுள்ளது"},{"$i":"emMmiErrorNeedPuk2","$v":"சிம் கார்டு தடையை நீக்க PUK2 என்று டைப் செய்யவும்"},{"$i":"emMmiErrorNeedsPuk","$v":"உங்கள் சிம் கார்டு PUK லாக்  செய்யப்பட்டுள்ளது"},{"$i":"emMmiErrorNotSupported","$v":"செல்லாத அல்லது ஆதரிக்கப்படாத MMI கோட்"},{"$i":"emMmiErrorPasswordIncorrect","$v":"தவறான பாஸ்வெர்ட்"},{"$i":"emMmiErrorPinPukAttempts","$v":{"few":["மீண்டும் முயற்சித்தல் ",{"t":"idOrVar","v":"n"}," மீதமுள்ளன"],"many":["மீண்டும் முயற்சித்தல் ",{"t":"idOrVar","v":"n"}," மீதமுள்ளன"],"one":[{"t":"idOrVar","v":"n"}," முயற்சிகள் மட்டுமே மீதமுள்ளது"],"other":["மீண்டும் முயற்சித்தல் ",{"t":"idOrVar","v":"n"}," மீதமுள்ளன"],"two":["மீண்டும் முயற்சித்தல் ",{"t":"idOrVar","v":"n"}," மீதமுள்ளன"]},"$x":[{"t":"idOrVar","v":"plural"},"n"]},{"$i":"emMmiErrorSimBlocked","$v":"உள்ளீடுகளின் அதிகபட்ச எண்ணிக்கையைத் தாண்டியது. சிம் தடுக்கப்பட்டது"},{"$i":"emMmiErrorStkCcSsDial","$v":"டயல் கோரிக்கைக்கு SS கோரிக்கை திருத்தப்பட்டது"},{"$i":"emMmiErrorStkCcSsSs","$v":"புதிய SS கோரிக்கைக்கு SS கோரிக்கை திருத்தப்பட்டது"},{"$i":"emMmiErrorStkCcSsUssd","$v":"USSD கோரிக்கைக்கு SS கோரிக்கை திருத்தப்பட்டது"},{"$i":"emMmiErrorStkCcUssdDial","$v":"USSD கோரிக்கையானது டயல் கோரிக்கைக்கு மாற்றப்பட்டது"},{"$i":"emMmiErrorStkCcUssdSs","$v":"USSD கோரிக்கையானது SS கோரிக்கைக்கு மாற்றப்பட்டது"},{"$i":"emMmiErrorStkCcUssdUssd","$v":"USSD கோரிக்கையானது புதிய USSD கோரிக்கைக்கு மாற்றப்பட்டது"},{"$i":"fihVersion","$v":"FIH பதிப்பு"},{"$i":"imeiAndSvn","$v":"IMEI மற்றும் SVN"},{"$i":"internalVersion","$v":"உள் பதிப்பு"},{"$i":"serviceClassData","$v":"டேட்டா"},{"$i":"serviceClassDataAsync","$v":"அசின்க்"},{"$i":"serviceClassDataSync","$v":"சின்க்"},{"$i":"serviceClassPacket","$v":"பேக்கெட்"},{"$i":"serviceClassVoice","$v":"வாய்ஸ்"},{"$i":"smClirDefaultOffNextCallOff","$v":"காலர் ID டீஃபால்ட்ஸ் கட்டுப்படுத்தப்படவில்லை. அடுத்த கால்: கட்டுப்படுத்தப்படவில்லை"},{"$i":"smClirDefaultOffNextCallOn","$v":"காலர் ID டீஃபால்ட்ஸ் கட்டுப்படுத்தப்படவில்லை. அடுத்த கால்: கட்டுப்படுத்தப்பட்டுள்ளது"},{"$i":"smClirDefaultOnNextCallOff","$v":"காலர் ID டீஃபால்ட்ஸ் கட்டுப்படுத்தப்பட்டுள்ளது. அடுத்த கால்: கட்டுப்படுத்தப்படவில்லை"},{"$i":"smClirDefaultOnNextCallOn","$v":"காலர் ID டீஃபால்ட்ஸ் கட்டுப்படுத்தப்பட்டுள்ளது. அடுத்த கால்: கட்டுப்படுத்தப்பட்டுள்ளது"},{"$i":"smClirPermanent","$v":"அழைப்பாளர் ID அமைப்பை நீங்கள் மாற்ற முடியாது"},{"$i":"smPin2Changed","$v":"பின்2 வெற்றிகரமாக மாற்றப்பட்டது"},{"$i":"smPin2Unblocked","$v":"பின்2 வெற்றிகரமாக தடைநீக்கப்பட்டது"},{"$i":"smPinChanged","$v":"பின் வெற்றிகரமாக மாற்றப்பட்டது"},{"$i":"smPinUnblocked","$v":"பின் வெற்றிகரமாக தடைநீக்கப்பட்டது"},{"$i":"smServiceDisabled","$v":"சேவை முடக்கப்பட்டுள்ளது"},{"$i":"smServiceEnabled","$v":"சேவை செயல்படுத்தப்பட்டது"},{"$i":"smServiceEnabledFor","$v":"இதற்காக சேவை செயல்படுத்தப்பட்டது:"},{"$i":"smServiceErased","$v":"அழிப்பு வெற்றியடைந்தது"},{"$i":"smServiceInterrogated","$v":"கோரிக்கை வெற்றியடைந்தது"},{"$i":"smServiceNotProvisioned","$v":"சேவை ஒதுக்கீடு செய்யப்படவில்லை"},{"$i":"smServiceRegistered","$v":"வெற்றிகரமாகப் பதிவுசெய்யப்பட்டது"},{"$i":"another","$v":"வேறொரு"},{"$i":"current","$v":"தற்போதைய"},{"$i":"customTag","$v":"கஸ்டம் டேக்","placeholder":"கஸ்டம் டேக்"},{"$i":"faxHome","$v":"Fax ஹோம்"},{"$i":"faxOffice","$v":"Fax ஆப்பீஸ்"},{"$i":"faxOther","$v":"மற்றவருக்கு Fax"},{"$i":"itemWithLabel","$v":[{"t":"idOrVar","v":"label"},", ",{"t":"idOrVar","v":"item"}]},{"$i":"label","$v":"லேபில்"},{"$i":"other","$v":"மற்ற"},{"$i":"tcl-customTag","$v":"கஸ்டம் டேக்"},{"$i":"dateTimeFormat_%c","$v":"%a %b %e %Y %I:%M:%S %p"},{"$i":"dateTimeFormat_%x","$v":"%m/%d/%Y"},{"$i":"days-ago-long","$v":{"few":[{"t":"idOrVar","v":"value"}," நாட்களுக்கு முன்பு"],"many":[{"t":"idOrVar","v":"value"}," நாட்களுக்கு முன்பு"],"one":"நேற்று","other":[{"t":"idOrVar","v":"value"}," நாட்களுக்கு முன்பு"],"two":[{"t":"idOrVar","v":"value"}," நாட்களுக்கு முன்பு"],"zero":"இன்று"},"$x":[{"t":"idOrVar","v":"plural"},"value"]},{"$i":"days-ago-short","$v":{"other":[{"t":"idOrVar","v":"value"},"நாள் முன்பு"],"zero":"இன்று"},"$x":[{"t":"idOrVar","v":"plural"},"value"]},{"$i":"days-until-long","$v":{"few":[{"t":"idOrVar","v":"value"}," நாட்களில்"],"many":[{"t":"idOrVar","v":"value"}," நாட்களில்"],"one":"நாளை","other":[{"t":"idOrVar","v":"value"}," நாட்களில்"],"two":[{"t":"idOrVar","v":"value"}," நாட்களில்"],"zero":"இன்று"},"$x":[{"t":"idOrVar","v":"plural"},"value"]},{"$i":"days-until-short","$v":{"other":[{"t":"idOrVar","v":"value"},"நாள் இல்"],"zero":"இன்று"},"$x":[{"t":"idOrVar","v":"plural"},"value"]},{"$i":"hours-ago-long","$v":{"few":[{"t":"idOrVar","v":"value"}," மணிநேரங்களுக்கு முன்பு"],"many":[{"t":"idOrVar","v":"value"}," மணிநேரங்களுக்கு முன்பு"],"one":"ஒரு மணிநேரம் முன்பாக","other":[{"t":"idOrVar","v":"value"}," மணிநேரங்களுக்கு முன்பு"],"two":[{"t":"idOrVar","v":"value"}," மணிநேரங்களுக்கு முன்பு"],"zero":"இப்போது தான்"},"$x":[{"t":"idOrVar","v":"plural"},"value"]},{"$i":"hours-ago-short","$v":{"other":[{"t":"idOrVar","v":"value"},"மணிநேரம் முன்பு"],"zero":"இப்போது தான்"},"$x":[{"t":"idOrVar","v":"plural"},"value"]},{"$i":"hours-until-long","$v":{"few":[{"t":"idOrVar","v":"value"}," மணிநேரங்களில்"],"many":[{"t":"idOrVar","v":"value"}," மணிநேரங்களில்"],"one":"ஒரு மணிநேரத்தில்","other":[{"t":"idOrVar","v":"value"}," மணிநேரங்களில்"],"two":[{"t":"idOrVar","v":"value"}," மணிநேரங்களில்"],"zero":"இப்போதே"},"$x":[{"t":"idOrVar","v":"plural"},"value"]},{"$i":"hours-until-short","$v":{"other":[{"t":"idOrVar","v":"value"},"மணிநேரத்தில்"],"zero":"இப்போதே"},"$x":[{"t":"idOrVar","v":"plural"},"value"]},{"$i":"incorrectDate","$v":"(தவறான தேதி)"},{"$i":"minutes-ago-long","$v":{"few":[{"t":"idOrVar","v":"value"}," நிமிடங்களுக்கு முன்பு"],"many":[{"t":"idOrVar","v":"value"}," நிமிடங்களுக்கு முன்பு"],"one":"ஒரு நிமிடம் முன்பாக","other":[{"t":"idOrVar","v":"value"}," நிமிடங்களுக்கு முன்பு"],"two":[{"t":"idOrVar","v":"value"}," நிமிடங்களுக்கு முன்பு"],"zero":"இப்போது தான்"},"$x":[{"t":"idOrVar","v":"plural"},"value"]},{"$i":"minutes-ago-short","$v":{"other":[{"t":"idOrVar","v":"value"},"நிமிடம் முன்பு"],"zero":"இப்போது தான்"},"$x":[{"t":"idOrVar","v":"plural"},"value"]},{"$i":"minutes-until-long","$v":{"few":[{"t":"idOrVar","v":"value"}," நிமிடங்களில்"],"many":[{"t":"idOrVar","v":"value"}," நிமிடங்களில்"],"one":"ஒரு நிமிடத்தில்","other":[{"t":"idOrVar","v":"value"}," நிமிடங்களில்"],"two":[{"t":"idOrVar","v":"value"}," நிமிடங்களில்"],"zero":"இப்போதே"},"$x":[{"t":"idOrVar","v":"plural"},"value"]},{"$i":"minutes-until-short","$v":{"other":[{"t":"idOrVar","v":"value"},"நிமிடத்தில்"],"zero":"இப்போதே"},"$x":[{"t":"idOrVar","v":"plural"},"value"]},{"$i":"month-0-genitive","$v":"ஜனவரி"},{"$i":"month-0-long","$v":"ஜனவரி"},{"$i":"month-0-short","$v":"ஜனவரி"},{"$i":"month-1-genitive","$v":"பிப்ரவரி"},{"$i":"month-1-long","$v":"பிப்ரவரி"},{"$i":"month-1-short","$v":"பிப்ரவரி"},{"$i":"month-10-genitive","$v":"நவம்பர்"},{"$i":"month-10-long","$v":"நவம்பர்"},{"$i":"month-10-short","$v":"நவம்பர்"},{"$i":"month-11-genitive","$v":"டிசம்பர்"},{"$i":"month-11-long","$v":"டிசம்பர்"},{"$i":"month-11-short","$v":"டிசம்பர்"},{"$i":"month-2-genitive","$v":"மார்ச்"},{"$i":"month-2-long","$v":"மார்ச்"},{"$i":"month-2-short","$v":"மார்ச்"},{"$i":"month-3-genitive","$v":"ஏப்ரல்"},{"$i":"month-3-long","$v":"ஏப்ரல்"},{"$i":"month-3-short","$v":"ஏப்ரல்"},{"$i":"month-4-genitive","$v":"மே"},{"$i":"month-4-long","$v":"மே"},{"$i":"month-4-short","$v":"மே"},{"$i":"month-5-genitive","$v":"ஜூன்"},{"$i":"month-5-long","$v":"ஜூன்"},{"$i":"month-5-short","$v":"ஜூன்"},{"$i":"month-6-genitive","$v":"ஜூலை"},{"$i":"month-6-long","$v":"ஜூலை"},{"$i":"month-6-short","$v":"ஜூலை"},{"$i":"month-7-genitive","$v":"ஆகஸ்ட்"},{"$i":"month-7-long","$v":"ஆகஸ்ட்"},{"$i":"month-7-short","$v":"ஆகஸ்ட்"},{"$i":"month-8-genitive","$v":"செப்டம்பர்"},{"$i":"month-8-long","$v":"செப்டம்பர்"},{"$i":"month-8-short","$v":"செப்டம்பர்"},{"$i":"month-9-genitive","$v":"அக்டோபர்"},{"$i":"month-9-long","$v":"அக்டோபர்"},{"$i":"month-9-short","$v":"அக்டோபர்"},{"$i":"months-ago-long","$v":{"few":[{"t":"idOrVar","v":"value"}," மாதங்களுக்கு முன்பு"],"many":[{"t":"idOrVar","v":"value"}," மாதங்களுக்கு முன்பு"],"one":"கடந்த மாதம்","other":[{"t":"idOrVar","v":"value"}," மாதங்களுக்கு முன்பு"],"two":[{"t":"idOrVar","v":"value"}," மாதங்களுக்கு முன்பு"],"zero":"இந்த மாதம்"},"$x":[{"t":"idOrVar","v":"plural"},"value"]},{"$i":"months-until-long","$v":{"few":[{"t":"idOrVar","v":"value"}," மாதங்களில்"],"many":[{"t":"idOrVar","v":"value"}," மாதங்களில்"],"one":"அடுத்த மாதம்","other":[{"t":"idOrVar","v":"value"}," மாதங்களில்"],"two":[{"t":"idOrVar","v":"value"}," மாதங்களில்"],"zero":"இந்த மாதம்"},"$x":[{"t":"idOrVar","v":"plural"},"value"]},{"$i":"shortDateTimeFormat","$v":"%x %I:%M %p"},{"$i":"shortTimeFormat","$v":"%I:%M %p"},{"$i":"shortTimeFormat12","$v":"%I:%M %p"},{"$i":"shortTimeFormat24","$v":"%H:%M"},{"$i":"time_am","$v":"AM"},{"$i":"time_pm","$v":"PM"},{"$i":"weekday-0-long","$v":"ஞாயிறுக்கிழமை"},{"$i":"weekday-0-short","$v":"ஞாயிறுக்கிழமை"},{"$i":"weekday-1-long","$v":"திங்கள்"},{"$i":"weekday-1-short","$v":"திங்கள்"},{"$i":"weekday-2-long","$v":"செவ்வாய்க்கிழமை"},{"$i":"weekday-2-short","$v":"செவ்வாய்க்கிழமை"},{"$i":"weekday-3-long","$v":"புதன்கிழமை"},{"$i":"weekday-3-short","$v":"புதன்கிழமை"},{"$i":"weekday-4-long","$v":"வியாழக்கிழமை"},{"$i":"weekday-4-short","$v":"வியாழன்"},{"$i":"weekday-5-long","$v":"வெள்ளி"},{"$i":"weekday-5-short","$v":"வெள்ளி"},{"$i":"weekday-6-long","$v":"சனிக்கிழமை"},{"$i":"weekday-6-short","$v":"சனிக்கிழமை"},{"$i":"weeks-ago-long","$v":{"few":[{"t":"idOrVar","v":"value"}," வாரங்களுக்கு முன்பு"],"many":[{"t":"idOrVar","v":"value"}," வாரங்களுக்கு முன்பு"],"one":"கடந்த வாரம்","other":[{"t":"idOrVar","v":"value"}," வாரங்களுக்கு முன்பு"],"two":[{"t":"idOrVar","v":"value"}," வாரங்களுக்கு முன்பு"],"zero":"இந்த வாரம்"},"$x":[{"t":"idOrVar","v":"plural"},"value"]},{"$i":"weeks-until-long","$v":{"few":[{"t":"idOrVar","v":"value"}," வாரங்களில்"],"many":[{"t":"idOrVar","v":"value"}," வாரங்களில்"],"one":"அடுத்த வாரம்","other":[{"t":"idOrVar","v":"value"}," வாரங்களில்"],"two":[{"t":"idOrVar","v":"value"}," வாரங்களில்"],"zero":"இந்த வாரம்"},"$x":[{"t":"idOrVar","v":"plural"},"value"]},{"$i":"years-ago-long","$v":{"few":[{"t":"idOrVar","v":"value"}," வருடங்களுக்கு முன்பு"],"many":[{"t":"idOrVar","v":"value"}," வருடங்களுக்கு முன்பு"],"one":"கடந்த வருடம்","other":[{"t":"idOrVar","v":"value"}," வருடங்களுக்கு முன்பு"],"two":[{"t":"idOrVar","v":"value"}," வருடங்களுக்கு முன்பு"],"zero":"இந்த வருடம்"},"$x":[{"t":"idOrVar","v":"plural"},"value"]},{"$i":"years-until-long","$v":{"few":[{"t":"idOrVar","v":"value"}," வருடங்களில்"],"many":[{"t":"idOrVar","v":"value"}," வருடங்களில்"],"one":"அடுத்த ஆண்டு","other":[{"t":"idOrVar","v":"value"}," வருடங்களில்"],"two":[{"t":"idOrVar","v":"value"}," வருடங்களில்"],"zero":"இந்த வருடம்"},"$x":[{"t":"idOrVar","v":"plural"},"value"]},{"$i":"dateTimeFormat_%X","$v":"%I:%M:%S %p"},{"$i":"weekStartsOnMonday","$v":"0"},{"$i":"firstDayOfTheWeek","$v":"0"}]