[{"$i":"clockDateFormat","$v":"%a, %e %b"},{"$i":"deviceIsUnlocked","$v":"อุปกรณ์ถูกปลดล็อก"},{"$i":"simUnlockCodeAccepted","$v":"ยอมรับรหัสปลดล็อกซิมแล้ว"},{"$i":"simUnlockCodeFailed","$v":"ปลดล็อก SIM ไม่สำเร็จ"},{"$i":"eccOnly","$v":"สายฉุกเฉินเท่านั้น"},{"$i":"emergencyCallsOnly","$v":"โทรฉุกเฉินเท่านั้น"},{"$i":"lockedSim","$v":"ซิมที่ล็อก"},{"$i":"noService","$v":"ไม่มีบริการ"},{"$i":"noSimCard","$v":"ไม่มีซิมการ์ด"},{"$i":"searching","$v":"กำลังค้นหา..."},{"$i":"airplane-mode","$v":"โหมดเครื่องบิน"},{"$i":"bluetooth","$v":"บลูทูธ"},{"$i":"brightness","$v":"ความสว่าง"},{"$i":"calculator","$v":"เครื่องคิดเลข"},{"$i":"camera","$v":"กล้องถ่ายรูป"},{"$i":"cellular-data","$v":"ข้อมูลเซลลูลาร์"},{"$i":"confirm-to-uninstall-app","$v":["ยกเลิกการติดตั้งแอป ",{"t":"idOrVar","v":"appName"}," หรือไม่"]},{"$i":"flashlight","$v":"ไฟฉาย"},{"$i":"instant-settings","$v":"การตั้งค่าการติดตั้ง"},{"$i":"off","$v":"ปิด"},{"$i":"on","$v":"เปิด"},{"$i":"shortcuts","$v":"ทางลัด"},{"$i":"uninstall","$v":"ถอนการติดตั้ง"},{"$i":"volume","$v":"ระดับเสียง"},{"$i":"wifi","$v":"Wi-Fi"},{"$i":"percentage-number","$v":[{"t":"idOrVar","v":"number"},"%"]},{"$i":"all-apps","$v":"แอปทั้งหมด"},{"$i":"scImei","$v":"IMEI"},{"$i":"scMeid","$v":"MEID"},{"$i":"scUssd","$v":"USSD"},{"$i":"CallFailed","$v":"การโทรล้มเหลว"},{"$i":"GenericFailure","$v":"ข้อผิดพลาดทั่วไป"},{"$i":"add-smart-collections","$v":"เพิ่มคอลเลคชั่นอัจฉริยะ"},{"$i":"add-to-existing-contact","$v":"เพิ่มไปยังรายชื่อที่มีอยู่"},{"$i":"alert-for-contacts-without-number","$v":"ไม่มีรายชื่อที่มีหมายเลขโทรศัพท์"},{"$i":"app-title","$v":"แอปของฉัน"},{"$i":"app-uninstall","$v":["เลิกติดตั้ง ",{"t":"idOrVar","v":"name"}," แล้ว"]},{"$i":"assign","$v":"มอบหมาย"},{"$i":"assign-speed-dial","$v":["ยังไม่ได้เพิ่มรายชื่อไปยังการโทรด่วนด้วยปุ่ม ",{"t":"idOrVar","v":"n"}," มอบหมายตอนนี้หรือไม่"]},{"$i":"assign-voicemail","$v":"ยังไม่ได้ตั้งหมายเลขข้อความเสียง"},{"$i":"call","$v":"โทร"},{"$i":"callAirplaneModeMessage","$v":"หากต้องการโทรออก คุณต้องปิดใช้งานโหมดเครื่องบินในการตั้งค่า"},{"$i":"callAirplaneModeTitle","$v":"เปิดใช้งานโหมดเครื่องบินแล้ว"},{"$i":"cancel","$v":"ยกเลิก"},{"$i":"change-wallpaper","$v":"เปลี่ยนวอลเปเปอร์"},{"$i":"clocks-updated","$v":"อัปเดตนาฬิกาแล้ว"},{"$i":"confirmation","$v":"การยืนยัน"},{"$i":"contacts","$v":"รายชื่อ"},{"$i":"create-new-contact","$v":"สร้างรายชื่อใหม่"},{"$i":"delete","$v":"ลบ"},{"$i":"delete-body","$v":[{"t":"idOrVar","v":"name"}," และข้อมูลทั้งหมดจะถูกลบ"]},{"$i":"delete-title","$v":["ลบ ",{"t":"idOrVar","v":"name"}]},{"$i":"edit","$v":"แก้ไข"},{"$i":"edit-done","$v":"เสร็จสิ้น"},{"$i":"edit-group-header","$v":"แก้ไขกลุ่ม"},{"$i":"edit-mode","$v":"แก้ไข"},{"$i":"emergency-call-error","$v":[{"t":"idOrVar","v":"number"}," ไม่ใช่หมายเลขฉุกเฉิน"]},{"$i":"emergency-call-only","$v":"โทรฉุกเฉินเท่านั้น"},{"$i":"emergencyDialogBodyBadNumber","$v":"หากต้องการโทร โทรศัพท์จะต้องเชื่อมต่อกับเครือข่าย"},{"$i":"emergencyDialogBodyDeviceNotAccepted","$v":"การโทรฉุกเฉินไม่ได้รับอนุญาตโดยเครือข่าย"},{"$i":"emergencyDialogTitle","$v":"ไม่มีการเชื่อมต่อเครือข่าย"},{"$i":"fax-home","$v":"แฟกซ์บ้าน"},{"$i":"fax-office","$v":"แฟกซ์ที่ทำงาน"},{"$i":"fax-other","$v":"แฟกซ์อื่นๆ"},{"$i":"fdnIsActiveMessage","$v":["FDN (หมายเลขโทรออกที่กำหนด) เปิดใช้งานแล้ว และหมายเลขต่อไปนี้ไม่ได้อยู่ในรายการ FDN ของคุณ: ",{"t":"idOrVar","v":"number"}]},{"$i":"fdnIsActiveTitle","$v":"FDN ใช้งานอยู่"},{"$i":"gaia-shortcut-app-updated","$v":"อัปเดตแอปแล้ว"},{"$i":"grid-view","$v":"มุมมองตาราง"},{"$i":"home","$v":"หน้าหลัก"},{"$i":"homescreen-settings","$v":"การตั้งค่าหน้าจอเริ่มต้น"},{"$i":"invalidNumberToDialMessage","$v":"หมายเลขโทรศัพท์ที่คุณกำลังโทรไม่ถูกต้อง"},{"$i":"invalidNumberToDialTitle","$v":"หมายเลขโทรศัพท์ไม่ถูกต้อง"},{"$i":"list-view","$v":"ดูรายการ"},{"$i":"longDateFormat","$v":"%A, %B %e"},{"$i":"menu","$v":"เมนู"},{"$i":"message","$v":"ข้อความ"},{"$i":"mobile","$v":"มือถือ"},{"$i":"more","$v":"เพิ่มเติม"},{"$i":"move","$v":"ย้าย"},{"$i":"notifications","$v":"การแจ้งเตือน"},{"$i":"numberIsBusyMessage","$v":"หมายเลขนี้ไม่ว่าง กรุณาลองใหม่ในภายหลัง"},{"$i":"numberIsBusyTitle","$v":"หมายเลขไม่ว่าง"},{"$i":"ok","$v":"ตกลง"},{"$i":"option-remove","$v":"ลบออกจากการโทรด่วน"},{"$i":"option-replace","$v":"แทนที่"},{"$i":"options","$v":"ตัวเลือก"},{"$i":"otherConnectionInUseMessage","$v":"คุณมีการโทรที่กำลังใช้งานอยู่ในการเชื่อมต่ออื่น คุณสามารถเพิ่มการเชื่อมต่อได้ครั้งละหนึ่งรายการเท่านั้น"},{"$i":"otherConnectionInUseTitle","$v":"การเชื่อมต่ออื่นที่กำลังใช้งานอยู่"},{"$i":"personal","$v":"ส่วนบุคคล"},{"$i":"remove","$v":"ลบ"},{"$i":"remove-speed-dial","$v":["คุณแน่ใจว่าต้องการลบ ",{"t":"idOrVar","v":"name"}," ออกจากการโทรด่วน"]},{"$i":"replace","$v":"แทนที่"},{"$i":"replace-speed-dial","$v":["คุณแน่ใจหรือไม่ว่าต้องการแทนที่การโทรด่วน ",{"t":"idOrVar","v":"name"}," ด้วย ",{"t":"idOrVar","v":"subName"}]},{"$i":"resume-download-action","$v":"ดาวน์โหลด"},{"$i":"resume-download-body","$v":["คุณต้องการที่จะดาวน์โหลด ",{"t":"idOrVar","v":"name"}," หรือไม่"]},{"$i":"resume-download-title","$v":"เริ่มการดาวน์โหลดใหม่"},{"$i":"scCallBarring","$v":"การระงับการโทร"},{"$i":"scCallForwarding","$v":"การโอนสาย"},{"$i":"scCallWaiting","$v":"สายเรียกซ้อน"},{"$i":"scClip","$v":"ID สายเรียกเข้า"},{"$i":"scClir","$v":"ID สายโทรออก"},{"$i":"scPin","$v":"เปลี่ยน PIN"},{"$i":"scPin2","$v":"เปลี่ยน PIN2"},{"$i":"scPuk","$v":"เลิกบล็อก PIN"},{"$i":"scPuk2","$v":"เลิกบล็อก PIN2"},{"$i":"scPwd","$v":"เปลี่ยนรหัสผ่าน"},{"$i":"search-or-enter-address","placeholder":"ค้นหาหรือป้อนที่อยู่"},{"$i":"select","$v":"เลือก"},{"$i":"sending","$v":"กำลังส่ง…"},{"$i":"set","$v":"ตั้งค่า"},{"$i":"settings","$v":"การตั้งค่า"},{"$i":"single-view","$v":"มุมมองเดี่ยว"},{"$i":"skip","$v":"ข้าม"},{"$i":"speed-dial","$v":"โทรด่วน"},{"$i":"speed-dial-empty","ariaLabel":[{"t":"idOrVar","v":"Order"}," ว่าง"]},{"$i":"speed-dial-not-empty","ariaLabel":[{"t":"idOrVar","v":"order"},", ",{"t":"idOrVar","v":"name"}]},{"$i":"stop-download-action","$v":"หยุด"},{"$i":"stop-download-body","$v":"คุณต้องการยกเลิกการดาวน์โหลดที่กำลังดำเนินการอยู่หรือไม่"},{"$i":"stop-download-title","$v":["หยุด ",{"t":"idOrVar","v":"name"}]},{"$i":"tcl-wallpaper-changed","$v":"เปลี่ยนวอลเปเปอร์แล้ว"},{"$i":"video-call","$v":"การโทรผ่านวิดีโอ"},{"$i":"voicemail","$v":"ข้อความเสียง"},{"$i":"work","$v":"ที่ทำงาน"},{"$i":"apps","$v":"แอป"},{"$i":"nocard-eccOnly","$v":"No SIM card-Emergency calls only"},{"$i":"unusablecard-eccOnly","$v":"Unusable SIM card-Emergency calls only"},{"$i":"apn-sim1","$v":"การตั้งค่า APN - ซิม 1"},{"$i":"apn-sim2","$v":"การตั้งค่า APN - ซิม 2"},{"$i":"apnConfigPrepay","$v":"ชำระเงินล่วงหน้า"},{"$i":"apnConfigPostpay","$v":"ชำระเงินภายหลัง"},{"$i":"apn-defaultconfig-message","$v":"ตั้งค่าประเภท APN ที่จะแสดง"},{"$i":"apnDefaultConfig","$v":"การกำหนดค่าเริ่มต้น APN"},{"$i":"without-sim-new","$v":[{"t":"idOrVar","v":"index"}]},{"$i":"with-sim-new","$v":[{"t":"idOrVar","v":"index"}," - ",{"t":"idOrVar","v":"carrier"}]},{"$i":"sim-with-index-and-carrier","$v":["ซิม ",{"t":"idOrVar","v":"index"}," - ",{"t":"idOrVar","v":"carrier"}]},{"$i":"sim-without-carrier","$v":["ซิม ",{"t":"idOrVar","v":"index"}]},{"$i":"call-forwarding-voice-after-seconds","$v":["เสียง: ",{"t":"idOrVar","v":"voice"}," หลัง ",{"t":"idOrVar","v":"timeSeconds"}," วินาที"]},{"$i":"addNewNumber","$v":"เพิ่มหมายเลขใหม่"},{"$i":"addToExistingContact","$v":"เพิ่มไปยังรายชื่อที่มีอยู่"},{"$i":"all","$v":"ทั้งหมด","ariaLabel":"ทั้งหมด"},{"$i":"bluetooth-handsfree-device","$v":"อุปกรณ์บลูทูธไร้สาย"},{"$i":"bluetoothOption","ariaLabel":"บลูทูธ"},{"$i":"callDurationHours","$v":[{"t":"idOrVar","v":"h"},":",{"t":"idOrVar","v":"m"},":",{"t":"idOrVar","v":"s"}]},{"$i":"callDurationMinutes","$v":[{"t":"idOrVar","v":"m"},":",{"t":"idOrVar","v":"s"}]},{"$i":"callDurationTextFormatHours","$v":[{"t":"idOrVar","v":"h"}," ชั่วโมง ",{"t":"idOrVar","v":"m"}," นาที ",{"t":"idOrVar","v":"s"}," วินาที"]},{"$i":"callDurationTextFormatMinutes","$v":[{"t":"idOrVar","v":"m"}," นาที ",{"t":"idOrVar","v":"s"}," วินาที"]},{"$i":"callDurationTextFormatSeconds","$v":[{"t":"idOrVar","v":"s"}," วินาที"]},{"$i":"callEnded","$v":"การโทรสิ้นสุด"},{"$i":"callInformation","$v":"ข้อมูลการโทร"},{"$i":"callLog","$v":"บันทึกการโทร"},{"$i":"callLogEdit","title":"แก้ไขบันทึกการโทร"},{"$i":"callLogEditDialog","ariaLabel":"แก้ไขกล่องโต้ตอบบันทึกการโทร"},{"$i":"caller-left-call","$v":[{"t":"idOrVar","v":"caller"}," ออกจากการโทรแล้ว"]},{"$i":"calllog-all","$v":"ทั้งหมด"},{"$i":"calllog-deselectAll","$v":"ยกเลิกการเลือกทั้งหมด"},{"$i":"calllog-none","$v":"ไม่มี"},{"$i":"calllog-selectAll","$v":"เลือกทั้งหมด"},{"$i":"canceled","$v":"ยกเลิก"},{"$i":"clear-all-text","$v":"ล้างข้อความทั้งหมด"},{"$i":"close","$v":"ปิด"},{"$i":"composeEmail","ariaLabel":"อีเมล"},{"$i":"conferenceAddError","$v":"ไม่สามารถรวมสายได้"},{"$i":"conferenceCall","$v":["ประชุมสาย (",{"t":"idOrVar","v":"n"},")"]},{"$i":"conferenceRemoveError","$v":"ไม่สามารถยกเลิกการรวมสายได้"},{"$i":"confirm-deletion","$v":"ล้างการโทรที่เลือกหรือไม่"},{"$i":"connecting","$v":"กำลังเชื่อมต่อ"},{"$i":"connectingEllipsis","$v":"กำลังเชื่อมต่อ…"},{"$i":"contactDetails","$v":"รายละเอียดรายชื่อ"},{"$i":"createNewContact","$v":"สร้างรายชื่อใหม่"},{"$i":"delete-n-log?","$v":{"few":["ลบบันทึก ",{"t":"idOrVar","v":"n"}," รายการหรือไม่"],"many":["ลบบันทึก ",{"t":"idOrVar","v":"n"}," รายการหรือไม่"],"one":"ลบบันทึกที่เลือกหรือไม่","other":["ลบบันทึก ",{"t":"idOrVar","v":"n"}," รายการหรือไม่"],"two":["ลบบันทึก ",{"t":"idOrVar","v":"n"}," รายการหรือไม่"],"zero":"ไม่ได้เลือก"},"$x":[{"t":"idOrVar","v":"plural"},"n"]},{"$i":"deselect","$v":"ยกเลิกการเลือก"},{"$i":"dialed","$v":"ต่อหมายเลขแล้ว"},{"$i":"dialer-prompt","$v":"ต่อหมายเลขหรือเลือกบัญชีเพื่อเพิ่มไปยังการโทร"},{"$i":"dialerAddContact","ariaLabel":"เพิ่มรายชื่อ"},{"$i":"dialerAddContactDialog","ariaLabel":"เพิ่มกล่องโต้ตอบรายชื่อ"},{"$i":"edit-selected","$v":{"few":["เลือกแล้ว (",{"t":"idOrVar","v":"n"},") รายการ"],"many":["เลือกแล้ว (",{"t":"idOrVar","v":"n"},") รายการ"],"one":["เลือกแล้ว (",{"t":"idOrVar","v":"n"},") รายการ"],"other":["เลือกแล้ว (",{"t":"idOrVar","v":"n"},") รายการ"],"two":["เลือกแล้ว (",{"t":"idOrVar","v":"n"},") รายการ"]},"$x":[{"t":"idOrVar","v":"plural"},"n"]},{"$i":"emailDetail","ariaLabel":"อีเมล"},{"$i":"from-contact","$v":["จาก ",{"t":"idOrVar","v":"contact"}]},{"$i":"from-number","$v":["จาก ",{"t":"idOrVar","v":"number"}]},{"$i":"from-withheld-number","$v":"จากหมายเลขที่ไม่รู้จัก"},{"$i":"hangup-a11y-button","ariaLabel":"วางสาย"},{"$i":"hide","$v":"ซ่อน"},{"$i":"hideKeypad","ariaLabel":"ซ่อนแป้นกด"},{"$i":"hold","ariaLabel":"พักสาย"},{"$i":"hours","$v":"ชั่วโมง"},{"$i":"ignore","$v":"เพิกเฉยสายเรียกเข้า"},{"$i":"incoming","$v":"ขาเข้า"},{"$i":"incoming-call","$v":"สายเรียกเข้า"},{"$i":"info-missed","$v":"ไม่ได้รับ"},{"$i":"keypad","ariaLabel":"แป้นกด"},{"$i":"log-item","$v":"ตัวเลือก"},{"$i":"makeCall","ariaLabel":"โทรออก"},{"$i":"merge","ariaLabel":"ผสาน"},{"$i":"minutes","$v":"นาที"},{"$i":"missed","$v":"ไม่ได้รับ","ariaLabel":"ไม่ได้รับ"},{"$i":"missedCall","$v":"สายที่ไม่ได้รับ"},{"$i":"missedCallMultiSims","$v":["(ซิม ",{"t":"idOrVar","v":"n"}," รายการ) สายที่ไม่ได้รับ"]},{"$i":"mmi-error","$v":"เกิดข้อผิดพลาดขึ้นขณะส่งข้อความ"},{"$i":"mmi-notification-title-with-sim","$v":["(",{"t":"idOrVar","v":"sim"},") ",{"t":"idOrVar","v":"title"}]},{"$i":"mmi-session-expired","$v":"เซสชันหมดอายุ"},{"$i":"mmi-successfully-sent","$v":"ส่งข้อความเรียบร้อยแล้ว"},{"$i":"mute","ariaLabel":"ปิดเสียง"},{"$i":"newCall","ariaLabel":"การโทรใหม่"},{"$i":"no-logs-msg-1","$v":"ไม่ได้บันทึกการโทร"},{"$i":"no-logs-msg-2","$v":"เริ่มการสื่อสารตอนนี้"},{"$i":"no-logs-msg-3","$v":"ไม่ได้บันทึกการโทร"},{"$i":"no-logs-msg-4","$v":"เริ่มการสื่อสารตอนนี้"},{"$i":"no-recent-numbers","$v":"ไม่มีหมายเลขล่าสุดในบันทึกการโทรเพื่อโทรออก"},{"$i":"onHoldOption","ariaLabel":"พักสาย"},{"$i":"outgoing","$v":"ขาออก"},{"$i":"outgoing-call","$v":"สายโทรออก"},{"$i":"phoneDetail","ariaLabel":"โทรศัพท์"},{"$i":"pickup-a11y-button","ariaLabel":"รับสาย"},{"$i":"received","$v":"ได้รับแล้ว"},{"$i":"receiver","$v":"ผู้รับ"},{"$i":"recents","ariaLabel":"สายล่าสุด"},{"$i":"reply","$v":"ตอบกลับ"},{"$i":"resume","$v":"ดำเนินการต่อ","ariaLabel":"ดำเนินการต่อ"},{"$i":"search-results","$v":"ผลลัพธ์การค้นหา"},{"$i":"seconds","$v":"วินาที"},{"$i":"select-audio-sources","$v":"เลือกแหล่งเสียง"},{"$i":"send","$v":"ส่ง"},{"$i":"send-sms-button","ariaLabel":"SMS"},{"$i":"sendSms","$v":"ส่งข้อความ"},{"$i":"separator","$v":","},{"$i":"sim-number","$v":["ซิม ",{"t":"idOrVar","v":"n"}]},{"$i":"speaker","$v":"ลำโพง"},{"$i":"speakerOption","ariaLabel":"ลำโพง"},{"$i":"suggestionMatches","$v":{"few":["ตรงกัน ",{"t":"idOrVar","v":"n"}," รายการสำหรับ \"",{"t":"idOrVar","v":"matchNumber"}],"many":["ตรงกัน ",{"t":"idOrVar","v":"n"}," รายการสำหรับ \"",{"t":"idOrVar","v":"matchNumber"}],"one":["ตรงกัน ",{"t":"idOrVar","v":"n"}," รายการสำหรับ \"",{"t":"idOrVar","v":"matchNumber"}],"other":["ตรงกัน ",{"t":"idOrVar","v":"n"}," รายการสำหรับ \"",{"t":"idOrVar","v":"matchNumber"}],"two":["ตรงกัน ",{"t":"idOrVar","v":"n"}," รายการสำหรับ \"",{"t":"idOrVar","v":"matchNumber"}]},"$x":[{"t":"idOrVar","v":"plural"},"n"]},{"$i":"switch-calls","$v":"สลับการโทร"},{"$i":"tcl-assign","$v":"มอบหมาย"},{"$i":"tcl-assign-speed-dial","$v":{"$o":["เพิ่มรายชื่อไปยังการโทรด่วนด้วยปุ่ม  \"",{"t":"idOrVar","v":"speedDial"},"”<br><br> มอบหมายตอนนี้หรือไม่"]}},{"$i":"tcl-call-log-delete-group-notification","$v":["ลบ ",{"t":"idOrVar","v":"n"}," รายการข้อมูลแล้ว"]},{"$i":"tcl-calllog-entry-removed-err-notification","$v":"ไม่สามารถลบรายการข้อมูลในบันทึกการโทร"},{"$i":"tcl-calllog-entry-removed-succ-notification","$v":"ลบรายการข้อมูลในบันทึกการโทรแล้ว"},{"$i":"tcl-cancel","$v":"ยกเลิก"},{"$i":"tcl-confirmation","$v":"การยืนยัน"},{"$i":"tcl-delete-log","$v":"คุณแน่ใจหรือไม่ว่าต้องการลบรายการข้อมูลที่เลือกออกจากบันทึกการโทร"},{"$i":"tcl-dialer","$v":"แป้นโทรออก"},{"$i":"tcl-edit-not-selected","$v":"เลือกแล้ว (0)"},{"$i":"tcl-option-menu-call-log-edit","$v":"แก้ไขบันทึกการโทร"},{"$i":"today","$v":"วันนี้"},{"$i":"toggleKeypad","ariaLabel":"สลับแป้นกด"},{"$i":"type-your-response","placeholder":"พิมพ์การตอบกลับของคุณ..."},{"$i":"unknown","$v":"ไม่ทราบ"},{"$i":"unlock-a11y-button","ariaLabel":"ตัวเลื่อน"},{"$i":"ussd-services","$v":["บริการ ",{"t":"idOrVar","v":"operator"}]},{"$i":"via-sim","$v":["ผ่านซิม ",{"t":"idOrVar","v":"n"}]},{"$i":"view-all","$v":"ดูทั้งหมด"},{"$i":"wifi-calling","$v":"การโทรด้วย Wi-Fi"},{"$i":"withheld-number","$v":"ไม่ทราบ"},{"$i":"yesterday","$v":"เมื่อวานนี้"},{"$i":"SimPin2","$v":"PIN2 ของซิม"},{"$i":"SimPuk2","$v":"PUK2 ของซิม"},{"$i":"serviceClassFax","$v":"แฟกซ์"},{"$i":"serviceClassPad","$v":"PAD"},{"$i":"serviceClassSms","$v":"SMS"},{"$i":"DialModifiedToDial","$v":"แก้ไขการโทรออกเป็นการโทรออกแล้ว"},{"$i":"DialModifiedToSs","$v":"แก้ไขการโทรออกเป็น SS แล้ว"},{"$i":"DialModifiedToUssd","$v":"แก้ไขการโทรออกเป็น USSD แล้ว"},{"$i":"FdnCheckFailure","$v":"การตรวจสอบ FDN ล้มเหลว"},{"$i":"IllegalSimOrMe","$v":"ซิมหรือ ME ไม่ถูกต้อง"},{"$i":"InvalidParameter","$v":"พารามิเตอร์ไม่ถูกต้อง"},{"$i":"ModeNotSupported","$v":"ไม่รองรับโหมด"},{"$i":"OpNotAllowedDuringVoiceCall","$v":"ไม่อนุญาตการดำเนินการระหว่างการโทรด้วยเสียง"},{"$i":"PasswordIncorrect","$v":"รหัสผ่านไม่ถูกต้อง"},{"$i":"RadioNotAvailable","$v":"วิทยุไม่สามารถใช้งานได้"},{"$i":"RejectedByRemote","$v":"ถูกปฏิเสธโดยรีโมท"},{"$i":"RequestNotSupported","$v":"ไม่รองรับคำขอ"},{"$i":"ServiceIsDisabled","$v":"ปิดใช้งานบริการแล้ว"},{"$i":"ServiceIsEnabled","$v":"เปิดใช้งานบริการแล้ว"},{"$i":"ServiceIsEnabledFor","$v":"เปิดใช้งานบริการสำหรับ:"},{"$i":"SimAbsent","$v":"ไม่มีซิม"},{"$i":"SmsSendFailRetry","$v":"การส่ง SMS ล้มเหลว ลองใหม่อีกครั้ง"},{"$i":"SsModifiedToDial","$v":"แก้ไข SS เป็นการโทรออกแล้ว"},{"$i":"SsModifiedToSs","$v":"แก้ไข SS เป็น SS แล้ว"},{"$i":"SsModifiedToUssd","$v":"แก้ไข SS เป็น USSD แล้ว"},{"$i":"SubscriptionNotAvailable","$v":"ไม่สามารถสมัครใช้งานได้"},{"$i":"SubscriptionNotSupported","$v":"ไม่รองรับการสมัครใช้งาน"},{"$i":"UssdModifiedToDial","$v":"แก้ไข USSD เป็นการโทรออกแล้ว"},{"$i":"UssdModifiedToSs","$v":"แก้ไข USSD เป็น SS แล้ว"},{"$i":"UssdModifiedToUssd","$v":"แก้ไข USSD เป็น USSD แล้ว"},{"$i":"call-forwarding-async","$v":["เลิกซิงค์: ",{"t":"idOrVar","v":"async"}]},{"$i":"call-forwarding-data","$v":["ข้อมูล ",{"t":"idOrVar","v":"data"}]},{"$i":"call-forwarding-error","$v":"เกิดข้อผิดพลาดขึ้นขณะกำลังดึงข้อมูลสถานะการโอนสาย"},{"$i":"call-forwarding-fax","$v":["แฟกซ์: ",{"t":"idOrVar","v":"fax"}]},{"$i":"call-forwarding-inactive","$v":"ไม่ได้ใช้งาน"},{"$i":"call-forwarding-packet","$v":"Packet: แพ็คเกต:"},{"$i":"call-forwarding-pad","$v":["PAD: ",{"t":"idOrVar","v":"pad"}]},{"$i":"call-forwarding-sms","$v":["SMS: ",{"t":"idOrVar","v":"sms"}]},{"$i":"call-forwarding-status","$v":"สถานะการโอนสาย"},{"$i":"call-forwarding-sync","$v":["ซิงค์: ",{"t":"idOrVar","v":"sync"}]},{"$i":"call-forwarding-voice","$v":["การโทรด้วยเสียง: ",{"t":"idOrVar","v":"voice"}]},{"$i":"emMmiError","$v":"ปัญหาการเชื่อมต่อหรือรหัส MMI ไม่ถูกต้อง"},{"$i":"emMmiErrorBadPin","$v":"PIN เก่าที่คุณพิมพ์ไม่ถูกต้อง"},{"$i":"emMmiErrorBadPuk","$v":"PUK ที่คุณพิมไม่ถูกต้อง"},{"$i":"emMmiErrorEnablePin","$v":"ไม่สำเร็จ เปิดใช้งานการล็อก ซิม/RUIM"},{"$i":"emMmiErrorInvalidAction","$v":"การดำเนินการไม่ถูกต้อง"},{"$i":"emMmiErrorInvalidPin","$v":"พิมพ์ PIN ซึ่งเป็นเลข 4 ถึง 8 หลัก"},{"$i":"emMmiErrorInvalidScCode","$v":"รหัสบริการไม่ถูกต้อง"},{"$i":"emMmiErrorMismatchPin","$v":"PIN ที่คุณพิมพ์ไม่ตรงกัน"},{"$i":"emMmiErrorMmiFdn","$v":"การดำเนินการถูกจำกัดไว้ที่หมายเลขโทรออกที่กำหนดเท่านั้น"},{"$i":"emMmiErrorNeedPuk2","$v":"พิมพ์ PUK2 เพื่อปลดล็อกซิมการ์ด"},{"$i":"emMmiErrorNeedsPuk","$v":"ซิมการ์ดถูกล็อกด้วย PUK"},{"$i":"emMmiErrorNotSupported","$v":"รหัส MMI ไม่ถูกต้องหรือไม่รองรับ"},{"$i":"emMmiErrorPasswordIncorrect","$v":"รหัสผ่านไม่ถูกต้อง"},{"$i":"emMmiErrorPinPukAttempts","$v":{"few":["การดำเนินการที่เหลือ ",{"t":"idOrVar","v":"n"}," ครั้ง"],"many":["การดำเนินการที่เหลือ ",{"t":"idOrVar","v":"n"}," ครั้ง"],"one":["การดำเนินการที่เหลือ ",{"t":"idOrVar","v":"n"}," ครั้งเท่านั้น"],"other":["การดำเนินการที่เหลือ ",{"t":"idOrVar","v":"n"}," ครั้ง"],"two":["การดำเนินการที่เหลือ ",{"t":"idOrVar","v":"n"}," ครั้ง"]},"$x":[{"t":"idOrVar","v":"plural"},"n"]},{"$i":"emMmiErrorSimBlocked","$v":"จำนวนครั้งการดำเนินการเกินกำหนด ซิมถูกบล็อก"},{"$i":"emMmiErrorStkCcSsDial","$v":"แก้ไขคำขอ SS เป็นคำขอ DIAL แล้ว"},{"$i":"emMmiErrorStkCcSsSs","$v":"แก้ไขคำขอ SS เป็นคำขอ SS ใหม่แล้ว"},{"$i":"emMmiErrorStkCcSsUssd","$v":"แก้ไขคำขอ SS เป็นคำขอ USSD แล้ว"},{"$i":"emMmiErrorStkCcUssdDial","$v":"แก้ไขคำขอ USSD เป็นคำขอ DIAL แล้ว"},{"$i":"emMmiErrorStkCcUssdSs","$v":"แก้ไขคำขอ USSD เป็นคำขอ SS แล้ว"},{"$i":"emMmiErrorStkCcUssdUssd","$v":"แก้ไขคำขอ USSD เป็นคำขอ USSD ใหม่แล้ว"},{"$i":"fihVersion","$v":"เวอร์ชั่น FIH"},{"$i":"imeiAndSvn","$v":"IMEI และ SVN"},{"$i":"internalVersion","$v":"เวอร์ชั่นภายใน"},{"$i":"serviceClassData","$v":"ข้อมูล"},{"$i":"serviceClassDataAsync","$v":"ยกเลิกการซิงค์"},{"$i":"serviceClassDataSync","$v":"ซิงค์"},{"$i":"serviceClassPacket","$v":"แพ็คเกต"},{"$i":"serviceClassVoice","$v":"การโทรด้วยเสียง"},{"$i":"smClirDefaultOffNextCallOff","$v":"หมายเลขผู้โทรตั้งค่าเริ่มต้นเป็นไม่จำกัด การโทรครั้งต่อไป ไม่จำกัด"},{"$i":"smClirDefaultOffNextCallOn","$v":"หมายเลขผู้โทรตั้งค่าเริ่มต้นเป็นไม่จำกัด การโทรครั้งต่อไป จำกัด"},{"$i":"smClirDefaultOnNextCallOff","$v":"หมายเลขผู้โทรตั้งค่าเริ่มต้นเป็นจำกัด การโทรครั้งต่อไป ไม่จำกัด"},{"$i":"smClirDefaultOnNextCallOn","$v":"หมายเลขผู้โทรตั้งค่าเริ่มต้นเป็นจำกัด การโทรครั้งต่อไป จำกัด"},{"$i":"smClirPermanent","$v":"คุณไม่สามารถเปลี่ยนการตั้งค่าหมายเลขผู้โทร"},{"$i":"smPin2Changed","$v":"เปลี่ยน PIN2 สำเร็จ"},{"$i":"smPin2Unblocked","$v":"เลิกบล็อก PIN2 สำเร็จ"},{"$i":"smPinChanged","$v":"เปลี่ยน PIN สำเร็จ"},{"$i":"smPinUnblocked","$v":"เลิกบล็อก PIN สำเร็จ"},{"$i":"smServiceDisabled","$v":"ปิดใช้งานบริการแล้ว"},{"$i":"smServiceEnabled","$v":"เปิดใช้งานบริการแล้ว"},{"$i":"smServiceEnabledFor","$v":"เปิดใช้งานบริการสำหรับ:"},{"$i":"smServiceErased","$v":"การลบสำเร็จ"},{"$i":"smServiceInterrogated","$v":"การขอสำเร็จ"},{"$i":"smServiceNotProvisioned","$v":"ไม่ได้กำหนดการบริการ"},{"$i":"smServiceRegistered","$v":"การลงทะเบียนสำเร็จ"},{"$i":"another","$v":"อื่นๆ"},{"$i":"current","$v":"ปัจจุบัน"},{"$i":"customTag","$v":"แท็กกำหนดเอง","placeholder":"แท็กกำหนดเอง"},{"$i":"faxHome","$v":"แฟกซ์บ้าน"},{"$i":"faxOffice","$v":"แฟกซ์ที่ทำงาน"},{"$i":"faxOther","$v":"แฟกซ์อื่นๆ"},{"$i":"itemWithLabel","$v":[{"t":"idOrVar","v":"label"},", ",{"t":"idOrVar","v":"item"}]},{"$i":"label","$v":"ฉลาก"},{"$i":"other","$v":"อื่น ๆ"},{"$i":"tcl-customTag","$v":"แท็กกำหนดเอง"},{"$i":"dateTimeFormat_%c","$v":"%a %b %e %Y %I:%M:%S %p"},{"$i":"dateTimeFormat_%x","$v":"%m/%d/%Y"},{"$i":"days-ago-long","$v":{"few":[{"t":"idOrVar","v":"value"}," วันที่แล้ว"],"many":[{"t":"idOrVar","v":"value"}," วันที่แล้ว"],"one":"เมื่อวานนี้","other":[{"t":"idOrVar","v":"value"}," วันที่แล้ว"],"two":[{"t":"idOrVar","v":"value"}," วันที่แล้ว"],"zero":"วันนี้"},"$x":[{"t":"idOrVar","v":"plural"},"value"]},{"$i":"days-ago-short","$v":{"other":[{"t":"idOrVar","v":"value"}," วันที่แล้ว"],"zero":"วันนี้"},"$x":[{"t":"idOrVar","v":"plural"},"value"]},{"$i":"days-until-long","$v":{"few":["ใน ",{"t":"idOrVar","v":"value"}," วัน"],"many":["ใน ",{"t":"idOrVar","v":"value"}," วัน"],"one":"พรุ่งนี้","other":["ใน ",{"t":"idOrVar","v":"value"}," วัน"],"two":["ใน ",{"t":"idOrVar","v":"value"}," วัน"],"zero":"วันนี้"},"$x":[{"t":"idOrVar","v":"plural"},"value"]},{"$i":"days-until-short","$v":{"other":["ใน ",{"t":"idOrVar","v":"value"}," วัน"],"zero":"วันนี้"},"$x":[{"t":"idOrVar","v":"plural"},"value"]},{"$i":"hours-ago-long","$v":{"few":[{"t":"idOrVar","v":"value"}," ชั่วโมงที่แล้ว"],"many":[{"t":"idOrVar","v":"value"}," ชั่วโมงที่แล้ว"],"one":"ชั่วโมงที่แล้ว","other":[{"t":"idOrVar","v":"value"}," ชั่วโมงที่แล้ว"],"two":[{"t":"idOrVar","v":"value"}," ชั่วโมงที่แล้ว"],"zero":"เมื่อสักครู่"},"$x":[{"t":"idOrVar","v":"plural"},"value"]},{"$i":"hours-ago-short","$v":{"other":[{"t":"idOrVar","v":"value"}," ชั่วโมงที่แล้ว"],"zero":"เมื่อสักครู่"},"$x":[{"t":"idOrVar","v":"plural"},"value"]},{"$i":"hours-until-long","$v":{"few":["ใน ",{"t":"idOrVar","v":"value"}," ชั่วโมง"],"many":["ใน ",{"t":"idOrVar","v":"value"}," ชั่วโมง"],"one":"ใน 1 ชั่วโมง","other":["ใน ",{"t":"idOrVar","v":"value"}," ชั่วโมง"],"two":["ใน ",{"t":"idOrVar","v":"value"}," ชั่วโมง"],"zero":"ตอนนี้"},"$x":[{"t":"idOrVar","v":"plural"},"value"]},{"$i":"hours-until-short","$v":{"other":["ใน ",{"t":"idOrVar","v":"value"}," ชั่วโมง"],"zero":"ตอนนี้"},"$x":[{"t":"idOrVar","v":"plural"},"value"]},{"$i":"incorrectDate","$v":"(วันที่ไม่ถูกต้อง)"},{"$i":"minutes-ago-long","$v":{"few":[{"t":"idOrVar","v":"value"}," นาทีที่แล้ว"],"many":[{"t":"idOrVar","v":"value"}," นาทีที่แล้ว"],"one":"1 นาทีที่แล้ว","other":[{"t":"idOrVar","v":"value"}," นาทีที่แล้ว"],"two":[{"t":"idOrVar","v":"value"}," นาทีที่แล้ว"],"zero":"เมื่อสักครู่"},"$x":[{"t":"idOrVar","v":"plural"},"value"]},{"$i":"minutes-ago-short","$v":{"other":[{"t":"idOrVar","v":"value"}," นาทีที่แล้ว"],"zero":"เมื่อสักครู่"},"$x":[{"t":"idOrVar","v":"plural"},"value"]},{"$i":"minutes-until-long","$v":{"few":["ใน ",{"t":"idOrVar","v":"value"}," นาที"],"many":["ใน ",{"t":"idOrVar","v":"value"}," นาที"],"one":"ใน 1 นาที","other":["ใน ",{"t":"idOrVar","v":"value"}," นาที"],"two":["ใน ",{"t":"idOrVar","v":"value"}," นาที"],"zero":"ตอนนี้"},"$x":[{"t":"idOrVar","v":"plural"},"value"]},{"$i":"minutes-until-short","$v":{"other":["ใน ",{"t":"idOrVar","v":"value"}," นาที"],"zero":"ตอนนี้"},"$x":[{"t":"idOrVar","v":"plural"},"value"]},{"$i":"month-0-genitive","$v":"มกราคม"},{"$i":"month-0-long","$v":"มกราคม"},{"$i":"month-0-short","$v":"ม.ค."},{"$i":"month-1-genitive","$v":"กุมภาพันธ์"},{"$i":"month-1-long","$v":"กุมภาพันธ์"},{"$i":"month-1-short","$v":"ก.พ."},{"$i":"month-10-genitive","$v":"พฤศจิกายน"},{"$i":"month-10-long","$v":"พฤศจิกายน"},{"$i":"month-10-short","$v":"พ.ย."},{"$i":"month-11-genitive","$v":"ธันวาคม"},{"$i":"month-11-long","$v":"ธันวาคม"},{"$i":"month-11-short","$v":"ธ.ค."},{"$i":"month-2-genitive","$v":"มีนาคม"},{"$i":"month-2-long","$v":"มีนาคม"},{"$i":"month-2-short","$v":"มี.ค."},{"$i":"month-3-genitive","$v":"เมษายน"},{"$i":"month-3-long","$v":"เมษายน"},{"$i":"month-3-short","$v":"เม.ย."},{"$i":"month-4-genitive","$v":"พฤษภาคม"},{"$i":"month-4-long","$v":"พฤษภาคม"},{"$i":"month-4-short","$v":"พ.ค."},{"$i":"month-5-genitive","$v":"มิถุนายน"},{"$i":"month-5-long","$v":"มิถุนายน"},{"$i":"month-5-short","$v":"มิ.ย."},{"$i":"month-6-genitive","$v":"กรกฎาคม"},{"$i":"month-6-long","$v":"กรกฎาคม"},{"$i":"month-6-short","$v":"ก.ค."},{"$i":"month-7-genitive","$v":"สิงหาคม"},{"$i":"month-7-long","$v":"สิงหาคม"},{"$i":"month-7-short","$v":"ส.ค."},{"$i":"month-8-genitive","$v":"กันยายน"},{"$i":"month-8-long","$v":"กันยายน"},{"$i":"month-8-short","$v":"ก.ย."},{"$i":"month-9-genitive","$v":"ตุลาคม"},{"$i":"month-9-long","$v":"ตุลาคม"},{"$i":"month-9-short","$v":"ต.ค."},{"$i":"months-ago-long","$v":{"few":[{"t":"idOrVar","v":"value"}," เดือนที่แล้ว"],"many":[{"t":"idOrVar","v":"value"}," เดือนที่แล้ว"],"one":"เดือนที่แล้ว","other":[{"t":"idOrVar","v":"value"}," เดือนที่แล้ว"],"two":[{"t":"idOrVar","v":"value"}," เดือนที่แล้ว"],"zero":"เดือนนี้"},"$x":[{"t":"idOrVar","v":"plural"},"value"]},{"$i":"months-until-long","$v":{"few":["ใน ",{"t":"idOrVar","v":"value"}," เดือน"],"many":["ใน ",{"t":"idOrVar","v":"value"}," เดือน"],"one":"เดือนถัดไป","other":["ใน ",{"t":"idOrVar","v":"value"}," เดือน"],"two":["ใน ",{"t":"idOrVar","v":"value"}," เดือน"],"zero":"เดือนนี้"},"$x":[{"t":"idOrVar","v":"plural"},"value"]},{"$i":"shortDateTimeFormat","$v":"%x %I:%M %p"},{"$i":"shortTimeFormat","$v":"%I:%M %p"},{"$i":"shortTimeFormat12","$v":"%I:%M %p"},{"$i":"shortTimeFormat24","$v":"%H:%M"},{"$i":"time_am","$v":"AM"},{"$i":"time_pm","$v":"PM"},{"$i":"weekday-0-long","$v":"อาทิตย์"},{"$i":"weekday-0-short","$v":"อาทิตย์"},{"$i":"weekday-1-long","$v":"จันทร์"},{"$i":"weekday-1-short","$v":"จันทร์"},{"$i":"weekday-2-long","$v":"อังคาร"},{"$i":"weekday-2-short","$v":"อังคาร"},{"$i":"weekday-3-long","$v":"พุธ"},{"$i":"weekday-3-short","$v":"พุธ"},{"$i":"weekday-4-long","$v":"พฤหัสบดี"},{"$i":"weekday-4-short","$v":"พฤหัสบดี"},{"$i":"weekday-5-long","$v":"ศุกร์"},{"$i":"weekday-5-short","$v":"ศุกร์"},{"$i":"weekday-6-long","$v":"เสาร์"},{"$i":"weekday-6-short","$v":"เสาร์"},{"$i":"weeks-ago-long","$v":{"few":[{"t":"idOrVar","v":"value"}," สัปดาห์ที่แล้ว"],"many":[{"t":"idOrVar","v":"value"}," สัปดาห์ที่แล้ว"],"one":"สัปดาห์ที่แล้ว","other":[{"t":"idOrVar","v":"value"}," สัปดาห์ที่แล้ว"],"two":[{"t":"idOrVar","v":"value"}," สัปดาห์ที่แล้ว"],"zero":"สัปดาห์นี้"},"$x":[{"t":"idOrVar","v":"plural"},"value"]},{"$i":"weeks-until-long","$v":{"few":["ใน ",{"t":"idOrVar","v":"value"}," สัปดาห์"],"many":["ใน ",{"t":"idOrVar","v":"value"}," สัปดาห์"],"one":"สัปดาห์ถัดไป","other":["ใน ",{"t":"idOrVar","v":"value"}," สัปดาห์"],"two":["ใน ",{"t":"idOrVar","v":"value"}," สัปดาห์"],"zero":"สัปดาห์นี้"},"$x":[{"t":"idOrVar","v":"plural"},"value"]},{"$i":"years-ago-long","$v":{"few":[{"t":"idOrVar","v":"value"}," ปีที่แล้ว"],"many":[{"t":"idOrVar","v":"value"}," ปีที่แล้ว"],"one":"ปีที่แล้ว","other":[{"t":"idOrVar","v":"value"}," ปีที่แล้ว"],"two":[{"t":"idOrVar","v":"value"}," ปีที่แล้ว"],"zero":"ปีนี้"},"$x":[{"t":"idOrVar","v":"plural"},"value"]},{"$i":"years-until-long","$v":{"few":["ใน ",{"t":"idOrVar","v":"value"}," ปี"],"many":["ใน ",{"t":"idOrVar","v":"value"}," ปี"],"one":"ปีถัดไป","other":["ใน ",{"t":"idOrVar","v":"value"}," ปี"],"two":["ใน ",{"t":"idOrVar","v":"value"}," ปี"],"zero":"ปีนี้"},"$x":[{"t":"idOrVar","v":"plural"},"value"]},{"$i":"dateTimeFormat_%X","$v":"%I:%M:%S %p"},{"$i":"weekStartsOnMonday","$v":"0"},{"$i":"firstDayOfTheWeek","$v":"1"}]