[{"$i":"clockDateFormat","$v":"%a, %e %b"},{"$i":"deviceIsUnlocked","$v":"Cihazın kilidi açıldı"},{"$i":"simUnlockCodeAccepted","$v":"SIM kilidi açma kodu kabul edildi"},{"$i":"simUnlockCodeFailed","$v":"SIM kilidi açma başarısız"},{"$i":"eccOnly","$v":"Sadece acil aramalar"},{"$i":"emergencyCallsOnly","$v":"Yalnızca acil çağrı"},{"$i":"lockedSim","$v":"Kilitli SIM"},{"$i":"noService","$v":"Servis Yok"},{"$i":"noSimCard","$v":"SIM kart yok"},{"$i":"searching","$v":"Aranıyor..."},{"$i":"airplane-mode","$v":"Uçak modu"},{"$i":"bluetooth","$v":"Bluetooth"},{"$i":"brightness","$v":"Parlaklık"},{"$i":"calculator","$v":"Hesap Makinesi"},{"$i":"camera","$v":"Kamera"},{"$i":"cellular-data","$v":"Hücresel Veri"},{"$i":"confirm-to-uninstall-app","$v":[{"t":"idOrVar","v":"appName"}," uygulaması kaldırılsın mı?"]},{"$i":"flashlight","$v":"Fener"},{"$i":"instant-settings","$v":"anlık ayarlar"},{"$i":"off","$v":"Kapalı"},{"$i":"on","$v":"Açık"},{"$i":"shortcuts","$v":"Kısayollar"},{"$i":"uninstall","$v":"Kaldır"},{"$i":"volume","$v":"Ses düzeyi"},{"$i":"wifi","$v":"Wi-Fi"},{"$i":"percentage-number","$v":["%",{"t":"idOrVar","v":"number"}]},{"$i":"all-apps","$v":"Tüm uygulamalar"},{"$i":"scImei","$v":"IMEI"},{"$i":"scMeid","$v":"MEID"},{"$i":"scUssd","$v":"USSD"},{"$i":"CallFailed","$v":"Çağrı başarısız"},{"$i":"GenericFailure","$v":"Genel hata"},{"$i":"add-smart-collections","$v":"Akıllı Koleksiyon ekle"},{"$i":"add-to-existing-contact","$v":"Mevcut kişiye ekle"},{"$i":"alert-for-contacts-without-number","$v":"Telefon numarası olan kişi yok."},{"$i":"app-title","$v":"Uygulamalarım"},{"$i":"app-uninstall","$v":[{"t":"idOrVar","v":"name"}," kaldırıldı"]},{"$i":"assign","$v":"Ata"},{"$i":"assign-speed-dial","$v":["Kişi ",{"t":"idOrVar","v":"n"}," düğmesine Hızlı Arama olarak eklenmemiş. Şimdi atansın mı?"]},{"$i":"assign-voicemail","$v":"Sesli Mesaj numarası ayarlanmadı."},{"$i":"call","$v":"Ara"},{"$i":"callAirplaneModeMessage","$v":"Çağrı yapabilmek için Ayarlar'da uçak modunu kapatmalısınız."},{"$i":"callAirplaneModeTitle","$v":"Uçak modu etkin"},{"$i":"cancel","$v":"İptal"},{"$i":"change-wallpaper","$v":"Duvar Kağıdını değiştir"},{"$i":"clocks-updated","$v":"Saatler güncellendi"},{"$i":"confirmation","$v":"Onay"},{"$i":"contacts","$v":"Kişiler"},{"$i":"create-new-contact","$v":"Yeni kişi oluştur"},{"$i":"delete","$v":"Sil"},{"$i":"delete-body","$v":[{"t":"idOrVar","v":"name"}," ve tüm verileri silinecek."]},{"$i":"delete-title","$v":[{"t":"idOrVar","v":"name"}," adlı kişiyi sil"]},{"$i":"edit","$v":"Düzenle"},{"$i":"edit-done","$v":"Bitti"},{"$i":"edit-group-header","$v":"Grubu düzenle"},{"$i":"edit-mode","$v":"Düzenle"},{"$i":"emergency-call-error","$v":[{"t":"idOrVar","v":"number"}," bir acil durum numarası değil."]},{"$i":"emergency-call-only","$v":"Yalnızca Acil Çağrı"},{"$i":"emergencyDialogBodyBadNumber","$v":"Çağrı yapmak için telefon bir şebekeye bağlı olmalıdır."},{"$i":"emergencyDialogBodyDeviceNotAccepted","$v":"Acil çağrılara şebeke tarafından izin verilmemektedir."},{"$i":"emergencyDialogTitle","$v":"Şebeke bağlantısı yok"},{"$i":"fax-home","$v":"Eve faks gönder"},{"$i":"fax-office","$v":"Ofise faks gönder"},{"$i":"fax-other","$v":"Başkasına faks gönder"},{"$i":"fdnIsActiveMessage","$v":["FDN (Sabit Arama Numaraları) etkinleştirildi ve şu numara FDN listenizde değil: ",{"t":"idOrVar","v":"number"}]},{"$i":"fdnIsActiveTitle","$v":"FDN etkin"},{"$i":"gaia-shortcut-app-updated","$v":"Uygulama Güncellendi"},{"$i":"grid-view","$v":"Izgara görünümü"},{"$i":"home","$v":"Ev"},{"$i":"homescreen-settings","$v":"Ana Ekran Ayarları"},{"$i":"invalidNumberToDialMessage","$v":"Aradığınız telefon numarası geçersiz."},{"$i":"invalidNumberToDialTitle","$v":"Geçersiz telefon numarası"},{"$i":"list-view","$v":"Liste görünümü"},{"$i":"longDateFormat","$v":"%A, %B %e"},{"$i":"menu","$v":"Menü"},{"$i":"message","$v":"Mesaj"},{"$i":"mobile","$v":"Mobil"},{"$i":"more","$v":"Diğer"},{"$i":"move","$v":"Taşı"},{"$i":"notifications","$v":"Uyarılar"},{"$i":"numberIsBusyMessage","$v":"Aradığınız numara şu anda meşgul. Lütfen daha sonra tekrar deneyin."},{"$i":"numberIsBusyTitle","$v":"Numara meşgul"},{"$i":"ok","$v":"Tamam"},{"$i":"option-remove","$v":"Hızlı Aramadan kaldır"},{"$i":"option-replace","$v":"Değiştir"},{"$i":"options","$v":"Seçenekler"},{"$i":"otherConnectionInUseMessage","$v":"Başka bir bağlantıda aktif bir çağrınız var. Bir seferde sadece bir bağlantı kullanabilirsiniz."},{"$i":"otherConnectionInUseTitle","$v":"Başka bir bağlantı kullanımda"},{"$i":"personal","$v":"Kişisel"},{"$i":"remove","$v":"Kaldır"},{"$i":"remove-speed-dial","$v":[{"t":"idOrVar","v":"name"}," kişisini Hızlı Aramadan kaldırmak istediğinizden emin misiniz?"]},{"$i":"replace","$v":"Değiştir"},{"$i":"replace-speed-dial","$v":[{"t":"idOrVar","v":"name"}," adlı kişiyi ",{"t":"idOrVar","v":"subName"}," ile değiştirmek istediğinizden emin misiniz?"]},{"$i":"resume-download-action","$v":"İndir"},{"$i":"resume-download-body","$v":"{name}} adlı kişiyi indirmek istiyor musunuz?"},{"$i":"resume-download-title","$v":"İndirme İşlemini Yeniden Başlat"},{"$i":"scCallBarring","$v":"Çağrı engelleme"},{"$i":"scCallForwarding","$v":"Çağrı yönlendirme"},{"$i":"scCallWaiting","$v":"Çağrı bekletiliyor"},{"$i":"scClip","$v":"Arayan kimliği"},{"$i":"scClir","$v":"Aranan kimliği"},{"$i":"scPin","$v":"PIN değiştir"},{"$i":"scPin2","$v":"PIN2 değiştir"},{"$i":"scPuk","$v":"PIN blokesini kaldır"},{"$i":"scPuk2","$v":"PIN2 blokesini kaldır"},{"$i":"scPwd","$v":"Şifre değiştir"},{"$i":"search-or-enter-address","placeholder":"Arayın veya adres girin"},{"$i":"select","$v":"Seç"},{"$i":"sending","$v":"Gönderiliyor…"},{"$i":"set","$v":"Ayarla"},{"$i":"settings","$v":"Ayarlar"},{"$i":"single-view","$v":"Tek Görünüm"},{"$i":"skip","$v":"Atla"},{"$i":"speed-dial","$v":"Hızlı Arama"},{"$i":"speed-dial-empty","ariaLabel":[{"t":"idOrVar","v":"order"},", boş"]},{"$i":"speed-dial-not-empty","ariaLabel":[{"t":"idOrVar","v":"order"},", ",{"t":"idOrVar","v":"name"}]},{"$i":"stop-download-action","$v":"Durdur"},{"$i":"stop-download-body","$v":"Devam eden indirme işlemini durdurmak istiyor musunuz?"},{"$i":"stop-download-title","$v":[{"t":"idOrVar","v":"name"}," adlı kişiyi durdur"]},{"$i":"tcl-wallpaper-changed","$v":"Duvar Kağıdı değiştirildi"},{"$i":"video-call","$v":"Görüntülü arama"},{"$i":"voicemail","$v":"Sesli mesaj"},{"$i":"work","$v":"İş"},{"$i":"apps","$v":"Uygulamalar"},{"$i":"nocard-eccOnly","$v":"No SIM card-Emergency calls only"},{"$i":"unusablecard-eccOnly","$v":"Unusable SIM card-Emergency calls only"},{"$i":"apn-sim1","$v":"APN Ayarları - SIM1"},{"$i":"apn-sim2","$v":"APN Ayarları - SIM2"},{"$i":"apnConfigPrepay","$v":"Ön ödemeli"},{"$i":"apnConfigPostpay","$v":"Sonra ödemeli"},{"$i":"apn-defaultconfig-message","$v":"Gösterilecek APN türünü seçin"},{"$i":"apnDefaultConfig","$v":"Varsayılan APN Yapılandırması"},{"$i":"without-sim-new","$v":[{"t":"idOrVar","v":"index"}]},{"$i":"with-sim-new","$v":[{"t":"idOrVar","v":"index"}," - ",{"t":"idOrVar","v":"carrier"}]},{"$i":"sim-with-index-and-carrier","$v":["SIM ",{"t":"idOrVar","v":"index"}," - ",{"t":"idOrVar","v":"carrier"}]},{"$i":"sim-without-carrier","$v":["SIM ",{"t":"idOrVar","v":"index"}]},{"$i":"call-forwarding-voice-after-seconds","$v":["Ses: ",{"t":"idOrVar","v":"timeSeconds"}," saniye sonra ",{"t":"idOrVar","v":"voice"}]},{"$i":"addNewNumber","$v":"Yeni numara ekle"},{"$i":"addToExistingContact","$v":"Mevcut kişiye ekle"},{"$i":"all","$v":"Tümü","ariaLabel":"Tümü"},{"$i":"bluetooth-handsfree-device","$v":"Bluetooth handsfree cihazı"},{"$i":"bluetoothOption","ariaLabel":"Bluetooth"},{"$i":"callDurationHours","$v":[{"t":"idOrVar","v":"h"},":",{"t":"idOrVar","v":"m"},":",{"t":"idOrVar","v":"s"}]},{"$i":"callDurationMinutes","$v":[{"t":"idOrVar","v":"m"},":",{"t":"idOrVar","v":"s"}]},{"$i":"callDurationTextFormatHours","$v":[{"t":"idOrVar","v":"h"}," s ",{"t":"idOrVar","v":"m"}," d ",{"t":"idOrVar","v":"s"}," s"]},{"$i":"callDurationTextFormatMinutes","$v":[{"t":"idOrVar","v":"m"}," d ",{"t":"idOrVar","v":"s"}," s"]},{"$i":"callDurationTextFormatSeconds","$v":[{"t":"idOrVar","v":"s"}," s"]},{"$i":"callEnded","$v":"Çağrı Sonlandı"},{"$i":"callInformation","$v":"Çağrı Bilgisi"},{"$i":"callLog","$v":"Arama kaydı"},{"$i":"callLogEdit","title":"Arama kaydını düzenle"},{"$i":"callLogEditDialog","ariaLabel":"Arama kaydı diyaloğunu düzenle"},{"$i":"caller-left-call","$v":[{"t":"idOrVar","v":"caller"}," çağrıdan ayrıldı."]},{"$i":"calllog-all","$v":"Tümü"},{"$i":"calllog-deselectAll","$v":"Tüm Seçimleri Kaldır"},{"$i":"calllog-none","$v":"Hiçbiri"},{"$i":"calllog-selectAll","$v":"Tümünü Seç"},{"$i":"canceled","$v":"İptal edildi"},{"$i":"clear-all-text","$v":"Tüm metni temizle"},{"$i":"close","$v":"Kapat"},{"$i":"composeEmail","ariaLabel":"E-posta"},{"$i":"conferenceAddError","$v":"Çağrılar birleştirilemedi"},{"$i":"conferenceCall","$v":["Konferans (",{"t":"idOrVar","v":"n"},")"]},{"$i":"conferenceRemoveError","$v":"Çağrılar ayrıştırılamadı"},{"$i":"confirm-deletion","$v":"Seçilen çağrıları temizle"},{"$i":"connecting","$v":"Bağlanıyor"},{"$i":"connectingEllipsis","$v":"Bağlanıyor..."},{"$i":"contactDetails","$v":"Kişi detayları"},{"$i":"createNewContact","$v":"Yeni kişi oluştur"},{"$i":"delete-n-log?","$v":{"few":[{"t":"idOrVar","v":"n"}," kaydı sil?"],"many":[{"t":"idOrVar","v":"n"}," kaydı sil?"],"one":"Seçili kaydı sil?","other":[{"t":"idOrVar","v":"n"}," kaydı sil?"],"two":[{"t":"idOrVar","v":"n"}," kaydı sil?"],"zero":"Hiçbir şey seçilmedi"},"$x":[{"t":"idOrVar","v":"plural"},"n"]},{"$i":"deselect","$v":"Seçimi kaldır"},{"$i":"dialed","$v":"Aranan"},{"$i":"dialer-prompt","$v":"Çağrıya eklemek için numara tuşla veya kişi seç"},{"$i":"dialerAddContact","ariaLabel":"Kişi ekle"},{"$i":"dialerAddContactDialog","ariaLabel":"Kişi diyaloğu ekle"},{"$i":"edit-selected","$v":{"few":["(",{"t":"idOrVar","v":"n"},") seçili"],"many":["(",{"t":"idOrVar","v":"n"},") seçili"],"one":["(",{"t":"idOrVar","v":"n"},") seçili"],"other":["(",{"t":"idOrVar","v":"n"},") seçili"],"two":["(",{"t":"idOrVar","v":"n"},") seçili"]},"$x":[{"t":"idOrVar","v":"plural"},"n"]},{"$i":"emailDetail","ariaLabel":"E-posta"},{"$i":"from-contact","$v":[{"t":"idOrVar","v":"contact"}," adlı kişiden"]},{"$i":"from-number","$v":[{"t":"idOrVar","v":"number"}," numaralı telefondan"]},{"$i":"from-withheld-number","$v":"Bilinmeyen numaradan"},{"$i":"hangup-a11y-button","ariaLabel":"Kapat"},{"$i":"hide","$v":"Gizle"},{"$i":"hideKeypad","ariaLabel":"Tuş takımını gizle"},{"$i":"hold","ariaLabel":"Beklet"},{"$i":"hours","$v":"saat"},{"$i":"ignore","$v":"Çağrıyı yok say"},{"$i":"incoming","$v":"Gelen"},{"$i":"incoming-call","$v":"Gelen çağrı"},{"$i":"info-missed","$v":"Cevapsız"},{"$i":"keypad","ariaLabel":"Tuş takımı"},{"$i":"log-item","$v":"Seçenekler"},{"$i":"makeCall","ariaLabel":"Arama yap"},{"$i":"merge","ariaLabel":"Birleştir"},{"$i":"minutes","$v":"dakika"},{"$i":"missed","$v":"Cevapsız","ariaLabel":"Cevapsız"},{"$i":"missedCall","$v":"Cevapsız çağrı"},{"$i":"missedCallMultiSims","$v":["(SIM ",{"t":"idOrVar","v":"n"},") Cevapsız çağrı"]},{"$i":"mmi-error","$v":"Mesaj gönderilirken bir hata oluştu"},{"$i":"mmi-notification-title-with-sim","$v":["(",{"t":"idOrVar","v":"sim"},") ",{"t":"idOrVar","v":"title"}]},{"$i":"mmi-session-expired","$v":"Oturum sona erdi"},{"$i":"mmi-successfully-sent","$v":"Mesaj başarıyla gönderildi"},{"$i":"mute","ariaLabel":"Sessiz"},{"$i":"newCall","ariaLabel":"Yeni çağrı"},{"$i":"no-logs-msg-1","$v":"Çağrı kaydedilmedi"},{"$i":"no-logs-msg-2","$v":"İletişime şimdi başla"},{"$i":"no-logs-msg-3","$v":"Çağrı kaydedilmedi"},{"$i":"no-logs-msg-4","$v":"İletişime şimdi başla"},{"$i":"no-recent-numbers","$v":"Arama Kayıtlarında aranacak son numara yok."},{"$i":"onHoldOption","ariaLabel":"Beklemede"},{"$i":"outgoing","$v":"Giden"},{"$i":"outgoing-call","$v":"Giden çağrı"},{"$i":"phoneDetail","ariaLabel":"Telefon"},{"$i":"pickup-a11y-button","ariaLabel":"Cevap ver"},{"$i":"received","$v":"Alınan"},{"$i":"receiver","$v":"Alıcı"},{"$i":"recents","ariaLabel":"Son çağrılar"},{"$i":"reply","$v":"Yanıtla"},{"$i":"resume","$v":"Devam et","ariaLabel":"Devam et"},{"$i":"search-results","$v":"Arama Sonuçları"},{"$i":"seconds","$v":"saniye"},{"$i":"select-audio-sources","$v":"Ses kaynaklarını seç"},{"$i":"send","$v":"Gönder"},{"$i":"send-sms-button","ariaLabel":"SMS"},{"$i":"sendSms","$v":"Mesaj Gönder"},{"$i":"separator","$v":","},{"$i":"sim-number","$v":["SIM",{"t":"idOrVar","v":"n"}]},{"$i":"speaker","$v":"Hoparlör"},{"$i":"speakerOption","ariaLabel":"Hoparlör"},{"$i":"suggestionMatches","$v":{"few":[{"t":"idOrVar","v":"matchNumber"},"\" için ",{"t":"idOrVar","v":"n"}," eşleşme"],"many":[{"t":"idOrVar","v":"matchNumber"},"\" için ",{"t":"idOrVar","v":"n"}," eşleşme"],"one":[{"t":"idOrVar","v":"matchNumber"},"\" için ",{"t":"idOrVar","v":"n"}," eşleşme"],"other":[{"t":"idOrVar","v":"matchNumber"},"\" için ",{"t":"idOrVar","v":"n"}," eşleşme"],"two":[{"t":"idOrVar","v":"matchNumber"},"\" için ",{"t":"idOrVar","v":"n"}," eşleşme"]},"$x":[{"t":"idOrVar","v":"plural"},"n"]},{"$i":"switch-calls","$v":"Çağrı değiştir"},{"$i":"tcl-assign","$v":"Ata"},{"$i":"tcl-assign-speed-dial","$v":{"$o":["Kişi \"",{"t":"idOrVar","v":"speedDial"},"\" düğmesine Hızlı Arama olarak eklenmemiş. <br><br>Şimdi ata?"]}},{"$i":"tcl-call-log-delete-group-notification","$v":[{"t":"idOrVar","v":"n"}," girdi silindi"]},{"$i":"tcl-calllog-entry-removed-err-notification","$v":"Arama kaydı girdisi silinemez"},{"$i":"tcl-calllog-entry-removed-succ-notification","$v":"Arama kaydı girdisi kaldırıldı"},{"$i":"tcl-cancel","$v":"İptal"},{"$i":"tcl-confirmation","$v":"Onay"},{"$i":"tcl-delete-log","$v":"Seçilen girdileri Arama Kaydından silmek istediğinizden emin misiniz?"},{"$i":"tcl-dialer","$v":"Çevirici"},{"$i":"tcl-edit-not-selected","$v":"seçilen (0)"},{"$i":"tcl-option-menu-call-log-edit","$v":"Arama Kaydını Düzenle"},{"$i":"today","$v":"Bugün"},{"$i":"toggleKeypad","ariaLabel":"Tuş takımını değiştir"},{"$i":"type-your-response","placeholder":"Cevabınızı yazın..."},{"$i":"unknown","$v":"Bilinmiyor"},{"$i":"unlock-a11y-button","ariaLabel":"Kaydırıcı"},{"$i":"ussd-services","$v":[{"t":"idOrVar","v":"operator"}," hizmetleri"]},{"$i":"via-sim","$v":["SIM",{"t":"idOrVar","v":"n"}," ile"]},{"$i":"view-all","$v":"Tümünü görüntüle"},{"$i":"wifi-calling","$v":"Wi-Fi Çağrı"},{"$i":"withheld-number","$v":"Bilinmiyor"},{"$i":"yesterday","$v":"Dün"},{"$i":"SimPin2","$v":"SIM PIN2"},{"$i":"SimPuk2","$v":"SIM PUK2"},{"$i":"serviceClassFax","$v":"FAKS"},{"$i":"serviceClassPad","$v":"PAD"},{"$i":"serviceClassSms","$v":"SMS"},{"$i":"DialModifiedToDial","$v":"Dial modified to dial"},{"$i":"DialModifiedToSs","$v":"Dial modified to SS"},{"$i":"DialModifiedToUssd","$v":"Dial modified to USSD"},{"$i":"FdnCheckFailure","$v":"FDN denetim hatası"},{"$i":"IllegalSimOrMe","$v":"Yasa dışı SIM veya ME"},{"$i":"InvalidParameter","$v":"Geçersiz parametre"},{"$i":"ModeNotSupported","$v":"Mod desteklenmiyor"},{"$i":"OpNotAllowedDuringVoiceCall","$v":"İşleme sesli arama sırasında izin verilmiyor"},{"$i":"PasswordIncorrect","$v":"Şifre hatalı."},{"$i":"RadioNotAvailable","$v":"Radyo kullanılamıyor"},{"$i":"RejectedByRemote","$v":"Uzaktan reddedildi"},{"$i":"RequestNotSupported","$v":"İstek desteklenmiyor"},{"$i":"ServiceIsDisabled","$v":"Servis devre dışı"},{"$i":"ServiceIsEnabled","$v":"Servis etkin"},{"$i":"ServiceIsEnabledFor","$v":"Servis şunun için etkin:"},{"$i":"SimAbsent","$v":"SIM yok"},{"$i":"SmsSendFailRetry","$v":"SMS gönderme başarısız yeniden dene"},{"$i":"SsModifiedToDial","$v":"SS isteği çevir isteği olarak değiştirildi"},{"$i":"SsModifiedToSs","$v":"SS isteği SS isteği olarak değiştirildi"},{"$i":"SsModifiedToUssd","$v":"SS isteği USSD isteği olarak değiştirildi"},{"$i":"SubscriptionNotAvailable","$v":"Abonelik kullanılamıyor"},{"$i":"SubscriptionNotSupported","$v":"Abonelik desteklenmiyor"},{"$i":"UssdModifiedToDial","$v":"SS isteği çevir isteği olarak değiştirildi"},{"$i":"UssdModifiedToSs","$v":"USSD isteği SS isteği olarak değiştirildi"},{"$i":"UssdModifiedToUssd","$v":"SS isteği USSD isteği olarak değiştirildi"},{"$i":"call-forwarding-async","$v":["Asenkron: ",{"t":"idOrVar","v":"async"}]},{"$i":"call-forwarding-data","$v":["Veri: ",{"t":"idOrVar","v":"data"}]},{"$i":"call-forwarding-error","$v":"Çağrı yönlendirme durumu alınırken bir hata oluştu"},{"$i":"call-forwarding-fax","$v":["FAKS: ",{"t":"idOrVar","v":"fax"}]},{"$i":"call-forwarding-inactive","$v":"Etkin değil"},{"$i":"call-forwarding-packet","$v":["Paket: ",{"t":"idOrVar","v":"packet"}]},{"$i":"call-forwarding-pad","$v":["PAD: ",{"t":"idOrVar","v":"pad"}]},{"$i":"call-forwarding-sms","$v":["SMS: ",{"t":"idOrVar","v":"sms"}]},{"$i":"call-forwarding-status","$v":"Çağrı yönlendirme durumu"},{"$i":"call-forwarding-sync","$v":["Senkron: ",{"t":"idOrVar","v":"sync"}]},{"$i":"call-forwarding-voice","$v":["Ses: ",{"t":"idOrVar","v":"voice"}]},{"$i":"emMmiError","$v":"Bağlantı problemi veya geçersiz MMI kodu."},{"$i":"emMmiErrorBadPin","$v":"Yazdığınız eski PIN doğru değil."},{"$i":"emMmiErrorBadPuk","$v":"Yazdığınız PUK doğru değil"},{"$i":"emMmiErrorEnablePin","$v":"Başarısız. SIM/RUIM kilidi etkinleştirildi."},{"$i":"emMmiErrorInvalidAction","$v":"Geçersiz işlem"},{"$i":"emMmiErrorInvalidPin","$v":"4 ila 8 numaradan oluşan bir PIN girin"},{"$i":"emMmiErrorInvalidScCode","$v":"Geçersiz hizmet kodu"},{"$i":"emMmiErrorMismatchPin","$v":"Girdiğiniz PIN'ler eşleşmiyor."},{"$i":"emMmiErrorMmiFdn","$v":"İşlem sadece sabit arama numaralarıyla sınırlandırılmıştır."},{"$i":"emMmiErrorNeedPuk2","$v":"SIM kart blokesini kaldırmak için PUK2 kodunu girin."},{"$i":"emMmiErrorNeedsPuk","$v":"SIM kartınız PUK kilitli"},{"$i":"emMmiErrorNotSupported","$v":"Geçersiz veya Desteklenmeyen MMI kodu"},{"$i":"emMmiErrorPasswordIncorrect","$v":"Hatalı Şifre"},{"$i":"emMmiErrorPinPukAttempts","$v":{"few":[{"t":"idOrVar","v":"n"}," yeniden deneme hakkınız kaldı"],"many":[{"t":"idOrVar","v":"n"}," yeniden deneme hakkınız kaldı"],"one":["Sadece ",{"t":"idOrVar","v":"n"}," yeniden deneme hakkınız kaldı"],"other":[{"t":"idOrVar","v":"n"}," yeniden deneme hakkınız kaldı"],"two":[{"t":"idOrVar","v":"n"}," yeniden deneme hakkınız kaldı"]},"$x":[{"t":"idOrVar","v":"plural"},"n"]},{"$i":"emMmiErrorSimBlocked","$v":"Maksimum deneme sayısını aştınız. SIM bloke edildi."},{"$i":"emMmiErrorStkCcSsDial","$v":"SS request is modified to DIAL request"},{"$i":"emMmiErrorStkCcSsSs","$v":"SS request is modified to new SS request"},{"$i":"emMmiErrorStkCcSsUssd","$v":"SS request is modified to USSD request"},{"$i":"emMmiErrorStkCcUssdDial","$v":"USSD request is modified to DIAL request"},{"$i":"emMmiErrorStkCcUssdSs","$v":"USSD request is modified to SS request"},{"$i":"emMmiErrorStkCcUssdUssd","$v":"USSD request is modified to new USSD request"},{"$i":"fihVersion","$v":"FIH Sürümü"},{"$i":"imeiAndSvn","$v":"IMEI ve SVN"},{"$i":"internalVersion","$v":"Dahili Sürüm"},{"$i":"serviceClassData","$v":"Veri"},{"$i":"serviceClassDataAsync","$v":"Asenkron"},{"$i":"serviceClassDataSync","$v":"Senkron"},{"$i":"serviceClassPacket","$v":"Paket"},{"$i":"serviceClassVoice","$v":"Ses"},{"$i":"smClirDefaultOffNextCallOff","$v":"Arayan Kimliği varsayılan ayarı kısıtlı değil. Sonraki arama: Kısıtlı değil"},{"$i":"smClirDefaultOffNextCallOn","$v":"Arayan Kimliği varsayılan ayarı kısıtlı değil. Sonraki arama: Kısıtlı"},{"$i":"smClirDefaultOnNextCallOff","$v":"Arayan Kimliği varsayılan ayarı kısıtlı. Sonraki arama: Kısıtlı değil"},{"$i":"smClirDefaultOnNextCallOn","$v":"Arayan Kimliği varsayılan ayarı kısıtlı. Sonraki arama: Kısıtlı"},{"$i":"smClirPermanent","$v":"Arayan kimliği ayarını değiştiremezsiniz"},{"$i":"smPin2Changed","$v":"PIN2 başarıyla değiştirildi"},{"$i":"smPin2Unblocked","$v":"PIN2 blokesi başarıyla kaldırıldı"},{"$i":"smPinChanged","$v":"PIN başarıyla değiştirildi"},{"$i":"smPinUnblocked","$v":"PIN blokesi başarıyla kaldırıldı"},{"$i":"smServiceDisabled","$v":"Hizmet devre dışı bırakıldı"},{"$i":"smServiceEnabled","$v":"Hizmet etkinleştirildi."},{"$i":"smServiceEnabledFor","$v":"Servis şunun için etkin:"},{"$i":"smServiceErased","$v":"Silme başarılı"},{"$i":"smServiceInterrogated","$v":"İstek başarılı"},{"$i":"smServiceNotProvisioned","$v":"Servis tanımsız"},{"$i":"smServiceRegistered","$v":"Kayıt başarılı"},{"$i":"another","$v":"Başka"},{"$i":"current","$v":"Geçerli"},{"$i":"customTag","$v":"Özel etiket","placeholder":"Özel etiket"},{"$i":"faxHome","$v":"Eve faks gönder"},{"$i":"faxOffice","$v":"Ofise faks gönder"},{"$i":"faxOther","$v":"Başkasına faks gönder"},{"$i":"itemWithLabel","$v":[{"t":"idOrVar","v":"label"},", ",{"t":"idOrVar","v":"item"}]},{"$i":"label","$v":"Etiket"},{"$i":"other","$v":"Diğer"},{"$i":"tcl-customTag","$v":"Özel etiket"},{"$i":"dateTimeFormat_%c","$v":"%a %b %e %Y %I:%M:%S %p"},{"$i":"dateTimeFormat_%x","$v":"%d/%m/%Y"},{"$i":"days-ago-long","$v":{"few":[{"t":"idOrVar","v":"value"}," gün önce"],"many":[{"t":"idOrVar","v":"value"}," gün önce"],"one":"dün","other":[{"t":"idOrVar","v":"value"}," gün önce"],"two":[{"t":"idOrVar","v":"value"}," gün önce"],"zero":"bugün"},"$x":[{"t":"idOrVar","v":"plural"},"value"]},{"$i":"days-ago-short","$v":{"other":[{"t":"idOrVar","v":"value"},"g önce"],"zero":"bugün"},"$x":[{"t":"idOrVar","v":"plural"},"value"]},{"$i":"days-until-long","$v":{"few":[{"t":"idOrVar","v":"value"}," gün içinde"],"many":[{"t":"idOrVar","v":"value"}," gün içinde"],"one":"yarın","other":[{"t":"idOrVar","v":"value"}," gün içinde"],"two":[{"t":"idOrVar","v":"value"}," gün içinde"],"zero":"bugün"},"$x":[{"t":"idOrVar","v":"plural"},"value"]},{"$i":"days-until-short","$v":{"other":[{"t":"idOrVar","v":"value"},"g içinde"],"zero":"bugün"},"$x":[{"t":"idOrVar","v":"plural"},"value"]},{"$i":"hours-ago-long","$v":{"few":[{"t":"idOrVar","v":"value"}," saat önce"],"many":[{"t":"idOrVar","v":"value"}," saat önce"],"one":"bir saat önce","other":[{"t":"idOrVar","v":"value"}," saat önce"],"two":[{"t":"idOrVar","v":"value"}," saat önce"],"zero":"az önce"},"$x":[{"t":"idOrVar","v":"plural"},"value"]},{"$i":"hours-ago-short","$v":{"other":[{"t":"idOrVar","v":"value"},"s önce"],"zero":"az önce"},"$x":[{"t":"idOrVar","v":"plural"},"value"]},{"$i":"hours-until-long","$v":{"few":[{"t":"idOrVar","v":"value"}," saat içinde"],"many":[{"t":"idOrVar","v":"value"}," saat içinde"],"one":"bir saat içinde","other":[{"t":"idOrVar","v":"value"}," saat içinde"],"two":[{"t":"idOrVar","v":"value"}," saat içinde"],"zero":"şimdi"},"$x":[{"t":"idOrVar","v":"plural"},"value"]},{"$i":"hours-until-short","$v":{"other":[{"t":"idOrVar","v":"value"},"s içinde"],"zero":"şimdi"},"$x":[{"t":"idOrVar","v":"plural"},"value"]},{"$i":"incorrectDate","$v":"(hatalı tarih)"},{"$i":"minutes-ago-long","$v":{"few":[{"t":"idOrVar","v":"value"}," dakika önce"],"many":[{"t":"idOrVar","v":"value"}," dakika önce"],"one":"bir dakika önce","other":[{"t":"idOrVar","v":"value"}," dakika önce"],"two":[{"t":"idOrVar","v":"value"}," dakika önce"],"zero":"az önce"},"$x":[{"t":"idOrVar","v":"plural"},"value"]},{"$i":"minutes-ago-short","$v":{"other":[{"t":"idOrVar","v":"value"},"d önce"],"zero":"az önce"},"$x":[{"t":"idOrVar","v":"plural"},"value"]},{"$i":"minutes-until-long","$v":{"few":[{"t":"idOrVar","v":"value"}," dakika içinde"],"many":[{"t":"idOrVar","v":"value"}," dakika içinde"],"one":"bir dakika içinde","other":[{"t":"idOrVar","v":"value"}," dakika içinde"],"two":[{"t":"idOrVar","v":"value"}," dakika içinde"],"zero":"şimdi"},"$x":[{"t":"idOrVar","v":"plural"},"value"]},{"$i":"minutes-until-short","$v":{"other":[{"t":"idOrVar","v":"value"},"d içinde"],"zero":"şimdi"},"$x":[{"t":"idOrVar","v":"plural"},"value"]},{"$i":"month-0-genitive","$v":"Ocak"},{"$i":"month-0-long","$v":"Ocak"},{"$i":"month-0-short","$v":"Oca"},{"$i":"month-1-genitive","$v":"Şubat"},{"$i":"month-1-long","$v":"Şubat"},{"$i":"month-1-short","$v":"Şub"},{"$i":"month-10-genitive","$v":"Kasım"},{"$i":"month-10-long","$v":"Kasım"},{"$i":"month-10-short","$v":"Kas"},{"$i":"month-11-genitive","$v":"Aralık"},{"$i":"month-11-long","$v":"Aralık"},{"$i":"month-11-short","$v":"Ara"},{"$i":"month-2-genitive","$v":"Mart"},{"$i":"month-2-long","$v":"Mart"},{"$i":"month-2-short","$v":"Mar"},{"$i":"month-3-genitive","$v":"Nisan"},{"$i":"month-3-long","$v":"Nisan"},{"$i":"month-3-short","$v":"Nis"},{"$i":"month-4-genitive","$v":"Mayıs"},{"$i":"month-4-long","$v":"Mayıs"},{"$i":"month-4-short","$v":"Mayıs"},{"$i":"month-5-genitive","$v":"Haziran"},{"$i":"month-5-long","$v":"Haziran"},{"$i":"month-5-short","$v":"Haz"},{"$i":"month-6-genitive","$v":"Temmuz"},{"$i":"month-6-long","$v":"Temmuz"},{"$i":"month-6-short","$v":"Tem"},{"$i":"month-7-genitive","$v":"Ağustos"},{"$i":"month-7-long","$v":"Ağustos"},{"$i":"month-7-short","$v":"Ağu"},{"$i":"month-8-genitive","$v":"Eylül"},{"$i":"month-8-long","$v":"Eylül"},{"$i":"month-8-short","$v":"Eyl"},{"$i":"month-9-genitive","$v":"Ekim"},{"$i":"month-9-long","$v":"Ekim"},{"$i":"month-9-short","$v":"Eki"},{"$i":"months-ago-long","$v":{"few":[{"t":"idOrVar","v":"value"}," ay önce"],"many":[{"t":"idOrVar","v":"value"}," ay önce"],"one":"geçen ay","other":[{"t":"idOrVar","v":"value"}," ay önce"],"two":[{"t":"idOrVar","v":"value"}," ay önce"],"zero":"bu ay"},"$x":[{"t":"idOrVar","v":"plural"},"value"]},{"$i":"months-until-long","$v":{"few":[{"t":"idOrVar","v":"value"}," ay içinde"],"many":[{"t":"idOrVar","v":"value"}," ay içinde"],"one":"gelecek ay","other":[{"t":"idOrVar","v":"value"}," ay içinde"],"two":[{"t":"idOrVar","v":"value"}," ay içinde"],"zero":"bu ay"},"$x":[{"t":"idOrVar","v":"plural"},"value"]},{"$i":"shortDateTimeFormat","$v":"%x %I:%M %p"},{"$i":"shortTimeFormat","$v":"%I:%M %p"},{"$i":"shortTimeFormat12","$v":"%I:%M %p"},{"$i":"shortTimeFormat24","$v":"%H:%M"},{"$i":"time_am","$v":"AM"},{"$i":"time_pm","$v":"PM"},{"$i":"weekday-0-long","$v":"Pazar"},{"$i":"weekday-0-short","$v":"Paz"},{"$i":"weekday-1-long","$v":"Pazartesi"},{"$i":"weekday-1-short","$v":"Pzt"},{"$i":"weekday-2-long","$v":"Salı"},{"$i":"weekday-2-short","$v":"Sal"},{"$i":"weekday-3-long","$v":"Çarşamba"},{"$i":"weekday-3-short","$v":"Çrş"},{"$i":"weekday-4-long","$v":"Perşembe"},{"$i":"weekday-4-short","$v":"Per"},{"$i":"weekday-5-long","$v":"Cuma"},{"$i":"weekday-5-short","$v":"Cum"},{"$i":"weekday-6-long","$v":"Cumartesi"},{"$i":"weekday-6-short","$v":"Cmt"},{"$i":"weeks-ago-long","$v":{"few":[{"t":"idOrVar","v":"value"}," hafta önce"],"many":[{"t":"idOrVar","v":"value"}," hafta önce"],"one":"geçen hafta","other":[{"t":"idOrVar","v":"value"}," hafta önce"],"two":[{"t":"idOrVar","v":"value"}," hafta önce"],"zero":"bu hafta"},"$x":[{"t":"idOrVar","v":"plural"},"value"]},{"$i":"weeks-until-long","$v":{"few":[{"t":"idOrVar","v":"value"}," hafta içinde"],"many":[{"t":"idOrVar","v":"value"}," hafta içinde"],"one":"gelecek hafta","other":[{"t":"idOrVar","v":"value"}," hafta içinde"],"two":[{"t":"idOrVar","v":"value"}," hafta içinde"],"zero":"bu hafta"},"$x":[{"t":"idOrVar","v":"plural"},"value"]},{"$i":"years-ago-long","$v":{"few":[{"t":"idOrVar","v":"value"}," yıl önce"],"many":[{"t":"idOrVar","v":"value"}," yıl önce"],"one":"geçen yıl","other":[{"t":"idOrVar","v":"value"}," yıl önce"],"two":[{"t":"idOrVar","v":"value"}," yıl önce"],"zero":"bu yıl"},"$x":[{"t":"idOrVar","v":"plural"},"value"]},{"$i":"years-until-long","$v":{"few":[{"t":"idOrVar","v":"value"}," yıl içinde"],"many":[{"t":"idOrVar","v":"value"}," yıl içinde"],"one":"gelecek yıl","other":[{"t":"idOrVar","v":"value"}," yıl içinde"],"two":[{"t":"idOrVar","v":"value"}," yıl içinde"],"zero":"bu yıl"},"$x":[{"t":"idOrVar","v":"plural"},"value"]},{"$i":"dateTimeFormat_%X","$v":"%I:%M:%S %p"},{"$i":"weekStartsOnMonday","$v":"0"},{"$i":"firstDayOfTheWeek","$v":"1"}]