[{"$i":"clockDateFormat","$v":"%a, %e %b"},{"$i":"deviceIsUnlocked","$v":"Пристрій не заблоковано."},{"$i":"simUnlockCodeAccepted","$v":"Код розблокування SIM-карти прийнято."},{"$i":"simUnlockCodeFailed","$v":"Не вдалося розблокувати SIM-карту."},{"$i":"eccOnly","$v":"Тільки екстрені дзвінки"},{"$i":"emergencyCallsOnly","$v":"Тільки екстрені дзвінки"},{"$i":"lockedSim","$v":"Заблокована SIM-картка"},{"$i":"noService","$v":"Послуги недоступні"},{"$i":"noSimCard","$v":"Немає SIM-картки"},{"$i":"searching","$v":"Пошук…"},{"$i":"airplane-mode","$v":"Режим \"Політ"},{"$i":"bluetooth","$v":"Bluetooth"},{"$i":"brightness","$v":"Яскравість"},{"$i":"calculator","$v":"Калькулятор"},{"$i":"camera","$v":"Камера"},{"$i":"cellular-data","$v":"Мобільні дані"},{"$i":"confirm-to-uninstall-app","$v":["Видалити програму \"",{"t":"idOrVar","v":"appName"},"\"?"]},{"$i":"flashlight","$v":"Ліхтарик"},{"$i":"instant-settings","$v":"миттєві настройки"},{"$i":"off","$v":"Вимк."},{"$i":"on","$v":"Увімк."},{"$i":"shortcuts","$v":"Ярлики"},{"$i":"uninstall","$v":"Видалити"},{"$i":"volume","$v":"Гучність"},{"$i":"wifi","$v":"Wi-Fi"},{"$i":"percentage-number","$v":[{"t":"idOrVar","v":"number"},"%"]},{"$i":"all-apps","$v":"Усі програми"},{"$i":"scImei","$v":"IMEI"},{"$i":"scMeid","$v":"MEID"},{"$i":"scUssd","$v":"USSD"},{"$i":"CallFailed","$v":"Помилка дзвінка"},{"$i":"GenericFailure","$v":"Загальна помилка"},{"$i":"add-smart-collections","$v":"Додати смарт-колекції"},{"$i":"add-to-existing-contact","$v":"Додати до наявного контакту"},{"$i":"alert-for-contacts-without-number","$v":"Немає контактів із доступним номером телефону."},{"$i":"app-title","$v":"Мої програми"},{"$i":"app-uninstall","$v":[{"t":"idOrVar","v":"name"}," видалено"]},{"$i":"assign","$v":"Призначити"},{"$i":"assign-speed-dial","$v":["Контакту не призначено клавішу швидкого набору ",{"t":"idOrVar","v":"n"},". Призначити зараз?"]},{"$i":"assign-voicemail","$v":"Номер голосової пошти не задано."},{"$i":"call","$v":"Подзвонити"},{"$i":"callAirplaneModeMessage","$v":"Щоб здійснити дзвінок, у настройках вимкніть режим \"У літаку\"."},{"$i":"callAirplaneModeTitle","$v":"Режим \"У літаку\" ввімкнено"},{"$i":"cancel","$v":"Скасувати"},{"$i":"change-wallpaper","$v":"Змінити шпалери"},{"$i":"clocks-updated","$v":"Годинники оновлено"},{"$i":"confirmation","$v":"Підтвердження"},{"$i":"contacts","$v":"Контакти"},{"$i":"create-new-contact","$v":"Створити новий контакт"},{"$i":"delete","$v":"Видалити"},{"$i":"delete-body","$v":["Контакт ",{"t":"idOrVar","v":"name"}," та всі пов’язані з ним дані буде видалено."]},{"$i":"delete-title","$v":["Видалити ",{"t":"idOrVar","v":"name"}]},{"$i":"edit","$v":"Редагувати"},{"$i":"edit-done","$v":"Готово"},{"$i":"edit-group-header","$v":"Редагувати групу"},{"$i":"edit-mode","$v":"Редагувати"},{"$i":"emergency-call-error","$v":[{"t":"idOrVar","v":"number"}," не є екстреним номером."]},{"$i":"emergency-call-only","$v":"Тільки екстрені дзвінки"},{"$i":"emergencyDialogBodyBadNumber","$v":"Щоб здійснити дзвінок, телефон має бути підключений до мережі."},{"$i":"emergencyDialogBodyDeviceNotAccepted","$v":"Екстрені дзвінки не дозволені мережею."},{"$i":"emergencyDialogTitle","$v":"Немає підключення до мережі"},{"$i":"fax-home","$v":"Факс (дім)"},{"$i":"fax-office","$v":"Факс (офіс)"},{"$i":"fax-other","$v":"Факс (інше)"},{"$i":"fdnIsActiveMessage","$v":["Номери фіксованого набору ввімкнено. Наведений номер відсутній у вашому списку номерів фіксованого набору: ",{"t":"idOrVar","v":"number"}]},{"$i":"fdnIsActiveTitle","$v":"Номери фіксованого набору ввімкнено"},{"$i":"gaia-shortcut-app-updated","$v":"Програму оновлено"},{"$i":"grid-view","$v":"Подання таблиці"},{"$i":"home","$v":"Домашній"},{"$i":"homescreen-settings","$v":"Настройки головного екрана"},{"$i":"invalidNumberToDialMessage","$v":"Номер телефону, на який ви дзвоните, недійсний."},{"$i":"invalidNumberToDialTitle","$v":"Неправильний номер телефону"},{"$i":"list-view","$v":"Подання списку"},{"$i":"longDateFormat","$v":"%A, %B %e"},{"$i":"menu","$v":"Меню"},{"$i":"message","$v":"Повідомлення"},{"$i":"mobile","$v":"Мобільний"},{"$i":"more","$v":"Більше"},{"$i":"move","$v":"Перемістити"},{"$i":"notifications","$v":"Сповіщення"},{"$i":"numberIsBusyMessage","$v":"Номер зараз зайнятий. Спробуйте ще раз пізніше."},{"$i":"numberIsBusyTitle","$v":"Номер зайнятий"},{"$i":"ok","$v":"OK"},{"$i":"option-remove","$v":"Видалити зі швидкого набору"},{"$i":"option-replace","$v":"Замінити"},{"$i":"options","$v":"Опції"},{"$i":"otherConnectionInUseMessage","$v":"На іншому каналі очікує активний дзвінок. Одночасно можна використовувати тільки одне з’єднання."},{"$i":"otherConnectionInUseTitle","$v":"Інше з’єднання, що наразі використовується"},{"$i":"personal","$v":"Особист."},{"$i":"remove","$v":"Видалити"},{"$i":"remove-speed-dial","$v":["Видалити контакт ",{"t":"idOrVar","v":"name"}," зі швидкого набору?"]},{"$i":"replace","$v":"Замінити"},{"$i":"replace-speed-dial","$v":["Замінити \"",{"t":"idOrVar","v":"name"},"\" на \"",{"t":"idOrVar","v":"subName"},"\"?"]},{"$i":"resume-download-action","$v":"Завантажити"},{"$i":"resume-download-body","$v":["Завантажити ",{"t":"idOrVar","v":"name"},"?"]},{"$i":"resume-download-title","$v":"Перезап. завантаж."},{"$i":"scCallBarring","$v":"Заборона дзвінків"},{"$i":"scCallForwarding","$v":"Переадр. дзвінків"},{"$i":"scCallWaiting","$v":"Очікування дзвінків"},{"$i":"scClip","$v":"Дані абонента, що дзвонить"},{"$i":"scClir","$v":"Дані абонента, якому ви дзвоните"},{"$i":"scPin","$v":"Змінення PIN-коду"},{"$i":"scPin2","$v":"Змінення PIN2-коду"},{"$i":"scPuk","$v":"Розблокувати PIN-код"},{"$i":"scPuk2","$v":"Розблокувати PIN2-код"},{"$i":"scPwd","$v":"Змінення пароля"},{"$i":"search-or-enter-address","placeholder":"Знайти або ввести адресу"},{"$i":"select","$v":"Вибрати"},{"$i":"sending","$v":"Надсилання…"},{"$i":"set","$v":"Установити"},{"$i":"settings","$v":"Настройки"},{"$i":"single-view","$v":"Суцільне подання"},{"$i":"skip","$v":"Пропустити"},{"$i":"speed-dial","$v":"Швидкий набір"},{"$i":"speed-dial-empty","ariaLabel":[{"t":"idOrVar","v":"order"},", вільно"]},{"$i":"speed-dial-not-empty","ariaLabel":[{"t":"idOrVar","v":"order"},", ",{"t":"idOrVar","v":"name"}]},{"$i":"stop-download-action","$v":"Зупинити"},{"$i":"stop-download-body","$v":"Зупинити завантаження?"},{"$i":"stop-download-title","$v":["Зупинити ",{"t":"idOrVar","v":"name"}]},{"$i":"tcl-wallpaper-changed","$v":"Шпалери змінено"},{"$i":"video-call","$v":"Відеодзвінок"},{"$i":"voicemail","$v":"Голос. повід."},{"$i":"work","$v":"Роб."},{"$i":"apps","$v":"Програми"},{"$i":"nocard-eccOnly","$v":"No SIM card-Emergency calls only"},{"$i":"unusablecard-eccOnly","$v":"Unusable SIM card-Emergency calls only"},{"$i":"apn-sim1","$v":"Настройки точки доступу – SIM1"},{"$i":"apn-sim2","$v":"Настройки точки доступу – SIM2"},{"$i":"apnConfigPrepay","$v":"Попередня оплата"},{"$i":"apnConfigPostpay","$v":"Постоплата"},{"$i":"apn-defaultconfig-message","$v":"Виберіть, який тип точки доступу потрібно відображати"},{"$i":"apnDefaultConfig","$v":"Стандартна конфігурація точки доступу"},{"$i":"without-sim-new","$v":[{"t":"idOrVar","v":"index"}]},{"$i":"with-sim-new","$v":[{"t":"idOrVar","v":"index"}," – ",{"t":"idOrVar","v":"carrier"}]},{"$i":"sim-with-index-and-carrier","$v":["SIM ",{"t":"idOrVar","v":"index"}," – ",{"t":"idOrVar","v":"carrier"}]},{"$i":"sim-without-carrier","$v":["SIM ",{"t":"idOrVar","v":"index"}]},{"$i":"call-forwarding-voice-after-seconds","$v":["Голосовий дзвінок: ",{"t":"idOrVar","v":"voice"}," через ",{"t":"idOrVar","v":"timeSeconds"}," с"]},{"$i":"addNewNumber","$v":"Додати новий номер"},{"$i":"addToExistingContact","$v":"Додати до наявного контакту"},{"$i":"all","$v":"Усі","ariaLabel":"Усі"},{"$i":"bluetooth-handsfree-device","$v":"Пристрій \"вільні руки\" з підтр. Bluetooth"},{"$i":"bluetoothOption","ariaLabel":"Bluetooth"},{"$i":"callDurationHours","$v":[{"t":"idOrVar","v":"h"},":",{"t":"idOrVar","v":"m"},":",{"t":"idOrVar","v":"s"}]},{"$i":"callDurationMinutes","$v":[{"t":"idOrVar","v":"m"},":",{"t":"idOrVar","v":"s"}]},{"$i":"callDurationTextFormatHours","$v":[{"t":"idOrVar","v":"h"}," год. ",{"t":"idOrVar","v":"m"}," хв. ",{"t":"idOrVar","v":"s"}," с"]},{"$i":"callDurationTextFormatMinutes","$v":[{"t":"idOrVar","v":"m"}," хв. ",{"t":"idOrVar","v":"s"}," с"]},{"$i":"callDurationTextFormatSeconds","$v":[{"t":"idOrVar","v":"s"}," с"]},{"$i":"callEnded","$v":"Дзвінок завершено"},{"$i":"callInformation","$v":"Відомості про дзвінок"},{"$i":"callLog","$v":"Журнал дзвінків"},{"$i":"callLogEdit","title":"Редагувати журнал дзвінків"},{"$i":"callLogEditDialog","ariaLabel":"Редагувати діалогове вікно журналу дзвінків"},{"$i":"caller-left-call","$v":[{"t":"idOrVar","v":"caller"}," завершує дзвінок."]},{"$i":"calllog-all","$v":"Усі"},{"$i":"calllog-deselectAll","$v":"Скасувати вибір усіх"},{"$i":"calllog-none","$v":"Немає"},{"$i":"calllog-selectAll","$v":"Вибрати все"},{"$i":"canceled","$v":"Скасовано"},{"$i":"clear-all-text","$v":"Очистити весь текст"},{"$i":"close","$v":"Закрити"},{"$i":"composeEmail","ariaLabel":"Адреса електронної пошти"},{"$i":"conferenceAddError","$v":"Не вдалось об’єднати дзвінки"},{"$i":"conferenceCall","$v":["Конференція (",{"t":"idOrVar","v":"n"},")"]},{"$i":"conferenceRemoveError","$v":"Не вдалося роз’єднати дзвінки"},{"$i":"confirm-deletion","$v":"Очистити вибрані дзвінки?"},{"$i":"connecting","$v":"Підключення"},{"$i":"connectingEllipsis","$v":"Підключення…"},{"$i":"contactDetails","$v":"Контактні дані"},{"$i":"createNewContact","$v":"Створити новий контакт"},{"$i":"delete-n-log?","$v":{"few":["Видалити ",{"t":"idOrVar","v":"n"}," журнали?"],"many":["Видалити ",{"t":"idOrVar","v":"n"}," журналів?"],"one":"Видалити вибраний журнал?","other":["Видалити ",{"t":"idOrVar","v":"n"}," журналу?"],"two":["Видалити ",{"t":"idOrVar","v":"n"}," журнали?"],"zero":"Нічого не вибрано"},"$x":[{"t":"idOrVar","v":"plural"},"n"]},{"$i":"deselect","$v":"Скасувати вибір"},{"$i":"dialed","$v":"Набрані"},{"$i":"dialer-prompt","$v":"Наберіть номер або виберіть контакт, щоб додати абонента до дзвінка"},{"$i":"dialerAddContact","ariaLabel":"Додати контакт"},{"$i":"dialerAddContactDialog","ariaLabel":"Діалогове вікно \"Додавання контакту"},{"$i":"edit-selected","$v":{"few":["вибрано (",{"t":"idOrVar","v":"n"},")"],"many":["вибрано (",{"t":"idOrVar","v":"n"},")"],"one":["вибрано (",{"t":"idOrVar","v":"n"},")"],"other":["вибрано (",{"t":"idOrVar","v":"n"},")"],"two":["вибрано (",{"t":"idOrVar","v":"n"},")"]},"$x":[{"t":"idOrVar","v":"plural"},"n"]},{"$i":"emailDetail","ariaLabel":"Адреса електронної пошти"},{"$i":"from-contact","$v":["Від: ",{"t":"idOrVar","v":"contact"}]},{"$i":"from-number","$v":["Від: ",{"t":"idOrVar","v":"number"}]},{"$i":"from-withheld-number","$v":"З невідомого номера"},{"$i":"hangup-a11y-button","ariaLabel":"Зависання"},{"$i":"hide","$v":"Приховати"},{"$i":"hideKeypad","ariaLabel":"Приховати клавіатуру"},{"$i":"hold","ariaLabel":"Утримувати"},{"$i":"hours","$v":"год."},{"$i":"ignore","$v":"Ігнорувати дзвінок"},{"$i":"incoming","$v":"Вхідні"},{"$i":"incoming-call","$v":"Вхідний дзвінок"},{"$i":"info-missed","$v":"Пропущені"},{"$i":"keypad","ariaLabel":"Клавіатура"},{"$i":"log-item","$v":"Опції"},{"$i":"makeCall","ariaLabel":"Подзвонити"},{"$i":"merge","ariaLabel":"Об’єднати"},{"$i":"minutes","$v":"хвилини"},{"$i":"missed","$v":"Пропущені","ariaLabel":"Пропущені"},{"$i":"missedCall","$v":"Пропущений дзвінок"},{"$i":"missedCallMultiSims","$v":["Пропущений дзвінок (SIM",{"t":"idOrVar","v":"n"},")"]},{"$i":"mmi-error","$v":"Сталася помилка під час надсилання повідомлення"},{"$i":"mmi-notification-title-with-sim","$v":["(",{"t":"idOrVar","v":"sim"},") ",{"t":"idOrVar","v":"title"}]},{"$i":"mmi-session-expired","$v":"Термін дії сеансу минув"},{"$i":"mmi-successfully-sent","$v":"Повідомлення надіслано"},{"$i":"mute","ariaLabel":"Вимкнути звук"},{"$i":"newCall","ariaLabel":"Новий дзвінок"},{"$i":"no-logs-msg-1","$v":"Немає записаних дзвінків"},{"$i":"no-logs-msg-2","$v":"Розпочати обмін повід. зараз"},{"$i":"no-logs-msg-3","$v":"Немає записаних дзвінків"},{"$i":"no-logs-msg-4","$v":"Розпочати обмін повід. зараз"},{"$i":"no-recent-numbers","$v":"У журналі дзвінків немає недавніх номерів, які можна набрати."},{"$i":"onHoldOption","ariaLabel":"На утримуванні"},{"$i":"outgoing","$v":"Вихідні"},{"$i":"outgoing-call","$v":"Вихідний дзвінок"},{"$i":"phoneDetail","ariaLabel":"Телефон"},{"$i":"pickup-a11y-button","ariaLabel":"Вибрати"},{"$i":"received","$v":"Отримані"},{"$i":"receiver","$v":"Приймач"},{"$i":"recents","ariaLabel":"Недавні дзвінки"},{"$i":"reply","$v":"Відповісти"},{"$i":"resume","$v":"Відновити","ariaLabel":"Відновити"},{"$i":"search-results","$v":"Результати пошуку"},{"$i":"seconds","$v":"секунди"},{"$i":"select-audio-sources","$v":"Вибрати аудіоджерела"},{"$i":"send","$v":"Надіслати"},{"$i":"send-sms-button","ariaLabel":"SMS"},{"$i":"sendSms","$v":"Надіслати повідомлення"},{"$i":"separator","$v":","},{"$i":"sim-number","$v":["SIM",{"t":"idOrVar","v":"n"}]},{"$i":"speaker","$v":"Динамік"},{"$i":"speakerOption","ariaLabel":"Динамік"},{"$i":"suggestionMatches","$v":{"few":[{"t":"idOrVar","v":"n"}," збіги за номером ",{"t":"idOrVar","v":"matchNumber"}],"many":[{"t":"idOrVar","v":"n"}," збігів за номером ",{"t":"idOrVar","v":"matchNumber"}],"one":[{"t":"idOrVar","v":"n"}," збіг за номером ",{"t":"idOrVar","v":"matchNumber"}],"other":[{"t":"idOrVar","v":"n"}," збігу за номером ",{"t":"idOrVar","v":"matchNumber"}],"two":[{"t":"idOrVar","v":"n"}," збіги за номером ",{"t":"idOrVar","v":"matchNumber"}]},"$x":[{"t":"idOrVar","v":"plural"},"n"]},{"$i":"switch-calls","$v":"Переключити дзвінки"},{"$i":"tcl-assign","$v":"Призначити"},{"$i":"tcl-assign-speed-dial","$v":{"$o":["Контакту не призначено клавішу швидкого набору \"",{"t":"idOrVar","v":"speedDial"},"\".<br></br>Призначити зараз?"]}},{"$i":"tcl-call-log-delete-group-notification","$v":["Записів видалено: ",{"t":"idOrVar","v":"n"}]},{"$i":"tcl-calllog-entry-removed-err-notification","$v":"Не вдалося видалити запис журналу дзвінків."},{"$i":"tcl-calllog-entry-removed-succ-notification","$v":"Запис журналу дзвінків видалено"},{"$i":"tcl-cancel","$v":"Скасувати"},{"$i":"tcl-confirmation","$v":"Підтвердження"},{"$i":"tcl-delete-log","$v":"Видалити вибрані записи з журналу дзвінків?"},{"$i":"tcl-dialer","$v":"Набір"},{"$i":"tcl-edit-not-selected","$v":"вибрано (0)"},{"$i":"tcl-option-menu-call-log-edit","$v":"Редагувати журнал дзвінків"},{"$i":"today","$v":"Сьогодні"},{"$i":"toggleKeypad","ariaLabel":"Переключити клавіатуру"},{"$i":"type-your-response","placeholder":"Введіть свою відповідь…"},{"$i":"unknown","$v":"Невідомо"},{"$i":"unlock-a11y-button","ariaLabel":"Повзунок"},{"$i":"ussd-services","$v":["Послуги ",{"t":"idOrVar","v":"operator"}]},{"$i":"via-sim","$v":["через SIM",{"t":"idOrVar","v":"n"}]},{"$i":"view-all","$v":"Переглянути все"},{"$i":"wifi-calling","$v":"Здійснення дзвінка через Wi-Fi"},{"$i":"withheld-number","$v":"Невідомо"},{"$i":"yesterday","$v":"Учора"},{"$i":"SimPin2","$v":"PIN2-код SIM-картки"},{"$i":"SimPuk2","$v":"PUK2-код SIM-картки"},{"$i":"serviceClassFax","$v":"ФАКС"},{"$i":"serviceClassPad","$v":"ПАНЕЛЬ"},{"$i":"serviceClassSms","$v":"SMS"},{"$i":"DialModifiedToDial","$v":"Dial modified to dial"},{"$i":"DialModifiedToSs","$v":"Dial modified to SS"},{"$i":"DialModifiedToUssd","$v":"Dial modified to USSD"},{"$i":"FdnCheckFailure","$v":"Помилка перевірки номерів фіксованого набору"},{"$i":"IllegalSimOrMe","$v":"Недійсна SIM-картка або ME"},{"$i":"InvalidParameter","$v":"Неправильний параметр"},{"$i":"ModeNotSupported","$v":"Режим не підтримується"},{"$i":"OpNotAllowedDuringVoiceCall","$v":"Операція не виконується під час голос. дзвінків"},{"$i":"PasswordIncorrect","$v":"Неправильний пароль"},{"$i":"RadioNotAvailable","$v":"Radio not available"},{"$i":"RejectedByRemote","$v":"Відхилено віддал. вузлом"},{"$i":"RequestNotSupported","$v":"Запит не підтримується"},{"$i":"ServiceIsDisabled","$v":"Службу вимкнено"},{"$i":"ServiceIsEnabled","$v":"Службу ввімкнено"},{"$i":"ServiceIsEnabledFor","$v":"Службу ввімкнено для:"},{"$i":"SimAbsent","$v":"SIM-картка відсутня"},{"$i":"SmsSendFailRetry","$v":"Не вдалося надіслати SMS; повторити"},{"$i":"SsModifiedToDial","$v":"SS змінено на набір"},{"$i":"SsModifiedToSs","$v":"SS змінено на SS"},{"$i":"SsModifiedToUssd","$v":"SS змінено на USSD"},{"$i":"SubscriptionNotAvailable","$v":"Підписка недоступна"},{"$i":"SubscriptionNotSupported","$v":"Підписка не підтримується"},{"$i":"UssdModifiedToDial","$v":"USSD змінено на набір"},{"$i":"UssdModifiedToSs","$v":"USSD змінено на SS"},{"$i":"UssdModifiedToUssd","$v":"USSD змінено на USSD"},{"$i":"call-forwarding-async","$v":["Асинхронний: ",{"t":"idOrVar","v":"async"}]},{"$i":"call-forwarding-data","$v":["Дані: ",{"t":"idOrVar","v":"data"}]},{"$i":"call-forwarding-error","$v":"Сталася помилка під час отримання стану переадресації дзвінків"},{"$i":"call-forwarding-fax","$v":["ФАКС: ",{"t":"idOrVar","v":"fax"}]},{"$i":"call-forwarding-inactive","$v":"Вимкнено"},{"$i":"call-forwarding-packet","$v":["Пакет: ",{"t":"idOrVar","v":"packet"}]},{"$i":"call-forwarding-pad","$v":["ПАНЕЛЬ: ",{"t":"idOrVar","v":"pad"}]},{"$i":"call-forwarding-sms","$v":["SMS: ",{"t":"idOrVar","v":"sms"}]},{"$i":"call-forwarding-status","$v":"Стан переадресації дзвінків"},{"$i":"call-forwarding-sync","$v":["Синхронізовано: ",{"t":"idOrVar","v":"sync"}]},{"$i":"call-forwarding-voice","$v":["Голос: ",{"t":"idOrVar","v":"voice"}]},{"$i":"emMmiError","$v":"Проблема з’єднання або неправильний MMI-код"},{"$i":"emMmiErrorBadPin","$v":"Введено неправильний старий PIN-код."},{"$i":"emMmiErrorBadPuk","$v":"Введено неправильний PUK-код."},{"$i":"emMmiErrorEnablePin","$v":"Сталася помилка. Увімкніть БЛОКУВАННЯ SIM/RUIM"},{"$i":"emMmiErrorInvalidAction","$v":"Неправильна дія"},{"$i":"emMmiErrorInvalidPin","$v":"Введіть PIN-код (від 4 до 8 цифр)"},{"$i":"emMmiErrorInvalidScCode","$v":"Неправильний службовий код"},{"$i":"emMmiErrorMismatchPin","$v":"Введені PIN-коди не збігаються."},{"$i":"emMmiErrorMmiFdn","$v":"Операція виконується тільки для номерів фікс. набору"},{"$i":"emMmiErrorNeedPuk2","$v":"Введіть PUK2-код, щоб розблокувати SIM-картку"},{"$i":"emMmiErrorNeedsPuk","$v":"Вашу SIM-картку заблоковано PUK-кодом."},{"$i":"emMmiErrorNotSupported","$v":"MMI-код не підтримується або неправильний"},{"$i":"emMmiErrorPasswordIncorrect","$v":"Неправильний пароль"},{"$i":"emMmiErrorPinPukAttempts","$v":{"few":["Залишилося ",{"t":"idOrVar","v":"n"}," спроби"],"many":["Залишилося ",{"t":"idOrVar","v":"n"}," спроб"],"one":["Залишилося спроб: ",{"t":"idOrVar","v":"n"}],"other":["Залишилося ",{"t":"idOrVar","v":"n"}," спроби"],"two":["Залишилося ",{"t":"idOrVar","v":"n"}," спроби"]},"$x":[{"t":"idOrVar","v":"plural"},"n"]},{"$i":"emMmiErrorSimBlocked","$v":"Перевищено макс. кількість спроб. SIM-картку заблоковано."},{"$i":"emMmiErrorStkCcSsDial","$v":"Запит SS змінено на запит НАБОРУ"},{"$i":"emMmiErrorStkCcSsSs","$v":"Запит SS змінено на новий запит SS"},{"$i":"emMmiErrorStkCcSsUssd","$v":"Запит SS змінено на запит USSD"},{"$i":"emMmiErrorStkCcUssdDial","$v":"Запит USSD змінено на запит НАБОРУ"},{"$i":"emMmiErrorStkCcUssdSs","$v":"Запит USSD змінено на запит SS"},{"$i":"emMmiErrorStkCcUssdUssd","$v":"Запит USSD змінено на новий запит USSD"},{"$i":"fihVersion","$v":"Версія FIH"},{"$i":"imeiAndSvn","$v":"IMEI та SVN"},{"$i":"internalVersion","$v":"Внутрішня версія"},{"$i":"serviceClassData","$v":"Дані"},{"$i":"serviceClassDataAsync","$v":"Асинхрон."},{"$i":"serviceClassDataSync","$v":"Синхронізувати"},{"$i":"serviceClassPacket","$v":"Пакет"},{"$i":"serviceClassVoice","$v":"Голосові записи"},{"$i":"smClirDefaultOffNextCallOff","$v":"Станд. настройки даних абонента не обмежено. Наступн. дзвін.: не обмежено"},{"$i":"smClirDefaultOffNextCallOn","$v":"Станд. настройки даних абонента не обмежено. Наступн. дзвін.: обмежено"},{"$i":"smClirDefaultOnNextCallOff","$v":"Станд. настройки даних абонента обмежено. Наступн. дзвін.: не обмежено"},{"$i":"smClirDefaultOnNextCallOn","$v":"Станд. настройки даних абонента обмежено. Наступн. дзвін.: обмежено"},{"$i":"smClirPermanent","$v":"Ви не можете змінювати дані абонента"},{"$i":"smPin2Changed","$v":"PIN2-код змінено"},{"$i":"smPin2Unblocked","$v":"PIN2-код розблоковано"},{"$i":"smPinChanged","$v":"PIN-код змінено"},{"$i":"smPinUnblocked","$v":"PIN-код розблоковано"},{"$i":"smServiceDisabled","$v":"Службу вимкнено"},{"$i":"smServiceEnabled","$v":"Службу ввімкнено"},{"$i":"smServiceEnabledFor","$v":"Службу ввімкнено для:"},{"$i":"smServiceErased","$v":"Стирання виконано"},{"$i":"smServiceInterrogated","$v":"Запит виконано"},{"$i":"smServiceNotProvisioned","$v":"Служба недоступна"},{"$i":"smServiceRegistered","$v":"Реєстрацію завершено"},{"$i":"another","$v":"Інше"},{"$i":"current","$v":"Поточн."},{"$i":"customTag","$v":"Користув. позначка","placeholder":"Користув. позначка"},{"$i":"faxHome","$v":"Факс (дім)"},{"$i":"faxOffice","$v":"Факс (офіс)"},{"$i":"faxOther","$v":"Факс (інше)"},{"$i":"itemWithLabel","$v":[{"t":"idOrVar","v":"label"},", ",{"t":"idOrVar","v":"item"}]},{"$i":"label","$v":"Мітка"},{"$i":"other","$v":"Інший"},{"$i":"tcl-customTag","$v":"Користув. позначка"},{"$i":"dateTimeFormat_%c","$v":"%a %b %e %Y %I:%M:%S %p"},{"$i":"dateTimeFormat_%x","$v":"%m/%d/%Y"},{"$i":"days-ago-long","$v":{"few":[{"t":"idOrVar","v":"value"}," дні тому"],"many":[{"t":"idOrVar","v":"value"}," днів тому"],"one":"учора","other":[{"t":"idOrVar","v":"value"}," дня тому"],"two":[{"t":"idOrVar","v":"value"}," дні тому"],"zero":"сьогодні"},"$x":[{"t":"idOrVar","v":"plural"},"value"]},{"$i":"days-ago-short","$v":{"other":[{"t":"idOrVar","v":"value"}," дня тому"],"zero":"сьогодні"},"$x":[{"t":"idOrVar","v":"plural"},"value"]},{"$i":"days-until-long","$v":{"few":["через ",{"t":"idOrVar","v":"value"}," дн."],"many":["через ",{"t":"idOrVar","v":"value"}," дн."],"one":"завтра","other":["через ",{"t":"idOrVar","v":"value"}," дн."],"two":["через ",{"t":"idOrVar","v":"value"}," дн."],"zero":"сьогодні"},"$x":[{"t":"idOrVar","v":"plural"},"value"]},{"$i":"days-until-short","$v":{"other":["через ",{"t":"idOrVar","v":"value"}," дн."],"zero":"сьогодні"},"$x":[{"t":"idOrVar","v":"plural"},"value"]},{"$i":"hours-ago-long","$v":{"few":[{"t":"idOrVar","v":"value"}," години тому"],"many":[{"t":"idOrVar","v":"value"}," годин тому"],"one":"годину тому","other":[{"t":"idOrVar","v":"value"}," години тому"],"two":[{"t":"idOrVar","v":"value"}," години тому"],"zero":"просто зараз"},"$x":[{"t":"idOrVar","v":"plural"},"value"]},{"$i":"hours-ago-short","$v":{"other":[{"t":"idOrVar","v":"value"}," години тому"],"zero":"просто зараз"},"$x":[{"t":"idOrVar","v":"plural"},"value"]},{"$i":"hours-until-long","$v":{"few":["через ",{"t":"idOrVar","v":"value"}," год."],"many":["через ",{"t":"idOrVar","v":"value"}," год."],"one":"через годину","other":["через ",{"t":"idOrVar","v":"value"}," год."],"two":["через ",{"t":"idOrVar","v":"value"}," год."],"zero":"зараз"},"$x":[{"t":"idOrVar","v":"plural"},"value"]},{"$i":"hours-until-short","$v":{"other":["через ",{"t":"idOrVar","v":"value"}," год."],"zero":"зараз"},"$x":[{"t":"idOrVar","v":"plural"},"value"]},{"$i":"incorrectDate","$v":"(неправильна дата)"},{"$i":"minutes-ago-long","$v":{"few":[{"t":"idOrVar","v":"value"}," хвилини тому"],"many":[{"t":"idOrVar","v":"value"}," хвилин тому"],"one":"Хвилину тому","other":[{"t":"idOrVar","v":"value"}," хвилини тому"],"two":[{"t":"idOrVar","v":"value"}," хвилини тому"],"zero":"просто зараз"},"$x":[{"t":"idOrVar","v":"plural"},"value"]},{"$i":"minutes-ago-short","$v":{"other":[{"t":"idOrVar","v":"value"}," хвилини тому"],"zero":"просто зараз"},"$x":[{"t":"idOrVar","v":"plural"},"value"]},{"$i":"minutes-until-long","$v":{"few":["через ",{"t":"idOrVar","v":"value"}," хв."],"many":["через ",{"t":"idOrVar","v":"value"}," хв."],"one":"через хвилину","other":["через ",{"t":"idOrVar","v":"value"}," хв."],"two":["через ",{"t":"idOrVar","v":"value"}," хв."],"zero":"зараз"},"$x":[{"t":"idOrVar","v":"plural"},"value"]},{"$i":"minutes-until-short","$v":{"other":["через ",{"t":"idOrVar","v":"value"}," хв."],"zero":"зараз"},"$x":[{"t":"idOrVar","v":"plural"},"value"]},{"$i":"month-0-genitive","$v":"січня"},{"$i":"month-0-long","$v":"Січень"},{"$i":"month-0-short","$v":"Січ"},{"$i":"month-1-genitive","$v":"лютого"},{"$i":"month-1-long","$v":"Лютий"},{"$i":"month-1-short","$v":"Лют"},{"$i":"month-10-genitive","$v":"листопада"},{"$i":"month-10-long","$v":"Листопад"},{"$i":"month-10-short","$v":"Лис"},{"$i":"month-11-genitive","$v":"грудня"},{"$i":"month-11-long","$v":"Грудень"},{"$i":"month-11-short","$v":"Гру"},{"$i":"month-2-genitive","$v":"березня"},{"$i":"month-2-long","$v":"Березень"},{"$i":"month-2-short","$v":"Бер"},{"$i":"month-3-genitive","$v":"квітня"},{"$i":"month-3-long","$v":"Квітень"},{"$i":"month-3-short","$v":"Кві"},{"$i":"month-4-genitive","$v":"травня"},{"$i":"month-4-long","$v":"Травень"},{"$i":"month-4-short","$v":"Тра"},{"$i":"month-5-genitive","$v":"червня"},{"$i":"month-5-long","$v":"Червень"},{"$i":"month-5-short","$v":"Чер"},{"$i":"month-6-genitive","$v":"липня"},{"$i":"month-6-long","$v":"Липень"},{"$i":"month-6-short","$v":"Лип"},{"$i":"month-7-genitive","$v":"серпня"},{"$i":"month-7-long","$v":"Серпень"},{"$i":"month-7-short","$v":"Сер"},{"$i":"month-8-genitive","$v":"вересня"},{"$i":"month-8-long","$v":"Вересень"},{"$i":"month-8-short","$v":"Вер"},{"$i":"month-9-genitive","$v":"жовтня"},{"$i":"month-9-long","$v":"Жовтень"},{"$i":"month-9-short","$v":"Жов"},{"$i":"months-ago-long","$v":{"few":[{"t":"idOrVar","v":"value"}," місяці тому"],"many":[{"t":"idOrVar","v":"value"}," місяців тому"],"one":"минулий місяць","other":[{"t":"idOrVar","v":"value"}," місяця тому"],"two":[{"t":"idOrVar","v":"value"}," місяці тому"],"zero":"цього місяця"},"$x":[{"t":"idOrVar","v":"plural"},"value"]},{"$i":"months-until-long","$v":{"few":["через ",{"t":"idOrVar","v":"value"}," міс."],"many":["через ",{"t":"idOrVar","v":"value"}," міс."],"one":"наступного місяця","other":["через ",{"t":"idOrVar","v":"value"}," міс."],"two":["через ",{"t":"idOrVar","v":"value"}," міс."],"zero":"цього місяця"},"$x":[{"t":"idOrVar","v":"plural"},"value"]},{"$i":"shortDateTimeFormat","$v":"%x %I:%M %p"},{"$i":"shortTimeFormat","$v":"%I:%M %p"},{"$i":"shortTimeFormat12","$v":"%I:%M %p"},{"$i":"shortTimeFormat24","$v":"%H:%M"},{"$i":"time_am","$v":"ДП"},{"$i":"time_pm","$v":"ПП"},{"$i":"weekday-0-long","$v":"Неділя"},{"$i":"weekday-0-short","$v":"Нд"},{"$i":"weekday-1-long","$v":"Понеділок"},{"$i":"weekday-1-short","$v":"Пн"},{"$i":"weekday-2-long","$v":"Вівторок"},{"$i":"weekday-2-short","$v":"Вт"},{"$i":"weekday-3-long","$v":"Середа"},{"$i":"weekday-3-short","$v":"Ср"},{"$i":"weekday-4-long","$v":"Четвер"},{"$i":"weekday-4-short","$v":"Чт"},{"$i":"weekday-5-long","$v":"П’ятниця"},{"$i":"weekday-5-short","$v":"Пт"},{"$i":"weekday-6-long","$v":"Субота"},{"$i":"weekday-6-short","$v":"Сб"},{"$i":"weeks-ago-long","$v":{"few":[{"t":"idOrVar","v":"value"}," тижні тому"],"many":[{"t":"idOrVar","v":"value"}," тижнів тому"],"one":"минулий тиждень","other":[{"t":"idOrVar","v":"value"}," тижня тому"],"two":[{"t":"idOrVar","v":"value"}," тижні тому"],"zero":"цього тижня"},"$x":[{"t":"idOrVar","v":"plural"},"value"]},{"$i":"weeks-until-long","$v":{"few":["через ",{"t":"idOrVar","v":"value"}," тиж."],"many":["через ",{"t":"idOrVar","v":"value"}," тиж."],"one":"наступного тижня","other":["через ",{"t":"idOrVar","v":"value"}," тиж."],"two":["через ",{"t":"idOrVar","v":"value"}," тиж."],"zero":"цього тижня"},"$x":[{"t":"idOrVar","v":"plural"},"value"]},{"$i":"years-ago-long","$v":{"few":[{"t":"idOrVar","v":"value"}," роки тому"],"many":[{"t":"idOrVar","v":"value"}," років тому"],"one":"минулий рік","other":[{"t":"idOrVar","v":"value"}," року тому"],"two":[{"t":"idOrVar","v":"value"}," роки тому"],"zero":"цього року"},"$x":[{"t":"idOrVar","v":"plural"},"value"]},{"$i":"years-until-long","$v":{"few":["через ",{"t":"idOrVar","v":"value"}," р."],"many":["через ",{"t":"idOrVar","v":"value"}," р."],"one":"наступного року","other":["через ",{"t":"idOrVar","v":"value"}," р."],"two":["через ",{"t":"idOrVar","v":"value"}," р."],"zero":"цього року"},"$x":[{"t":"idOrVar","v":"plural"},"value"]},{"$i":"dateTimeFormat_%X","$v":"%I:%M:%S %p"},{"$i":"weekStartsOnMonday","$v":"0"},{"$i":"firstDayOfTheWeek","$v":"1"}]
