[{"$i":"clockDateFormat","$v":"%a, %e %b"},{"$i":"deviceIsUnlocked","$v":"آلہ ان لاکڈ ہے"},{"$i":"simUnlockCodeAccepted","$v":"سم انلاک کوڈ قبول کیا جاتا ہے"},{"$i":"simUnlockCodeFailed","$v":"سم ان لاک ناکام"},{"$i":"eccOnly","$v":"صرف ہنگامی کالز"},{"$i":"emergencyCallsOnly","$v":"صرف ہنگامی کالز"},{"$i":"lockedSim","$v":"مقفل SIM"},{"$i":"noService","$v":"کوئی سروس نہیں"},{"$i":"noSimCard","$v":"کوئی SIM کارڈ نہیں"},{"$i":"searching","$v":"تلاش کیا جا رہا ہے..."},{"$i":"airplane-mode","$v":"ایئر پلین موڈ"},{"$i":"bluetooth","$v":"بلوٹوتھ"},{"$i":"brightness","$v":"چمک"},{"$i":"calculator","$v":"کیلکولیٹر"},{"$i":"camera","$v":"کیمرا"},{"$i":"cellular-data","$v":"سیلولر ڈیٹا"},{"$i":"confirm-to-uninstall-app","$v":[{"t":"idOrVar","v":"appName"}," ایپ کو ان انسٹال کریں؟"]},{"$i":"flashlight","$v":"فلیش لائٹ"},{"$i":"instant-settings","$v":"فوری سیٹنگز"},{"$i":"off","$v":"آف"},{"$i":"on","$v":"آن"},{"$i":"shortcuts","$v":"شارٹ کٹس"},{"$i":"uninstall","$v":"اَن انسٹال کریں"},{"$i":"volume","$v":"والیوم"},{"$i":"wifi","$v":"WiFi"},{"$i":"percentage-number","$v":[{"t":"idOrVar","v":"number"},"%"]},{"$i":"all-apps","$v":"تمام ایپس"},{"$i":"scImei","$v":"IMEI"},{"$i":"scMeid","$v":"MEID"},{"$i":"scUssd","$v":"USSD"},{"$i":"CallFailed","$v":"کال ناکام"},{"$i":"GenericFailure","$v":"کلی ناکامی"},{"$i":"add-smart-collections","$v":"اسمارٹ کلیکشن شامل کریں"},{"$i":"add-to-existing-contact","$v":"موجودہ رابطہ میں شامل کریں"},{"$i":"alert-for-contacts-without-number","$v":"فون نمبر کے ساتھ کوئی بھی روابط دستیاب نہیں ہیں۔"},{"$i":"app-title","$v":"مائی ایپس"},{"$i":"app-uninstall","$v":[{"t":"idOrVar","v":"name"}," غیر نصب کیا گيا تھا"]},{"$i":"assign","$v":"تفویض کریں"},{"$i":"assign-speed-dial","$v":["رابطہ کو بٹن ",{"t":"idOrVar","v":"n"}," پر بطور تیز ڈائل شامل نہیں کیا گیا تھا۔ ابھی تفویض کریں ؟"]},{"$i":"assign-voicemail","$v":"وائس میل نمبر سیٹ نہیں کیا گیا ہے۔"},{"$i":"call","$v":"کال کریں"},{"$i":"callAirplaneModeMessage","$v":"کال کرنے کیلئے آپ کو سیٹنگز میں ہوائی جہاز موڈ غیر فعال کرنے کی ضرورت ہوگی۔"},{"$i":"callAirplaneModeTitle","$v":"ایئر پلین موڈ فعال شدہ"},{"$i":"cancel","$v":"منسوخ کریں"},{"$i":"change-wallpaper","$v":"وال پیپر تبدیل کریں"},{"$i":"clocks-updated","$v":"گھڑیاں اپ ڈیٹ ہوگئی"},{"$i":"confirmation","$v":"توثیق کاری"},{"$i":"contacts","$v":"رابطے"},{"$i":"create-new-contact","$v":"نیا اکاؤںٹ بنائیں"},{"$i":"delete","$v":"حذف کریں"},{"$i":"delete-body","$v":[{"t":"idOrVar","v":"name"}," اور اس کا تمام ڈیٹا حذف کردیا جائے گا۔"]},{"$i":"delete-title","$v":[{"t":"idOrVar","v":"name"}," حذف کریں"]},{"$i":"edit","$v":"ترمیم کریں"},{"$i":"edit-done","$v":"ہو گیا"},{"$i":"edit-group-header","$v":"گروپ میں ترمیم کریں"},{"$i":"edit-mode","$v":"ترمیم کریں"},{"$i":"emergency-call-error","$v":[{"t":"idOrVar","v":"number"}," ایک ہنگامی نمبر نہیں ہے۔"]},{"$i":"emergency-call-only","$v":"صرف ہنگامی کال"},{"$i":"emergencyDialogBodyBadNumber","$v":"کال کرنے کیلئے، فون کو نیٹ ورک سے جڑا ہونا ضروری ہے۔"},{"$i":"emergencyDialogBodyDeviceNotAccepted","$v":"ہنگامی کالز نیٹ ورک کے ذریعے اجازت یافتہ نہیں ہے۔"},{"$i":"emergencyDialogTitle","$v":"کوئی نیٹ ورک کنکشن نہیں"},{"$i":"fax-home","$v":"فیکس ہوم"},{"$i":"fax-office","$v":"فیکس آفیس"},{"$i":"fax-other","$v":"فیکس دیگر"},{"$i":"fdnIsActiveMessage","$v":["FDN (فکسڈ ڈائلنگ نمبرز) فعال شدہ ہے اور مندرجہ ذیل نمبر آپ کی FDN فہرست میں نہیں ہے: ",{"t":"idOrVar","v":"number"}]},{"$i":"fdnIsActiveTitle","$v":"FDN فعال"},{"$i":"gaia-shortcut-app-updated","$v":"ایپ اپ ڈیٹ ہوگیا"},{"$i":"grid-view","$v":"جدول کا منظر"},{"$i":"home","$v":"گھر"},{"$i":"homescreen-settings","$v":"ہوم اسکرین سیٹنگز"},{"$i":"invalidNumberToDialMessage","$v":"آپ جس نمبر پر کال کررہے ہیں وہ غلط ہے۔"},{"$i":"invalidNumberToDialTitle","$v":"غیر مجاز فون نمبر"},{"$i":"list-view","$v":"فہرست کا منظر"},{"$i":"longDateFormat","$v":"%A, %B %e"},{"$i":"menu","$v":"مینو"},{"$i":"message","$v":"پیغام"},{"$i":"mobile","$v":"موبائل"},{"$i":"more","$v":"مزید"},{"$i":"move","$v":"منتقل کریں"},{"$i":"notifications","$v":"نوٹسیز"},{"$i":"numberIsBusyMessage","$v":"نمبر فی الحال مصروف ہے۔ براہ کرم بعد ازاں دوبارہ کوشش کریں۔"},{"$i":"numberIsBusyTitle","$v":"نمبر مصروف ہے"},{"$i":"ok","$v":"ٹھیک ہے"},{"$i":"option-remove","$v":"اسپیڈ ڈائل سے ہٹائیں"},{"$i":"option-replace","$v":"بدلیں"},{"$i":"options","$v":"اختیارات"},{"$i":"otherConnectionInUseMessage","$v":"دیگر کنیکشن پر آپ کا کوئی فعال کال ہے۔ آپ ایک وقت میں صرف ایک کنیکشن استعمال کر سکتے ہیں۔"},{"$i":"otherConnectionInUseTitle","$v":"دوسرا کنیکشن زیر استعمال ہے"},{"$i":"personal","$v":"ذاتی"},{"$i":"remove","$v":"ہٹائیں"},{"$i":"remove-speed-dial","$v":["کیا آپ یقیناً تیز ڈائل سے ",{"t":"idOrVar","v":"name"}," نکالنا چاہتے ہیں ؟"]},{"$i":"replace","$v":"بدلیں"},{"$i":"replace-speed-dial","$v":["کیا آپ یقیناً تیز ڈائل ",{"t":"idOrVar","v":"name"}," کو ",{"t":"idOrVar","v":"subName"}," سے تبدیل کرنا چاہتے ہیں؟"]},{"$i":"resume-download-action","$v":"ڈاؤن لوڈ کریں"},{"$i":"resume-download-body","$v":["کیا آپ ",{"t":"idOrVar","v":"name"}," ڈاؤن لوڈ کرنا چاہتے ہیں؟"]},{"$i":"resume-download-title","$v":"ڈاؤن لوڈ دوبارہ شروع کریں"},{"$i":"scCallBarring","$v":"کال بارنگ"},{"$i":"scCallForwarding","$v":"کال فارورڈ کرنا"},{"$i":"scCallWaiting","$v":"کال منتظر"},{"$i":"scClip","$v":"‏ان کمنگ کالر ID"},{"$i":"scClir","$v":"‏آؤٹ گوئنگ کالر ID"},{"$i":"scPin","$v":"‏PIN میں تبدیلی"},{"$i":"scPin2","$v":"PIN2 تبدیل"},{"$i":"scPuk","$v":"ان بلاک PIN"},{"$i":"scPuk2","$v":"ان بلاک PIN2"},{"$i":"scPwd","$v":"پاس ورڈ میں تبدیلی"},{"$i":"search-or-enter-address","placeholder":"پتہ تلاش یا درج کریں"},{"$i":"select","$v":"منتخب کریں"},{"$i":"sending","$v":"بھیجا جا رہا ہے..."},{"$i":"set","$v":"سیٹ کریں"},{"$i":"settings","$v":"ترتیبات"},{"$i":"single-view","$v":"واحد منظر"},{"$i":"skip","$v":"نظر انداز کریں"},{"$i":"speed-dial","$v":"تیز ڈائل"},{"$i":"speed-dial-empty","ariaLabel":[{"t":"idOrVar","v":"order"},", خالی"]},{"$i":"speed-dial-not-empty","ariaLabel":[{"t":"idOrVar","v":"order"},", ",{"t":"idOrVar","v":"name"}]},{"$i":"stop-download-action","$v":"روکیں"},{"$i":"stop-download-body","$v":"کیا آپ پیش رفت ڈاؤن لوڈ کو روکنا چاہتے ہیں؟"},{"$i":"stop-download-title","$v":[{"t":"idOrVar","v":"name"}," روکیں"]},{"$i":"tcl-wallpaper-changed","$v":"وال پیپر تبدیل ہوگیا"},{"$i":"video-call","$v":"ویڈیو کال"},{"$i":"voicemail","$v":"صوتی میل"},{"$i":"work","$v":"دفتر"},{"$i":"apps","$v":"ایپس"},{"$i":"nocard-eccOnly","$v":"No SIM card-Emergency calls only"},{"$i":"unusablecard-eccOnly","$v":"Unusable SIM card-Emergency calls only"},{"$i":"apn-sim1","$v":"اے۔پی۔این سیٹنگز- سم1"},{"$i":"apn-sim2","$v":"اے۔پی۔این سیٹنگز- سم2"},{"$i":"apnConfigPrepay","$v":"پری پے"},{"$i":"apnConfigPostpay","$v":"پوسٹ پے"},{"$i":"apn-defaultconfig-message","$v":"‏APN کی کونسی قسم دکھانی ہے سیٹ کریں"},{"$i":"apnDefaultConfig","$v":"‏APN طے شدہ تشکیلات"},{"$i":"without-sim-new","$v":[{"t":"idOrVar","v":"index"}]},{"$i":"with-sim-new","$v":[{"t":"idOrVar","v":"index"}," - ",{"t":"idOrVar","v":"carrier"}]},{"$i":"sim-with-index-and-carrier","$v":["SIM ",{"t":"idOrVar","v":"index"}," - ",{"t":"idOrVar","v":"carrier"}]},{"$i":"sim-without-carrier","$v":["SIM ",{"t":"idOrVar","v":"index"}]},{"$i":"call-forwarding-voice-after-seconds","$v":["وائس: ",{"t":"idOrVar","v":"voice"}," کے بعد ",{"t":"idOrVar","v":"timeSeconds"}," سکینڈ"]},{"$i":"addNewNumber","$v":"نیا نمبر شامل کریں"},{"$i":"addToExistingContact","$v":"موجودہ رابطے میں شامل کریں"},{"$i":"all","$v":"تمام","ariaLabel":"تمام"},{"$i":"bluetooth-handsfree-device","$v":"‏Bluetooth ہیںڈز فری آلہ"},{"$i":"bluetoothOption","ariaLabel":"Bluetooth"},{"$i":"callDurationHours","$v":[{"t":"idOrVar","v":"h"},":",{"t":"idOrVar","v":"m"},":",{"t":"idOrVar","v":"s"}]},{"$i":"callDurationMinutes","$v":[{"t":"idOrVar","v":"m"},":",{"t":"idOrVar","v":"s"}]},{"$i":"callDurationTextFormatHours","$v":[{"t":"idOrVar","v":"h"}," h ",{"t":"idOrVar","v":"m"}," m ",{"t":"idOrVar","v":"s"}," s"]},{"$i":"callDurationTextFormatMinutes","$v":[{"t":"idOrVar","v":"m"}," m ",{"t":"idOrVar","v":"s"}," s"]},{"$i":"callDurationTextFormatSeconds","$v":[{"t":"idOrVar","v":"s"}," s"]},{"$i":"callEnded","$v":"کال ختم ہو گئی"},{"$i":"callInformation","$v":"کال کی معلومات"},{"$i":"callLog","$v":"کال لاگ"},{"$i":"callLogEdit","title":"کال لاگ میں ترمیم کریں"},{"$i":"callLogEditDialog","ariaLabel":"کال لاگ مکالمہ میں ترمیم کریں"},{"$i":"caller-left-call","$v":[{"t":"idOrVar","v":"caller"}," نے کال چھوڑ دی ہے۔"]},{"$i":"calllog-all","$v":"تمام"},{"$i":"calllog-deselectAll","$v":"تمام کو غیرمنتخب کریں"},{"$i":"calllog-none","$v":"کوئی نہیں"},{"$i":"calllog-selectAll","$v":"تمام منتخب کریں"},{"$i":"canceled","$v":"منسوخ ہو گیا"},{"$i":"clear-all-text","$v":"تمام متن صاف کریں"},{"$i":"close","$v":"بند کریں"},{"$i":"composeEmail","ariaLabel":"ای میل"},{"$i":"conferenceAddError","$v":"کالز کو ملانے سے قاصر"},{"$i":"conferenceCall","$v":["کانفرنس (",{"t":"idOrVar","v":"n"},")"]},{"$i":"conferenceRemoveError","$v":"کالز کو الگ کرنے سے قاصر"},{"$i":"confirm-deletion","$v":"منتخب کالز کو مٹائیں؟"},{"$i":"connecting","$v":"مربوط کیا جا رہا ہے"},{"$i":"connectingEllipsis","$v":"مربوط کیا جا رہا ہے..."},{"$i":"contactDetails","$v":"رابطہ تفصیلات"},{"$i":"createNewContact","$v":"نیا رابطہ بنائیں"},{"$i":"delete-n-log?","$v":{"few":["لاگز ",{"t":"idOrVar","v":"n"}," حذف کریں؟"],"many":["لاگز ",{"t":"idOrVar","v":"n"}," حذف کریں؟"],"one":"منتخب لاگ حذف کریں؟","other":["لاگز ",{"t":"idOrVar","v":"n"}," حذف کریں؟"],"two":["لاگز ",{"t":"idOrVar","v":"n"}," حذف کریں؟"],"zero":"کچھ منتخب نہیں کیا گیا"},"$x":[{"t":"idOrVar","v":"plural"},"n"]},{"$i":"deselect","$v":"غیرمنتخب کریں"},{"$i":"dialed","$v":"ڈائل شدہ"},{"$i":"dialer-prompt","$v":"کال میں شامل کرنے کے لیے نمبر ڈائل کریں یا رابطہ منتخب کریں"},{"$i":"dialerAddContact","ariaLabel":"رابطہ شامل کریں"},{"$i":"dialerAddContactDialog","ariaLabel":"رابطہ مکالمہ شامل کریں"},{"$i":"edit-selected","$v":{"few":["منتخب(",{"t":"idOrVar","v":"n"},")"],"many":["منتخب(",{"t":"idOrVar","v":"n"},")"],"one":["منتخب(",{"t":"idOrVar","v":"n"},")"],"other":["منتخب(",{"t":"idOrVar","v":"n"},")"],"two":["منتخب(",{"t":"idOrVar","v":"n"},")"]},"$x":[{"t":"idOrVar","v":"plural"},"n"]},{"$i":"emailDetail","ariaLabel":"ای میل"},{"$i":"from-contact","$v":["منجانب ",{"t":"idOrVar","v":"contact"}]},{"$i":"from-number","$v":["منجانب ",{"t":"idOrVar","v":"number"}]},{"$i":"from-withheld-number","$v":"نامعلوم نمبر سے"},{"$i":"hangup-a11y-button","ariaLabel":"کاٹ دیں"},{"$i":"hide","$v":"چھپائیں"},{"$i":"hideKeypad","ariaLabel":"بٹن پیڈ چھپائیں"},{"$i":"hold","ariaLabel":"تھامیں"},{"$i":"hours","$v":"گھنٹے"},{"$i":"ignore","$v":"کال کو نظرانداز کریں"},{"$i":"incoming","$v":"آمدہ"},{"$i":"incoming-call","$v":"آمدہ کال"},{"$i":"info-missed","$v":"چھوٹی ہوئی"},{"$i":"keypad","ariaLabel":"بٹن پیڈ"},{"$i":"log-item","$v":"اختیارات"},{"$i":"makeCall","ariaLabel":"کال کریں"},{"$i":"merge","ariaLabel":"ضم کریں"},{"$i":"minutes","$v":"منٹس"},{"$i":"missed","$v":"چھوٹی ہوئی","ariaLabel":"چھوٹی ہوئی"},{"$i":"missedCall","$v":"چھوٹی ہوئی کال"},{"$i":"missedCallMultiSims","$v":["(SIM ",{"t":"idOrVar","v":"n"},") چھوٹی ہوئی کال"]},{"$i":"mmi-error","$v":"پیغام بھیجتے ہوئے ایک مسئلہ ہوا ہے"},{"$i":"mmi-notification-title-with-sim","$v":["(",{"t":"idOrVar","v":"sim"},") ",{"t":"idOrVar","v":"title"}]},{"$i":"mmi-session-expired","$v":"سیشن کی معیاد ختم ہو گئی"},{"$i":"mmi-successfully-sent","$v":"پیغام کامیابی سے بھیج دیا گیا"},{"$i":"mute","ariaLabel":"آواز بند کریں"},{"$i":"newCall","ariaLabel":"نئی کال"},{"$i":"no-logs-msg-1","$v":"کوئی کال ریکارڈ نہیں ہوئی"},{"$i":"no-logs-msg-2","$v":"اب بات چیت کرنا شروع کریں"},{"$i":"no-logs-msg-3","$v":"کوئی کال ریکارڈ نہیں ہوئی"},{"$i":"no-logs-msg-4","$v":"اب بات چیت کرنا شروع کریں"},{"$i":"no-recent-numbers","$v":"ڈائل کرنے کے لیے کال لاگز میں کوئی حالیہ نمبر نہیں ہے۔"},{"$i":"onHoldOption","ariaLabel":"انتظار پر"},{"$i":"outgoing","$v":"کی جانے والی"},{"$i":"outgoing-call","$v":"کی جانے والی کال"},{"$i":"phoneDetail","ariaLabel":"فون"},{"$i":"pickup-a11y-button","ariaLabel":"اٹھائیں"},{"$i":"received","$v":"موصول شدہ"},{"$i":"receiver","$v":"موصول کنندہ"},{"$i":"recents","ariaLabel":"حالیہ کالیں"},{"$i":"reply","$v":"جواب"},{"$i":"resume","$v":"جاری رکھیں","ariaLabel":"جاری رکھیں"},{"$i":"search-results","$v":"تلاش کے نتائج"},{"$i":"seconds","$v":"سیکنڈز"},{"$i":"select-audio-sources","$v":"آڈیو ذریعہ منتخب کریں"},{"$i":"send","$v":"بھیجیں"},{"$i":"send-sms-button","ariaLabel":"SMS"},{"$i":"sendSms","$v":"پیغام بھیجیں"},{"$i":"separator","$v":"،"},{"$i":"sim-number","$v":["SIM",{"t":"idOrVar","v":"n"}]},{"$i":"speaker","$v":"اسپیکر"},{"$i":"speakerOption","ariaLabel":"اسپیکر"},{"$i":"suggestionMatches","$v":{"few":[{"t":"idOrVar","v":"n"}," مطابقتیں برائے \"",{"t":"idOrVar","v":"matchNumber"}],"many":[{"t":"idOrVar","v":"n"}," مطابقتیں برائے \"",{"t":"idOrVar","v":"matchNumber"}],"one":[{"t":"idOrVar","v":"n"}," مطابقت برائے \"",{"t":"idOrVar","v":"matchNumber"}],"other":[{"t":"idOrVar","v":"n"}," مطابقتیں برائے \"",{"t":"idOrVar","v":"matchNumber"}],"two":[{"t":"idOrVar","v":"n"}," مطابقتیں برائے \"",{"t":"idOrVar","v":"matchNumber"}]},"$x":[{"t":"idOrVar","v":"plural"},"n"]},{"$i":"switch-calls","$v":"کالیں سوئچ کریں"},{"$i":"tcl-assign","$v":"تفویض کریں"},{"$i":"tcl-assign-speed-dial","$v":{"$o":["رابطہ کو بٹن پر فوری ڈائل کے لیے شامل نہیں کیا گیا تھا \"",{"t":"idOrVar","v":"speedDial"},"\"<br><br>ابھی تفویض کریں؟"]}},{"$i":"tcl-call-log-delete-group-notification","$v":[{"t":"idOrVar","v":"n"}," اندراجات مٹا دیے گئے"]},{"$i":"tcl-calllog-entry-removed-err-notification","$v":"کال لاگ کا اندراج نہیں ہٹایا جا سکتا"},{"$i":"tcl-calllog-entry-removed-succ-notification","$v":"کال لاگ کا اندراج مٹا دیا گیا"},{"$i":"tcl-cancel","$v":"منسوخ کریں"},{"$i":"tcl-confirmation","$v":"توثیق"},{"$i":"tcl-delete-log","$v":"کیا آپ واقعی منتخب اندراجات کو کال لاگ سے مٹانا چاہتے ہیں؟"},{"$i":"tcl-dialer","$v":"ڈائلر"},{"$i":"tcl-edit-not-selected","$v":"منتخب(0)"},{"$i":"tcl-option-menu-call-log-edit","$v":"کال لاگ میں ترمیم کریں"},{"$i":"today","$v":"آج"},{"$i":"toggleKeypad","ariaLabel":"بٹن پیڈ ٹوگل کریں"},{"$i":"type-your-response","placeholder":"اپنا جواب ٹائپ کریں..."},{"$i":"unknown","$v":"نامعلوم"},{"$i":"unlock-a11y-button","ariaLabel":"سلائیڈر"},{"$i":"ussd-services","$v":[{"t":"idOrVar","v":"operator"}," خدمات"]},{"$i":"via-sim","$v":["بذریعہ SIM",{"t":"idOrVar","v":"n"}]},{"$i":"view-all","$v":"تمام دیکھیں"},{"$i":"wifi-calling","$v":"‏Wi-Fi پر کال کرنا"},{"$i":"withheld-number","$v":"نامعلوم"},{"$i":"yesterday","$v":"گزشتہ کل"},{"$i":"SimPin2","$v":"سم پن2"},{"$i":"SimPuk2","$v":"سم PUK2"},{"$i":"serviceClassFax","$v":"FAX"},{"$i":"serviceClassPad","$v":"PAD"},{"$i":"serviceClassSms","$v":"SMS"},{"$i":"DialModifiedToDial","$v":"ڈائل کی ڈائل پر ترمیم کی گئی"},{"$i":"DialModifiedToSs","$v":"ڈائل کی SS پر ترمیم کی گئی"},{"$i":"DialModifiedToUssd","$v":"ڈائل کی USSD پر ترمیم کی گئی"},{"$i":"FdnCheckFailure","$v":"Fdn کی ناکامی"},{"$i":"IllegalSimOrMe","$v":"غیر قانونی سم یا ME"},{"$i":"InvalidParameter","$v":"غلط پیمانہ"},{"$i":"ModeNotSupported","$v":"موڈ تعاون نہیں کرتا"},{"$i":"OpNotAllowedDuringVoiceCall","$v":"وائس کال کے دوران آپریشن کی اجازت نہیں ہے"},{"$i":"PasswordIncorrect","$v":"پاس ورڈ غلط ہے"},{"$i":"RadioNotAvailable","$v":"ریڈیو دستیاب نہیں ہے"},{"$i":"RejectedByRemote","$v":"ریموٹ کے ذریعے مسترد کیا گیا"},{"$i":"RequestNotSupported","$v":"درخواست تعاون یافتہ نہیں ہے"},{"$i":"ServiceIsDisabled","$v":"سروس غیر فعال ہے"},{"$i":"ServiceIsEnabled","$v":"سروس فعال ہے"},{"$i":"ServiceIsEnabledFor","$v":"سروس فعال ہے برائے:"},{"$i":"SimAbsent","$v":"سم غیر حاضر"},{"$i":"SmsSendFailRetry","$v":"SMS بھیجنا ناکام دوبارہ کوشش کریں"},{"$i":"SsModifiedToDial","$v":"SS کی ڈائل میں تریم کردی گئی"},{"$i":"SsModifiedToSs","$v":"SS کی SS میں تریم کردی گئی"},{"$i":"SsModifiedToUssd","$v":"SS کی USSD میں تریم کردی گئی"},{"$i":"SubscriptionNotAvailable","$v":"سبسکرپشن دستیاب نہیں ہے"},{"$i":"SubscriptionNotSupported","$v":"سبسکرپشن تعاون یافتہ نہیں ہے"},{"$i":"UssdModifiedToDial","$v":"USSD کی ڈائل میں تریم کردی گئی"},{"$i":"UssdModifiedToSs","$v":"USSD کی SS میں تریم کردی گئی"},{"$i":"UssdModifiedToUssd","$v":"USSD کی USSD میں تریم کردی گئی"},{"$i":"call-forwarding-async","$v":["ناہَم زَمان: ",{"t":"idOrVar","v":"async"}]},{"$i":"call-forwarding-data","$v":["ڈيٹا: ",{"t":"idOrVar","v":"data"}]},{"$i":"call-forwarding-error","$v":"کال فارورڈ کرنے کی صورتحال کو بازیافت کرتے وقت نقص واقع ہوا"},{"$i":"call-forwarding-fax","$v":["FAX: ",{"t":"idOrVar","v":"fax"}]},{"$i":"call-forwarding-inactive","$v":"غیر فعال"},{"$i":"call-forwarding-packet","$v":["پیکیٹ: ",{"t":"idOrVar","v":"packet"}]},{"$i":"call-forwarding-pad","$v":["PAD: ",{"t":"idOrVar","v":"pad"}]},{"$i":"call-forwarding-sms","$v":["SMS: ",{"t":"idOrVar","v":"sms"}]},{"$i":"call-forwarding-status","$v":"کال فارورڈ کرنے کی صورتحال"},{"$i":"call-forwarding-sync","$v":["ہم وقتی: ",{"t":"idOrVar","v":"sync"}]},{"$i":"call-forwarding-voice","$v":["وائس: ",{"t":"idOrVar","v":"voice"}]},{"$i":"emMmiError","$v":"کنیکشن کا نقص یا غیر مجاز MMI کوڈ"},{"$i":"emMmiErrorBadPin","$v":"آپ نے جو پرانی PIN ٹائپ کی ہے وہ غلط ہے۔"},{"$i":"emMmiErrorBadPuk","$v":"آپ نے جو PUK ٹائپ کی ہے وہ غلط ہے"},{"$i":"emMmiErrorEnablePin","$v":"ناکامیاب۔ SIM/RUIM LOCK فعال کریں"},{"$i":"emMmiErrorInvalidAction","$v":"غیر مجاز عمل"},{"$i":"emMmiErrorInvalidPin","$v":"PIN ٹائپ کریں جو 4 سے 8 اعداد پر مشتمل ہو"},{"$i":"emMmiErrorInvalidScCode","$v":"غیر مجاز سروس کوڈ"},{"$i":"emMmiErrorMismatchPin","$v":"آپ نے جو PINs ٹائپ کی ہیں وہ میل نہیں کھاتی"},{"$i":"emMmiErrorMmiFdn","$v":"آپریشن صرف طئے شدہ ڈائلنگ نمبرز کیلئے محدود ہے"},{"$i":"emMmiErrorNeedPuk2","$v":"سم کارڈ کو ان بلاک کرنے کیلئے PUK2 ٹائپ کریں"},{"$i":"emMmiErrorNeedsPuk","$v":"آپ کا سم کارڈ PUK لاک ہوگیا ہے"},{"$i":"emMmiErrorNotSupported","$v":"غیر مجاز یا غیر تائید یافتہ MMI کوڈ"},{"$i":"emMmiErrorPasswordIncorrect","$v":"غلط پاس ورڈ"},{"$i":"emMmiErrorPinPukAttempts","$v":{"few":[{"t":"idOrVar","v":"n"}," کوششیں باقی ہے"],"many":[{"t":"idOrVar","v":"n"}," کوششیں باقی ہے"],"one":["صرف ",{"t":"idOrVar","v":"n"}," کوشش باقی ہے"],"other":[{"t":"idOrVar","v":"n"}," کوششیں باقی ہے"],"two":[{"t":"idOrVar","v":"n"}," کوششیں باقی ہے"]},"$x":[{"t":"idOrVar","v":"plural"},"n"]},{"$i":"emMmiErrorSimBlocked","$v":"دوبارہ کوشش کرنے کے زیادہ سے زیادہ مواقع سے تجاوز کر گیا۔ سم بلاک ہوگیا"},{"$i":"emMmiErrorStkCcSsDial","$v":"SS کی درخواست کی ڈائل کی درخواست میں ترمیم کر دی گئی ہے"},{"$i":"emMmiErrorStkCcSsSs","$v":"SS کی درخواست کی نئی SS کی درخواست میں ترمیم کر دی گئی ہے"},{"$i":"emMmiErrorStkCcSsUssd","$v":"‏SS درخواست میں ترمیم کر کے USSD درخواست بنا دی گئی ہے۔"},{"$i":"emMmiErrorStkCcUssdDial","$v":"‏USSD درخواست میں ترمیم کر کے DIAL درخواست بنا دی گئی ہے۔"},{"$i":"emMmiErrorStkCcUssdSs","$v":"‏USSD درخواست میں ترمیم کر کے SS درخواست بنا دی گئی ہے۔"},{"$i":"emMmiErrorStkCcUssdUssd","$v":"‏USSD درخواست میں ترمیم کر کے نئی USSD درخواست بنا دی گئی ہے۔"},{"$i":"fihVersion","$v":"‏FIH ورژن"},{"$i":"imeiAndSvn","$v":"IMEI اور SVN"},{"$i":"internalVersion","$v":"داخلی ورژن"},{"$i":"serviceClassData","$v":"ڈیٹا"},{"$i":"serviceClassDataAsync","$v":"Async"},{"$i":"serviceClassDataSync","$v":"مطابقت پذیری کریں"},{"$i":"serviceClassPacket","$v":"پیکٹ"},{"$i":"serviceClassVoice","$v":"آواز"},{"$i":"smClirDefaultOffNextCallOff","$v":"کالر ID ڈیفالٹس محدود نہ کرنا۔ اگلی کال: محدود نہیں"},{"$i":"smClirDefaultOffNextCallOn","$v":"کالر ID ڈیفالٹس محدود نہ کرنا۔ اگلی کال: محدود"},{"$i":"smClirDefaultOnNextCallOff","$v":"کالر ID ڈیفالٹس محدود کرنا۔ اگلی کال: محدود نہیں"},{"$i":"smClirDefaultOnNextCallOn","$v":"کالر ID ڈیفالٹس محدود کرنا۔ اگلی کال: محدود"},{"$i":"smClirPermanent","$v":"آپ کالر آئی ڈی سیٹنگ تبدیل نہیں کر سکتے ہیں"},{"$i":"smPin2Changed","$v":"PIN2 کامیابی کے ساتھ تبدیل ہوگئی"},{"$i":"smPin2Unblocked","$v":"PIN2 کامیابی کے ساتھ ان بلاک ہوگئی"},{"$i":"smPinChanged","$v":"PIN کامیابی کے ساتھ تبدیل ہوگئی"},{"$i":"smPinUnblocked","$v":"PIN کامیابی کے ساتھ انبلاک ہوگئی"},{"$i":"smServiceDisabled","$v":"سروس غیر فعال کردی گئی ہے"},{"$i":"smServiceEnabled","$v":"سروس فعال شدہ تھی"},{"$i":"smServiceEnabledFor","$v":"سروس فعال کی گئی برائے:"},{"$i":"smServiceErased","$v":"مٹانا کامیاب ہوگیا تھا"},{"$i":"smServiceInterrogated","$v":"درخواست ناکام ہوئی تھی"},{"$i":"smServiceNotProvisioned","$v":"سروس فراہم نہیں کی گئی"},{"$i":"smServiceRegistered","$v":"رجسٹریشن کامیاب تھا"},{"$i":"another","$v":"دیگر"},{"$i":"current","$v":"موجودہ"},{"$i":"customTag","$v":"کسٹم ٹيگ","placeholder":"کسٹم ٹيگ"},{"$i":"faxHome","$v":"فیکس ہوم"},{"$i":"faxOffice","$v":"فیکس آفیس"},{"$i":"faxOther","$v":"فیکس دیگر"},{"$i":"itemWithLabel","$v":[{"t":"idOrVar","v":"label"},", ",{"t":"idOrVar","v":"item"}]},{"$i":"label","$v":"لیبل"},{"$i":"other","$v":"دیگر"},{"$i":"tcl-customTag","$v":"کسٹم ٹيگ"},{"$i":"dateTimeFormat_%c","$v":"%a %b %e %Y %I:%M:%S %p"},{"$i":"dateTimeFormat_%x","$v":"%m/%d/%Y"},{"$i":"days-ago-long","$v":{"few":[{"t":"idOrVar","v":"value"}," دن قبل"],"many":[{"t":"idOrVar","v":"value"}," دن قبل"],"one":"گزشتہ کل","other":[{"t":"idOrVar","v":"value"}," دن قبل"],"two":[{"t":"idOrVar","v":"value"}," دن قبل"],"zero":"آج"},"$x":[{"t":"idOrVar","v":"plural"},"value"]},{"$i":"days-ago-short","$v":{"other":[{"t":"idOrVar","v":"value"}," دن قبل"],"zero":"آج"},"$x":[{"t":"idOrVar","v":"plural"},"value"]},{"$i":"days-until-long","$v":{"few":[{"t":"idOrVar","v":"value"}," دنوں میں"],"many":[{"t":"idOrVar","v":"value"}," دنوں میں"],"one":"tomorrow","other":[{"t":"idOrVar","v":"value"}," دنوں میں"],"two":[{"t":"idOrVar","v":"value"}," دنوں میں"],"zero":"آج"},"$x":[{"t":"idOrVar","v":"plural"},"value"]},{"$i":"days-until-short","$v":{"other":[{"t":"idOrVar","v":"value"}," دن میں"],"zero":"آج"},"$x":[{"t":"idOrVar","v":"plural"},"value"]},{"$i":"hours-ago-long","$v":{"few":[{"t":"idOrVar","v":"value"}," گھنٹوں قبل"],"many":[{"t":"idOrVar","v":"value"}," گھنٹوں قبل"],"one":"ایک گھنٹہ قبل","other":[{"t":"idOrVar","v":"value"}," گھنٹوں قبل"],"two":[{"t":"idOrVar","v":"value"}," گھنٹوں قبل"],"zero":"ابھی ابھی"},"$x":[{"t":"idOrVar","v":"plural"},"value"]},{"$i":"hours-ago-short","$v":{"other":[{"t":"idOrVar","v":"value"}," گھنٹہ قبل"],"zero":"ابھی ابھی"},"$x":[{"t":"idOrVar","v":"plural"},"value"]},{"$i":"hours-until-long","$v":{"few":[{"t":"idOrVar","v":"value"}," گھنٹوں میں"],"many":[{"t":"idOrVar","v":"value"}," گھنٹوں میں"],"one":"ایک گھٹے میں","other":[{"t":"idOrVar","v":"value"}," گھنٹوں میں"],"two":[{"t":"idOrVar","v":"value"}," گھنٹوں میں"],"zero":"ابھی"},"$x":[{"t":"idOrVar","v":"plural"},"value"]},{"$i":"hours-until-short","$v":{"other":[{"t":"idOrVar","v":"value"}," گھنٹے میں"],"zero":"ابھی"},"$x":[{"t":"idOrVar","v":"plural"},"value"]},{"$i":"incorrectDate","$v":"(غلط تاریخ)"},{"$i":"minutes-ago-long","$v":{"few":[{"t":"idOrVar","v":"value"}," منٹس قبل"],"many":[{"t":"idOrVar","v":"value"}," منٹس قبل"],"one":"ایک منٹ قبل","other":[{"t":"idOrVar","v":"value"}," منٹس قبل"],"two":[{"t":"idOrVar","v":"value"}," منٹس قبل"],"zero":"ابھی ابھی"},"$x":[{"t":"idOrVar","v":"plural"},"value"]},{"$i":"minutes-ago-short","$v":{"other":[{"t":"idOrVar","v":"value"}," منٹ قبل"],"zero":"ابھی ابھی"},"$x":[{"t":"idOrVar","v":"plural"},"value"]},{"$i":"minutes-until-long","$v":{"few":[{"t":"idOrVar","v":"value"}," منٹوں میں"],"many":[{"t":"idOrVar","v":"value"}," منٹوں میں"],"one":"ایک منٹ میں","other":[{"t":"idOrVar","v":"value"}," منٹوں میں"],"two":[{"t":"idOrVar","v":"value"}," منٹوں میں"],"zero":"ابھی"},"$x":[{"t":"idOrVar","v":"plural"},"value"]},{"$i":"minutes-until-short","$v":{"other":[{"t":"idOrVar","v":"value"}," منٹ میں"],"zero":"ابھی"},"$x":[{"t":"idOrVar","v":"plural"},"value"]},{"$i":"month-0-genitive","$v":"جنوری"},{"$i":"month-0-long","$v":"جنوری"},{"$i":"month-0-short","$v":"جنوری"},{"$i":"month-1-genitive","$v":"فروری"},{"$i":"month-1-long","$v":"فروری"},{"$i":"month-1-short","$v":"فروری"},{"$i":"month-10-genitive","$v":"نومبر"},{"$i":"month-10-long","$v":"نومبر"},{"$i":"month-10-short","$v":"نومبر"},{"$i":"month-11-genitive","$v":"دسمبر"},{"$i":"month-11-long","$v":"دسمبر"},{"$i":"month-11-short","$v":"دسمبر"},{"$i":"month-2-genitive","$v":"مارچ"},{"$i":"month-2-long","$v":"مارچ"},{"$i":"month-2-short","$v":"مارچ"},{"$i":"month-3-genitive","$v":"اپریل"},{"$i":"month-3-long","$v":"اپریل"},{"$i":"month-3-short","$v":"اپریل"},{"$i":"month-4-genitive","$v":"مئی"},{"$i":"month-4-long","$v":"مئی"},{"$i":"month-4-short","$v":"مئی"},{"$i":"month-5-genitive","$v":"جون"},{"$i":"month-5-long","$v":"جون"},{"$i":"month-5-short","$v":"جون"},{"$i":"month-6-genitive","$v":"جولائی"},{"$i":"month-6-long","$v":"جولائی"},{"$i":"month-6-short","$v":"جولائی"},{"$i":"month-7-genitive","$v":"اگست"},{"$i":"month-7-long","$v":"اگست"},{"$i":"month-7-short","$v":"اگست"},{"$i":"month-8-genitive","$v":"ستمبر"},{"$i":"month-8-long","$v":"ستمبر"},{"$i":"month-8-short","$v":"ستمبر"},{"$i":"month-9-genitive","$v":"اکتوبر"},{"$i":"month-9-long","$v":"اکتوبر"},{"$i":"month-9-short","$v":"اکتوبر"},{"$i":"months-ago-long","$v":{"few":[{"t":"idOrVar","v":"value"}," مہینہ قبل"],"many":[{"t":"idOrVar","v":"value"}," مہینہ قبل"],"one":"آخری مہینہ","other":[{"t":"idOrVar","v":"value"}," مہینہ قبل"],"two":[{"t":"idOrVar","v":"value"}," مہینہ قبل"],"zero":"اس ماہ"},"$x":[{"t":"idOrVar","v":"plural"},"value"]},{"$i":"months-until-long","$v":{"few":[{"t":"idOrVar","v":"value"}," مہینوں میں"],"many":[{"t":"idOrVar","v":"value"}," مہینوں میں"],"one":"اگلے ماہ","other":[{"t":"idOrVar","v":"value"}," مہینوں میں"],"two":[{"t":"idOrVar","v":"value"}," مہینوں میں"],"zero":"اس ماہ"},"$x":[{"t":"idOrVar","v":"plural"},"value"]},{"$i":"shortDateTimeFormat","$v":"%x %I:%M %p"},{"$i":"shortTimeFormat","$v":"%I:%M %p"},{"$i":"shortTimeFormat12","$v":"%I:%M %p"},{"$i":"shortTimeFormat24","$v":"%H:%M"},{"$i":"time_am","$v":"AM"},{"$i":"time_pm","$v":"PM"},{"$i":"weekday-0-long","$v":"اتوار"},{"$i":"weekday-0-short","$v":"اتوار"},{"$i":"weekday-1-long","$v":"پیر"},{"$i":"weekday-1-short","$v":"پیر"},{"$i":"weekday-2-long","$v":"منگل"},{"$i":"weekday-2-short","$v":"منگل"},{"$i":"weekday-3-long","$v":"بدھ"},{"$i":"weekday-3-short","$v":"بدھ"},{"$i":"weekday-4-long","$v":"جمعرات"},{"$i":"weekday-4-short","$v":"جمعرات"},{"$i":"weekday-5-long","$v":"جمعہ"},{"$i":"weekday-5-short","$v":"جمعہ"},{"$i":"weekday-6-long","$v":"سنیچر"},{"$i":"weekday-6-short","$v":"ہفتہ"},{"$i":"weeks-ago-long","$v":{"few":[{"t":"idOrVar","v":"value"}," ہفتے قبل"],"many":[{"t":"idOrVar","v":"value"}," ہفتے قبل"],"one":"آخری ہفتہ","other":[{"t":"idOrVar","v":"value"}," ہفتے قبل"],"two":[{"t":"idOrVar","v":"value"}," ہفتے قبل"],"zero":"اس ہفتہ"},"$x":[{"t":"idOrVar","v":"plural"},"value"]},{"$i":"weeks-until-long","$v":{"few":[{"t":"idOrVar","v":"value"}," ہفتوں میں"],"many":[{"t":"idOrVar","v":"value"}," ہفتوں میں"],"one":"اگلے ہفتے","other":[{"t":"idOrVar","v":"value"}," ہفتوں میں"],"two":[{"t":"idOrVar","v":"value"}," ہفتوں میں"],"zero":"اس ہفتہ"},"$x":[{"t":"idOrVar","v":"plural"},"value"]},{"$i":"years-ago-long","$v":{"few":[{"t":"idOrVar","v":"value"}," سال قبل"],"many":[{"t":"idOrVar","v":"value"}," سال قبل"],"one":"آخری سال","other":[{"t":"idOrVar","v":"value"}," سال قبل"],"two":[{"t":"idOrVar","v":"value"}," سال قبل"],"zero":"اس سال"},"$x":[{"t":"idOrVar","v":"plural"},"value"]},{"$i":"years-until-long","$v":{"few":[{"t":"idOrVar","v":"value"}," سالوں میں"],"many":[{"t":"idOrVar","v":"value"}," سالوں میں"],"one":"اگلے سال","other":[{"t":"idOrVar","v":"value"}," سالوں میں"],"two":[{"t":"idOrVar","v":"value"}," سالوں میں"],"zero":"اس سال"},"$x":[{"t":"idOrVar","v":"plural"},"value"]},{"$i":"dateTimeFormat_%X","$v":"%I:%M:%S %p"},{"$i":"weekStartsOnMonday","$v":"0"},{"$i":"firstDayOfTheWeek","$v":"0"}]