[{"$i":"clockDateFormat","$v":"%a, %e %b"},{"$i":"deviceIsUnlocked","$v":"Қурилма қулфланган"},{"$i":"simUnlockCodeAccepted","$v":"SIM қулфини очиш коди қабул қилинди"},{"$i":"simUnlockCodeFailed","$v":"SIM қулфи очилди"},{"$i":"eccOnly","$v":"Фақат фавқулодда чақ."},{"$i":"emergencyCallsOnly","$v":"Фақат фавқулодда чақ."},{"$i":"lockedSim","$v":"Қулфланган SIM"},{"$i":"noService","$v":"Сигнал йўқ"},{"$i":"noSimCard","$v":"SIM карта йўқ"},{"$i":"searching","$v":"Қидирилмоқда…"},{"$i":"airplane-mode","$v":"Парвоз режими"},{"$i":"bluetooth","$v":"Bluetooth"},{"$i":"brightness","$v":"Ёрқинлик"},{"$i":"calculator","$v":"Калькулятор"},{"$i":"camera","$v":"Камера"},{"$i":"cellular-data","$v":"Уяли интернет"},{"$i":"confirm-to-uninstall-app","$v":[{"t":"idOrVar","v":"appName"}," олиб ташлансинми?"]},{"$i":"flashlight","$v":"Фонар"},{"$i":"instant-settings","$v":"тезкор созламалар"},{"$i":"off","$v":"Ўчиқ"},{"$i":"on","$v":"Ёниқ"},{"$i":"shortcuts","$v":"Тезкор тугм-р"},{"$i":"uninstall","$v":"Ўчириш"},{"$i":"volume","$v":"Товуш баландлиги"},{"$i":"wifi","$v":"Wi-Fi"},{"$i":"percentage-number","$v":[{"t":"idOrVar","v":"number"},"%"]},{"$i":"all-apps","$v":"Барча дастурлар"},{"$i":"scImei","$v":"IMEI"},{"$i":"scMeid","$v":"MEID"},{"$i":"scUssd","$v":"USSD"},{"$i":"CallFailed","$v":"Чақирилмади"},{"$i":"GenericFailure","$v":"Умумий носозлик"},{"$i":"add-smart-collections","$v":"Ақлли коллекция қўшиш"},{"$i":"add-to-existing-contact","$v":"Мавжуд контактга қўшиш"},{"$i":"alert-for-contacts-without-number","$v":"Бирорта ҳам рақамли контакт йўқ."},{"$i":"app-title","$v":"Дастурларим"},{"$i":"app-uninstall","$v":[{"t":"idOrVar","v":"name"}," олиб ташланди"]},{"$i":"assign","$v":"Белгилаш"},{"$i":"assign-speed-dial","$v":["Контакт тезкор рақам сифатида \"",{"t":"idOrVar","v":"n"},"” тугмасига қўйилмади. Тайинлансинми?"]},{"$i":"assign-voicemail","$v":"Овозли почта рақами созланмаган."},{"$i":"call","$v":"Чақирув"},{"$i":"callAirplaneModeMessage","$v":"Чақирув учун созламаларда парвоз режимини ўчиринг."},{"$i":"callAirplaneModeTitle","$v":"Парвоз режими фаоллашди"},{"$i":"cancel","$v":"Бекор қилиш"},{"$i":"change-wallpaper","$v":"Фон расмини ўзгартириш"},{"$i":"clocks-updated","$v":"Соатлар янгиланди"},{"$i":"confirmation","$v":"Тасдиқ"},{"$i":"contacts","$v":"Контактлар"},{"$i":"create-new-contact","$v":"Янги контакт яр-ш"},{"$i":"delete","$v":"Ўчириш"},{"$i":"delete-body","$v":[{"t":"idOrVar","v":"name"}," барча ахборотлари билан ўчирилади."]},{"$i":"delete-title","$v":[{"t":"idOrVar","v":"name"}," ўчирилсин"]},{"$i":"edit","$v":"Таҳрирлаш"},{"$i":"edit-done","$v":"Тайёр"},{"$i":"edit-group-header","$v":"Гуруҳни таҳрирлаш"},{"$i":"edit-mode","$v":"Таҳрирлаш"},{"$i":"emergency-call-error","$v":[{"t":"idOrVar","v":"number"}," фавқулодда рақам эмас."]},{"$i":"emergency-call-only","$v":"Фақат фавқулодда чақ."},{"$i":"emergencyDialogBodyBadNumber","$v":"Чақирув учун телефон тармоққа уланиши керак."},{"$i":"emergencyDialogBodyDeviceNotAccepted","$v":"Тармоқ фавқулодда чақирувга рухсат бермайди."},{"$i":"emergencyDialogTitle","$v":"Тармоққа уланмаган"},{"$i":"fax-home","$v":"Факс уй"},{"$i":"fax-office","$v":"Факс офис"},{"$i":"fax-other","$v":"Факс бошқа"},{"$i":"fdnIsActiveMessage","$v":["FDN (Рухсат этилган рақамлар) ёқилди, аммо қуйидаги рақам FDN рўйхатида йўқ: ",{"t":"idOrVar","v":"number"}]},{"$i":"fdnIsActiveTitle","$v":"FDN ёқилди"},{"$i":"gaia-shortcut-app-updated","$v":"Дастур янгиланди"},{"$i":"grid-view","$v":"Панжара"},{"$i":"home","$v":"Уй"},{"$i":"homescreen-settings","$v":"Бош экран созламалари"},{"$i":"invalidNumberToDialMessage","$v":"Чақирилаётган рақам мавжуд эмас."},{"$i":"invalidNumberToDialTitle","$v":"Телефон рақами хато"},{"$i":"list-view","$v":"Рўйхат"},{"$i":"longDateFormat","$v":"%A, %B %e"},{"$i":"menu","$v":"Меню"},{"$i":"message","$v":"Хабар"},{"$i":"mobile","$v":"Мобил"},{"$i":"more","$v":"Яна"},{"$i":"move","$v":"Кўчириш"},{"$i":"notifications","$v":"Эслатмалар"},{"$i":"numberIsBusyMessage","$v":"Рақам ҳозирча банд. Кейинроқ қайта урининг."},{"$i":"numberIsBusyTitle","$v":"Рақам банд"},{"$i":"ok","$v":"OK"},{"$i":"option-remove","$v":"Тезкор рақ-н олиб таш."},{"$i":"option-replace","$v":"Алмаштириш"},{"$i":"options","$v":"Параметрлар"},{"$i":"otherConnectionInUseMessage","$v":"Бошқа уланишда чақирув кетмоқда. Бир вақтда биттагина уланиш ишлатасиз."},{"$i":"otherConnectionInUseTitle","$v":"Бошқа фаол уланиш"},{"$i":"personal","$v":"Шахсий"},{"$i":"remove","$v":"Олиб ташлаш"},{"$i":"remove-speed-dial","$v":["Ҳақиқатан ҳам тезкор рақамдан ",{"t":"idOrVar","v":"name"}," ни олиб ташлайсизми?"]},{"$i":"replace","$v":"Алмаштириш"},{"$i":"replace-speed-dial","$v":["Ҳақиқатан ҳам ",{"t":"idOrVar","v":"name"}," ўрнига ",{"t":"idOrVar","v":"subName"}," ёзасизми?"]},{"$i":"resume-download-action","$v":"Юклаб олиш"},{"$i":"resume-download-body","$v":["Буни юклаб оласизми: ",{"t":"idOrVar","v":"name"},"?"]},{"$i":"resume-download-title","$v":"Қайта юклаб олиш"},{"$i":"scCallBarring","$v":"Чақирувни тақиқлаш"},{"$i":"scCallForwarding","$v":"Чақирувни йўналтириш"},{"$i":"scCallWaiting","$v":"Чақирувни кутиш"},{"$i":"scClip","$v":"Кирувчи абонент рақами"},{"$i":"scClir","$v":"Чиқувчи абонент рақами"},{"$i":"scPin","$v":"PIN ўзгариши"},{"$i":"scPin2","$v":"PIN2 ўзгариши"},{"$i":"scPuk","$v":"PIN қулфини очиш"},{"$i":"scPuk2","$v":"PIN2 қулфини очиш"},{"$i":"scPwd","$v":"Паролни ўзгартириш"},{"$i":"search-or-enter-address","placeholder":"Қидириш ёки манзил"},{"$i":"select","$v":"Танлаш"},{"$i":"sending","$v":"Юбор-да…"},{"$i":"set","$v":"Қўйиш"},{"$i":"settings","$v":"Созламалар"},{"$i":"single-view","$v":"Битталик"},{"$i":"skip","$v":"Ташлаб кетиш"},{"$i":"speed-dial","$v":"Тезкор рақам"},{"$i":"speed-dial-empty","ariaLabel":[{"t":"idOrVar","v":"order"},", бўш"]},{"$i":"speed-dial-not-empty","ariaLabel":[{"t":"idOrVar","v":"order"},", ",{"t":"idOrVar","v":"name"}]},{"$i":"stop-download-action","$v":"Тўхтатиш"},{"$i":"stop-download-body","$v":"Юкланишни тўхтатасизми?"},{"$i":"stop-download-title","$v":[{"t":"idOrVar","v":"name"}," тўхтатиш"]},{"$i":"tcl-wallpaper-changed","$v":"Фон расми ўзгарди"},{"$i":"video-call","$v":"Видео чақирув"},{"$i":"voicemail","$v":"Овозли почта"},{"$i":"work","$v":"Иш"},{"$i":"apps","$v":"Дастурлар"},{"$i":"nocard-eccOnly","$v":"No SIM card-Emergency calls only"},{"$i":"unusablecard-eccOnly","$v":"Unusable SIM card-Emergency calls only"},{"$i":"apn-sim1","$v":"APN созламалари - SIM1"},{"$i":"apn-sim2","$v":"APN созламалари - SIM2"},{"$i":"apnConfigPrepay","$v":"Припей"},{"$i":"apnConfigPostpay","$v":"Постпей"},{"$i":"apn-defaultconfig-message","$v":"Кўрсатишга APN турини белгилаш"},{"$i":"apnDefaultConfig","$v":"APN одатий созлама"},{"$i":"without-sim-new","$v":[{"t":"idOrVar","v":"index"}]},{"$i":"with-sim-new","$v":[{"t":"idOrVar","v":"index"}," - ",{"t":"idOrVar","v":"carrier"}]},{"$i":"sim-with-index-and-carrier","$v":["SIM ",{"t":"idOrVar","v":"index"}," - ",{"t":"idOrVar","v":"carrier"}]},{"$i":"sim-without-carrier","$v":["SIM ",{"t":"idOrVar","v":"index"}]},{"$i":"call-forwarding-voice-after-seconds","$v":["Овоз: ",{"t":"idOrVar","v":"voice"},", ",{"t":"idOrVar","v":"timeSeconds"}," сониядан кейин"]},{"$i":"addNewNumber","$v":"Янги рақам қўшиш"},{"$i":"addToExistingContact","$v":"Мавжуд контактга қўшиш"},{"$i":"all","$v":"Ҳаммаси","ariaLabel":"Ҳаммаси"},{"$i":"bluetooth-handsfree-device","$v":"Bluetooth қўлсиз бошқарув қурилмаси"},{"$i":"bluetoothOption","ariaLabel":"Bluetooth"},{"$i":"callDurationHours","$v":[{"t":"idOrVar","v":"h"},":",{"t":"idOrVar","v":"m"},":",{"t":"idOrVar","v":"s"}]},{"$i":"callDurationMinutes","$v":[{"t":"idOrVar","v":"m"},":",{"t":"idOrVar","v":"s"}]},{"$i":"callDurationTextFormatHours","$v":[{"t":"idOrVar","v":"h"},"с ",{"t":"idOrVar","v":"m"},"д ",{"t":"idOrVar","v":"s"},"с"]},{"$i":"callDurationTextFormatMinutes","$v":[{"t":"idOrVar","v":"m"}," д ",{"t":"idOrVar","v":"s"}," с"]},{"$i":"callDurationTextFormatSeconds","$v":[{"t":"idOrVar","v":"s"}," с"]},{"$i":"callEnded","$v":"Чақирув тугади"},{"$i":"callInformation","$v":"Чақирув маълумоти"},{"$i":"callLog","$v":"Чақирув логи"},{"$i":"callLogEdit","title":"Чақирув логини таҳрирлаш"},{"$i":"callLogEditDialog","ariaLabel":"Чақирув логи диалогини таҳрирлаш"},{"$i":"caller-left-call","$v":[{"t":"idOrVar","v":"caller"}," чақирувдан кетди."]},{"$i":"calllog-all","$v":"Ҳаммаси"},{"$i":"calllog-deselectAll","$v":"Барч-н белгини ўч-ш"},{"$i":"calllog-none","$v":"Ҳеч бири"},{"$i":"calllog-selectAll","$v":"Ҳаммасини танлаш"},{"$i":"canceled","$v":"Бекор қилинди"},{"$i":"clear-all-text","$v":"Бутун матнни тозалаш"},{"$i":"close","$v":"Ёпиш"},{"$i":"composeEmail","ariaLabel":"Э-почта"},{"$i":"conferenceAddError","$v":"Чақирувларни бирлаштириб бўлмайди"},{"$i":"conferenceCall","$v":["Конференция (",{"t":"idOrVar","v":"n"},")"]},{"$i":"conferenceRemoveError","$v":"Чақирувларни ажратиб бўлмайди"},{"$i":"confirm-deletion","$v":"Танланган чақирувлар тозалансинми?"},{"$i":"connecting","$v":"Уланмоқда"},{"$i":"connectingEllipsis","$v":"Уланмоқда…"},{"$i":"contactDetails","$v":"Контакт тафсилотлари"},{"$i":"createNewContact","$v":"Янги контакт яратиш"},{"$i":"delete-n-log?","$v":{"few":[{"t":"idOrVar","v":"n"}," та лог ўчирилсинми?"],"many":[{"t":"idOrVar","v":"n"}," та лог ўчирилсинми?"],"one":"Танланган лог ўчирилсинми?","other":[{"t":"idOrVar","v":"n"}," та лог ўчирилсинми?"],"two":[{"t":"idOrVar","v":"n"}," та лог ўчирилсинми?"],"zero":"Ҳеч нарса танланмади"},"$x":[{"t":"idOrVar","v":"plural"},"n"]},{"$i":"deselect","$v":"Белгини олиб ташлаш"},{"$i":"dialed","$v":"Терилди"},{"$i":"dialer-prompt","$v":"Чақирув қўшиш учун рақам теринг ёки контакт танланг"},{"$i":"dialerAddContact","ariaLabel":"Контакт қўшиш"},{"$i":"dialerAddContactDialog","ariaLabel":"Контакт диалоги қўшиш"},{"$i":"edit-selected","$v":{"few":["танланди(",{"t":"idOrVar","v":"n"},")"],"many":["танланди(",{"t":"idOrVar","v":"n"},")"],"one":["танланди(",{"t":"idOrVar","v":"n"},")"],"other":["танланди(",{"t":"idOrVar","v":"n"},")"],"two":["танланди(",{"t":"idOrVar","v":"n"},")"]},"$x":[{"t":"idOrVar","v":"plural"},"n"]},{"$i":"emailDetail","ariaLabel":"Э-почта"},{"$i":"from-contact","$v":[{"t":"idOrVar","v":"contact"}," дан"]},{"$i":"from-number","$v":[{"t":"idOrVar","v":"number"}," дан"]},{"$i":"from-withheld-number","$v":"Номаълум рақамдан"},{"$i":"hangup-a11y-button","ariaLabel":"Гўшакни қўйиш"},{"$i":"hide","$v":"Беркитиш"},{"$i":"hideKeypad","ariaLabel":"Клавиатурани яшириш"},{"$i":"hold","ariaLabel":"Ушлаб туриш"},{"$i":"hours","$v":"соат"},{"$i":"ignore","$v":"Чақирувга жавоб бермаслик"},{"$i":"incoming","$v":"Кирувчи"},{"$i":"incoming-call","$v":"Кирувчи чақирув"},{"$i":"info-missed","$v":"Ўтказ. юборилган"},{"$i":"keypad","ariaLabel":"Клавиатура"},{"$i":"log-item","$v":"Параметрлар"},{"$i":"makeCall","ariaLabel":"Чақирув"},{"$i":"merge","ariaLabel":"Бирлаштириш"},{"$i":"minutes","$v":"дақиқа"},{"$i":"missed","$v":"Ўтказ. юборилган","ariaLabel":"Ўтказ. юборилган"},{"$i":"missedCall","$v":"Жавобсиз қўнғироқ"},{"$i":"missedCallMultiSims","$v":["(SIM ",{"t":"idOrVar","v":"n"},") жавобсиз чақирув"]},{"$i":"mmi-error","$v":"Хабар юбориш пайтида хато юз берди"},{"$i":"mmi-notification-title-with-sim","$v":["(",{"t":"idOrVar","v":"sim"},") ",{"t":"idOrVar","v":"title"}]},{"$i":"mmi-session-expired","$v":"Сеанс муддати ўтди"},{"$i":"mmi-successfully-sent","$v":"Хабар юборилди"},{"$i":"mute","ariaLabel":"Овоз. ўч."},{"$i":"newCall","ariaLabel":"Янги чақирув"},{"$i":"no-logs-msg-1","$v":"Ҳеч қандай чақирув ёзилмади"},{"$i":"no-logs-msg-2","$v":"Мулоқотни бошлаш"},{"$i":"no-logs-msg-3","$v":"Ҳеч қандай чақирув ёзилмади"},{"$i":"no-logs-msg-4","$v":"Мулоқотни бошлаш"},{"$i":"no-recent-numbers","$v":"Териш учун логда рақам йўқ."},{"$i":"onHoldOption","ariaLabel":"Паузада"},{"$i":"outgoing","$v":"Чиқувчи"},{"$i":"outgoing-call","$v":"Чиқувчи чақирув"},{"$i":"phoneDetail","ariaLabel":"Телефон"},{"$i":"pickup-a11y-button","ariaLabel":"Олиб кетиш"},{"$i":"received","$v":"Қабул қилинди"},{"$i":"receiver","$v":"Қабул қилувчи"},{"$i":"recents","ariaLabel":"Охирги чақирувлар"},{"$i":"reply","$v":"Жавоб бериш"},{"$i":"resume","$v":"Давом этиш","ariaLabel":"Давом этиш"},{"$i":"search-results","$v":"Қидирув натижалари"},{"$i":"seconds","$v":"сония"},{"$i":"select-audio-sources","$v":"Аудио манбаини танланг"},{"$i":"send","$v":"Юбориш"},{"$i":"send-sms-button","ariaLabel":"SMS"},{"$i":"sendSms","$v":"Хабар юбориш"},{"$i":"separator","$v":","},{"$i":"sim-number","$v":["SIM",{"t":"idOrVar","v":"n"}]},{"$i":"speaker","$v":"Карнай"},{"$i":"speakerOption","ariaLabel":"Карнай"},{"$i":"suggestionMatches","$v":{"few":[{"t":"idOrVar","v":"n"}," мослик: \"",{"t":"idOrVar","v":"matchNumber"}],"many":[{"t":"idOrVar","v":"n"}," мослик: \"",{"t":"idOrVar","v":"matchNumber"}],"one":[{"t":"idOrVar","v":"n"}," мослик: \"",{"t":"idOrVar","v":"matchNumber"}],"other":[{"t":"idOrVar","v":"n"}," мослик: \"",{"t":"idOrVar","v":"matchNumber"}],"two":[{"t":"idOrVar","v":"n"}," мослик: \"",{"t":"idOrVar","v":"matchNumber"}]},"$x":[{"t":"idOrVar","v":"plural"},"n"]},{"$i":"switch-calls","$v":"Чақирувга ўтиш"},{"$i":"tcl-assign","$v":"Белгилаш"},{"$i":"tcl-assign-speed-dial","$v":{"$o":["Конт. тезкор рақам сиф-да \"",{"t":"idOrVar","v":"speedDial"},"” туг-га қ-мади<br></br>Тайинлансинми?"]}},{"$i":"tcl-call-log-delete-group-notification","$v":[{"t":"idOrVar","v":"n"}," та ёзув ўчирилди"]},{"$i":"tcl-calllog-entry-removed-err-notification","$v":"Чақирув логидаги ёзувни ўчириб бўлмайди"},{"$i":"tcl-calllog-entry-removed-succ-notification","$v":"Чақирув логидаги ёзув олиб ташланди"},{"$i":"tcl-cancel","$v":"Бекор қилиш"},{"$i":"tcl-confirmation","$v":"Тасдиқ"},{"$i":"tcl-delete-log","$v":"Ҳақиқатан ҳам танланганларни Чақирувлар логидан ўчирасизми?"},{"$i":"tcl-dialer","$v":"Тергич"},{"$i":"tcl-edit-not-selected","$v":"танланди(0)"},{"$i":"tcl-option-menu-call-log-edit","$v":"Чақирув логини таҳрирлаш"},{"$i":"today","$v":"Бугун"},{"$i":"toggleKeypad","ariaLabel":"Клавиатурани алм-ш"},{"$i":"type-your-response","placeholder":"Жавоб киритинг…"},{"$i":"unknown","$v":"Номаълум"},{"$i":"unlock-a11y-button","ariaLabel":"Слайдер"},{"$i":"ussd-services","$v":[{"t":"idOrVar","v":"operator"}," хизматлари"]},{"$i":"via-sim","$v":["SIM",{"t":"idOrVar","v":"n"}," орқали"]},{"$i":"view-all","$v":"Ҳаммасини кўриш"},{"$i":"wifi-calling","$v":"Wi-Fi чақирув"},{"$i":"withheld-number","$v":"Номаълум"},{"$i":"yesterday","$v":"Кеча"},{"$i":"SimPin2","$v":"SIM PIN2"},{"$i":"SimPuk2","$v":"SIM PUK2"},{"$i":"serviceClassFax","$v":"ФАКС"},{"$i":"serviceClassPad","$v":"PAD"},{"$i":"serviceClassSms","$v":"SMS"},{"$i":"DialModifiedToDial","$v":"Dial modified to dial"},{"$i":"DialModifiedToSs","$v":"Dial modified to SS"},{"$i":"DialModifiedToUssd","$v":"Dial modified to USSD"},{"$i":"FdnCheckFailure","$v":"Fdn текширувдан ўтмади"},{"$i":"IllegalSimOrMe","$v":"Ноқонуний SIM ёки ME"},{"$i":"InvalidParameter","$v":"Параметр хато"},{"$i":"ModeNotSupported","$v":"Режим ишламайди"},{"$i":"OpNotAllowedDuringVoiceCall","$v":"Чақирув пайтида м-н эмас"},{"$i":"PasswordIncorrect","$v":"Паро хато"},{"$i":"RadioNotAvailable","$v":"Radio not available"},{"$i":"RejectedByRemote","$v":"Масофавий рад этилди"},{"$i":"RequestNotSupported","$v":"Сўров қўллаб-қувватланмади"},{"$i":"ServiceIsDisabled","$v":"Хизмат ўчирилди"},{"$i":"ServiceIsEnabled","$v":"Хизмат ёқилди"},{"$i":"ServiceIsEnabledFor","$v":"Хизмат бу учун ёқилди:"},{"$i":"SimAbsent","$v":"SIM йўқ"},{"$i":"SmsSendFailRetry","$v":"SMS юборилмади"},{"$i":"SsModifiedToDial","$v":"SS ўзгарди: териш"},{"$i":"SsModifiedToSs","$v":"SS ўзгарди: SS"},{"$i":"SsModifiedToUssd","$v":"SS ўзгарди: USSD"},{"$i":"SubscriptionNotAvailable","$v":"Обунанинг иложи йўқ"},{"$i":"SubscriptionNotSupported","$v":"Обуна қилинмайди"},{"$i":"UssdModifiedToDial","$v":"USSD ўзгарди: териш"},{"$i":"UssdModifiedToSs","$v":"USSD ўзгарди: SS"},{"$i":"UssdModifiedToUssd","$v":"USSD ўзгарди: USSD"},{"$i":"call-forwarding-async","$v":["Асинхрон: ",{"t":"idOrVar","v":"async"}]},{"$i":"call-forwarding-data","$v":["Ахборот: ",{"t":"idOrVar","v":"data"}]},{"$i":"call-forwarding-error","$v":"Чақирувни йўналтириш ҳолатини олишда хато юз берди"},{"$i":"call-forwarding-fax","$v":["ФАКС: ",{"t":"idOrVar","v":"fax"}]},{"$i":"call-forwarding-inactive","$v":"Фаол эмас"},{"$i":"call-forwarding-packet","$v":["Пакет: ",{"t":"idOrVar","v":"packet"}]},{"$i":"call-forwarding-pad","$v":["PAD: ",{"t":"idOrVar","v":"pad"}]},{"$i":"call-forwarding-sms","$v":["SMS: ",{"t":"idOrVar","v":"sms"}]},{"$i":"call-forwarding-status","$v":"Чақирувни йўналтириш ҳолати"},{"$i":"call-forwarding-sync","$v":["Синхрон: ",{"t":"idOrVar","v":"sync"}]},{"$i":"call-forwarding-voice","$v":["Овоз: ",{"t":"idOrVar","v":"voice"}]},{"$i":"emMmiError","$v":"Уланишда муаммо ёки MMI коди хато"},{"$i":"emMmiErrorBadPin","$v":"Эски PIN кодни нотўғри киритдингиз."},{"$i":"emMmiErrorBadPuk","$v":"Нотўғри PUK код киритилди"},{"$i":"emMmiErrorEnablePin","$v":"Амалга ошмади. SIM/RUIM LOCK ёқинг"},{"$i":"emMmiErrorInvalidAction","$v":"Нотўғри амал"},{"$i":"emMmiErrorInvalidPin","$v":"4-8 хонали PIN киритинг"},{"$i":"emMmiErrorInvalidScCode","$v":"Хизмат коди хато"},{"$i":"emMmiErrorMismatchPin","$v":"Киритилган PIN кодлар бир хил эмас"},{"$i":"emMmiErrorMmiFdn","$v":"Фақат рухсат этилган рақамни териш м-н"},{"$i":"emMmiErrorNeedPuk2","$v":"SIM картани очиш учун PUK2 кодни киритинг"},{"$i":"emMmiErrorNeedsPuk","$v":"SIM картангиз PUK кодга қулфланган"},{"$i":"emMmiErrorNotSupported","$v":"Яроқсиз ёки номаълум MMI код"},{"$i":"emMmiErrorPasswordIncorrect","$v":"Парол хато"},{"$i":"emMmiErrorPinPukAttempts","$v":{"few":[{"t":"idOrVar","v":"n"}," марта уринасиз"],"many":[{"t":"idOrVar","v":"n"}," марта уринасиз"],"one":[{"t":"idOrVar","v":"n"}," ур-ш қолди"],"other":[{"t":"idOrVar","v":"n"}," марта уринасиз"],"two":[{"t":"idOrVar","v":"n"}," марта уринасиз"]},"$x":[{"t":"idOrVar","v":"plural"},"n"]},{"$i":"emMmiErrorSimBlocked","$v":"Максимал уринишлар сонига етилди. SIM блокланди"},{"$i":"emMmiErrorStkCcSsDial","$v":"SS талаби DIAL талабига ўзгарди"},{"$i":"emMmiErrorStkCcSsSs","$v":"SS талаби янги SS талабига ўзгарди"},{"$i":"emMmiErrorStkCcSsUssd","$v":"SS талаби USSD га ўз-ди"},{"$i":"emMmiErrorStkCcUssdDial","$v":"USSD талаби DIAL талабига ўзгарди"},{"$i":"emMmiErrorStkCcUssdSs","$v":"USSD талаби SS талабига ўзгарди"},{"$i":"emMmiErrorStkCcUssdUssd","$v":"USSD талаби янги USSD талабига ўзгарди"},{"$i":"fihVersion","$v":"FIH версияси"},{"$i":"imeiAndSvn","$v":"IMEI ва SVN"},{"$i":"internalVersion","$v":"Ички версия"},{"$i":"serviceClassData","$v":"Маълумот"},{"$i":"serviceClassDataAsync","$v":"Асинх"},{"$i":"serviceClassDataSync","$v":"Синхронлаш"},{"$i":"serviceClassPacket","$v":"Пакет"},{"$i":"serviceClassVoice","$v":"Овоз"},{"$i":"smClirDefaultOffNextCallOff","$v":"Абонент рақами одатий чекланмаган. Кейинги чақирув: чекланмаган"},{"$i":"smClirDefaultOffNextCallOn","$v":"Абонент рақами одатий чекланмаган. Кейинги чақирув: чекланган"},{"$i":"smClirDefaultOnNextCallOff","$v":"Абонент рақами одатий чекланган. Кейинги чақирув: чекланмаган"},{"$i":"smClirDefaultOnNextCallOn","$v":"Абон. рақ. одатий чекланган. Кей. чақ.: чек-н"},{"$i":"smClirPermanent","$v":"Абонент рақами созламасини ўзгартира олмайсиз"},{"$i":"smPin2Changed","$v":"PIN2 код ўзгарди"},{"$i":"smPin2Unblocked","$v":"PIN2 код очилди"},{"$i":"smPinChanged","$v":"PIN код ўзгарди"},{"$i":"smPinUnblocked","$v":"PIN код очилди"},{"$i":"smServiceDisabled","$v":"Хизмат ўчирилган"},{"$i":"smServiceEnabled","$v":"Хизмат ёқилди"},{"$i":"smServiceEnabledFor","$v":"Хизмат бу учун ёқилди:"},{"$i":"smServiceErased","$v":"Ўчирилди"},{"$i":"smServiceInterrogated","$v":"Талаб амалга ошди"},{"$i":"smServiceNotProvisioned","$v":"Хизмат кўрсатилмади"},{"$i":"smServiceRegistered","$v":"Рег-я амалга ошди"},{"$i":"another","$v":"Бошқа"},{"$i":"current","$v":"Жорий"},{"$i":"customTag","$v":"Махсус тег","placeholder":"Махсус тег"},{"$i":"faxHome","$v":"Факс уй"},{"$i":"faxOffice","$v":"Факс офис"},{"$i":"faxOther","$v":"Факс бошқа"},{"$i":"itemWithLabel","$v":[{"t":"idOrVar","v":"label"},", ",{"t":"idOrVar","v":"item"}]},{"$i":"label","$v":"Ёрлиқ"},{"$i":"other","$v":"Бошқа"},{"$i":"tcl-customTag","$v":"Махсус тег"},{"$i":"dateTimeFormat_%c","$v":"%a %b %e %Y %I:%M:%S %p"},{"$i":"dateTimeFormat_%x","$v":"%m/%d/%Y"},{"$i":"days-ago-long","$v":{"few":[{"t":"idOrVar","v":"value"}," кун олдин"],"many":[{"t":"idOrVar","v":"value"}," кун олдин"],"one":"кеча","other":[{"t":"idOrVar","v":"value"}," кун олдин"],"two":[{"t":"idOrVar","v":"value"}," кун олдин"],"zero":"бугун"},"$x":[{"t":"idOrVar","v":"plural"},"value"]},{"$i":"days-ago-short","$v":{"other":[{"t":"idOrVar","v":"value"},"к олдин"],"zero":"бугун"},"$x":[{"t":"idOrVar","v":"plural"},"value"]},{"$i":"days-until-long","$v":{"few":[{"t":"idOrVar","v":"value"}," кунда"],"many":[{"t":"idOrVar","v":"value"}," кунда"],"one":"эртага","other":[{"t":"idOrVar","v":"value"}," кунда"],"two":[{"t":"idOrVar","v":"value"}," кунда"],"zero":"бугун"},"$x":[{"t":"idOrVar","v":"plural"},"value"]},{"$i":"days-until-short","$v":{"other":[{"t":"idOrVar","v":"value"},"к"],"zero":"бугун"},"$x":[{"t":"idOrVar","v":"plural"},"value"]},{"$i":"hours-ago-long","$v":{"few":[{"t":"idOrVar","v":"value"}," соат олдин"],"many":[{"t":"idOrVar","v":"value"}," соат олдин"],"one":"бир соат олдин","other":[{"t":"idOrVar","v":"value"}," соат олдин"],"two":[{"t":"idOrVar","v":"value"}," соат олдин"],"zero":"ҳозиргина"},"$x":[{"t":"idOrVar","v":"plural"},"value"]},{"$i":"hours-ago-short","$v":{"other":[{"t":"idOrVar","v":"value"},"с олдин"],"zero":"ҳозиргина"},"$x":[{"t":"idOrVar","v":"plural"},"value"]},{"$i":"hours-until-long","$v":{"few":[{"t":"idOrVar","v":"value"}," соатда"],"many":[{"t":"idOrVar","v":"value"}," соатда"],"one":"бир соатда","other":[{"t":"idOrVar","v":"value"}," соатда"],"two":[{"t":"idOrVar","v":"value"}," соатда"],"zero":"ҳозир"},"$x":[{"t":"idOrVar","v":"plural"},"value"]},{"$i":"hours-until-short","$v":{"other":[{"t":"idOrVar","v":"value"},"с"],"zero":"ҳозир"},"$x":[{"t":"idOrVar","v":"plural"},"value"]},{"$i":"incorrectDate","$v":"(сана хато)"},{"$i":"minutes-ago-long","$v":{"few":[{"t":"idOrVar","v":"value"}," дақиқа олдин"],"many":[{"t":"idOrVar","v":"value"}," дақиқа олдин"],"one":"бир дақиқа аввал","other":[{"t":"idOrVar","v":"value"}," дақиқа олдин"],"two":[{"t":"idOrVar","v":"value"}," дақиқа олдин"],"zero":"ҳозиргина"},"$x":[{"t":"idOrVar","v":"plural"},"value"]},{"$i":"minutes-ago-short","$v":{"other":[{"t":"idOrVar","v":"value"},"д олдин"],"zero":"ҳозиргина"},"$x":[{"t":"idOrVar","v":"plural"},"value"]},{"$i":"minutes-until-long","$v":{"few":[{"t":"idOrVar","v":"value"}," дақиқада"],"many":[{"t":"idOrVar","v":"value"}," дақиқада"],"one":"бир дақиқада","other":[{"t":"idOrVar","v":"value"}," дақиқада"],"two":[{"t":"idOrVar","v":"value"}," дақиқада"],"zero":"ҳозир"},"$x":[{"t":"idOrVar","v":"plural"},"value"]},{"$i":"minutes-until-short","$v":{"other":[{"t":"idOrVar","v":"value"},"д"],"zero":"ҳозир"},"$x":[{"t":"idOrVar","v":"plural"},"value"]},{"$i":"month-0-genitive","$v":"Январь"},{"$i":"month-0-long","$v":"Январ"},{"$i":"month-0-short","$v":"Янв"},{"$i":"month-1-genitive","$v":"Февраль"},{"$i":"month-1-long","$v":"Феврал"},{"$i":"month-1-short","$v":"Фев"},{"$i":"month-10-genitive","$v":"Ноябрь"},{"$i":"month-10-long","$v":"Ноябр"},{"$i":"month-10-short","$v":"Ноя"},{"$i":"month-11-genitive","$v":"Декабрь"},{"$i":"month-11-long","$v":"Декабр"},{"$i":"month-11-short","$v":"Дек"},{"$i":"month-2-genitive","$v":"Март"},{"$i":"month-2-long","$v":"Март"},{"$i":"month-2-short","$v":"Мар"},{"$i":"month-3-genitive","$v":"Апрель"},{"$i":"month-3-long","$v":"Апрель"},{"$i":"month-3-short","$v":"Апр"},{"$i":"month-4-genitive","$v":"Май"},{"$i":"month-4-long","$v":"Май"},{"$i":"month-4-short","$v":"Май"},{"$i":"month-5-genitive","$v":"Июнь"},{"$i":"month-5-long","$v":"Июн"},{"$i":"month-5-short","$v":"Июн"},{"$i":"month-6-genitive","$v":"Июль"},{"$i":"month-6-long","$v":"Июл"},{"$i":"month-6-short","$v":"Июл"},{"$i":"month-7-genitive","$v":"Август"},{"$i":"month-7-long","$v":"Август"},{"$i":"month-7-short","$v":"Авг"},{"$i":"month-8-genitive","$v":"Сентябрь"},{"$i":"month-8-long","$v":"Сентябр"},{"$i":"month-8-short","$v":"Сен"},{"$i":"month-9-genitive","$v":"Октябрь"},{"$i":"month-9-long","$v":"Октябр"},{"$i":"month-9-short","$v":"Окт"},{"$i":"months-ago-long","$v":{"few":[{"t":"idOrVar","v":"value"}," ой олдин"],"many":[{"t":"idOrVar","v":"value"}," ой олдин"],"one":"ўтган ой","other":[{"t":"idOrVar","v":"value"}," ой олдин"],"two":[{"t":"idOrVar","v":"value"}," ой олдин"],"zero":"бу ой"},"$x":[{"t":"idOrVar","v":"plural"},"value"]},{"$i":"months-until-long","$v":{"few":[{"t":"idOrVar","v":"value"}," ойда"],"many":[{"t":"idOrVar","v":"value"}," ойда"],"one":"кейинги ой","other":[{"t":"idOrVar","v":"value"}," ойда"],"two":[{"t":"idOrVar","v":"value"}," ойда"],"zero":"бу ой"},"$x":[{"t":"idOrVar","v":"plural"},"value"]},{"$i":"shortDateTimeFormat","$v":"%x %I:%M %p"},{"$i":"shortTimeFormat","$v":"%I:%M %p"},{"$i":"shortTimeFormat12","$v":"%I:%M %p"},{"$i":"shortTimeFormat24","$v":"%H:%M"},{"$i":"time_am","$v":"ТО"},{"$i":"time_pm","$v":"ТК"},{"$i":"weekday-0-long","$v":"Якшанба"},{"$i":"weekday-0-short","$v":"Якш"},{"$i":"weekday-1-long","$v":"Душанба"},{"$i":"weekday-1-short","$v":"Душ"},{"$i":"weekday-2-long","$v":"Сешанба"},{"$i":"weekday-2-short","$v":"Сеш"},{"$i":"weekday-3-long","$v":"Чоршанба"},{"$i":"weekday-3-short","$v":"Чор"},{"$i":"weekday-4-long","$v":"Пайшанба"},{"$i":"weekday-4-short","$v":"Пай"},{"$i":"weekday-5-long","$v":"Жума"},{"$i":"weekday-5-short","$v":"Жум"},{"$i":"weekday-6-long","$v":"Шанба"},{"$i":"weekday-6-short","$v":"Шан"},{"$i":"weeks-ago-long","$v":{"few":[{"t":"idOrVar","v":"value"}," ҳафта олдин"],"many":[{"t":"idOrVar","v":"value"}," ҳафта олдин"],"one":"ўтган ҳафта","other":[{"t":"idOrVar","v":"value"}," ҳафта олдин"],"two":[{"t":"idOrVar","v":"value"}," ҳафта олдин"],"zero":"шу ҳафта"},"$x":[{"t":"idOrVar","v":"plural"},"value"]},{"$i":"weeks-until-long","$v":{"few":[{"t":"idOrVar","v":"value"}," ҳафтада"],"many":[{"t":"idOrVar","v":"value"}," ҳафтада"],"one":"кейинги ҳафта","other":[{"t":"idOrVar","v":"value"}," ҳафтада"],"two":[{"t":"idOrVar","v":"value"}," ҳафтада"],"zero":"шу ҳафта"},"$x":[{"t":"idOrVar","v":"plural"},"value"]},{"$i":"years-ago-long","$v":{"few":[{"t":"idOrVar","v":"value"}," йил олдин"],"many":[{"t":"idOrVar","v":"value"}," йил олдин"],"one":"ўтган йил","other":[{"t":"idOrVar","v":"value"}," йил олдин"],"two":[{"t":"idOrVar","v":"value"}," йил олдин"],"zero":"шу йил"},"$x":[{"t":"idOrVar","v":"plural"},"value"]},{"$i":"years-until-long","$v":{"few":[{"t":"idOrVar","v":"value"}," йилда"],"many":[{"t":"idOrVar","v":"value"}," йилда"],"one":"кейинги йил","other":[{"t":"idOrVar","v":"value"}," йилда"],"two":[{"t":"idOrVar","v":"value"}," йилда"],"zero":"шу йил"},"$x":[{"t":"idOrVar","v":"plural"},"value"]},{"$i":"dateTimeFormat_%X","$v":"%I:%M:%S %p"},{"$i":"weekStartsOnMonday","$v":"0"},{"$i":"firstDayOfTheWeek","$v":"1"}]