[{"$i":"clockDateFormat","$v":"%a %e %b"},{"$i":"deviceIsUnlocked","$v":"Thiết bị được mở khóa"},{"$i":"simUnlockCodeAccepted","$v":"Mã mở khóa SIM được chấp nhận"},{"$i":"simUnlockCodeFailed","$v":"Mở khóa SIM không thành công"},{"$i":"eccOnly","$v":"Chỉ cuộc gọi khẩn cấp"},{"$i":"emergencyCallsOnly","$v":"Chỉ cuộc gọi khẩn cấp"},{"$i":"lockedSim","$v":"Đã khóa SIM"},{"$i":"noService","$v":"Không có Dịch vụ"},{"$i":"noSimCard","$v":"Không có thẻ SIM"},{"$i":"searching","$v":"Đang tìm kiếm..."},{"$i":"airplane-mode","$v":"Chế độ Máy bay"},{"$i":"bluetooth","$v":"Bluetooth"},{"$i":"brightness","$v":"Độ sáng"},{"$i":"calculator","$v":"Máy tính"},{"$i":"camera","$v":"Camera"},{"$i":"cellular-data","$v":"Dữ liệu Di động"},{"$i":"confirm-to-uninstall-app","$v":["Gỡ bỏ ứng dụng ",{"t":"idOrVar","v":"appName"},"?"]},{"$i":"flashlight","$v":"Đèn flash"},{"$i":"instant-settings","$v":"các cài đặt tức thời"},{"$i":"off","$v":"Tắt"},{"$i":"on","$v":"Bật"},{"$i":"shortcuts","$v":"Lối tắt"},{"$i":"uninstall","$v":"Gỡ cài đặt"},{"$i":"volume","$v":"Âm lượng"},{"$i":"wifi","$v":"Wi-Fi"},{"$i":"percentage-number","$v":[{"t":"idOrVar","v":"number"},"%"]},{"$i":"all-apps","$v":"Tất cả các ứng dụng"},{"$i":"scImei","$v":"IMEI"},{"$i":"scMeid","$v":"MEID"},{"$i":"scUssd","$v":"USSD"},{"$i":"CallFailed","$v":"Cuộc gọi không thành công"},{"$i":"GenericFailure","$v":"Hỏng hóc chung"},{"$i":"add-smart-collections","$v":"Thêm Bộ sưu tập Thông minh"},{"$i":"add-to-existing-contact","$v":"Thêm vào liên hệ hiện tại"},{"$i":"alert-for-contacts-without-number","$v":"Không có liên hệ nào có số điện thoại."},{"$i":"app-title","$v":"Ứng dụng của Tôi"},{"$i":"app-uninstall","$v":[{"t":"idOrVar","v":"name"}," đã được gỡ bỏ"]},{"$i":"assign","$v":"Gán"},{"$i":"assign-speed-dial","$v":["Liên hệ không được thêm vào danh sách quay số nhanh cho nút ",{"t":"idOrVar","v":"n"},". Gán bây giờ ?"]},{"$i":"assign-voicemail","$v":"Chưa đặt số Thư Thoại."},{"$i":"call","$v":"Gọi"},{"$i":"callAirplaneModeMessage","$v":"Để thực hiện cuộc gọi, bạn cần tắt chế độ máy bay trong cài đặt."},{"$i":"callAirplaneModeTitle","$v":"Chế độ máy bay được kích hoạt"},{"$i":"cancel","$v":"Hủy"},{"$i":"change-wallpaper","$v":"Thay đổi Hình nền"},{"$i":"clocks-updated","$v":"Đã cập nhật đồng hồ"},{"$i":"confirmation","$v":"Xác nhận"},{"$i":"contacts","$v":"Danh bạ"},{"$i":"create-new-contact","$v":"Tạo liên hệ mới"},{"$i":"delete","$v":"Xóa"},{"$i":"delete-body","$v":[{"t":"idOrVar","v":"name"}," và tất cả dữ liệu của nó sẽ bị xóa."]},{"$i":"delete-title","$v":["Xóa ",{"t":"idOrVar","v":"name"}]},{"$i":"edit","$v":"Chỉnh sửa"},{"$i":"edit-done","$v":"Đã xong"},{"$i":"edit-group-header","$v":"Chỉnh sửa nhóm"},{"$i":"edit-mode","$v":"Chỉnh sửa"},{"$i":"emergency-call-error","$v":[{"t":"idOrVar","v":"number"}," không phải là số khẩn cấp."]},{"$i":"emergency-call-only","$v":"Chỉ Cuộc gọi Khẩn cấp"},{"$i":"emergencyDialogBodyBadNumber","$v":"Để thực hiện một cuộc gọi, phải kết nối điện thoại với mạng."},{"$i":"emergencyDialogBodyDeviceNotAccepted","$v":"Mạng không cho phép các cuộc gọi khẩn cấp."},{"$i":"emergencyDialogTitle","$v":"Không có kết nối mạng"},{"$i":"fax-home","$v":"Số fax nhà riêng"},{"$i":"fax-office","$v":"Số fax văn phòng"},{"$i":"fax-other","$v":"Số fax khác"},{"$i":"fdnIsActiveMessage","$v":["FDN (Số Quay số Cố định) được kích hoạt và số sau đây không nằm trong danh sách FDN của bạn: ",{"t":"idOrVar","v":"number"}]},{"$i":"fdnIsActiveTitle","$v":"FDN đang hoạt động"},{"$i":"gaia-shortcut-app-updated","$v":"Đã cập nhật Ứng dụng"},{"$i":"grid-view","$v":"Xem dạng Lưới"},{"$i":"home","$v":"Màn hình chính"},{"$i":"homescreen-settings","$v":"Cài đặt Màn hình chính"},{"$i":"invalidNumberToDialMessage","$v":"Số điện thoại bạn đang gọi không hợp lệ."},{"$i":"invalidNumberToDialTitle","$v":"Số điện thoại không hợp lệ"},{"$i":"list-view","$v":"Chế độ xem Danh sách"},{"$i":"longDateFormat","$v":"%A, %B %e"},{"$i":"menu","$v":"Menu"},{"$i":"message","$v":"Tin nhắn"},{"$i":"mobile","$v":"Di động"},{"$i":"more","$v":"Thêm"},{"$i":"move","$v":"Di chuyển"},{"$i":"notifications","$v":"Thông báo"},{"$i":"numberIsBusyMessage","$v":"Số điện thoại hiện đang bận. Vui lòng gọi lại sau."},{"$i":"numberIsBusyTitle","$v":"Số điện thoại đang bận"},{"$i":"ok","$v":"OK"},{"$i":"option-remove","$v":"Xóa khỏi danh sách Quay số nhanh"},{"$i":"option-replace","$v":"Thay thế"},{"$i":"options","$v":"Tùy chọn"},{"$i":"otherConnectionInUseMessage","$v":"Bạn đang có một cuộc gọi trên một kết nối khác. Bạn chỉ có thể sử dụng một kết nối một lần."},{"$i":"otherConnectionInUseTitle","$v":"Đang sử dụng kết nối khác"},{"$i":"personal","$v":"Cá nhân"},{"$i":"remove","$v":"Xóa"},{"$i":"remove-speed-dial","$v":["Bạn có chắc muốn xóa ",{"t":"idOrVar","v":"name"}," khỏi danh sách Quay số Nhanh không?"]},{"$i":"replace","$v":"Thay thế"},{"$i":"replace-speed-dial","$v":["Bạn có chắc chắn muốn thay thế ",{"t":"idOrVar","v":"name"}," bằng ",{"t":"idOrVar","v":"subName"}," ?"]},{"$i":"resume-download-action","$v":"Tải xuống"},{"$i":"resume-download-body","$v":["Bạn có muốn tải xuống ",{"t":"idOrVar","v":"name"}," không?"]},{"$i":"resume-download-title","$v":"Khởi động lại tiến trình Tải xuống"},{"$i":"scCallBarring","$v":"Chặn cuộc gọi"},{"$i":"scCallForwarding","$v":"Chuyển hướng cuộc gọi"},{"$i":"scCallWaiting","$v":"Chờ cuộc gọi"},{"$i":"scClip","$v":"ID Số gọi Đến"},{"$i":"scClir","$v":"ID Số gọi Đi"},{"$i":"scPin","$v":"Thay đổi mã PIN"},{"$i":"scPin2","$v":"Thay đổi mã PIN2"},{"$i":"scPuk","$v":"Mở khóa mã PIN"},{"$i":"scPuk2","$v":"Mở khóa mã PIN2"},{"$i":"scPwd","$v":"Thay đổi mật khẩu"},{"$i":"search-or-enter-address","placeholder":"Tìm kiếm hoặc nhập địa chỉ"},{"$i":"select","$v":"Chọn"},{"$i":"sending","$v":"Đang gửi…"},{"$i":"set","$v":"Đặt"},{"$i":"settings","$v":"Cài đặt"},{"$i":"single-view","$v":"Chế độ Xem Đơn"},{"$i":"skip","$v":"Bỏ qua"},{"$i":"speed-dial","$v":"Quay số Nhanh"},{"$i":"speed-dial-empty","ariaLabel":[{"t":"idOrVar","v":"order"},", trống"]},{"$i":"speed-dial-not-empty","ariaLabel":[{"t":"idOrVar","v":"order"},", ",{"t":"idOrVar","v":"name"}]},{"$i":"stop-download-action","$v":"Dừng"},{"$i":"stop-download-body","$v":"Bạn có muốn hủy tiến trình tải xuống không?"},{"$i":"stop-download-title","$v":["Dừng ",{"t":"idOrVar","v":"name"}]},{"$i":"tcl-wallpaper-changed","$v":"Đã thay đổi hình nền"},{"$i":"video-call","$v":"Cuộc gọi video"},{"$i":"voicemail","$v":"Thư thoại"},{"$i":"work","$v":"Công việc"},{"$i":"apps","$v":"Ứng dụng"},{"$i":"nocard-eccOnly","$v":"No SIM card-Emergency calls only"},{"$i":"unusablecard-eccOnly","$v":"Unusable SIM card-Emergency calls only"},{"$i":"apn-sim1","$v":"Cài đặt APN - SIM1"},{"$i":"apn-sim2","$v":"Cài đặt APN - SIM2"},{"$i":"apnConfigPrepay","$v":"Trả trước"},{"$i":"apnConfigPostpay","$v":"Trả sau"},{"$i":"apn-defaultconfig-message","$v":"Đặt loại APN sẽ hiển thị"},{"$i":"apnDefaultConfig","$v":"Cấu hình APN mặc định"},{"$i":"without-sim-new","$v":[{"t":"idOrVar","v":"index"}]},{"$i":"with-sim-new","$v":[{"t":"idOrVar","v":"index"}," - ",{"t":"idOrVar","v":"carrier"}]},{"$i":"sim-with-index-and-carrier","$v":["SIM ",{"t":"idOrVar","v":"index"}," - ",{"t":"idOrVar","v":"carrier"}]},{"$i":"sim-without-carrier","$v":["SIM ",{"t":"idOrVar","v":"index"}]},{"$i":"call-forwarding-voice-after-seconds","$v":["Gọi thoại: ",{"t":"idOrVar","v":"voice"}," sau ",{"t":"idOrVar","v":"timeSeconds"}," giây"]},{"$i":"addNewNumber","$v":"Thêm số điện thoại mới"},{"$i":"addToExistingContact","$v":"Thêm vào liên hệ hiện tại"},{"$i":"all","$v":"Tất cả","ariaLabel":"Tất cả"},{"$i":"bluetooth-handsfree-device","$v":"Thiết bị rảnh tay có tính năng Bluetooth"},{"$i":"bluetoothOption","ariaLabel":"Bluetooth"},{"$i":"callDurationHours","$v":[{"t":"idOrVar","v":"h"},":",{"t":"idOrVar","v":"m"},":",{"t":"idOrVar","v":"s"}]},{"$i":"callDurationMinutes","$v":[{"t":"idOrVar","v":"m"},":",{"t":"idOrVar","v":"s"}]},{"$i":"callDurationTextFormatHours","$v":[{"t":"idOrVar","v":"h"}," h ",{"t":"idOrVar","v":"m"}," m ",{"t":"idOrVar","v":"s"}," s"]},{"$i":"callDurationTextFormatMinutes","$v":[{"t":"idOrVar","v":"m"}," m ",{"t":"idOrVar","v":"s"}," s"]},{"$i":"callDurationTextFormatSeconds","$v":[{"t":"idOrVar","v":"s"}," s"]},{"$i":"callEnded","$v":"Kết thúc Cuộc gọi"},{"$i":"callInformation","$v":"Thông tin Cuộc gọi"},{"$i":"callLog","$v":"Nhật ký cuộc gọi"},{"$i":"callLogEdit","title":"Chỉnh sửa nhật ký cuộc gọi"},{"$i":"callLogEditDialog","ariaLabel":"Chỉnh sửa hộp thoại nhật ký cuộc gọi"},{"$i":"caller-left-call","$v":[{"t":"idOrVar","v":"caller"}," đã để lại một cuộc gọi."]},{"$i":"calllog-all","$v":"Tất cả"},{"$i":"calllog-deselectAll","$v":"Bỏ chọn Tất cả"},{"$i":"calllog-none","$v":"Không"},{"$i":"calllog-selectAll","$v":"Chọn Tất cả"},{"$i":"canceled","$v":"Đã hủy"},{"$i":"clear-all-text","$v":"Xóa toàn bộ văn bản"},{"$i":"close","$v":"Đóng"},{"$i":"composeEmail","ariaLabel":"Email"},{"$i":"conferenceAddError","$v":"Không thể hợp nhất các cuộc gọi"},{"$i":"conferenceCall","$v":["Hội nghị (",{"t":"idOrVar","v":"n"},")"]},{"$i":"conferenceRemoveError","$v":"Không thể bỏ hợp nhất cuộc gọi"},{"$i":"confirm-deletion","$v":"Xóa các cuộc gọi đã chọn?"},{"$i":"connecting","$v":"Đang kết nối"},{"$i":"connectingEllipsis","$v":"Đang kết nối..."},{"$i":"contactDetails","$v":"Chi tiết liên hệ"},{"$i":"createNewContact","$v":"Tạo liên hệ mới"},{"$i":"delete-n-log?","$v":{"few":["Xóa ",{"t":"idOrVar","v":"n"}," nhật ký?"],"many":["Xóa ",{"t":"idOrVar","v":"n"}," nhật ký?"],"one":"Xóa nhật ký đã chọn?","other":["Xóa ",{"t":"idOrVar","v":"n"}," nhật ký?"],"two":["Xóa ",{"t":"idOrVar","v":"n"}," nhật ký?"],"zero":"Không chọn mục nào"},"$x":[{"t":"idOrVar","v":"plural"},"n"]},{"$i":"deselect","$v":"Bỏ chọn"},{"$i":"dialed","$v":"Đã quay số"},{"$i":"dialer-prompt","$v":"Quay số và chọn liên hệ để thêm vào cuộc gọi"},{"$i":"dialerAddContact","ariaLabel":"Thêm liên hệ"},{"$i":"dialerAddContactDialog","ariaLabel":"Thêm Hộp thoại liên hệ"},{"$i":"edit-selected","$v":{"few":["đã chọn(",{"t":"idOrVar","v":"n"},")"],"many":["đã chọn(",{"t":"idOrVar","v":"n"},")"],"one":["đã chọn(",{"t":"idOrVar","v":"n"},")"],"other":["đã chọn(",{"t":"idOrVar","v":"n"},")"],"two":["đã chọn(",{"t":"idOrVar","v":"n"},")"]},"$x":[{"t":"idOrVar","v":"plural"},"n"]},{"$i":"emailDetail","ariaLabel":"Email"},{"$i":"from-contact","$v":["Từ ",{"t":"idOrVar","v":"contact"}]},{"$i":"from-number","$v":["Từ ",{"t":"idOrVar","v":"number"}]},{"$i":"from-withheld-number","$v":"Từ số điện thoại không xác định"},{"$i":"hangup-a11y-button","ariaLabel":"Gác Máy"},{"$i":"hide","$v":"Ẩn"},{"$i":"hideKeypad","ariaLabel":"Ẩn bàn phím"},{"$i":"hold","ariaLabel":"Giữ máy"},{"$i":"hours","$v":"giờ"},{"$i":"ignore","$v":"Bỏ qua Cuộc gọi"},{"$i":"incoming","$v":"Đến"},{"$i":"incoming-call","$v":"Cuộc gọi đến"},{"$i":"info-missed","$v":"Nhỡ"},{"$i":"keypad","ariaLabel":"Bàn phím"},{"$i":"log-item","$v":"Tùy chọn"},{"$i":"makeCall","ariaLabel":"Thực hiện cuộc gọi"},{"$i":"merge","ariaLabel":"Hợp nhất"},{"$i":"minutes","$v":"phút"},{"$i":"missed","$v":"Nhỡ","ariaLabel":"Nhỡ"},{"$i":"missedCall","$v":"Cuộc gọi nhỡ"},{"$i":"missedCallMultiSims","$v":["Cuộc gọi nhỡ (SIM ",{"t":"idOrVar","v":"n"},")"]},{"$i":"mmi-error","$v":"Một lỗi xảy ra trong khi gửi tin nhắn"},{"$i":"mmi-notification-title-with-sim","$v":["(",{"t":"idOrVar","v":"sim"},") ",{"t":"idOrVar","v":"title"}]},{"$i":"mmi-session-expired","$v":"Phiên hết hạn"},{"$i":"mmi-successfully-sent","$v":"Tin nhắn được gửi thành công"},{"$i":"mute","ariaLabel":"Tắt tiếng"},{"$i":"newCall","ariaLabel":"Cuộc gọi mới"},{"$i":"no-logs-msg-1","$v":"Không ghi lại cuộc gọi nào"},{"$i":"no-logs-msg-2","$v":"Bắt đầu trò chuyện ngay"},{"$i":"no-logs-msg-3","$v":"Không ghi lại cuộc gọi nào"},{"$i":"no-logs-msg-4","$v":"Bắt đầu trò chuyện ngay"},{"$i":"no-recent-numbers","$v":"Không có số gần đây nào trong Nhật ký Cuộc gọi để quay số."},{"$i":"onHoldOption","ariaLabel":"Đang chờ"},{"$i":"outgoing","$v":"Đi"},{"$i":"outgoing-call","$v":"Cuộc gọi đi"},{"$i":"phoneDetail","ariaLabel":"Điện thoại"},{"$i":"pickup-a11y-button","ariaLabel":"Nhấc máy"},{"$i":"received","$v":"Đã nhận"},{"$i":"receiver","$v":"Người nhận"},{"$i":"recents","ariaLabel":"Cuộc gọi gần đây"},{"$i":"reply","$v":"Trả lời"},{"$i":"resume","$v":"Tiếp tục","ariaLabel":"Tiếp tục"},{"$i":"search-results","$v":"Kết quả Tìm kiếm"},{"$i":"seconds","$v":"giây"},{"$i":"select-audio-sources","$v":"Chọn các nguồn âm thanh"},{"$i":"send","$v":"Gửi"},{"$i":"send-sms-button","ariaLabel":"SMS"},{"$i":"sendSms","$v":"Gửi Tin nhắn"},{"$i":"separator","$v":","},{"$i":"sim-number","$v":["SIM",{"t":"idOrVar","v":"n"}]},{"$i":"speaker","$v":"Loa"},{"$i":"speakerOption","ariaLabel":"Loa"},{"$i":"suggestionMatches","$v":{"few":[{"t":"idOrVar","v":"n"}," phù hợp với \"",{"t":"idOrVar","v":"matchNumber"}],"many":[{"t":"idOrVar","v":"n"}," phù hợp với \"",{"t":"idOrVar","v":"matchNumber"}],"one":[{"t":"idOrVar","v":"n"}," phù hợp với \"",{"t":"idOrVar","v":"matchNumber"}],"other":[{"t":"idOrVar","v":"n"}," phù hợp với \"",{"t":"idOrVar","v":"matchNumber"}],"two":[{"t":"idOrVar","v":"n"}," phù hợp với \"",{"t":"idOrVar","v":"matchNumber"}]},"$x":[{"t":"idOrVar","v":"plural"},"n"]},{"$i":"switch-calls","$v":"Chuyển cuộc gọi"},{"$i":"tcl-assign","$v":"Gán"},{"$i":"tcl-assign-speed-dial","$v":{"$o":["Liên hệ không được thêm vào danh sách quay số nhanh cho nút \"",{"t":"idOrVar","v":"speedDial"},"\"<br><br>Chỉ định ngay bây giờ?"]}},{"$i":"tcl-call-log-delete-group-notification","$v":["Đã xóa các ",{"t":"idOrVar","v":"n"}," mục nhập"]},{"$i":"tcl-calllog-entry-removed-err-notification","$v":"Không thể gỡ bỏ mục nhập Nhật ký Cuộc gọi"},{"$i":"tcl-calllog-entry-removed-succ-notification","$v":"Đã xóa mục nhập Nhật ký Cuộc gọi"},{"$i":"tcl-cancel","$v":"Hủy"},{"$i":"tcl-confirmation","$v":"Xác nhận"},{"$i":"tcl-delete-log","$v":"Bạn có chắc chắn muốn xóa các mục nhập đã chọn từ Nhật ký Cuộc gọi không?"},{"$i":"tcl-dialer","$v":"Bảng quay số"},{"$i":"tcl-edit-not-selected","$v":"đã chọn(0)"},{"$i":"tcl-option-menu-call-log-edit","$v":"Chỉnh sửa Nhật ký Cuộc gọi"},{"$i":"today","$v":"Hôm nay"},{"$i":"toggleKeypad","ariaLabel":"Phím bật/tắt"},{"$i":"type-your-response","placeholder":"Nhập phản hồi của bạn…"},{"$i":"unknown","$v":"Không xác định"},{"$i":"unlock-a11y-button","ariaLabel":"Thanh trượt"},{"$i":"ussd-services","$v":["Các dịch vụ ",{"t":"idOrVar","v":"operator"}]},{"$i":"via-sim","$v":["thông qua SIM",{"t":"idOrVar","v":"n"}]},{"$i":"view-all","$v":"Xem tất cả"},{"$i":"wifi-calling","$v":"Gọi qua Wi-Fi"},{"$i":"withheld-number","$v":"Không xác định"},{"$i":"yesterday","$v":"Hôm qua"},{"$i":"SimPin2","$v":"Mã PIN2 của SIM"},{"$i":"SimPuk2","$v":"Mã PUK2 của SIM"},{"$i":"serviceClassFax","$v":"FAX"},{"$i":"serviceClassPad","$v":"PAD"},{"$i":"serviceClassSms","$v":"SMS"},{"$i":"DialModifiedToDial","$v":"Đổi quay số thành quay số"},{"$i":"DialModifiedToSs","$v":"Đổi quay số thành SS"},{"$i":"DialModifiedToUssd","$v":"Đổi quay số thành USSD"},{"$i":"FdnCheckFailure","$v":"Kiểm tra Fdn không thành công"},{"$i":"IllegalSimOrMe","$v":"ME hoặc SIM không hợp lệ"},{"$i":"InvalidParameter","$v":"Thông số không hợp lệ"},{"$i":"ModeNotSupported","$v":"không hỗ trợ chế độ"},{"$i":"OpNotAllowedDuringVoiceCall","$v":"Không cho phép hoạt động trong thư thoại"},{"$i":"PasswordIncorrect","$v":"Mật khẩu không đúng"},{"$i":"RadioNotAvailable","$v":"Radio not available"},{"$i":"RejectedByRemote","$v":"Bị từ chối từ xa"},{"$i":"RequestNotSupported","$v":"Yêu cầu không được hỗ trợ"},{"$i":"ServiceIsDisabled","$v":"Vô hiệu hóa Dịch vụ"},{"$i":"ServiceIsEnabled","$v":"Kích hoạt Dịch vụ"},{"$i":"ServiceIsEnabledFor","$v":"Kích hoạt dịch vụ cho:"},{"$i":"SimAbsent","$v":"Không có SIM"},{"$i":"SmsSendFailRetry","$v":"Thử gửi lại SMS thất bại"},{"$i":"SsModifiedToDial","$v":"Đổi SS thành quay số"},{"$i":"SsModifiedToSs","$v":"Đổi SS thành SS"},{"$i":"SsModifiedToUssd","$v":"Đổi SS thành USSD"},{"$i":"SubscriptionNotAvailable","$v":"Đăng ký không khả dụng"},{"$i":"SubscriptionNotSupported","$v":"Đăng ký không được hỗ trợ"},{"$i":"UssdModifiedToDial","$v":"Đổi USSD thành quay số"},{"$i":"UssdModifiedToSs","$v":"Đổi USSD thành SS"},{"$i":"UssdModifiedToUssd","$v":"Đổi USSD thành USSD"},{"$i":"call-forwarding-async","$v":["Không đồng bộ: ",{"t":"idOrVar","v":"async"}]},{"$i":"call-forwarding-data","$v":["Dữ liệu: ",{"t":"idOrVar","v":"data"}]},{"$i":"call-forwarding-error","$v":"Đã xảy ra lỗi trong khi truy xuất trạng thái chuyển hướng cuộc gọi"},{"$i":"call-forwarding-fax","$v":["FAX: ",{"t":"idOrVar","v":"fax"}]},{"$i":"call-forwarding-inactive","$v":"Không hoạt động"},{"$i":"call-forwarding-packet","$v":["Gói: ",{"t":"idOrVar","v":"packet"}]},{"$i":"call-forwarding-pad","$v":["PAD: ",{"t":"idOrVar","v":"pad"}]},{"$i":"call-forwarding-sms","$v":["SMS: ",{"t":"idOrVar","v":"sms"}]},{"$i":"call-forwarding-status","$v":"Trạng thái chuyển hướng cuộc gọi"},{"$i":"call-forwarding-sync","$v":["Đồng bộ hóa: ",{"t":"idOrVar","v":"sync"}]},{"$i":"call-forwarding-voice","$v":["Thoại: ",{"t":"idOrVar","v":"voice"}]},{"$i":"emMmiError","$v":"Sự cố kết nối hoặc mã MMI không hợp lệ"},{"$i":"emMmiErrorBadPin","$v":"Mã PIN cũ bạn đã nhập không chính xác."},{"$i":"emMmiErrorBadPuk","$v":"Mã PUK bạn đã nhập không chính xác"},{"$i":"emMmiErrorEnablePin","$v":"Không thành công. Kích hoạt khóa SIM/RUIM"},{"$i":"emMmiErrorInvalidAction","$v":"Thao tác không hợp lệ"},{"$i":"emMmiErrorInvalidPin","$v":"Nhập mã PIN gồm 4 đến 8 chữ số"},{"$i":"emMmiErrorInvalidScCode","$v":"Mã dịch vụ không hợp lệ"},{"$i":"emMmiErrorMismatchPin","$v":"Mã PIN bạn đã nhập không khớp"},{"$i":"emMmiErrorMmiFdn","$v":"Chỉ hạn chế thao tác đối với số quay số định sẵn"},{"$i":"emMmiErrorNeedPuk2","$v":"Nhập PUK2 để bỏ chặn thẻ SIM"},{"$i":"emMmiErrorNeedsPuk","$v":"Thẻ SIM được khóa bằng mã PUK"},{"$i":"emMmiErrorNotSupported","$v":"Mã MMI Không hợp lệ hoặc Không được hỗ trợ"},{"$i":"emMmiErrorPasswordIncorrect","$v":"Mật khẩu Sai"},{"$i":"emMmiErrorPinPukAttempts","$v":{"few":[{"t":"idOrVar","v":"n"}," lần thử còn lại"],"many":[{"t":"idOrVar","v":"n"}," lần thử còn lại"],"one":["Chỉ ",{"t":"idOrVar","v":"n"}," lần thử còn lại"],"other":[{"t":"idOrVar","v":"n"}," lần thử còn lại"],"two":[{"t":"idOrVar","v":"n"}," lần thử còn lại"]},"$x":[{"t":"idOrVar","v":"plural"},"n"]},{"$i":"emMmiErrorSimBlocked","$v":"Đã vượt quá số lượng lần thử tối đa. SIM đã bị chặn"},{"$i":"emMmiErrorStkCcSsDial","$v":"Yêu cầu SS bị đổi thành yêu cầu QUAY SỐ"},{"$i":"emMmiErrorStkCcSsSs","$v":"Yêu cầu SS bị đổi thành yêu cầu SS mới"},{"$i":"emMmiErrorStkCcSsUssd","$v":"Yêu cầu SS bị đổi thành yêu cầu USSD"},{"$i":"emMmiErrorStkCcUssdDial","$v":"Yêu cầu USSD bị đổi thành yêu cầu QUAY SỐ"},{"$i":"emMmiErrorStkCcUssdSs","$v":"Yêu cầu USSD bị đổi thành yêu cầu SS"},{"$i":"emMmiErrorStkCcUssdUssd","$v":"Yêu cầu USSD bị đổi thành yêu cầu USSD mới"},{"$i":"fihVersion","$v":"Phiên bản FIH"},{"$i":"imeiAndSvn","$v":"IMEI và SVN"},{"$i":"internalVersion","$v":"Phiên bản nội bộ"},{"$i":"serviceClassData","$v":"Dữ liệu"},{"$i":"serviceClassDataAsync","$v":"Không đồng bộ"},{"$i":"serviceClassDataSync","$v":"Đồng bộ"},{"$i":"serviceClassPacket","$v":"Gói"},{"$i":"serviceClassVoice","$v":"Thoại"},{"$i":"smClirDefaultOffNextCallOff","$v":"ID Số gọi đến mặc định không bị giới hạn. Cuộc gọi tiếp theo: Không bị giới hạn"},{"$i":"smClirDefaultOffNextCallOn","$v":"ID Số gọi đến mặc định không bị giới hạn. Cuộc gọi tiếp theo: Bị giới hạn"},{"$i":"smClirDefaultOnNextCallOff","$v":"ID người gọi mặc định bị giới hạn. Cuộc gọi tiếp theo: Không bị giới hạn"},{"$i":"smClirDefaultOnNextCallOn","$v":"ID người gọi mặc định bị giới hạn. Cuộc gọi tiếp theo: Bị giới hạn"},{"$i":"smClirPermanent","$v":"Bạn không thể thay đổi cài đặt ID người gọi"},{"$i":"smPin2Changed","$v":"Thay đổi mã PIN2 thành công"},{"$i":"smPin2Unblocked","$v":"Bỏ chặn mã PIN2 thành công"},{"$i":"smPinChanged","$v":"Thay đổi mã PIN thành công"},{"$i":"smPinUnblocked","$v":"Bỏ chặn mã PIN thành công"},{"$i":"smServiceDisabled","$v":"Đã vô hiệu hóa dịch vụ"},{"$i":"smServiceEnabled","$v":"Đã kích hoạt dịch vụ"},{"$i":"smServiceEnabledFor","$v":"Đã kích hoạt dịch vụ cho:"},{"$i":"smServiceErased","$v":"Đã xóa thành công"},{"$i":"smServiceInterrogated","$v":"Đã yêu cầu thành công"},{"$i":"smServiceNotProvisioned","$v":"Dịch vụ không được cung cấp"},{"$i":"smServiceRegistered","$v":"Đã đăng ký thành công"},{"$i":"another","$v":"Khác"},{"$i":"current","$v":"Hiện hành"},{"$i":"customTag","$v":"Thẻ tùy chỉnh","placeholder":"Thẻ tùy chỉnh"},{"$i":"faxHome","$v":"Số fax nhà riêng"},{"$i":"faxOffice","$v":"Số fax văn phòng"},{"$i":"faxOther","$v":"Số fax khác"},{"$i":"itemWithLabel","$v":[{"t":"idOrVar","v":"label"},", ",{"t":"idOrVar","v":"item"}]},{"$i":"label","$v":"Nhãn"},{"$i":"other","$v":"Khác"},{"$i":"tcl-customTag","$v":"Thẻ tùy chỉnh"},{"$i":"dateTimeFormat_%c","$v":"%a %b %e %Y %I:%M:%S %p"},{"$i":"dateTimeFormat_%x","$v":"%m/%d/%Y"},{"$i":"days-ago-long","$v":{"few":[{"t":"idOrVar","v":"value"}," ngày trước"],"many":[{"t":"idOrVar","v":"value"}," ngày trước"],"one":"hôm qua","other":[{"t":"idOrVar","v":"value"}," ngày trước"],"two":[{"t":"idOrVar","v":"value"}," ngày trước"],"zero":"hôm nay"},"$x":[{"t":"idOrVar","v":"plural"},"value"]},{"$i":"days-ago-short","$v":{"other":[{"t":"idOrVar","v":"value"}," ngày trước"],"zero":"hôm nay"},"$x":[{"t":"idOrVar","v":"plural"},"value"]},{"$i":"days-until-long","$v":{"few":["trong ",{"t":"idOrVar","v":"value"}," ngày"],"many":["trong ",{"t":"idOrVar","v":"value"}," ngày"],"one":"ngày mai","other":["trong ",{"t":"idOrVar","v":"value"}," ngày"],"two":["trong ",{"t":"idOrVar","v":"value"}," ngày"],"zero":"hôm nay"},"$x":[{"t":"idOrVar","v":"plural"},"value"]},{"$i":"days-until-short","$v":{"other":["in ",{"t":"idOrVar","v":"value"},"d"],"zero":"hôm nay"},"$x":[{"t":"idOrVar","v":"plural"},"value"]},{"$i":"hours-ago-long","$v":{"few":[{"t":"idOrVar","v":"value"}," giờ trước"],"many":[{"t":"idOrVar","v":"value"}," giờ trước"],"one":"giờ trước","other":[{"t":"idOrVar","v":"value"}," giờ trước"],"two":[{"t":"idOrVar","v":"value"}," giờ trước"],"zero":"ngay bây giờ"},"$x":[{"t":"idOrVar","v":"plural"},"value"]},{"$i":"hours-ago-short","$v":{"other":[{"t":"idOrVar","v":"value"}," giờ trước"],"zero":"ngay bây giờ"},"$x":[{"t":"idOrVar","v":"plural"},"value"]},{"$i":"hours-until-long","$v":{"few":["trong ",{"t":"idOrVar","v":"value"}," giờ"],"many":["trong ",{"t":"idOrVar","v":"value"}," giờ"],"one":"trong một giờ","other":["trong ",{"t":"idOrVar","v":"value"}," giờ"],"two":["trong ",{"t":"idOrVar","v":"value"}," giờ"],"zero":"hiện tại"},"$x":[{"t":"idOrVar","v":"plural"},"value"]},{"$i":"hours-until-short","$v":{"other":["trong ",{"t":"idOrVar","v":"value"}],"zero":"hiện tại"},"$x":[{"t":"idOrVar","v":"plural"},"value"]},{"$i":"incorrectDate","$v":"(ngày không chính xác)"},{"$i":"minutes-ago-long","$v":{"few":[{"t":"idOrVar","v":"value"}," phút trước"],"many":[{"t":"idOrVar","v":"value"}," phút trước"],"one":"một phút trước","other":[{"t":"idOrVar","v":"value"}," phút trước"],"two":[{"t":"idOrVar","v":"value"}," phút trước"],"zero":"ngay bây giờ"},"$x":[{"t":"idOrVar","v":"plural"},"value"]},{"$i":"minutes-ago-short","$v":{"other":[{"t":"idOrVar","v":"value"}," tháng trước"],"zero":"ngay bây giờ"},"$x":[{"t":"idOrVar","v":"plural"},"value"]},{"$i":"minutes-until-long","$v":{"few":["trong ",{"t":"idOrVar","v":"value"}," phút"],"many":["trong ",{"t":"idOrVar","v":"value"}," phút"],"one":"trong một phút","other":["trong ",{"t":"idOrVar","v":"value"}," phút"],"two":["trong ",{"t":"idOrVar","v":"value"}," phút"],"zero":"hiện tại"},"$x":[{"t":"idOrVar","v":"plural"},"value"]},{"$i":"minutes-until-short","$v":{"other":["trong ",{"t":"idOrVar","v":"value"},"m"],"zero":"hiện tại"},"$x":[{"t":"idOrVar","v":"plural"},"value"]},{"$i":"month-0-genitive","$v":"Tháng 1"},{"$i":"month-0-long","$v":"Tháng 1"},{"$i":"month-0-short","$v":"Tháng 1"},{"$i":"month-1-genitive","$v":"Tháng 2"},{"$i":"month-1-long","$v":"Tháng 2"},{"$i":"month-1-short","$v":"Tháng 2"},{"$i":"month-10-genitive","$v":"Tháng 11"},{"$i":"month-10-long","$v":"Tháng 11"},{"$i":"month-10-short","$v":"Tháng 11"},{"$i":"month-11-genitive","$v":"Tháng 12"},{"$i":"month-11-long","$v":"Tháng 12"},{"$i":"month-11-short","$v":"Tháng 12"},{"$i":"month-2-genitive","$v":"Tháng 3"},{"$i":"month-2-long","$v":"Tháng 3"},{"$i":"month-2-short","$v":"Tháng 3"},{"$i":"month-3-genitive","$v":"Tháng 4"},{"$i":"month-3-long","$v":"Tháng 4"},{"$i":"month-3-short","$v":"Tháng 4"},{"$i":"month-4-genitive","$v":"Tháng 5"},{"$i":"month-4-long","$v":"Tháng 5"},{"$i":"month-4-short","$v":"Tháng 5"},{"$i":"month-5-genitive","$v":"Tháng 6"},{"$i":"month-5-long","$v":"Tháng 6"},{"$i":"month-5-short","$v":"Tháng 6"},{"$i":"month-6-genitive","$v":"Tháng 7"},{"$i":"month-6-long","$v":"Tháng 7"},{"$i":"month-6-short","$v":"Tháng 7"},{"$i":"month-7-genitive","$v":"Tháng 8"},{"$i":"month-7-long","$v":"Tháng 8"},{"$i":"month-7-short","$v":"Tháng 8"},{"$i":"month-8-genitive","$v":"Tháng 9"},{"$i":"month-8-long","$v":"Tháng 9"},{"$i":"month-8-short","$v":"Tháng 9"},{"$i":"month-9-genitive","$v":"Tháng 10"},{"$i":"month-9-long","$v":"Tháng 10"},{"$i":"month-9-short","$v":"Tháng 10"},{"$i":"months-ago-long","$v":{"few":[{"t":"idOrVar","v":"value"}," tháng trước"],"many":[{"t":"idOrVar","v":"value"}," tháng trước"],"one":"tháng trước","other":[{"t":"idOrVar","v":"value"}," tháng trước"],"two":[{"t":"idOrVar","v":"value"}," tháng trước"],"zero":"tháng này"},"$x":[{"t":"idOrVar","v":"plural"},"value"]},{"$i":"months-until-long","$v":{"few":["trong ",{"t":"idOrVar","v":"value"}," tháng"],"many":["trong ",{"t":"idOrVar","v":"value"}," tháng"],"one":"tháng tiếp theo","other":["trong ",{"t":"idOrVar","v":"value"}," tháng"],"two":["trong ",{"t":"idOrVar","v":"value"}," tháng"],"zero":"tháng này"},"$x":[{"t":"idOrVar","v":"plural"},"value"]},{"$i":"shortDateTimeFormat","$v":"%x %I:%M %p"},{"$i":"shortTimeFormat","$v":"%I:%M %p"},{"$i":"shortTimeFormat12","$v":"%I:%M %p"},{"$i":"shortTimeFormat24","$v":"%H:%M"},{"$i":"time_am","$v":"SÁNG"},{"$i":"time_pm","$v":"CHIỀU"},{"$i":"weekday-0-long","$v":"Chủ nhật"},{"$i":"weekday-0-short","$v":"CN"},{"$i":"weekday-1-long","$v":"Thứ Hai"},{"$i":"weekday-1-short","$v":"Thứ 2"},{"$i":"weekday-2-long","$v":"Thứ Ba"},{"$i":"weekday-2-short","$v":"Thứ 3"},{"$i":"weekday-3-long","$v":"Thứ Tư"},{"$i":"weekday-3-short","$v":"Thứ 4"},{"$i":"weekday-4-long","$v":"Thứ Năm"},{"$i":"weekday-4-short","$v":"Thứ 5"},{"$i":"weekday-5-long","$v":"Thứ Sáu"},{"$i":"weekday-5-short","$v":"Thứ 6"},{"$i":"weekday-6-long","$v":"Thứ Bảy"},{"$i":"weekday-6-short","$v":"Thứ 7"},{"$i":"weeks-ago-long","$v":{"few":[{"t":"idOrVar","v":"value"}," tuần trước"],"many":[{"t":"idOrVar","v":"value"}," tuần trước"],"one":"tuần trước","other":[{"t":"idOrVar","v":"value"}," tuần trước"],"two":[{"t":"idOrVar","v":"value"}," tuần trước"],"zero":"tuần này"},"$x":[{"t":"idOrVar","v":"plural"},"value"]},{"$i":"weeks-until-long","$v":{"few":["trong ",{"t":"idOrVar","v":"value"}," tuần"],"many":["trong ",{"t":"idOrVar","v":"value"}," tuần"],"one":"tuần tới","other":["trong ",{"t":"idOrVar","v":"value"}," tuần"],"two":["trong ",{"t":"idOrVar","v":"value"}," tuần"],"zero":"tuần này"},"$x":[{"t":"idOrVar","v":"plural"},"value"]},{"$i":"years-ago-long","$v":{"few":[{"t":"idOrVar","v":"value"}," năm trước"],"many":[{"t":"idOrVar","v":"value"}," năm trước"],"one":"năm ngoái","other":[{"t":"idOrVar","v":"value"}," năm trước"],"two":[{"t":"idOrVar","v":"value"}," năm trước"],"zero":"năm nay"},"$x":[{"t":"idOrVar","v":"plural"},"value"]},{"$i":"years-until-long","$v":{"few":["trong ",{"t":"idOrVar","v":"value"}," năm"],"many":["trong ",{"t":"idOrVar","v":"value"}," năm"],"one":"năm tới","other":["trong ",{"t":"idOrVar","v":"value"}," năm"],"two":["trong ",{"t":"idOrVar","v":"value"}," năm"],"zero":"năm nay"},"$x":[{"t":"idOrVar","v":"plural"},"value"]},{"$i":"dateTimeFormat_%X","$v":"%I:%M:%S %p"},{"$i":"weekStartsOnMonday","$v":"0"},{"$i":"firstDayOfTheWeek","$v":"1"}]