[{"$i":"clockDateFormat","$v":"%a, %e %b"},{"$i":"deviceIsUnlocked","$v":"Isixhobo asintshixwanga"},{"$i":"simUnlockCodeAccepted","$v":"Ikhowudi yokuvula I-SIM yamnkelwe"},{"$i":"simUnlockCodeFailed","$v":"uvulo lwe-SIM aluphumelelenga"},{"$i":"eccOnly","$v":"Iminxeba yongxamiseko kuphela"},{"$i":"emergencyCallsOnly","$v":"Iminxeba yongxamiseko kuphela"},{"$i":"lockedSim","$v":"Itshixiwe iSIM"},{"$i":"noService","$v":"Akukho ziiNkonzo"},{"$i":"noSimCard","$v":"Akukho SIM khadi"},{"$i":"searching","$v":"Iyahangela..."},{"$i":"airplane-mode","$v":"Imo yenqwelo moya"},{"$i":"bluetooth","$v":"IBluetooth"},{"$i":"brightness","$v":"Ukukhanya"},{"$i":"calculator","$v":"Ikhatyuletha"},{"$i":"camera","$v":"Ikhamera"},{"$i":"cellular-data","$v":"Idatha kanomyayi"},{"$i":"confirm-to-uninstall-app","$v":["Khupha ",{"t":"idOrVar","v":"appName"}," i-app?"]},{"$i":"flashlight","$v":"Isikhanyiso Sefleshi"},{"$i":"instant-settings","$v":"iisethingi zangoku"},{"$i":"off","$v":"Icimile"},{"$i":"on","$v":"Ilayitile"},{"$i":"shortcuts","$v":"Izinqumleli"},{"$i":"uninstall","$v":"Khupha ufakelo"},{"$i":"volume","$v":"Ivolyum"},{"$i":"wifi","$v":"I-Wi-Fi"},{"$i":"percentage-number","$v":[{"t":"idOrVar","v":"number"},"%"]},{"$i":"all-apps","$v":"Lonke usentyenziso"},{"$i":"scImei","$v":"IMEI"},{"$i":"scMeid","$v":"MEID"},{"$i":"scUssd","$v":"I-USSD"},{"$i":"CallFailed","$v":"Umnxeba uphanzile"},{"$i":"GenericFailure","$v":"Ukusilela okuzenzekelayo"},{"$i":"add-smart-collections","$v":"Faka ingqokelela ye Smart"},{"$i":"add-to-existing-contact","$v":"Faka kumqhakamshelwa osele ekhona"},{"$i":"alert-for-contacts-without-number","$v":"Akukho baqhagamshelwa abanenombolo yefowuni bafumanekayo."},{"$i":"app-title","$v":"ii-App Zam"},{"$i":"app-uninstall","$v":[{"t":"idOrVar","v":"name"}," ikhutshiwe"]},{"$i":"assign","$v":"Yabela"},{"$i":"assign-speed-dial","$v":["Umqhagamshelwa akongezwanga kwiqhosha le-Speed Dial ",{"t":"idOrVar","v":"n"},"? Abelwe ngoku?"]},{"$i":"assign-voicemail","$v":"Inombolo yeVoysmeyili ayikasetwa."},{"$i":"call","$v":"Fowuna"},{"$i":"callAirplaneModeMessage","$v":"Ukuze utsale umnxeba kufuneka uvale imo yepleyini kwiisethingi."},{"$i":"callAirplaneModeTitle","$v":"Imodi yenqwelo-moya ivuliwe"},{"$i":"cancel","$v":"Rhoxisa"},{"$i":"change-wallpaper","$v":"Tshintsha Iwalpheyipha"},{"$i":"clocks-updated","$v":"Ukuhlaziya iwotshi"},{"$i":"confirmation","$v":"Isiqinisekiso"},{"$i":"contacts","$v":"Abaqhagamshelwa"},{"$i":"create-new-contact","$v":"Yila umqhagamshelwa omtsha"},{"$i":"delete","$v":"Cima"},{"$i":"delete-body","$v":[{"t":"idOrVar","v":"name"}," kwaye yonke idatha yayo izakucinywa."]},{"$i":"delete-title","$v":["Icime ",{"t":"idOrVar","v":"name"}]},{"$i":"edit","$v":"Hlela"},{"$i":"edit-done","$v":"Ugqibile"},{"$i":"edit-group-header","$v":"Hlela iqela"},{"$i":"edit-mode","$v":"Hlela"},{"$i":"emergency-call-error","$v":[{"t":"idOrVar","v":"number"}," akuyonombolo kaxakeka."]},{"$i":"emergency-call-only","$v":"Fowunela Ungxamiseko Kuphela"},{"$i":"emergencyDialogBodyBadNumber","$v":"Ukuze utsale umnxeba, ifowuni kumele inxibelelane nenetwekhi."},{"$i":"emergencyDialogBodyDeviceNotAccepted","$v":"Ifowuni zongxamiseko azilandelwa kwinethiwekhi."},{"$i":"emergencyDialogTitle","$v":"Akukho qhakamshelo lanethiwekhi"},{"$i":"fax-home","$v":"Ifeksi yasekhaya"},{"$i":"fax-office","$v":"Ifeksi yaseofisini"},{"$i":"fax-other","$v":"Enye ifeksi"},{"$i":"fdnIsActiveMessage","$v":["I-FDN (Iinombolo Ezimiselwe Ukutsalelwa) ivuliwe ibe ezi nombolo zilandelayo azikho kuludwe lwe-FDN: ",{"t":"idOrVar","v":"number"}]},{"$i":"fdnIsActiveTitle","$v":"I-FDN iyasetyenziswa"},{"$i":"gaia-shortcut-app-updated","$v":"I-App Ihlaziyiwe"},{"$i":"grid-view","$v":"Imbonakalo yeGridi"},{"$i":"home","$v":"Ikhaya"},{"$i":"homescreen-settings","$v":"Iisethingi zeSkrinisekhaya"},{"$i":"invalidNumberToDialMessage","$v":"Le nombolo yefowuni uyifowunelayo ayilunganga."},{"$i":"invalidNumberToDialTitle","$v":"Akuyiyo inombolo yefowuni"},{"$i":"list-view","$v":"Imbonakalo yoLuhlu"},{"$i":"longDateFormat","$v":"%A, %B %e"},{"$i":"menu","$v":"Imenyu"},{"$i":"message","$v":"Umyalezo"},{"$i":"mobile","$v":"Nomyayi"},{"$i":"more","$v":"Ukungakumbi"},{"$i":"move","$v":"Fudusa"},{"$i":"notifications","$v":"Izaziso"},{"$i":"numberIsBusyMessage","$v":"Le nombolo ixakekile okwangoku. Nceda uzame kamva."},{"$i":"numberIsBusyTitle","$v":"Inombolo ixakekile"},{"$i":"ok","$v":"Kulungile"},{"$i":"option-remove","$v":"Susa ukusuka kufowuno olukhawulezayo"},{"$i":"option-replace","$v":"Beka enye"},{"$i":"options","$v":"Iinketho"},{"$i":"otherConnectionInUseMessage","$v":"Usemnxebeni kolunye unxibelelwano. Ungasebenzisa kuphela unxibelelwano olunye ngexesha."},{"$i":"otherConnectionInUseTitle","$v":"Amanye oqhakamshelo asetyenziswayo"},{"$i":"personal","$v":"Eyobuqu"},{"$i":"remove","$v":"Susa"},{"$i":"remove-speed-dial","$v":["Uqinisekile ufuna ukususa ",{"t":"idOrVar","v":"name"}," kwi-Speed Dial?"]},{"$i":"replace","$v":"Beka enye"},{"$i":"replace-speed-dial","$v":["Uqinisekile ufuna ukuthatha indawo ",{"t":"idOrVar","v":"name"}," ufake ",{"t":"idOrVar","v":"subName"},"?"]},{"$i":"resume-download-action","$v":"Ukhuphelo"},{"$i":"resume-download-body","$v":["Ufuna ukukhuphela ",{"t":"idOrVar","v":"name"},"?"]},{"$i":"resume-download-title","$v":"Qalela ukhutshelo"},{"$i":"scCallBarring","$v":"Ukuvala umnxeba"},{"$i":"scCallForwarding","$v":"Umnxeba uthunyelwe phambili"},{"$i":"scCallWaiting","$v":"Umnxeba ulindile"},{"$i":"scClip","$v":"Umnxeba ongenayoer ID"},{"$i":"scClir","$v":"iID yoMnxeba ophumayo"},{"$i":"scPin","$v":"Utshintsho PIN"},{"$i":"scPin2","$v":"Utshintsho PIN2"},{"$i":"scPuk","$v":"Yekisa ukubhloka kwe-PIN"},{"$i":"scPuk2","$v":"Yekisa ukubhloka kuka-PIN2"},{"$i":"scPwd","$v":"Utshintso lwepasiwedi"},{"$i":"search-or-enter-address","placeholder":"Khangela okanye faka idilesi"},{"$i":"select","$v":"Khetha"},{"$i":"sending","$v":"Iyathumela…"},{"$i":"set","$v":"Seta"},{"$i":"settings","$v":"Iisetingi"},{"$i":"single-view","$v":"Imbonakalo yeNto eNye"},{"$i":"skip","$v":"Tsiba"},{"$i":"speed-dial","$v":"Ispid Dayali"},{"$i":"speed-dial-empty","ariaLabel":[{"t":"idOrVar","v":"order"},", akhonto."]},{"$i":"speed-dial-not-empty","ariaLabel":[{"t":"idOrVar","v":"order"},", ",{"t":"idOrVar","v":"name"}]},{"$i":"stop-download-action","$v":"Yima"},{"$i":"stop-download-body","$v":"Ufuna ukuyekisa inkqubela yokukhuphela?"},{"$i":"stop-download-title","$v":["Yima ",{"t":"idOrVar","v":"name"}]},{"$i":"tcl-wallpaper-changed","$v":"Iwolpeyipa itshintshile"},{"$i":"video-call","$v":"Umnxeba wevidiyo"},{"$i":"voicemail","$v":"Ivoysmele"},{"$i":"work","$v":"Umsebenzi"},{"$i":"apps","$v":"Ii-App"},{"$i":"nocard-eccOnly","$v":"No SIM card-Emergency calls only"},{"$i":"unusablecard-eccOnly","$v":"Unusable SIM card-Emergency calls only"},{"$i":"apn-sim1","$v":"APN Iisethingi - SIM1"},{"$i":"apn-sim2","$v":"APN Iisethingi - SIM2"},{"$i":"apnConfigPrepay","$v":"Hlawula kwakhona"},{"$i":"apnConfigPostpay","$v":"Emva kodlalo"},{"$i":"apn-defaultconfig-message","$v":"Seta uhlobo lwe-APN ofuna ukulubonisa"},{"$i":"apnDefaultConfig","$v":"APN Eziziseko Lungiselelo"},{"$i":"without-sim-new","$v":[{"t":"idOrVar","v":"index"}]},{"$i":"with-sim-new","$v":[{"t":"idOrVar","v":"index"}," - ",{"t":"idOrVar","v":"carrier"}]},{"$i":"sim-with-index-and-carrier","$v":["I-SIM ",{"t":"idOrVar","v":"index"}," - ",{"t":"idOrVar","v":"carrier"}]},{"$i":"sim-without-carrier","$v":["I-SIM ",{"t":"idOrVar","v":"index"}]},{"$i":"call-forwarding-voice-after-seconds","$v":["Ilizwi: ",{"t":"idOrVar","v":"voice"}," emva ",{"t":"idOrVar","v":"timeSeconds"}," imizuzwana"]},{"$i":"addNewNumber","$v":"Faka inamba entsha"},{"$i":"addToExistingContact","$v":"Faka kumqhakamshelwa osele ekhona"},{"$i":"all","$v":"Zonke","ariaLabel":"Zonke"},{"$i":"bluetooth-handsfree-device","$v":"Isixhobo seBluetooth asingenantambo"},{"$i":"bluetoothOption","ariaLabel":"IBluetooth"},{"$i":"callDurationHours","$v":[{"t":"idOrVar","v":"h"},":",{"t":"idOrVar","v":"m"},":",{"t":"idOrVar","v":"s"}]},{"$i":"callDurationMinutes","$v":[{"t":"idOrVar","v":"m"},":",{"t":"idOrVar","v":"s"}]},{"$i":"callDurationTextFormatHours","$v":[{"t":"idOrVar","v":"h"}," y ",{"t":"idOrVar","v":"m"}," m ",{"t":"idOrVar","v":"s"}," z"]},{"$i":"callDurationTextFormatMinutes","$v":[{"t":"idOrVar","v":"m"}," m ",{"t":"idOrVar","v":"s"}," z"]},{"$i":"callDurationTextFormatSeconds","$v":[{"t":"idOrVar","v":"s"}," s"]},{"$i":"callEnded","$v":"Umnxeba Uphelisiwe"},{"$i":"callInformation","$v":"Inkcazelo Yomnxeba"},{"$i":"callLog","$v":"Ilogi yomnxeba"},{"$i":"callLogEdit","title":"Hlela ilogi yokufowuna"},{"$i":"callLogEditDialog","ariaLabel":"Hlela uluhlu lofowuno"},{"$i":"caller-left-call","$v":[{"t":"idOrVar","v":"caller"}," ushiye umnxeba."]},{"$i":"calllog-all","$v":"Zonke"},{"$i":"calllog-deselectAll","$v":"Yekisa ukukhetha Yonke"},{"$i":"calllog-none","$v":"Nanye"},{"$i":"calllog-selectAll","$v":"Khetha Konke"},{"$i":"canceled","$v":"Imisiwe"},{"$i":"clear-all-text","$v":"Susa yonke iteksti"},{"$i":"close","$v":"Vala"},{"$i":"composeEmail","ariaLabel":"Meyile"},{"$i":"conferenceAddError","$v":"Ayinakho ukudibanisa iminxeba"},{"$i":"conferenceCall","$v":["Ikhomferensi (",{"t":"idOrVar","v":"n"},")"]},{"$i":"conferenceRemoveError","$v":"Ayinakho ukohlukanisa iminxebe edibeneyo"},{"$i":"confirm-deletion","$v":"Susa iminxeba ekhethiweyo?"},{"$i":"connecting","$v":"Iqhagamshelene"},{"$i":"connectingEllipsis","$v":"Iyaqhagamshela…"},{"$i":"contactDetails","$v":"Inkcazelo yomqhagamshelwa"},{"$i":"createNewContact","$v":"Yila umqhagamshelwa omtsha"},{"$i":"delete-n-log?","$v":{"few":["Cima ",{"t":"idOrVar","v":"n"}," iilogi?"],"many":["Cima ",{"t":"idOrVar","v":"n"}," iilogi?"],"one":"Cima longi ekhethiweyo?","other":["Cima ",{"t":"idOrVar","v":"n"}," iilogi?"],"two":["Cima ",{"t":"idOrVar","v":"n"}," iilogi?"],"zero":"Akukhonto ikhethiweyo"},"$x":[{"t":"idOrVar","v":"plural"},"n"]},{"$i":"deselect","$v":"Yekisa ukukhetha"},{"$i":"dialed","$v":"Icofiwe"},{"$i":"dialer-prompt","$v":"Fowunela inombolo okanye ukhetha ukongeza ozakumfowunela"},{"$i":"dialerAddContact","ariaLabel":"Faka qhakamshelwa"},{"$i":"dialerAddContactDialog","ariaLabel":"Faka qhakamshelwa kufowuno"},{"$i":"edit-selected","$v":{"few":["ikhethiwe(",{"t":"idOrVar","v":"n"},")"],"many":["ikhethiwe(",{"t":"idOrVar","v":"n"},")"],"one":["ikhethiwe(",{"t":"idOrVar","v":"n"},")"],"other":["ikhethiwe(",{"t":"idOrVar","v":"n"},")"],"two":["ikhethiwe(",{"t":"idOrVar","v":"n"},")"]},"$x":[{"t":"idOrVar","v":"plural"},"n"]},{"$i":"emailDetail","ariaLabel":"Meyile"},{"$i":"from-contact","$v":["Ivela ",{"t":"idOrVar","v":"contact"}]},{"$i":"from-number","$v":["Ivela ",{"t":"idOrVar","v":"number"}]},{"$i":"from-withheld-number","$v":"Ivela kwinombolo engaziwayo"},{"$i":"hangup-a11y-button","ariaLabel":"Beka"},{"$i":"hide","$v":"Fihla"},{"$i":"hideKeypad","ariaLabel":"Fihla ikeypad"},{"$i":"hold","ariaLabel":"Bamba njalo"},{"$i":"hours","$v":"Iiyure"},{"$i":"ignore","$v":"Qhawula umnxeba"},{"$i":"incoming","$v":"Engenayo"},{"$i":"incoming-call","$v":"Umnxeba ongenayo"},{"$i":"info-missed","$v":"Eziphosiweyo"},{"$i":"keypad","ariaLabel":"Ikhiphedi"},{"$i":"log-item","$v":"Iinketho"},{"$i":"makeCall","ariaLabel":"Yenza umnxeba"},{"$i":"merge","ariaLabel":"Dibanisa"},{"$i":"minutes","$v":"Imizuzu"},{"$i":"missed","$v":"Eziphosiweyo","ariaLabel":"Eziphosiweyo"},{"$i":"missedCall","$v":"Umnxeba ophosiweyo"},{"$i":"missedCallMultiSims","$v":["(SIM ",{"t":"idOrVar","v":"n"},") Umnxeba ongabajwanga"]},{"$i":"mmi-error","$v":"Impazamo yenzeke ngoxa kuthunyelwa umyalezo"},{"$i":"mmi-notification-title-with-sim","$v":["(",{"t":"idOrVar","v":"sim"},") ",{"t":"idOrVar","v":"title"}]},{"$i":"mmi-session-expired","$v":"Iseshoni iphelelwe"},{"$i":"mmi-successfully-sent","$v":"UMyalezo Uthunyelwe ngempumelelo"},{"$i":"mute","ariaLabel":"Thulisa"},{"$i":"newCall","ariaLabel":"Omtsha umnxeba"},{"$i":"no-logs-msg-1","$v":"Akukho minxeba ishicilelweyo"},{"$i":"no-logs-msg-2","$v":"Qalisa uthungelwano ngoku"},{"$i":"no-logs-msg-3","$v":"Akukho minxeba ishicilelweyo"},{"$i":"no-logs-msg-4","$v":"Qalisa uthungelwano ngoku"},{"$i":"no-recent-numbers","$v":"Akukho ziinombolo zakutshanje kwiiLog zeMinxeba ezinokudayelwa."},{"$i":"onHoldOption","ariaLabel":"Bamba"},{"$i":"outgoing","$v":"Iyaphuma"},{"$i":"outgoing-call","$v":"Umnxeba ophumayo"},{"$i":"phoneDetail","ariaLabel":"Ifowni"},{"$i":"pickup-a11y-button","ariaLabel":"Thathisela"},{"$i":"received","$v":"Ezikhoyo"},{"$i":"receiver","$v":"Isifumani"},{"$i":"recents","ariaLabel":"Iminxeba yangoku"},{"$i":"reply","$v":"Phendula"},{"$i":"resume","$v":"Phnd uqll","ariaLabel":"Phnd uqll"},{"$i":"search-results","$v":"Khangela Iziphumo"},{"$i":"seconds","$v":"Imizuzwana"},{"$i":"select-audio-sources","$v":"Khetha imithombo ye-odiyo"},{"$i":"send","$v":"Thumela"},{"$i":"send-sms-button","ariaLabel":"I-SMS"},{"$i":"sendSms","$v":"Thumela umyalezo"},{"$i":"separator","$v":","},{"$i":"sim-number","$v":["I-SIM",{"t":"idOrVar","v":"n"}]},{"$i":"speaker","$v":"Ispikha"},{"$i":"speakerOption","ariaLabel":"Ispikha"},{"$i":"suggestionMatches","$v":{"few":[{"t":"idOrVar","v":"n"}," imatana ne \"",{"t":"idOrVar","v":"matchNumber"}],"many":[{"t":"idOrVar","v":"n"}," imatana ne \"",{"t":"idOrVar","v":"matchNumber"}],"one":[{"t":"idOrVar","v":"n"}," matanisa ne \"",{"t":"idOrVar","v":"matchNumber"}],"other":[{"t":"idOrVar","v":"n"}," imatana ne \"",{"t":"idOrVar","v":"matchNumber"}],"two":[{"t":"idOrVar","v":"n"}," imatana ne \"",{"t":"idOrVar","v":"matchNumber"}]},"$x":[{"t":"idOrVar","v":"plural"},"n"]},{"$i":"switch-calls","$v":"Tshintsha iminxeba"},{"$i":"tcl-assign","$v":"Beka"},{"$i":"tcl-assign-speed-dial","$v":{"$o":["Umqhagamshelwa akongezwanga kwiqhosha le-Speed Dial \"",{"t":"idOrVar","v":"speedDial"},"\"<br></br>Abelwe ngoku?"]}},{"$i":"tcl-call-log-delete-group-notification","$v":[{"t":"idOrVar","v":"n"}," iimfakelo zicinyiwe"]},{"$i":"tcl-calllog-entry-removed-err-notification","$v":"Awunakususa ufowuno olufakiweyo"},{"$i":"tcl-calllog-entry-removed-succ-notification","$v":"Susa Ilogi Yomnxeba"},{"$i":"tcl-cancel","$v":"Rhoxisa"},{"$i":"tcl-confirmation","$v":"Isiqinisekiso"},{"$i":"tcl-delete-log","$v":"Uqinisekile ufuna ukucima iminxebe engenileyo kwiLogi?"},{"$i":"tcl-dialer","$v":"Efowunayo"},{"$i":"tcl-edit-not-selected","$v":"okhethiweyo(0)"},{"$i":"tcl-option-menu-call-log-edit","$v":"Hlela Ilogi Yokufowuna"},{"$i":"today","$v":"Namhlanje"},{"$i":"toggleKeypad","ariaLabel":"Ikhiphedi ye-Toggle"},{"$i":"type-your-response","placeholder":"Tayipa impendulo yakho…"},{"$i":"unknown","$v":"Akaziwa"},{"$i":"unlock-a11y-button","ariaLabel":"Islayida"},{"$i":"ussd-services","$v":[{"t":"idOrVar","v":"operator"}," iinkonzo"]},{"$i":"via-sim","$v":["Nge-SIM",{"t":"idOrVar","v":"n"}]},{"$i":"view-all","$v":"Bona Zonke"},{"$i":"wifi-calling","$v":"Ukufowuna nge-Wi-Fi"},{"$i":"withheld-number","$v":"Akaziwa"},{"$i":"yesterday","$v":"Izolo"},{"$i":"SimPin2","$v":"U-PIN 2 we-SIM"},{"$i":"SimPuk2","$v":"U-PUK2 we-SIM"},{"$i":"serviceClassFax","$v":"I-FEKSI"},{"$i":"serviceClassPad","$v":"iPAD"},{"$i":"serviceClassSms","$v":"I-SMS"},{"$i":"DialModifiedToDial","$v":"Dial modified to dial"},{"$i":"DialModifiedToSs","$v":"Dial modified to SS"},{"$i":"DialModifiedToUssd","$v":"Dial modified to USSD"},{"$i":"FdnCheckFailure","$v":"Hlola ukusilela kwe-fdn"},{"$i":"IllegalSimOrMe","$v":"Engekhothethweni iSIM okanye ME"},{"$i":"InvalidParameter","$v":"Iakusiso isikhombi"},{"$i":"ModeNotSupported","$v":"Ayixhaswanga imo"},{"$i":"OpNotAllowedDuringVoiceCall","$v":"Umsebenzi awuvumelekanga ukwenza ufowuno lelizwi"},{"$i":"PasswordIncorrect","$v":"Ipasiwedi ayilunganga"},{"$i":"RadioNotAvailable","$v":"Radio not available"},{"$i":"RejectedByRemote","$v":"Yaliwe yirimothi"},{"$i":"RequestNotSupported","$v":"Isicelo asixhaswanga"},{"$i":"ServiceIsDisabled","$v":"Inkonzo ivaliwe"},{"$i":"ServiceIsEnabled","$v":"Inkonzo ivuliwe"},{"$i":"ServiceIsEnabledFor","$v":"Inkonzo ivulwe:"},{"$i":"SimAbsent","$v":"I-SIM ayikho"},{"$i":"SmsSendFailRetry","$v":"SMS send fail retry"},{"$i":"SsModifiedToDial","$v":"I-SS ilungiselwe ukudayela"},{"$i":"SsModifiedToSs","$v":"I-SS ilungiselwe i-SS"},{"$i":"SsModifiedToUssd","$v":"I-SS ilungiselwe i-USSD"},{"$i":"SubscriptionNotAvailable","$v":"Ubulungu abufumaneki"},{"$i":"SubscriptionNotSupported","$v":"Ubulungu abuxhaswa"},{"$i":"UssdModifiedToDial","$v":"I-USSD ilungiselelwe ku-dial"},{"$i":"UssdModifiedToSs","$v":"I-USSD ilungiselelwe ku-SS"},{"$i":"UssdModifiedToUssd","$v":"I-USSD ilungiselelwe ku-USSD"},{"$i":"call-forwarding-async","$v":["I-Asynchronous: ",{"t":"idOrVar","v":"async"}]},{"$i":"call-forwarding-data","$v":["Idatha: ",{"t":"idOrVar","v":"data"}]},{"$i":"call-forwarding-error","$v":"Impazamo yenzeke ngoxa ufuna imo yokuthumela iminxeba"},{"$i":"call-forwarding-fax","$v":["I-FEKSI: ",{"t":"idOrVar","v":"fax"}]},{"$i":"call-forwarding-inactive","$v":"Ayivulwanga"},{"$i":"call-forwarding-packet","$v":["iPakethe: ",{"t":"idOrVar","v":"packet"}]},{"$i":"call-forwarding-pad","$v":["iPAD: ",{"t":"idOrVar","v":"pad"}]},{"$i":"call-forwarding-sms","$v":["I-SMS: ",{"t":"idOrVar","v":"sms"}]},{"$i":"call-forwarding-status","$v":"Imo yomnxeba othunyelwe phambili"},{"$i":"call-forwarding-sync","$v":["Ingqamene: ",{"t":"idOrVar","v":"sync"}]},{"$i":"call-forwarding-voice","$v":["Ilizwi: ",{"t":"idOrVar","v":"voice"}]},{"$i":"emMmiError","$v":"Kukho ingxaki yoqhagamshelwano okanye ikhowudi ye-MMI ayisebenzi"},{"$i":"emMmiErrorBadPin","$v":"La PIN indala uyifakileyo ayichanekanga."},{"$i":"emMmiErrorBadPuk","$v":"I-PUK oyitayipileyo ayichanekanga"},{"$i":"emMmiErrorEnablePin","$v":"Ayiphumelelanga. Vla i-SIM/RUIM LOCK"},{"$i":"emMmiErrorInvalidAction","$v":"Akungesiso isenzo"},{"$i":"emMmiErrorInvalidPin","$v":"Faka i-PIN eneenombolo ezi-4 ukusa kwezi-8"},{"$i":"emMmiErrorInvalidScCode","$v":"Akuyiyo ikhodi yenkonzo"},{"$i":"emMmiErrorMismatchPin","$v":"Ii-PIN ozifakileyo azihambelani"},{"$i":"emMmiErrorMmiFdn","$v":"Umsebenzi uthintelwe kwinombolo ezenzelwe ufowuni kuphela"},{"$i":"emMmiErrorNeedPuk2","$v":"Faka i-PUK2 ukuvula ikhadi leSIM"},{"$i":"emMmiErrorNeedsPuk","$v":"I-SIM khadi yakho itshixwe nge-PUK"},{"$i":"emMmiErrorNotSupported","$v":"Akuyiyo okanye ayixhaswanga ikhodi ye MMI"},{"$i":"emMmiErrorPasswordIncorrect","$v":"Ipasiwedi ekungeyiyo"},{"$i":"emMmiErrorPinPukAttempts","$v":{"few":[{"t":"idOrVar","v":"n"}," zizame ekhohlo"],"many":[{"t":"idOrVar","v":"n"}," zizame ekhohlo"],"one":["Kuphela ",{"t":"idOrVar","v":"n"}," zama ekhohlo"],"other":[{"t":"idOrVar","v":"n"}," zizame ekhohlo"],"two":[{"t":"idOrVar","v":"n"}," zizame ekhohlo"]},"$x":[{"t":"idOrVar","v":"plural"},"n"]},{"$i":"emMmiErrorSimBlocked","$v":"Isiphelo nani semizamo sidlule. iSIM ivaliwe"},{"$i":"emMmiErrorStkCcSsDial","$v":"Isicelo se-SS silungiselwe isicelo se-DIAL"},{"$i":"emMmiErrorStkCcSsSs","$v":"Isicelo se-SS silungiselelwe isicelo esitsha se-SS"},{"$i":"emMmiErrorStkCcSsUssd","$v":"Isicelo se-SS silungiselelwe isicelo se-USSD"},{"$i":"emMmiErrorStkCcUssdDial","$v":"Isicelo se-USSD silungiselelwe isicelo se-DIAL"},{"$i":"emMmiErrorStkCcUssdSs","$v":"Isicelo se-USSD silungiselelwe isicelo se-SS request"},{"$i":"emMmiErrorStkCcUssdUssd","$v":"Isicelo se-USSD silungiselelwe isicelo esitsha se-USSD request"},{"$i":"fihVersion","$v":"Inguqulelo ye-FIH"},{"$i":"imeiAndSvn","$v":"I-IMEI ne-SVN"},{"$i":"internalVersion","$v":"Inguqulelo yaNgaphakathi"},{"$i":"serviceClassData","$v":"Idatha"},{"$i":"serviceClassDataAsync","$v":"Ukudibanisa"},{"$i":"serviceClassDataSync","$v":"Ngqamanisa"},{"$i":"serviceClassPacket","$v":"iPakethe"},{"$i":"serviceClassVoice","$v":"Ilizwi"},{"$i":"smClirDefaultOffNextCallOff","$v":"I-ID yofowunayo imisela ingabi namida. Umnxeba olandelayo: Akukho mida"},{"$i":"smClirDefaultOffNextCallOn","$v":"I-ID yofowunayo imisela ingabi namida. Umnxeba olandelayo: Inemida"},{"$i":"smClirDefaultOnNextCallOff","$v":"I-ID yofowunayo imisela imida. Umnxeba olandelayo: Akukho mida"},{"$i":"smClirDefaultOnNextCallOn","$v":"I-ID yofowunayo imisela imida. Umnxeba olandelayo: Inemida"},{"$i":"smClirPermanent","$v":"Awunakho ukutshintsha isethingi yeSazisi soMfowuni"},{"$i":"smPin2Changed","$v":"IPIN2 itshintswe ngempumelelo"},{"$i":"smPin2Unblocked","$v":"IPIN2 ivulelwe ngempumelelo"},{"$i":"smPinChanged","$v":"IPIN itshintswe ngempumelelo"},{"$i":"smPinUnblocked","$v":"IPIN Ivulelwe ngempumelelo"},{"$i":"smServiceDisabled","$v":"Inkonzo iye yavalwa"},{"$i":"smServiceEnabled","$v":"Inkonzo ivuliwe"},{"$i":"smServiceEnabledFor","$v":"Inkonzo ivulelwe:"},{"$i":"smServiceErased","$v":"Ukuqinisekisa kuphumelele"},{"$i":"smServiceInterrogated","$v":"Isicelo siphumelele"},{"$i":"smServiceNotProvisioned","$v":"Inkonzo ayibonelelwa"},{"$i":"smServiceRegistered","$v":"Ubhaliso luphumelele"},{"$i":"another","$v":"Okunye"},{"$i":"current","$v":"Ngoku"},{"$i":"customTag","$v":"Ithengi yokuzenzela","placeholder":"Ithengi yokuzenzela"},{"$i":"faxHome","$v":"Ifeksi yasekhaya"},{"$i":"faxOffice","$v":"Ifeksi yaseofisini"},{"$i":"faxOther","$v":"Enye ifeksi"},{"$i":"itemWithLabel","$v":[{"t":"idOrVar","v":"label"},", ",{"t":"idOrVar","v":"item"}]},{"$i":"label","$v":"Umbhalo"},{"$i":"other","$v":"Ezinye"},{"$i":"tcl-customTag","$v":"Ithengi yokuzenzela"},{"$i":"dateTimeFormat_%c","$v":"%a %b %e %Y %I:%M:%S %p"},{"$i":"dateTimeFormat_%x","$v":"%m/%d/%Y"},{"$i":"days-ago-long","$v":{"few":[{"t":"idOrVar","v":"value"}," iintsuku ezidluleyo"],"many":[{"t":"idOrVar","v":"value"}," iintsuku ezidluleyo"],"one":"izolo","other":[{"t":"idOrVar","v":"value"}," iintsuku ezidluleyo"],"two":[{"t":"idOrVar","v":"value"}," iintsuku ezidluleyo"],"zero":"namhlanje"},"$x":[{"t":"idOrVar","v":"izininzi"},"inani"]},{"$i":"days-ago-short","$v":{"other":[{"t":"idOrVar","v":"value"},"s dluleyo"],"zero":"namhlanje"},"$x":[{"t":"idOrVar","v":"izininzi"},"inani"]},{"$i":"days-until-long","$v":{"few":["in ",{"t":"idOrVar","v":"value"}," iintsuku"],"many":["in ",{"t":"idOrVar","v":"value"}," iintsuku"],"one":"ngomso","other":["in ",{"t":"idOrVar","v":"value"}," iintsuku"],"two":["in ",{"t":"idOrVar","v":"value"}," iintsuku"],"zero":"namhlanje"},"$x":[{"t":"idOrVar","v":"izininzi"},"inani"]},{"$i":"days-until-short","$v":{"other":["in ",{"t":"idOrVar","v":"value"},"d"],"zero":"namhlanje"},"$x":[{"t":"idOrVar","v":"izininzi"},"inani"]},{"$i":"hours-ago-long","$v":{"few":[{"t":"idOrVar","v":"value"}," iiyure ezidluleyo"],"many":[{"t":"idOrVar","v":"value"}," iiyure ezidluleyo"],"one":"kwiyure edluleyo","other":[{"t":"idOrVar","v":"value"}," iiyure ezidluleyo"],"two":[{"t":"idOrVar","v":"value"}," iiyure ezidluleyo"],"zero":"nje ngoku"},"$x":[{"t":"idOrVar","v":"izininzi"},"inani"]},{"$i":"hours-ago-short","$v":{"other":[{"t":"idOrVar","v":"value"},"y dluleyo"],"zero":"nje ngoku"},"$x":[{"t":"idOrVar","v":"izininzi"},"inani"]},{"$i":"hours-until-long","$v":{"few":["in ",{"t":"idOrVar","v":"value"}," iiyure"],"many":["in ",{"t":"idOrVar","v":"value"}," iiyure"],"one":"kwiyure","other":["in ",{"t":"idOrVar","v":"value"}," iiyure"],"two":["in ",{"t":"idOrVar","v":"value"}," iiyure"],"zero":"Ngoku"},"$x":[{"t":"idOrVar","v":"izininzi"},"inani"]},{"$i":"hours-until-short","$v":{"other":["in ",{"t":"idOrVar","v":"value"},"h"],"zero":"Ngoku"},"$x":[{"t":"idOrVar","v":"izininzi"},"inani"]},{"$i":"incorrectDate","$v":"(umhla awulunganga)"},{"$i":"minutes-ago-long","$v":{"few":[{"t":"idOrVar","v":"value"}," imizuzu edlileyo"],"many":[{"t":"idOrVar","v":"value"}," imizuzu edlileyo"],"one":"Umzuzu odluleyo","other":[{"t":"idOrVar","v":"value"}," imizuzu edlileyo"],"two":[{"t":"idOrVar","v":"value"}," imizuzu edlileyo"],"zero":"nje ngoku"},"$x":[{"t":"idOrVar","v":"izininzi"},"inani"]},{"$i":"minutes-ago-short","$v":{"other":[{"t":"idOrVar","v":"value"},"m dluleyo"],"zero":"nje ngoku"},"$x":[{"t":"idOrVar","v":"izininzi"},"inani"]},{"$i":"minutes-until-long","$v":{"few":["in ",{"t":"idOrVar","v":"value"}," imizuzu"],"many":["in ",{"t":"idOrVar","v":"value"}," imizuzu"],"one":"kumzuzu","other":["in ",{"t":"idOrVar","v":"value"}," imizuzu"],"two":["in ",{"t":"idOrVar","v":"value"}," imizuzu"],"zero":"Ngoku"},"$x":[{"t":"idOrVar","v":"izininzi"},"inani"]},{"$i":"minutes-until-short","$v":{"other":["in ",{"t":"idOrVar","v":"value"},"m"],"zero":"Ngoku"},"$x":[{"t":"idOrVar","v":"izininzi"},"inani"]},{"$i":"month-0-genitive","$v":"Januwari"},{"$i":"month-0-long","$v":"EyoMqungu"},{"$i":"month-0-short","$v":"Jan"},{"$i":"month-1-genitive","$v":"Februwari"},{"$i":"month-1-long","$v":"EyoMdumba"},{"$i":"month-1-short","$v":"Feb"},{"$i":"month-10-genitive","$v":"Novemba"},{"$i":"month-10-long","$v":"EyeNkanga"},{"$i":"month-10-short","$v":"Nov"},{"$i":"month-11-genitive","$v":"Disemba"},{"$i":"month-11-long","$v":"EyoMnga"},{"$i":"month-11-short","$v":"Dis"},{"$i":"month-2-genitive","$v":"Matshi"},{"$i":"month-2-long","$v":"EyoKwindla"},{"$i":"month-2-short","$v":"Mat"},{"$i":"month-3-genitive","$v":"Tshaz"},{"$i":"month-3-long","$v":"Tshazimpuzi"},{"$i":"month-3-short","$v":"Tshazimpuzi"},{"$i":"month-4-genitive","$v":"Meyi"},{"$i":"month-4-long","$v":"UCanzibe"},{"$i":"month-4-short","$v":"Meyi"},{"$i":"month-5-genitive","$v":"Juni"},{"$i":"month-5-long","$v":"Isilimela"},{"$i":"month-5-short","$v":"Juni"},{"$i":"month-6-genitive","$v":"Julayi"},{"$i":"month-6-long","$v":"EyeKhala"},{"$i":"month-6-short","$v":"Julayi"},{"$i":"month-7-genitive","$v":"Agasti"},{"$i":"month-7-long","$v":"EyeThupha"},{"$i":"month-7-short","$v":"Agasti"},{"$i":"month-8-genitive","$v":"Septemba"},{"$i":"month-8-long","$v":"EyoMsintsi"},{"$i":"month-8-short","$v":"Sep"},{"$i":"month-9-genitive","$v":"Oktobha"},{"$i":"month-9-long","$v":"EyeDwarha"},{"$i":"month-9-short","$v":"Okto"},{"$i":"months-ago-long","$v":{"few":[{"t":"idOrVar","v":"value"}," iinyanga ezidluyo"],"many":[{"t":"idOrVar","v":"value"}," iinyanga ezidluyo"],"one":"Kwinyanga edluleyo","other":[{"t":"idOrVar","v":"value"}," iinyanga ezidluyo"],"two":[{"t":"idOrVar","v":"value"}," iinyanga ezidluyo"],"zero":"kule nyanga"},"$x":[{"t":"idOrVar","v":"izininzi"},"inani"]},{"$i":"months-until-long","$v":{"few":["in ",{"t":"idOrVar","v":"value"}," iinyanga"],"many":["in ",{"t":"idOrVar","v":"value"}," iinyanga"],"one":"inyanga ezayo","other":["in ",{"t":"idOrVar","v":"value"}," iinyanga"],"two":["in ",{"t":"idOrVar","v":"value"}," iinyanga"],"zero":"kule nyanga"},"$x":[{"t":"idOrVar","v":"izininzi"},"inani"]},{"$i":"shortDateTimeFormat","$v":"%x %I:%M %p"},{"$i":"shortTimeFormat","$v":"%I:%M %p"},{"$i":"shortTimeFormat12","$v":"%I:%M %p"},{"$i":"shortTimeFormat24","$v":"%H:%M"},{"$i":"time_am","$v":"AM"},{"$i":"time_pm","$v":"PM"},{"$i":"weekday-0-long","$v":"Ngecawe"},{"$i":"weekday-0-short","$v":"Ca"},{"$i":"weekday-1-long","$v":"NgoMvulo"},{"$i":"weekday-1-short","$v":"Mvu"},{"$i":"weekday-2-long","$v":"Lwesibini"},{"$i":"weekday-2-short","$v":"Lb"},{"$i":"weekday-3-long","$v":"Lwesithathu"},{"$i":"weekday-3-short","$v":"Lt"},{"$i":"weekday-4-long","$v":"Lwesine"},{"$i":"weekday-4-short","$v":"Ln"},{"$i":"weekday-5-long","$v":"Lwesihlanu"},{"$i":"weekday-5-short","$v":"Lh"},{"$i":"weekday-6-long","$v":"Mgqibelo"},{"$i":"weekday-6-short","$v":"Mg"},{"$i":"weeks-ago-long","$v":{"few":[{"t":"idOrVar","v":"value"}," iiveki ezidluleyo"],"many":[{"t":"idOrVar","v":"value"}," iiveki ezidluleyo"],"one":"kwiveki edluleyo","other":[{"t":"idOrVar","v":"value"}," iiveki ezidluleyo"],"two":[{"t":"idOrVar","v":"value"}," iiveki ezidluleyo"],"zero":"kule veki"},"$x":[{"t":"idOrVar","v":"izininzi"},"inani"]},{"$i":"weeks-until-long","$v":{"few":["in ",{"t":"idOrVar","v":"value"}," iiveki"],"many":["in ",{"t":"idOrVar","v":"value"}," iiveki"],"one":"iveki ezayo","other":["in ",{"t":"idOrVar","v":"value"}," iiveki"],"two":["in ",{"t":"idOrVar","v":"value"}," iiveki"],"zero":"kule veki"},"$x":[{"t":"idOrVar","v":"izininzi"},"inani"]},{"$i":"years-ago-long","$v":{"few":[{"t":"idOrVar","v":"value"}," iiminyak edluleyo"],"many":[{"t":"idOrVar","v":"value"}," iiminyak edluleyo"],"one":"kunyaka odluleyo","other":[{"t":"idOrVar","v":"value"}," iiminyak edluleyo"],"two":[{"t":"idOrVar","v":"value"}," iiminyak edluleyo"],"zero":"kulo nyaka"},"$x":[{"t":"idOrVar","v":"izininzi"},"inani"]},{"$i":"years-until-long","$v":{"few":["in ",{"t":"idOrVar","v":"value"}," iiminyaka"],"many":["in ",{"t":"idOrVar","v":"value"}," iiminyaka"],"one":"unyaka ozayou","other":["in ",{"t":"idOrVar","v":"value"}," iiminyaka"],"two":["in ",{"t":"idOrVar","v":"value"}," iiminyaka"],"zero":"kulo nyaka"},"$x":[{"t":"idOrVar","v":"izininzi"},"inani"]},{"$i":"dateTimeFormat_%X","$v":"%I:%M:%S %p"},{"$i":"weekStartsOnMonday","$v":"0"},{"$i":"firstDayOfTheWeek","$v":"1"}]