[{"$i":"clockDateFormat","$v":"%a, %e %b"},{"$i":"deviceIsUnlocked","$v":"手机已解锁"},{"$i":"simUnlockCodeAccepted","$v":"SIM解锁码被接受"},{"$i":"simUnlockCodeFailed","$v":"SIM解锁不成功"},{"$i":"eccOnly","$v":"仅限紧急呼叫"},{"$i":"emergencyCallsOnly","$v":"只能拨打紧急呼救电话"},{"$i":"lockedSim","$v":"已锁 SIM"},{"$i":"noService","$v":"无服务"},{"$i":"noSimCard","$v":"没有 SIM 卡"},{"$i":"searching","$v":"正在搜索…"},{"$i":"airplane-mode","$v":"飞行模式"},{"$i":"bluetooth","$v":"蓝牙"},{"$i":"brightness","$v":"亮度"},{"$i":"calculator","$v":"计算器"},{"$i":"camera","$v":"相机"},{"$i":"cellular-data","$v":"移动数据网络"},{"$i":"confirm-to-uninstall-app","$v":["是否卸载 ",{"t":"idOrVar","v":"appName"}," 应用?"]},{"$i":"flashlight","$v":"手电筒"},{"$i":"instant-settings","$v":"即时设置"},{"$i":"off","$v":"关闭"},{"$i":"on","$v":"开启"},{"$i":"shortcuts","$v":"快捷键"},{"$i":"uninstall","$v":"卸载"},{"$i":"volume","$v":"音量"},{"$i":"wifi","$v":"WLAN"},{"$i":"percentage-number","$v":[{"t":"idOrVar","v":"number"},"%"]},{"$i":"all-apps","$v":"全部应用"},{"$i":"scImei","$v":"IMEI"},{"$i":"scMeid","$v":"MEID"},{"$i":"scUssd","$v":"USSD"},{"$i":"CallFailed","$v":"呼叫失败"},{"$i":"GenericFailure","$v":"一般故障"},{"$i":"add-smart-collections","$v":"添加智能收集"},{"$i":"add-to-existing-contact","$v":"添加至现有联系人"},{"$i":"alert-for-contacts-without-number","$v":"所有联系人均无手机号。"},{"$i":"app-title","$v":"我的应用"},{"$i":"app-uninstall","$v":[{"t":"idOrVar","v":"name"}," 已被卸载"]},{"$i":"assign","$v":"指定"},{"$i":"assign-speed-dial","$v":["按键",{"t":"idOrVar","v":"n"},"未添加联系人。是否现在指定？"]},{"$i":"assign-voicemail","$v":"语音信箱号码尚未设置。"},{"$i":"call","$v":"呼叫"},{"$i":"callAirplaneModeMessage","$v":"如需拨打电话，需在“设置”中禁用飞行模式。"},{"$i":"callAirplaneModeTitle","$v":"飞行模式已启用"},{"$i":"cancel","$v":"取消"},{"$i":"change-wallpaper","$v":"更改壁纸"},{"$i":"clocks-updated","$v":"时钟已更新"},{"$i":"confirmation","$v":"确认"},{"$i":"contacts","$v":"通讯录"},{"$i":"create-new-contact","$v":"创建新联系人"},{"$i":"delete","$v":"删除"},{"$i":"delete-body","$v":[{"t":"idOrVar","v":"name"}," 及其全部数据将被删除。"]},{"$i":"delete-title","$v":["删除 ",{"t":"idOrVar","v":"name"}]},{"$i":"edit","$v":"编辑"},{"$i":"edit-done","$v":"完成"},{"$i":"edit-group-header","$v":"修改群组"},{"$i":"edit-mode","$v":"编辑"},{"$i":"emergency-call-error","$v":[{"t":"idOrVar","v":"number"}," 不是紧急电话号码。"]},{"$i":"emergency-call-only","$v":"只能拨打紧急电话"},{"$i":"emergencyDialogBodyBadNumber","$v":"手机必须连接网络才能拨打电话。"},{"$i":"emergencyDialogBodyDeviceNotAccepted","$v":"网络不允许紧急呼叫。"},{"$i":"emergencyDialogTitle","$v":"无网络连接"},{"$i":"fax-home","$v":"家庭传真"},{"$i":"fax-office","$v":"办公传真"},{"$i":"fax-other","$v":"其他传真"},{"$i":"fdnIsActiveMessage","$v":["固定拨号 (FDN) 已激活，下列号码不在您的 FDN 列表中：",{"t":"idOrVar","v":"number"}]},{"$i":"fdnIsActiveTitle","$v":"激活 FDN"},{"$i":"gaia-shortcut-app-updated","$v":"应用已更新"},{"$i":"grid-view","$v":"网格视图"},{"$i":"home","$v":"住宅"},{"$i":"homescreen-settings","$v":"主屏设置"},{"$i":"invalidNumberToDialMessage","$v":"你拨打的号码无效。"},{"$i":"invalidNumberToDialTitle","$v":"无效电话号码"},{"$i":"list-view","$v":"列表视图"},{"$i":"longDateFormat","$v":"%A, %B %e"},{"$i":"menu","$v":"菜单"},{"$i":"message","$v":"发短信"},{"$i":"mobile","$v":"手机"},{"$i":"more","$v":"更多"},{"$i":"move","$v":"移动"},{"$i":"notifications","$v":"通知"},{"$i":"numberIsBusyMessage","$v":"此号码正在通话中。请稍后再拨。"},{"$i":"numberIsBusyTitle","$v":"此号码正在通话中"},{"$i":"ok","$v":"确定"},{"$i":"option-remove","$v":"从快速拨号中移除"},{"$i":"option-replace","$v":"替换"},{"$i":"options","$v":"选项"},{"$i":"otherConnectionInUseMessage","$v":"您的另一连线正在通话中。一次只能使用一个连线。"},{"$i":"otherConnectionInUseTitle","$v":"其他使用中的连线"},{"$i":"personal","$v":"个人"},{"$i":"remove","$v":"删除"},{"$i":"remove-speed-dial","$v":["是否将 ",{"t":"idOrVar","v":"name"}," 从快速拨号中移除？"]},{"$i":"replace","$v":"替换"},{"$i":"replace-speed-dial","$v":["是否确定用 ",{"t":"idOrVar","v":"subName"}," 替换 ",{"t":"idOrVar","v":"name"},"？"]},{"$i":"resume-download-action","$v":"下载"},{"$i":"resume-download-body","$v":["是否下载 ",{"t":"idOrVar","v":"name"},"？"]},{"$i":"resume-download-title","$v":"重启下载"},{"$i":"scCallBarring","$v":"呼叫禁止"},{"$i":"scCallForwarding","$v":"呼叫转移"},{"$i":"scCallWaiting","$v":"呼叫等待"},{"$i":"scClip","$v":"来电显示"},{"$i":"scClir","$v":"本机号码"},{"$i":"scPin","$v":"PIN码更改"},{"$i":"scPin2","$v":"PIN2码更改"},{"$i":"scPuk","$v":"解锁PIN码"},{"$i":"scPuk2","$v":"解锁PIN2码"},{"$i":"scPwd","$v":"密码更改"},{"$i":"search-or-enter-address","placeholder":"搜索或输入地址"},{"$i":"select","$v":"选择"},{"$i":"sending","$v":"正在发送…"},{"$i":"set","$v":"设置"},{"$i":"settings","$v":"设置"},{"$i":"single-view","$v":"单一视图"},{"$i":"skip","$v":"跳过"},{"$i":"speed-dial","$v":"快速拨号"},{"$i":"speed-dial-empty","ariaLabel":[{"t":"idOrVar","v":"order"},", 为空"]},{"$i":"speed-dial-not-empty","ariaLabel":[{"t":"idOrVar","v":"order"},", ",{"t":"idOrVar","v":"name"}]},{"$i":"stop-download-action","$v":"停止"},{"$i":"stop-download-body","$v":"是否停止正在进行的下载？"},{"$i":"stop-download-title","$v":["停止 ",{"t":"idOrVar","v":"name"}]},{"$i":"tcl-wallpaper-changed","$v":"壁纸已更改"},{"$i":"video-call","$v":"视频电话"},{"$i":"voicemail","$v":"语音信箱"},{"$i":"work","$v":"单位"},{"$i":"apps","$v":"应用"},{"$i":"nocard-eccOnly","$v":"No SIM card-Emergency calls only"},{"$i":"unusablecard-eccOnly","$v":"Unusable SIM card-Emergency calls only"},{"$i":"apn-sim1","$v":"APN设置 - SIM1"},{"$i":"apn-sim2","$v":"APN设置 - SIM2"},{"$i":"apnConfigPrepay","$v":"预付"},{"$i":"apnConfigPostpay","$v":"后付"},{"$i":"apn-defaultconfig-message","$v":"设置要显示的APN类型"},{"$i":"apnDefaultConfig","$v":"APN默认配置"},{"$i":"without-sim-new","$v":[{"t":"idOrVar","v":"index"}]},{"$i":"with-sim-new","$v":[{"t":"idOrVar","v":"index"}," - ",{"t":"idOrVar","v":"carrier"}]},{"$i":"sim-with-index-and-carrier","$v":["SIM",{"t":"idOrVar","v":"index"}," - ",{"t":"idOrVar","v":"carrier"}]},{"$i":"sim-without-carrier","$v":["SIM ",{"t":"idOrVar","v":"index"},":"]},{"$i":"call-forwarding-voice-after-seconds","$v":[{"t":"idOrVar","v":"timeSeconds"},"秒后",{"t":"idOrVar","v":"voice"},"被转移"]},{"$i":"addNewNumber","$v":"添加新号码"},{"$i":"addToExistingContact","$v":"添加至现有联系人"},{"$i":"all","$v":"全部","ariaLabel":"全部"},{"$i":"bluetooth-handsfree-device","$v":"蓝牙免提设备"},{"$i":"bluetoothOption","ariaLabel":"蓝牙"},{"$i":"callDurationHours","$v":[{"t":"idOrVar","v":"h"},":",{"t":"idOrVar","v":"m"},":",{"t":"idOrVar","v":"s"}]},{"$i":"callDurationMinutes","$v":[{"t":"idOrVar","v":"m"},":",{"t":"idOrVar","v":"s"}]},{"$i":"callDurationTextFormatHours","$v":[{"t":"idOrVar","v":"h"}," h ",{"t":"idOrVar","v":"m"}," m ",{"t":"idOrVar","v":"s"}," s"]},{"$i":"callDurationTextFormatMinutes","$v":[{"t":"idOrVar","v":"m"}," m ",{"t":"idOrVar","v":"s"}," s"]},{"$i":"callDurationTextFormatSeconds","$v":[{"t":"idOrVar","v":"s"}," s"]},{"$i":"callEnded","$v":"通话已结束"},{"$i":"callInformation","$v":"通话信息"},{"$i":"callLog","$v":"通话记录"},{"$i":"callLogEdit","title":"编辑通话记录"},{"$i":"callLogEditDialog","ariaLabel":"编辑通话记录对话"},{"$i":"caller-left-call","$v":[{"t":"idOrVar","v":"caller"},"已离开通话。"]},{"$i":"calllog-all","$v":"全部"},{"$i":"calllog-deselectAll","$v":"取消全选"},{"$i":"calllog-none","$v":"无"},{"$i":"calllog-selectAll","$v":"全选"},{"$i":"canceled","$v":"已取消"},{"$i":"clear-all-text","$v":"清除所有文字"},{"$i":"close","$v":"关闭"},{"$i":"composeEmail","ariaLabel":"电子邮件"},{"$i":"conferenceAddError","$v":"无法合并通话"},{"$i":"conferenceCall","$v":["会议 (",{"t":"idOrVar","v":"n"},")"]},{"$i":"conferenceRemoveError","$v":"无法取消合并通话"},{"$i":"confirm-deletion","$v":"清空已选通话？"},{"$i":"connecting","$v":"正在连接"},{"$i":"connectingEllipsis","$v":"连接中…"},{"$i":"contactDetails","$v":"联系人详情"},{"$i":"createNewContact","$v":"创建新联系人"},{"$i":"delete-n-log?","$v":{"few":["删除",{"t":"idOrVar","v":"n"}," 记录?"],"many":["删除 ",{"t":"idOrVar","v":"n"}," 条记录？"],"one":"删除所选记录？","other":["删除 ",{"t":"idOrVar","v":"n"}," 条记录？"],"two":["删除 ",{"t":"idOrVar","v":"n"}," 条记录？"],"zero":"未选择项目"},"$x":[{"t":"idOrVar","v":"plural"},"n"]},{"$i":"deselect","$v":"取消选择"},{"$i":"dialed","$v":"已拨号"},{"$i":"dialer-prompt","$v":"拨号或选择联系人以添加至通话"},{"$i":"dialerAddContact","ariaLabel":"添加联系人"},{"$i":"dialerAddContactDialog","ariaLabel":"添加联系人对话"},{"$i":"edit-selected","$v":{"few":["已选择 ",{"t":"idOrVar","v":"n"}],"many":["已选(",{"t":"idOrVar","v":"n"},")"],"one":["已选(",{"t":"idOrVar","v":"n"},")"],"other":["已选(",{"t":"idOrVar","v":"n"},")"],"two":["已选(",{"t":"idOrVar","v":"n"},")"]},"$x":[{"t":"idOrVar","v":"plural"},"n"]},{"$i":"emailDetail","ariaLabel":"电子邮件"},{"$i":"from-contact","$v":["从 ",{"t":"idOrVar","v":"contact"}]},{"$i":"from-number","$v":["从 ",{"t":"idOrVar","v":"number"}]},{"$i":"from-withheld-number","$v":"从未知号码"},{"$i":"hangup-a11y-button","ariaLabel":"挂断"},{"$i":"hide","$v":"隐藏"},{"$i":"hideKeypad","ariaLabel":"隐藏按键"},{"$i":"hold","ariaLabel":"等待"},{"$i":"hours","$v":"小时"},{"$i":"ignore","$v":"忽略通话"},{"$i":"incoming","$v":"来电"},{"$i":"incoming-call","$v":"来电"},{"$i":"info-missed","$v":"未接电话"},{"$i":"keypad","ariaLabel":"按键"},{"$i":"log-item","$v":"选项"},{"$i":"makeCall","ariaLabel":"通话"},{"$i":"merge","ariaLabel":"合并"},{"$i":"minutes","$v":"分钟"},{"$i":"missed","$v":"未接电话","ariaLabel":"未接电话"},{"$i":"missedCall","$v":"未接电话"},{"$i":"missedCallMultiSims","$v":["(SIM ",{"t":"idOrVar","v":"n"},") 未接电话"]},{"$i":"mmi-error","$v":"发送信息时出错"},{"$i":"mmi-notification-title-with-sim","$v":["(",{"t":"idOrVar","v":"sim"},") ",{"t":"idOrVar","v":"title"}]},{"$i":"mmi-session-expired","$v":"会话已过期"},{"$i":"mmi-successfully-sent","$v":"信息成功发出"},{"$i":"mute","ariaLabel":"静音"},{"$i":"newCall","ariaLabel":"新建通话"},{"$i":"no-logs-msg-1","$v":"未记录通话"},{"$i":"no-logs-msg-2","$v":"立即开始通讯"},{"$i":"no-logs-msg-3","$v":"未记录通话"},{"$i":"no-logs-msg-4","$v":"立即开始通讯"},{"$i":"no-recent-numbers","$v":"通话记录中没有要拨打的近期号码。"},{"$i":"onHoldOption","ariaLabel":"保持"},{"$i":"outgoing","$v":"外拨电话"},{"$i":"outgoing-call","$v":"外拨电话"},{"$i":"phoneDetail","ariaLabel":"电话"},{"$i":"pickup-a11y-button","ariaLabel":"接听"},{"$i":"received","$v":"已收到"},{"$i":"receiver","$v":"收件人"},{"$i":"recents","ariaLabel":"近期通话"},{"$i":"reply","$v":"回复"},{"$i":"resume","$v":"恢复","ariaLabel":"恢复"},{"$i":"search-results","$v":"搜索结果"},{"$i":"seconds","$v":"秒"},{"$i":"select-audio-sources","$v":"选择音频来源"},{"$i":"send","$v":"发送"},{"$i":"send-sms-button","ariaLabel":"短信"},{"$i":"sendSms","$v":"发送短信"},{"$i":"separator","$v":","},{"$i":"sim-number","$v":["SIM 卡 ",{"t":"idOrVar","v":"n"}]},{"$i":"speaker","$v":"扬声器"},{"$i":"speakerOption","ariaLabel":"扬声器"},{"$i":"suggestionMatches","$v":{"few":["“",{"t":"idOrVar","v":"matchNumber"},"”有 ",{"t":"idOrVar","v":"n"}," 次匹配"],"many":["“",{"t":"idOrVar","v":"matchNumber"},"”有 ",{"t":"idOrVar","v":"n"}," 次匹配"],"one":["“",{"t":"idOrVar","v":"matchNumber"},"”有 ",{"t":"idOrVar","v":"n"}," 次匹配"],"other":["“",{"t":"idOrVar","v":"matchNumber"},"”有 ",{"t":"idOrVar","v":"n"}," 次匹配"],"two":["“",{"t":"idOrVar","v":"matchNumber"},"”有 ",{"t":"idOrVar","v":"n"}," 次匹配"]},"$x":[{"t":"idOrVar","v":"plural"},"n"]},{"$i":"switch-calls","$v":"切换通话"},{"$i":"tcl-assign","$v":"分配"},{"$i":"tcl-assign-speed-dial","$v":{"$o":["联系人未被添加为 ",{"t":"idOrVar","v":"speedDial"}," 按钮快速拨号<br><br>是否现在指定？"]}},{"$i":"tcl-call-log-delete-group-notification","$v":["已删除 ",{"t":"idOrVar","v":"n"}," 个条目"]},{"$i":"tcl-calllog-entry-removed-err-notification","$v":"无法移除通话记录条目"},{"$i":"tcl-calllog-entry-removed-succ-notification","$v":"已移除通话记录条目"},{"$i":"tcl-cancel","$v":"取消"},{"$i":"tcl-confirmation","$v":"确认"},{"$i":"tcl-delete-log","$v":"确定要移除通话记录中所选条目？"},{"$i":"tcl-dialer","$v":"拨号人"},{"$i":"tcl-edit-not-selected","$v":"已选 (0)"},{"$i":"tcl-option-menu-call-log-edit","$v":"编辑通话记录"},{"$i":"today","$v":"今天"},{"$i":"toggleKeypad","ariaLabel":"切换按键"},{"$i":"type-your-response","placeholder":"输入您的回复…"},{"$i":"unknown","$v":"未知"},{"$i":"unlock-a11y-button","ariaLabel":"滑块"},{"$i":"ussd-services","$v":[{"t":"idOrVar","v":"operator"}," 服务"]},{"$i":"via-sim","$v":["通过 SIM 卡 ",{"t":"idOrVar","v":"n"}]},{"$i":"view-all","$v":"查看全部"},{"$i":"wifi-calling","$v":"WLAN 通话"},{"$i":"withheld-number","$v":"未知"},{"$i":"yesterday","$v":"昨天"},{"$i":"SimPin2","$v":"SIM PIN2"},{"$i":"SimPuk2","$v":"SIM PUK2"},{"$i":"serviceClassFax","$v":"传真"},{"$i":"serviceClassPad","$v":"PAD"},{"$i":"serviceClassSms","$v":"短信"},{"$i":"DialModifiedToDial","$v":"Dial modified to dial"},{"$i":"DialModifiedToSs","$v":"Dial modified to SS"},{"$i":"DialModifiedToUssd","$v":"Dial modified to USSD"},{"$i":"FdnCheckFailure","$v":"FDN检查失败"},{"$i":"IllegalSimOrMe","$v":"无效的SIM卡或移动设备"},{"$i":"InvalidParameter","$v":"参数无效"},{"$i":"ModeNotSupported","$v":"模式不支持"},{"$i":"OpNotAllowedDuringVoiceCall","$v":"语音通话期间无法进行此操作"},{"$i":"PasswordIncorrect","$v":"密码不正确"},{"$i":"RadioNotAvailable","$v":"Radio not available"},{"$i":"RejectedByRemote","$v":"对端拒绝"},{"$i":"RequestNotSupported","$v":"请求未获支持"},{"$i":"ServiceIsDisabled","$v":"服务被禁用"},{"$i":"ServiceIsEnabled","$v":"服务已启用"},{"$i":"ServiceIsEnabledFor","$v":"服务已启用："},{"$i":"SimAbsent","$v":"SIM 卡不存在"},{"$i":"SmsSendFailRetry","$v":"信息发送失败重试"},{"$i":"SsModifiedToDial","$v":"SS modified to dial"},{"$i":"SsModifiedToSs","$v":"SS modified to SS"},{"$i":"SsModifiedToUssd","$v":"SS modified to USSD"},{"$i":"SubscriptionNotAvailable","$v":"订阅不可用"},{"$i":"SubscriptionNotSupported","$v":"不支持订阅"},{"$i":"UssdModifiedToDial","$v":"USSD modified to dial"},{"$i":"UssdModifiedToSs","$v":"USSD modified to SS"},{"$i":"UssdModifiedToUssd","$v":"USSD modified to USSD"},{"$i":"call-forwarding-async","$v":["异步：",{"t":"idOrVar","v":"async"}]},{"$i":"call-forwarding-data","$v":["资料：",{"t":"idOrVar","v":"data"}]},{"$i":"call-forwarding-error","$v":"查询呼叫转移状态时出错"},{"$i":"call-forwarding-fax","$v":["传真: ",{"t":"idOrVar","v":"fax"}]},{"$i":"call-forwarding-inactive","$v":"停用"},{"$i":"call-forwarding-packet","$v":["封包: ",{"t":"idOrVar","v":"packet"}]},{"$i":"call-forwarding-pad","$v":["PAD: ",{"t":"idOrVar","v":"pad"}]},{"$i":"call-forwarding-sms","$v":["信息：",{"t":"idOrVar","v":"sms"}]},{"$i":"call-forwarding-status","$v":"呼叫转移状态"},{"$i":"call-forwarding-sync","$v":["同步: ",{"t":"idOrVar","v":"sync"}]},{"$i":"call-forwarding-voice","$v":["语音：",{"t":"idOrVar","v":"voice"}]},{"$i":"emMmiError","$v":"连接问题或无效的MMI码"},{"$i":"emMmiErrorBadPin","$v":"您输入的PIN码不正确"},{"$i":"emMmiErrorBadPuk","$v":"您输入的PUK码不正确"},{"$i":"emMmiErrorEnablePin","$v":"不成功。启用 SIM/RUIM 锁"},{"$i":"emMmiErrorInvalidAction","$v":"无效行为"},{"$i":"emMmiErrorInvalidPin","$v":"请输入 4 - 8 位数字组成的 PIN 码"},{"$i":"emMmiErrorInvalidScCode","$v":"服务码无效"},{"$i":"emMmiErrorMismatchPin","$v":"输入的 PIN 码不匹配"},{"$i":"emMmiErrorMmiFdn","$v":"操作仅限于固定拨号"},{"$i":"emMmiErrorNeedPuk2","$v":"输入 PUK2 解锁 SIM 卡"},{"$i":"emMmiErrorNeedsPuk","$v":"SIM 卡被 PUK 锁定"},{"$i":"emMmiErrorNotSupported","$v":"MMI 码无效或不支持"},{"$i":"emMmiErrorPasswordIncorrect","$v":"密码不正确"},{"$i":"emMmiErrorPinPukAttempts","$v":{"few":["还可再试 ",{"t":"idOrVar","v":"n"}," 次"],"many":["还可再试 ",{"t":"idOrVar","v":"n"}," 次"],"one":["仅可再试 ",{"t":"idOrVar","v":"n"}," 次"],"other":["还可再试 ",{"t":"idOrVar","v":"n"}," 次"],"two":["还可再试 ",{"t":"idOrVar","v":"n"}," 次"]},"$x":[{"t":"idOrVar","v":"plural"},"n"]},{"$i":"emMmiErrorSimBlocked","$v":"已超过最大重试次数。SIM 卡被锁"},{"$i":"emMmiErrorStkCcSsDial","$v":"SS 请求被修改为拨号请求"},{"$i":"emMmiErrorStkCcSsSs","$v":"SS 请求被修改为新的 SS 请求"},{"$i":"emMmiErrorStkCcSsUssd","$v":"SS 请求被修改为 USSD 请求"},{"$i":"emMmiErrorStkCcUssdDial","$v":"USSD 请求被修改为拨号请求"},{"$i":"emMmiErrorStkCcUssdSs","$v":"USSD 请求被修改为 SS 请求"},{"$i":"emMmiErrorStkCcUssdUssd","$v":"USSD 请求被修改为新的 USSD 请求"},{"$i":"fihVersion","$v":"FIH版本"},{"$i":"imeiAndSvn","$v":"IMEI和SVN"},{"$i":"internalVersion","$v":"内部版本"},{"$i":"serviceClassData","$v":"数据"},{"$i":"serviceClassDataAsync","$v":"异步"},{"$i":"serviceClassDataSync","$v":"同步"},{"$i":"serviceClassPacket","$v":"包"},{"$i":"serviceClassVoice","$v":"语音"},{"$i":"smClirDefaultOffNextCallOff","$v":"默认显示本机号码，在下一次通话中也显示"},{"$i":"smClirDefaultOffNextCallOn","$v":"默认显示本机号码，但在下一次通话中不显示"},{"$i":"smClirDefaultOnNextCallOff","$v":"默认不显示本机号码，但在下一次通话中显示"},{"$i":"smClirDefaultOnNextCallOn","$v":"默认不显示本机号码，在下一次通话中也不显示"},{"$i":"smClirPermanent","$v":"您无法更改主叫方 ID 设置"},{"$i":"smPin2Changed","$v":"PIN2 修改成功"},{"$i":"smPin2Unblocked","$v":"PIN2 解锁成功"},{"$i":"smPinChanged","$v":"PIN 修改成功"},{"$i":"smPinUnblocked","$v":"PIN 解锁成功"},{"$i":"smServiceDisabled","$v":"服务已禁用"},{"$i":"smServiceEnabled","$v":"服务已启用"},{"$i":"smServiceEnabledFor","$v":"已针对以下内容启用了服务："},{"$i":"smServiceErased","$v":"成功擦除"},{"$i":"smServiceInterrogated","$v":"请求成功"},{"$i":"smServiceNotProvisioned","$v":"不提供此服务"},{"$i":"smServiceRegistered","$v":"注册成功"},{"$i":"another","$v":"另一个"},{"$i":"current","$v":"当前"},{"$i":"customTag","$v":"自定义标签","placeholder":"自定义标签"},{"$i":"faxHome","$v":"家庭传真"},{"$i":"faxOffice","$v":"办公传真"},{"$i":"faxOther","$v":"其他传真"},{"$i":"itemWithLabel","$v":[{"t":"idOrVar","v":"label"},", ",{"t":"idOrVar","v":"item"}]},{"$i":"label","$v":"标签"},{"$i":"other","$v":"其他"},{"$i":"tcl-customTag","$v":"自定义标签"},{"$i":"dateTimeFormat_%c","$v":"%Y年%b%d日 %a %I:%M:%S %p"},{"$i":"dateTimeFormat_%x","$v":"%Y/%m/%d"},{"$i":"days-ago-long","$v":{"few":[{"t":"idOrVar","v":"value"}," 天前"],"many":[{"t":"idOrVar","v":"value"}," 天前"],"one":"昨天","other":[{"t":"idOrVar","v":"value"}," 天前"],"two":[{"t":"idOrVar","v":"value"}," 天前"],"zero":"今天"},"$x":[{"t":"idOrVar","v":"plural"},"value"]},{"$i":"days-ago-short","$v":{"other":[{"t":"idOrVar","v":"value"}," 天前"],"zero":"今天"},"$x":[{"t":"idOrVar","v":"plural"},"value"]},{"$i":"days-until-long","$v":{"few":[{"t":"idOrVar","v":"value"}," 天内"],"many":[{"t":"idOrVar","v":"value"}," 天内"],"one":"明天","other":[{"t":"idOrVar","v":"value"}," 天内"],"two":[{"t":"idOrVar","v":"value"}," 天内"],"zero":"今天"},"$x":[{"t":"idOrVar","v":"plural"},"value"]},{"$i":"days-until-short","$v":{"other":[{"t":"idOrVar","v":"value"}," 天内"],"zero":"今天"},"$x":[{"t":"idOrVar","v":"plural"},"value"]},{"$i":"hours-ago-long","$v":{"few":[{"t":"idOrVar","v":"value"}," 小时前"],"many":[{"t":"idOrVar","v":"value"}," 小时前"],"one":"一小时前","other":[{"t":"idOrVar","v":"value"}," 小时前"],"two":[{"t":"idOrVar","v":"value"}," 小时前"],"zero":"刚刚"},"$x":[{"t":"idOrVar","v":"plural"},"value"]},{"$i":"hours-ago-short","$v":{"other":[{"t":"idOrVar","v":"value"}," 小时前"],"zero":"刚刚"},"$x":[{"t":"idOrVar","v":"plural"},"value"]},{"$i":"hours-until-long","$v":{"few":[{"t":"idOrVar","v":"value"}," 小时内"],"many":[{"t":"idOrVar","v":"value"}," 小时内"],"one":"一小时内","other":[{"t":"idOrVar","v":"value"}," 小时内"],"two":[{"t":"idOrVar","v":"value"}," 小时内"],"zero":"現在"},"$x":[{"t":"idOrVar","v":"plural"},"value"]},{"$i":"hours-until-short","$v":{"other":[{"t":"idOrVar","v":"value"}," 小时内"],"zero":"現在"},"$x":[{"t":"idOrVar","v":"plural"},"value"]},{"$i":"incorrectDate","$v":"（日期有误）"},{"$i":"minutes-ago-long","$v":{"few":[{"t":"idOrVar","v":"value"}," 分钟前"],"many":[{"t":"idOrVar","v":"value"}," 分钟前"],"one":"一分钟前","other":[{"t":"idOrVar","v":"value"}," 分钟前"],"two":[{"t":"idOrVar","v":"value"}," 分钟前"],"zero":"刚刚"},"$x":[{"t":"idOrVar","v":"plural"},"value"]},{"$i":"minutes-ago-short","$v":{"other":[{"t":"idOrVar","v":"value"}," 分钟前"],"zero":"刚刚"},"$x":[{"t":"idOrVar","v":"plural"},"value"]},{"$i":"minutes-until-long","$v":{"few":[{"t":"idOrVar","v":"value"}," 分钟内"],"many":[{"t":"idOrVar","v":"value"}," 分钟内"],"one":"一分钟内","other":[{"t":"idOrVar","v":"value"}," 分钟内"],"two":[{"t":"idOrVar","v":"value"}," 分钟内"],"zero":"現在"},"$x":[{"t":"idOrVar","v":"plural"},"value"]},{"$i":"minutes-until-short","$v":{"other":[{"t":"idOrVar","v":"value"}," 分內"],"zero":"現在"},"$x":[{"t":"idOrVar","v":"plural"},"value"]},{"$i":"month-0-genitive","$v":"一月"},{"$i":"month-0-long","$v":"一月"},{"$i":"month-0-short","$v":"1 月"},{"$i":"month-1-genitive","$v":"二月"},{"$i":"month-1-long","$v":"二月"},{"$i":"month-1-short","$v":"2 月"},{"$i":"month-10-genitive","$v":"十一月"},{"$i":"month-10-long","$v":"十一月"},{"$i":"month-10-short","$v":"11 月"},{"$i":"month-11-genitive","$v":"十二月"},{"$i":"month-11-long","$v":"十二月"},{"$i":"month-11-short","$v":"12 月"},{"$i":"month-2-genitive","$v":"三月"},{"$i":"month-2-long","$v":"三月"},{"$i":"month-2-short","$v":"3 月"},{"$i":"month-3-genitive","$v":"四月"},{"$i":"month-3-long","$v":"四月"},{"$i":"month-3-short","$v":"4 月"},{"$i":"month-4-genitive","$v":"五月"},{"$i":"month-4-long","$v":"五月"},{"$i":"month-4-short","$v":"5 月"},{"$i":"month-5-genitive","$v":"六月"},{"$i":"month-5-long","$v":"六月"},{"$i":"month-5-short","$v":"6 月"},{"$i":"month-6-genitive","$v":"七月"},{"$i":"month-6-long","$v":"七月"},{"$i":"month-6-short","$v":"7 月"},{"$i":"month-7-genitive","$v":"八月"},{"$i":"month-7-long","$v":"八月"},{"$i":"month-7-short","$v":"8 月"},{"$i":"month-8-genitive","$v":"九月"},{"$i":"month-8-long","$v":"九月"},{"$i":"month-8-short","$v":"9 月"},{"$i":"month-9-genitive","$v":"十月"},{"$i":"month-9-long","$v":"十月"},{"$i":"month-9-short","$v":"10 月"},{"$i":"months-ago-long","$v":{"few":[{"t":"idOrVar","v":"value"}," 月前"],"many":[{"t":"idOrVar","v":"value"}," 月前"],"one":"上月","other":[{"t":"idOrVar","v":"value"}," 月前"],"two":[{"t":"idOrVar","v":"value"}," 月前"],"zero":"本月"},"$x":[{"t":"idOrVar","v":"plural"},"value"]},{"$i":"months-until-long","$v":{"few":[{"t":"idOrVar","v":"value"}," 个月内"],"many":[{"t":"idOrVar","v":"value"}," 个月内"],"one":"下个月","other":[{"t":"idOrVar","v":"value"}," 个月内"],"two":[{"t":"idOrVar","v":"value"}," 个月内"],"zero":"本月"},"$x":[{"t":"idOrVar","v":"plural"},"value"]},{"$i":"shortDateTimeFormat","$v":"%p %x %I:%M"},{"$i":"shortTimeFormat","$v":"%p %I:%M"},{"$i":"shortTimeFormat12","$v":"%p %I:%M"},{"$i":"shortTimeFormat24","$v":"%H:%M"},{"$i":"time_am","$v":"上午"},{"$i":"time_pm","$v":"下午"},{"$i":"weekday-0-long","$v":"周日"},{"$i":"weekday-0-short","$v":"周日"},{"$i":"weekday-1-long","$v":"周一"},{"$i":"weekday-1-short","$v":"周一"},{"$i":"weekday-2-long","$v":"周二"},{"$i":"weekday-2-short","$v":"周二"},{"$i":"weekday-3-long","$v":"周三"},{"$i":"weekday-3-short","$v":"周三"},{"$i":"weekday-4-long","$v":"周四"},{"$i":"weekday-4-short","$v":"周四"},{"$i":"weekday-5-long","$v":"周五"},{"$i":"weekday-5-short","$v":"周五"},{"$i":"weekday-6-long","$v":"周六"},{"$i":"weekday-6-short","$v":"周六"},{"$i":"weeks-ago-long","$v":{"few":[{"t":"idOrVar","v":"value"}," 周前"],"many":[{"t":"idOrVar","v":"value"}," 周前"],"one":"最近一周","other":[{"t":"idOrVar","v":"value"}," 周前"],"two":[{"t":"idOrVar","v":"value"}," 周前"],"zero":"本周"},"$x":[{"t":"idOrVar","v":"plural"},"value"]},{"$i":"weeks-until-long","$v":{"few":[{"t":"idOrVar","v":"value"}," 周内"],"many":[{"t":"idOrVar","v":"value"}," 周内"],"one":"下周","other":[{"t":"idOrVar","v":"value"}," 周内"],"two":[{"t":"idOrVar","v":"value"}," 周内"],"zero":"本周"},"$x":[{"t":"idOrVar","v":"plural"},"value"]},{"$i":"years-ago-long","$v":{"few":[{"t":"idOrVar","v":"value"}," 年前"],"many":[{"t":"idOrVar","v":"value"}," 年前"],"one":"去年","other":[{"t":"idOrVar","v":"value"}," 年前"],"two":[{"t":"idOrVar","v":"value"}," 年前"],"zero":"今年"},"$x":[{"t":"idOrVar","v":"plural"},"value"]},{"$i":"years-until-long","$v":{"few":[{"t":"idOrVar","v":"value"}," 年内"],"many":[{"t":"idOrVar","v":"value"}," 年内"],"one":"明年","other":[{"t":"idOrVar","v":"value"}," 年内"],"two":[{"t":"idOrVar","v":"value"}," 年内"],"zero":"今年"},"$x":[{"t":"idOrVar","v":"plural"},"value"]},{"$i":"dateTimeFormat_%X","$v":"%I:%M:%S %p"},{"$i":"weekStartsOnMonday","$v":"0"},{"$i":"firstDayOfTheWeek","$v":"1"}]