[{"$i":"clockDateFormat","$v":"%a，%e %b"},{"$i":"deviceIsUnlocked","$v":"裝置已解鎖"},{"$i":"simUnlockCodeAccepted","$v":"已接受SIM卡解鎖碼"},{"$i":"simUnlockCodeFailed","$v":"SIM卡解鎖不成功"},{"$i":"eccOnly","$v":"僅限緊急通話"},{"$i":"emergencyCallsOnly","$v":"僅限緊急通話"},{"$i":"lockedSim","$v":"已鎖定SIM卡"},{"$i":"noService","$v":"無服務"},{"$i":"noSimCard","$v":"無SIM卡"},{"$i":"searching","$v":"正在搜尋..."},{"$i":"airplane-mode","$v":"飛航模式"},{"$i":"bluetooth","$v":"藍牙"},{"$i":"brightness","$v":"亮度"},{"$i":"calculator","$v":"計算機"},{"$i":"camera","$v":"相機"},{"$i":"cellular-data","$v":"行動數據"},{"$i":"confirm-to-uninstall-app","$v":["是否解除安裝",{"t":"idOrVar","v":"appName"},"應用程式？"]},{"$i":"flashlight","$v":"閃光燈"},{"$i":"instant-settings","$v":"即時設定"},{"$i":"off","$v":"關"},{"$i":"on","$v":"開"},{"$i":"shortcuts","$v":"快捷操作"},{"$i":"uninstall","$v":"解除安裝"},{"$i":"volume","$v":"音量"},{"$i":"wifi","$v":"Wi-Fi"},{"$i":"percentage-number","$v":[{"t":"idOrVar","v":"number"},"%"]},{"$i":"all-apps","$v":"所有應用程式"},{"$i":"scImei","$v":"IMEI"},{"$i":"scMeid","$v":"MEID"},{"$i":"scUssd","$v":"USSD"},{"$i":"CallFailed","$v":"撥號失敗"},{"$i":"GenericFailure","$v":"一般故障"},{"$i":"add-smart-collections","$v":"新增智能專輯"},{"$i":"add-to-existing-contact","$v":"新增至現有聯絡人"},{"$i":"alert-for-contacts-without-number","$v":"沒有具有可用電話號碼的聯絡人。"},{"$i":"app-title","$v":"我的應用程式"},{"$i":"app-uninstall","$v":["已解除安裝",{"t":"idOrVar","v":"name"}]},{"$i":"assign","$v":"指派"},{"$i":"assign-speed-dial","$v":["未將聯絡人新增為「",{"t":"idOrVar","v":"n"},"」按鈕上的單鍵撥號聯絡人。立即指派？"]},{"$i":"assign-voicemail","$v":"未設定留言信箱號碼。"},{"$i":"call","$v":"撥號"},{"$i":"callAirplaneModeMessage","$v":"若要撥打電話，您需要在「設定」中停用飛航模式。"},{"$i":"callAirplaneModeTitle","$v":"已啟動飛航模式"},{"$i":"cancel","$v":"取消"},{"$i":"change-wallpaper","$v":"變更背景圖片"},{"$i":"clocks-updated","$v":"已更新時鐘"},{"$i":"confirmation","$v":"確認"},{"$i":"contacts","$v":"聯絡人"},{"$i":"create-new-contact","$v":"建立新聯絡人"},{"$i":"delete","$v":"刪除"},{"$i":"delete-body","$v":["將刪除",{"t":"idOrVar","v":"name"},"及其所有資料。"]},{"$i":"delete-title","$v":["刪除",{"t":"idOrVar","v":"name"}]},{"$i":"edit","$v":"編輯"},{"$i":"edit-done","$v":"完成"},{"$i":"edit-group-header","$v":"編輯群組"},{"$i":"edit-mode","$v":"編輯"},{"$i":"emergency-call-error","$v":[{"t":"idOrVar","v":"number"},"不是緊急號碼。"]},{"$i":"emergency-call-only","$v":"僅限緊急通話"},{"$i":"emergencyDialogBodyBadNumber","$v":"若要撥打電話，手機必須連接至網絡。"},{"$i":"emergencyDialogBodyDeviceNotAccepted","$v":"網絡不允許緊急通話。"},{"$i":"emergencyDialogTitle","$v":"無網絡連接"},{"$i":"fax-home","$v":"住宅傳真"},{"$i":"fax-office","$v":"辦公室傳真"},{"$i":"fax-other","$v":"其他傳真"},{"$i":"fdnIsActiveMessage","$v":["FDN(固定撥號號碼)已啟動，以下號碼不在您的FDN清單中：",{"t":"idOrVar","v":"number"}]},{"$i":"fdnIsActiveTitle","$v":"FDN使用中"},{"$i":"gaia-shortcut-app-updated","$v":"已更新應用程式"},{"$i":"grid-view","$v":"圖示視圖"},{"$i":"home","$v":"住宅"},{"$i":"homescreen-settings","$v":"主螢幕設定"},{"$i":"invalidNumberToDialMessage","$v":"您撥打的電話號碼無效。"},{"$i":"invalidNumberToDialTitle","$v":"電話號碼無效"},{"$i":"list-view","$v":"清單視圖"},{"$i":"longDateFormat","$v":"%A，%B %e"},{"$i":"menu","$v":"功能表"},{"$i":"message","$v":"訊息"},{"$i":"mobile","$v":"手機"},{"$i":"more","$v":"更多"},{"$i":"move","$v":"移動"},{"$i":"notifications","$v":"通知"},{"$i":"numberIsBusyMessage","$v":"該號碼目前正在忙線中。請稍後重試。"},{"$i":"numberIsBusyTitle","$v":"線路繁忙"},{"$i":"ok","$v":"確定"},{"$i":"option-remove","$v":"從單鍵撥號中移除"},{"$i":"option-replace","$v":"取代"},{"$i":"options","$v":"選項"},{"$i":"otherConnectionInUseMessage","$v":"您在另一個連接中有使用中的通話。一次只能使用一個連接。"},{"$i":"otherConnectionInUseTitle","$v":"其他正在使用的連接"},{"$i":"personal","$v":"個人"},{"$i":"remove","$v":"移除"},{"$i":"remove-speed-dial","$v":["是否確定要從單鍵撥號中移除",{"t":"idOrVar","v":"name"},"？"]},{"$i":"replace","$v":"取代"},{"$i":"replace-speed-dial","$v":["是否確定要將",{"t":"idOrVar","v":"name"},"取代為",{"t":"idOrVar","v":"subName"},"？"]},{"$i":"resume-download-action","$v":"下載"},{"$i":"resume-download-body","$v":["是否要下載",{"t":"idOrVar","v":"name"},"？"]},{"$i":"resume-download-title","$v":"重新啟動下載"},{"$i":"scCallBarring","$v":"通話限制"},{"$i":"scCallForwarding","$v":"來電轉接"},{"$i":"scCallWaiting","$v":"來電等候"},{"$i":"scClip","$v":"來電號碼"},{"$i":"scClir","$v":"撥出號碼"},{"$i":"scPin","$v":"PIN變更"},{"$i":"scPin2","$v":"PIN2變更"},{"$i":"scPuk","$v":"解除封鎖PIN碼"},{"$i":"scPuk2","$v":"解除封鎖PIN碼2"},{"$i":"scPwd","$v":"密碼變更"},{"$i":"search-or-enter-address","placeholder":"搜尋或輸入地址"},{"$i":"select","$v":"選取"},{"$i":"sending","$v":"正在發送..."},{"$i":"set","$v":"設定"},{"$i":"settings","$v":"設定"},{"$i":"single-view","$v":"單一視圖"},{"$i":"skip","$v":"跳過"},{"$i":"speed-dial","$v":"單鍵撥號"},{"$i":"speed-dial-empty","ariaLabel":[{"t":"idOrVar","v":"order"},"，空白"]},{"$i":"speed-dial-not-empty","ariaLabel":[{"t":"idOrVar","v":"order"},", ",{"t":"idOrVar","v":"name"}]},{"$i":"stop-download-action","$v":"停止"},{"$i":"stop-download-body","$v":"是否要停止正在進行的下載？"},{"$i":"stop-download-title","$v":["停止",{"t":"idOrVar","v":"name"}]},{"$i":"tcl-wallpaper-changed","$v":"已變更背景圖片"},{"$i":"video-call","$v":"視像通話"},{"$i":"voicemail","$v":"語音留言"},{"$i":"work","$v":"工作"},{"$i":"apps","$v":"應用程式"},{"$i":"nocard-eccOnly","$v":"No SIM card-Emergency calls only"},{"$i":"unusablecard-eccOnly","$v":"Unusable SIM card-Emergency calls only"},{"$i":"apn-sim1","$v":"APN設定 - SIM1"},{"$i":"apn-sim2","$v":"APN設定 - SIM2"},{"$i":"apnConfigPrepay","$v":"預付"},{"$i":"apnConfigPostpay","$v":"後付費"},{"$i":"apn-defaultconfig-message","$v":"設定要顯示的 APN 類型"},{"$i":"apnDefaultConfig","$v":"APN 預設設定"},{"$i":"without-sim-new","$v":[{"t":"idOrVar","v":"index"}]},{"$i":"with-sim-new","$v":[{"t":"idOrVar","v":"index"}," - ",{"t":"idOrVar","v":"carrier"}]},{"$i":"sim-with-index-and-carrier","$v":["SIM卡",{"t":"idOrVar","v":"index"}," - ",{"t":"idOrVar","v":"carrier"}]},{"$i":"sim-without-carrier","$v":["SIM卡",{"t":"idOrVar","v":"index"}]},{"$i":"call-forwarding-voice-after-seconds","$v":["語音：在",{"t":"idOrVar","v":"timeSeconds"},"秒後",{"t":"idOrVar","v":"voice"}]},{"$i":"addNewNumber","$v":"新增號碼"},{"$i":"addToExistingContact","$v":"新增至現有聯絡人"},{"$i":"all","$v":"全部","ariaLabel":"全部"},{"$i":"bluetooth-handsfree-device","$v":"藍牙免提裝置"},{"$i":"bluetoothOption","ariaLabel":"藍牙"},{"$i":"callDurationHours","$v":[{"t":"idOrVar","v":"h"},":",{"t":"idOrVar","v":"m"},":",{"t":"idOrVar","v":"s"}]},{"$i":"callDurationMinutes","$v":[{"t":"idOrVar","v":"m"},":",{"t":"idOrVar","v":"s"}]},{"$i":"callDurationTextFormatHours","$v":[{"t":"idOrVar","v":"h"},"小時",{"t":"idOrVar","v":"m"},"分鐘",{"t":"idOrVar","v":"s"},"秒"]},{"$i":"callDurationTextFormatMinutes","$v":[{"t":"idOrVar","v":"m"},"分鐘",{"t":"idOrVar","v":"s"},"秒"]},{"$i":"callDurationTextFormatSeconds","$v":[{"t":"idOrVar","v":"s"},"秒"]},{"$i":"callEnded","$v":"已結束通話"},{"$i":"callInformation","$v":"通話資訊"},{"$i":"callLog","$v":"通話記錄"},{"$i":"callLogEdit","title":"編輯通話記錄"},{"$i":"callLogEditDialog","ariaLabel":"編輯通話記錄對話框"},{"$i":"caller-left-call","$v":[{"t":"idOrVar","v":"caller"},"已離開通話。"]},{"$i":"calllog-all","$v":"全部"},{"$i":"calllog-deselectAll","$v":"取消全選"},{"$i":"calllog-none","$v":"無"},{"$i":"calllog-selectAll","$v":"全選"},{"$i":"canceled","$v":"已取消"},{"$i":"clear-all-text","$v":"清除所有文字"},{"$i":"close","$v":"關閉"},{"$i":"composeEmail","ariaLabel":"電郵"},{"$i":"conferenceAddError","$v":"無法合併通話"},{"$i":"conferenceCall","$v":["會議(",{"t":"idOrVar","v":"n"},")"]},{"$i":"conferenceRemoveError","$v":"無法取消合併通話"},{"$i":"confirm-deletion","$v":"清除所選通話？"},{"$i":"connecting","$v":"正在連接"},{"$i":"connectingEllipsis","$v":"正在連接..."},{"$i":"contactDetails","$v":"聯絡人詳情"},{"$i":"createNewContact","$v":"建立新聯絡人"},{"$i":"delete-n-log?","$v":{"few":["刪除",{"t":"idOrVar","v":"n"},"條記錄？"],"many":["刪除",{"t":"idOrVar","v":"n"},"條記錄？"],"one":"刪除所選記錄？","other":["刪除",{"t":"idOrVar","v":"n"},"條記錄？"],"two":["刪除",{"t":"idOrVar","v":"n"},"條記錄？"],"zero":"未選擇任何項目"},"$x":[{"t":"idOrVar","v":"plural"},"n"]},{"$i":"deselect","$v":"取消選擇"},{"$i":"dialed","$v":"已撥號"},{"$i":"dialer-prompt","$v":"撥打號碼或選擇要新增至通話的聯絡人"},{"$i":"dialerAddContact","ariaLabel":"新增聯絡人"},{"$i":"dialerAddContactDialog","ariaLabel":"新增聯絡人對話框"},{"$i":"edit-selected","$v":{"few":["已選擇(",{"t":"idOrVar","v":"n"},")"],"many":["已選擇(",{"t":"idOrVar","v":"n"},")"],"one":["已選擇(",{"t":"idOrVar","v":"n"},")"],"other":["已選擇(",{"t":"idOrVar","v":"n"},")"],"two":["已選擇(",{"t":"idOrVar","v":"n"},")"]},"$x":[{"t":"idOrVar","v":"plural"},"n"]},{"$i":"emailDetail","ariaLabel":"電郵"},{"$i":"from-contact","$v":["來自",{"t":"idOrVar","v":"contact"}]},{"$i":"from-number","$v":["來自",{"t":"idOrVar","v":"number"}]},{"$i":"from-withheld-number","$v":"來自未知號碼"},{"$i":"hangup-a11y-button","ariaLabel":"掛斷"},{"$i":"hide","$v":"隱藏"},{"$i":"hideKeypad","ariaLabel":"隱藏鍵盤"},{"$i":"hold","ariaLabel":"保留"},{"$i":"hours","$v":"小時"},{"$i":"ignore","$v":"忽略通話"},{"$i":"incoming","$v":"來電"},{"$i":"incoming-call","$v":"來電"},{"$i":"info-missed","$v":"未接來電"},{"$i":"keypad","ariaLabel":"鍵盤"},{"$i":"log-item","$v":"選項"},{"$i":"makeCall","ariaLabel":"撥打電話"},{"$i":"merge","ariaLabel":"合併"},{"$i":"minutes","$v":"分鐘"},{"$i":"missed","$v":"未接來電","ariaLabel":"未接來電"},{"$i":"missedCall","$v":"未接來電"},{"$i":"missedCallMultiSims","$v":["(SIM ",{"t":"idOrVar","v":"n"},") 未接來電"]},{"$i":"mmi-error","$v":"傳送訊息時發生錯誤"},{"$i":"mmi-notification-title-with-sim","$v":["(",{"t":"idOrVar","v":"sim"},") ",{"t":"idOrVar","v":"title"}]},{"$i":"mmi-session-expired","$v":"工作階段已過期"},{"$i":"mmi-successfully-sent","$v":"已成功傳送訊息"},{"$i":"mute","ariaLabel":"靜音"},{"$i":"newCall","ariaLabel":"新增通話"},{"$i":"no-logs-msg-1","$v":"未對任何通話進行錄音"},{"$i":"no-logs-msg-2","$v":"立即開始通訊"},{"$i":"no-logs-msg-3","$v":"未對任何通話進行錄音"},{"$i":"no-logs-msg-4","$v":"立即開始通訊"},{"$i":"no-recent-numbers","$v":"通話記錄中沒有最近撥打的號碼可供撥打。"},{"$i":"onHoldOption","ariaLabel":"保留中"},{"$i":"outgoing","$v":"撥出電話"},{"$i":"outgoing-call","$v":"撥出電話"},{"$i":"phoneDetail","ariaLabel":"手機"},{"$i":"pickup-a11y-button","ariaLabel":"提取"},{"$i":"received","$v":"已接收"},{"$i":"receiver","$v":"接收器"},{"$i":"recents","ariaLabel":"最近的通話"},{"$i":"reply","$v":"回覆"},{"$i":"resume","$v":"恢復","ariaLabel":"恢復"},{"$i":"search-results","$v":"搜尋結果"},{"$i":"seconds","$v":"秒"},{"$i":"select-audio-sources","$v":"選擇音訊來源"},{"$i":"send","$v":"發送"},{"$i":"send-sms-button","ariaLabel":"短訊"},{"$i":"sendSms","$v":"傳送訊息"},{"$i":"separator","$v":","},{"$i":"sim-number","$v":["SIM卡",{"t":"idOrVar","v":"n"}]},{"$i":"speaker","$v":"揚聲器"},{"$i":"speakerOption","ariaLabel":"揚聲器"},{"$i":"suggestionMatches","$v":{"few":["「",{"t":"idOrVar","v":"matchNumber"},"」有",{"t":"idOrVar","v":"n"},"個相符項"],"many":["「",{"t":"idOrVar","v":"matchNumber"},"」有",{"t":"idOrVar","v":"n"},"個相符項"],"one":["「",{"t":"idOrVar","v":"matchNumber"},"」有",{"t":"idOrVar","v":"n"},"個相符項"],"other":["「",{"t":"idOrVar","v":"matchNumber"},"」有",{"t":"idOrVar","v":"n"},"個相符項"],"two":["「",{"t":"idOrVar","v":"matchNumber"},"」有",{"t":"idOrVar","v":"n"},"個相符項"]},"$x":[{"t":"idOrVar","v":"plural"},"n"]},{"$i":"switch-calls","$v":"切換通話"},{"$i":"tcl-assign","$v":"指派"},{"$i":"tcl-assign-speed-dial","$v":{"$o":["未將聯絡人新增為「",{"t":"idOrVar","v":"speedDial"},"」按鈕上的單鍵撥號聯絡人<br></br>立即指派？"]}},{"$i":"tcl-call-log-delete-group-notification","$v":["已刪除",{"t":"idOrVar","v":"n"},"個項目"]},{"$i":"tcl-calllog-entry-removed-err-notification","$v":"無法移除通話記錄項目"},{"$i":"tcl-calllog-entry-removed-succ-notification","$v":"已移除通話記錄項目"},{"$i":"tcl-cancel","$v":"取消"},{"$i":"tcl-confirmation","$v":"確認"},{"$i":"tcl-delete-log","$v":"是否確定要從通話記錄中刪除所選項目？"},{"$i":"tcl-dialer","$v":"撥號器"},{"$i":"tcl-edit-not-selected","$v":"已選擇(0)"},{"$i":"tcl-option-menu-call-log-edit","$v":"編輯通話記錄"},{"$i":"today","$v":"今日"},{"$i":"toggleKeypad","ariaLabel":"切換鍵盤"},{"$i":"type-your-response","placeholder":"輸入您的回應..."},{"$i":"unknown","$v":"未知"},{"$i":"unlock-a11y-button","ariaLabel":"滑桿"},{"$i":"ussd-services","$v":[{"t":"idOrVar","v":"operator"},"項服務"]},{"$i":"via-sim","$v":["透過SIM卡",{"t":"idOrVar","v":"n"}]},{"$i":"view-all","$v":"檢視全部"},{"$i":"wifi-calling","$v":"Wi-Fi通話"},{"$i":"withheld-number","$v":"未知"},{"$i":"yesterday","$v":"昨日"},{"$i":"SimPin2","$v":"SIM卡PIN碼2"},{"$i":"SimPuk2","$v":"SIM卡PUK2"},{"$i":"serviceClassFax","$v":"傳真"},{"$i":"serviceClassPad","$v":"PAD"},{"$i":"serviceClassSms","$v":"短訊"},{"$i":"DialModifiedToDial","$v":"Dial modified to dial"},{"$i":"DialModifiedToSs","$v":"Dial modified to SS"},{"$i":"DialModifiedToUssd","$v":"Dial modified to USSD"},{"$i":"FdnCheckFailure","$v":"FDN檢查失敗"},{"$i":"IllegalSimOrMe","$v":"SIM卡或ME卡非法"},{"$i":"InvalidParameter","$v":"參數無效"},{"$i":"ModeNotSupported","$v":"模式不受支援"},{"$i":"OpNotAllowedDuringVoiceCall","$v":"語音通話期間不允許執行作業"},{"$i":"PasswordIncorrect","$v":"密碼不正確"},{"$i":"RadioNotAvailable","$v":"Radio not available"},{"$i":"RejectedByRemote","$v":"遭遠端拒絕"},{"$i":"RequestNotSupported","$v":"要求不受支援"},{"$i":"ServiceIsDisabled","$v":"已停用服務"},{"$i":"ServiceIsEnabled","$v":"已啟用服務"},{"$i":"ServiceIsEnabledFor","$v":"已針對下列項目啟用服務："},{"$i":"SimAbsent","$v":"缺少SIM卡"},{"$i":"SmsSendFailRetry","$v":"SMS send fail retry"},{"$i":"SsModifiedToDial","$v":"SS修改為撥號"},{"$i":"SsModifiedToSs","$v":"SS修改為SS"},{"$i":"SsModifiedToUssd","$v":"SS修改為USSD"},{"$i":"SubscriptionNotAvailable","$v":"訂閱不可用"},{"$i":"SubscriptionNotSupported","$v":"訂閱不受支援"},{"$i":"UssdModifiedToDial","$v":"USSD修改為撥號"},{"$i":"UssdModifiedToSs","$v":"USSD修改為SS"},{"$i":"UssdModifiedToUssd","$v":"USSD修改為USSD"},{"$i":"call-forwarding-async","$v":["非同步：",{"t":"idOrVar","v":"async"}]},{"$i":"call-forwarding-data","$v":["數據：",{"t":"idOrVar","v":"data"}]},{"$i":"call-forwarding-error","$v":"提取來電轉接狀態時發生錯誤"},{"$i":"call-forwarding-fax","$v":["傳真：",{"t":"idOrVar","v":"fax"}]},{"$i":"call-forwarding-inactive","$v":"非使用中"},{"$i":"call-forwarding-packet","$v":["封包：",{"t":"idOrVar","v":"packet"}]},{"$i":"call-forwarding-pad","$v":["PAD：",{"t":"idOrVar","v":"pad"}]},{"$i":"call-forwarding-sms","$v":["短訊：",{"t":"idOrVar","v":"sms"}]},{"$i":"call-forwarding-status","$v":"來電轉接狀態"},{"$i":"call-forwarding-sync","$v":["同步：",{"t":"idOrVar","v":"sync"}]},{"$i":"call-forwarding-voice","$v":["語音：",{"t":"idOrVar","v":"voice"}]},{"$i":"emMmiError","$v":"連接問題或MMI碼無效"},{"$i":"emMmiErrorBadPin","$v":"您輸入的舊PIN碼不正確。"},{"$i":"emMmiErrorBadPuk","$v":"您輸入的PUK不正確"},{"$i":"emMmiErrorEnablePin","$v":"失敗。請啟用SIM卡/RUIM鎖定"},{"$i":"emMmiErrorInvalidAction","$v":"操作無效"},{"$i":"emMmiErrorInvalidPin","$v":"輸入一個包含4到8個數字的PIN碼"},{"$i":"emMmiErrorInvalidScCode","$v":"服務碼無效"},{"$i":"emMmiErrorMismatchPin","$v":"您輸入的PIN碼不相符"},{"$i":"emMmiErrorMmiFdn","$v":"作業僅限於固定撥號號碼"},{"$i":"emMmiErrorNeedPuk2","$v":"輸入PUK2以解除鎖定SIM卡"},{"$i":"emMmiErrorNeedsPuk","$v":"您的SIM卡已鎖定PUK"},{"$i":"emMmiErrorNotSupported","$v":"MMI碼無效或不受支援"},{"$i":"emMmiErrorPasswordIncorrect","$v":"密碼不正確"},{"$i":"emMmiErrorPinPukAttempts","$v":{"few":["還可重試",{"t":"idOrVar","v":"n"},"次"],"many":["還可重試",{"t":"idOrVar","v":"n"},"次"],"one":["只能再嘗試",{"t":"idOrVar","v":"n"},"次"],"other":["還可重試",{"t":"idOrVar","v":"n"},"次"],"two":["還可重試",{"t":"idOrVar","v":"n"},"次"]},"$x":[{"t":"idOrVar","v":"plural"},"n"]},{"$i":"emMmiErrorSimBlocked","$v":"已超過重試次數上限。已封鎖SIM卡"},{"$i":"emMmiErrorStkCcSsDial","$v":"SS要求已修改為撥號要求"},{"$i":"emMmiErrorStkCcSsSs","$v":"SS要求已修改為新SS要求"},{"$i":"emMmiErrorStkCcSsUssd","$v":"SS要求已修改為USSD要求"},{"$i":"emMmiErrorStkCcUssdDial","$v":"USSD要求已修改為撥號要求"},{"$i":"emMmiErrorStkCcUssdSs","$v":"USSD要求已修改為SS要求"},{"$i":"emMmiErrorStkCcUssdUssd","$v":"USSD要求已修改為新USSD要求"},{"$i":"fihVersion","$v":"FIH 版本"},{"$i":"imeiAndSvn","$v":"IMEI 和 SVN"},{"$i":"internalVersion","$v":"內部版本"},{"$i":"serviceClassData","$v":"數據"},{"$i":"serviceClassDataAsync","$v":"非同步"},{"$i":"serviceClassDataSync","$v":"同步"},{"$i":"serviceClassPacket","$v":"封包"},{"$i":"serviceClassVoice","$v":"語音"},{"$i":"smClirDefaultOffNextCallOff","$v":"本機號碼預設為不受限制。下一次通話：不受限制"},{"$i":"smClirDefaultOffNextCallOn","$v":"本機號碼預設為不受限制。下一次通話：受限制"},{"$i":"smClirDefaultOnNextCallOff","$v":"本機號碼預設為受限制。下一次通話：不受限制"},{"$i":"smClirDefaultOnNextCallOn","$v":"本機號碼預設為受限制。下一次通話：受限制"},{"$i":"smClirPermanent","$v":"無法變更本機號碼設定"},{"$i":"smPin2Changed","$v":"已成功變更PIN2"},{"$i":"smPin2Unblocked","$v":"已成功解除封鎖PIN2"},{"$i":"smPinChanged","$v":"已成功變更PIN"},{"$i":"smPinUnblocked","$v":"已成功解除封鎖PIN"},{"$i":"smServiceDisabled","$v":"已停用服務"},{"$i":"smServiceEnabled","$v":"已啟用服務"},{"$i":"smServiceEnabledFor","$v":"已針對下列項目啟用服務："},{"$i":"smServiceErased","$v":"清除成功"},{"$i":"smServiceInterrogated","$v":"要求成功"},{"$i":"smServiceNotProvisioned","$v":"未佈建服務"},{"$i":"smServiceRegistered","$v":"註冊成功"},{"$i":"another","$v":"另一個"},{"$i":"current","$v":"目前"},{"$i":"customTag","$v":"自訂標籤","placeholder":"自訂標籤"},{"$i":"faxHome","$v":"住宅傳真"},{"$i":"faxOffice","$v":"辦公室傳真"},{"$i":"faxOther","$v":"其他傳真"},{"$i":"itemWithLabel","$v":[{"t":"idOrVar","v":"label"},"，",{"t":"idOrVar","v":"item"}]},{"$i":"label","$v":"標籤"},{"$i":"other","$v":"其他"},{"$i":"tcl-customTag","$v":"自訂標籤"},{"$i":"dateTimeFormat_%c","$v":"%a %b %e %Y %I:%M:%S %p"},{"$i":"dateTimeFormat_%x","$v":"%m/%d/%Y"},{"$i":"days-ago-long","$v":{"few":[{"t":"idOrVar","v":"value"},"天前"],"many":[{"t":"idOrVar","v":"value"},"天前"],"one":"昨日","other":[{"t":"idOrVar","v":"value"},"天前"],"two":[{"t":"idOrVar","v":"value"},"天前"],"zero":"今日"},"$x":[{"t":"idOrVar","v":"plural"},"value"]},{"$i":"days-ago-short","$v":{"other":[{"t":"idOrVar","v":"value"},"d前"],"zero":"今日"},"$x":[{"t":"idOrVar","v":"plural"},"value"]},{"$i":"days-until-long","$v":{"few":[{"t":"idOrVar","v":"value"},"天後"],"many":[{"t":"idOrVar","v":"value"},"天後"],"one":"明日","other":[{"t":"idOrVar","v":"value"},"天後"],"two":[{"t":"idOrVar","v":"value"},"天後"],"zero":"今日"},"$x":[{"t":"idOrVar","v":"plural"},"value"]},{"$i":"days-until-short","$v":{"other":[{"t":"idOrVar","v":"value"},"天後"],"zero":"今日"},"$x":[{"t":"idOrVar","v":"plural"},"value"]},{"$i":"hours-ago-long","$v":{"few":[{"t":"idOrVar","v":"value"},"小時前"],"many":[{"t":"idOrVar","v":"value"},"小時前"],"one":"1小時前","other":[{"t":"idOrVar","v":"value"},"小時前"],"two":[{"t":"idOrVar","v":"value"},"小時前"],"zero":"剛才"},"$x":[{"t":"idOrVar","v":"plural"},"value"]},{"$i":"hours-ago-short","$v":{"other":[{"t":"idOrVar","v":"value"},"h前"],"zero":"剛才"},"$x":[{"t":"idOrVar","v":"plural"},"value"]},{"$i":"hours-until-long","$v":{"few":[{"t":"idOrVar","v":"value"},"小時後"],"many":[{"t":"idOrVar","v":"value"},"小時後"],"one":"1小時後","other":[{"t":"idOrVar","v":"value"},"小時後"],"two":[{"t":"idOrVar","v":"value"},"小時後"],"zero":"現在"},"$x":[{"t":"idOrVar","v":"plural"},"value"]},{"$i":"hours-until-short","$v":{"other":[{"t":"idOrVar","v":"value"},"小時後"],"zero":"現在"},"$x":[{"t":"idOrVar","v":"plural"},"value"]},{"$i":"incorrectDate","$v":"(日期不正確)"},{"$i":"minutes-ago-long","$v":{"few":[{"t":"idOrVar","v":"value"},"分鐘前"],"many":[{"t":"idOrVar","v":"value"},"分鐘前"],"one":"1分鐘前","other":[{"t":"idOrVar","v":"value"},"分鐘前"],"two":[{"t":"idOrVar","v":"value"},"分鐘前"],"zero":"剛才"},"$x":[{"t":"idOrVar","v":"plural"},"value"]},{"$i":"minutes-ago-short","$v":{"other":[{"t":"idOrVar","v":"value"},"m前"],"zero":"剛才"},"$x":[{"t":"idOrVar","v":"plural"},"value"]},{"$i":"minutes-until-long","$v":{"few":[{"t":"idOrVar","v":"value"},"分鐘後"],"many":[{"t":"idOrVar","v":"value"},"分鐘後"],"one":"1分鐘後","other":[{"t":"idOrVar","v":"value"},"分鐘後"],"two":[{"t":"idOrVar","v":"value"},"分鐘後"],"zero":"現在"},"$x":[{"t":"idOrVar","v":"plural"},"value"]},{"$i":"minutes-until-short","$v":{"other":[{"t":"idOrVar","v":"value"},"分鐘後"],"zero":"現在"},"$x":[{"t":"idOrVar","v":"plural"},"value"]},{"$i":"month-0-genitive","$v":"一月"},{"$i":"month-0-long","$v":"一月"},{"$i":"month-0-short","$v":"1月"},{"$i":"month-1-genitive","$v":"二月"},{"$i":"month-1-long","$v":"二月"},{"$i":"month-1-short","$v":"2月"},{"$i":"month-10-genitive","$v":"十一月"},{"$i":"month-10-long","$v":"十一月"},{"$i":"month-10-short","$v":"11月"},{"$i":"month-11-genitive","$v":"十二月"},{"$i":"month-11-long","$v":"十二月"},{"$i":"month-11-short","$v":"12月"},{"$i":"month-2-genitive","$v":"三月"},{"$i":"month-2-long","$v":"三月"},{"$i":"month-2-short","$v":"3月"},{"$i":"month-3-genitive","$v":"四月"},{"$i":"month-3-long","$v":"四月"},{"$i":"month-3-short","$v":"4月"},{"$i":"month-4-genitive","$v":"五月"},{"$i":"month-4-long","$v":"五月"},{"$i":"month-4-short","$v":"5月"},{"$i":"month-5-genitive","$v":"六月"},{"$i":"month-5-long","$v":"六月"},{"$i":"month-5-short","$v":"6月"},{"$i":"month-6-genitive","$v":"七月"},{"$i":"month-6-long","$v":"七月"},{"$i":"month-6-short","$v":"7月"},{"$i":"month-7-genitive","$v":"八月"},{"$i":"month-7-long","$v":"八月"},{"$i":"month-7-short","$v":"8月"},{"$i":"month-8-genitive","$v":"九月"},{"$i":"month-8-long","$v":"九月"},{"$i":"month-8-short","$v":"9月"},{"$i":"month-9-genitive","$v":"十月"},{"$i":"month-9-long","$v":"十月"},{"$i":"month-9-short","$v":"10月"},{"$i":"months-ago-long","$v":{"few":[{"t":"idOrVar","v":"value"},"個月前"],"many":[{"t":"idOrVar","v":"value"},"個月前"],"one":"上個月","other":[{"t":"idOrVar","v":"value"},"個月前"],"two":[{"t":"idOrVar","v":"value"},"個月前"],"zero":"本月"},"$x":[{"t":"idOrVar","v":"plural"},"value"]},{"$i":"months-until-long","$v":{"few":[{"t":"idOrVar","v":"value"},"個月後"],"many":[{"t":"idOrVar","v":"value"},"個月後"],"one":"下個月","other":[{"t":"idOrVar","v":"value"},"個月後"],"two":[{"t":"idOrVar","v":"value"},"個月後"],"zero":"本月"},"$x":[{"t":"idOrVar","v":"plural"},"value"]},{"$i":"shortDateTimeFormat","$v":"%x %I:%M %p"},{"$i":"shortTimeFormat","$v":"%I:%M %p"},{"$i":"shortTimeFormat12","$v":"%I:%M %p"},{"$i":"shortTimeFormat24","$v":"%H:%M"},{"$i":"time_am","$v":"AM"},{"$i":"time_pm","$v":"PM"},{"$i":"weekday-0-long","$v":"星期日"},{"$i":"weekday-0-short","$v":"星期日"},{"$i":"weekday-1-long","$v":"星期一"},{"$i":"weekday-1-short","$v":"星期一"},{"$i":"weekday-2-long","$v":"星期二"},{"$i":"weekday-2-short","$v":"星期二"},{"$i":"weekday-3-long","$v":"星期三"},{"$i":"weekday-3-short","$v":"星期三"},{"$i":"weekday-4-long","$v":"星期四"},{"$i":"weekday-4-short","$v":"星期四"},{"$i":"weekday-5-long","$v":"星期五"},{"$i":"weekday-5-short","$v":"星期五"},{"$i":"weekday-6-long","$v":"星期六"},{"$i":"weekday-6-short","$v":"星期六"},{"$i":"weeks-ago-long","$v":{"few":[{"t":"idOrVar","v":"value"},"週前"],"many":[{"t":"idOrVar","v":"value"},"週前"],"one":"上週","other":[{"t":"idOrVar","v":"value"},"週前"],"two":[{"t":"idOrVar","v":"value"},"週前"],"zero":"本週"},"$x":[{"t":"idOrVar","v":"plural"},"value"]},{"$i":"weeks-until-long","$v":{"few":[{"t":"idOrVar","v":"value"},"週後"],"many":[{"t":"idOrVar","v":"value"},"週後"],"one":"下週","other":[{"t":"idOrVar","v":"value"},"週後"],"two":[{"t":"idOrVar","v":"value"},"週後"],"zero":"本週"},"$x":[{"t":"idOrVar","v":"plural"},"value"]},{"$i":"years-ago-long","$v":{"few":[{"t":"idOrVar","v":"value"},"年前"],"many":[{"t":"idOrVar","v":"value"},"年前"],"one":"上一年","other":[{"t":"idOrVar","v":"value"},"年前"],"two":[{"t":"idOrVar","v":"value"},"年前"],"zero":"今年"},"$x":[{"t":"idOrVar","v":"plural"},"value"]},{"$i":"years-until-long","$v":{"few":[{"t":"idOrVar","v":"value"},"年後"],"many":[{"t":"idOrVar","v":"value"},"年後"],"one":"下一年","other":[{"t":"idOrVar","v":"value"},"年後"],"two":[{"t":"idOrVar","v":"value"},"年後"],"zero":"今年"},"$x":[{"t":"idOrVar","v":"plural"},"value"]},{"$i":"dateTimeFormat_%X","$v":"%I:%M:%S %p"},{"$i":"weekStartsOnMonday","$v":"0"},{"$i":"firstDayOfTheWeek","$v":"1"}]