[{"$i":"clockDateFormat","$v":"%a, %e %b"},{"$i":"deviceIsUnlocked","$v":"裝置已解鎖"},{"$i":"simUnlockCodeAccepted","$v":"已接受SIM卡解鎖碼"},{"$i":"simUnlockCodeFailed","$v":"SIM卡解鎖失敗"},{"$i":"eccOnly","$v":"只能撥出緊急電話"},{"$i":"emergencyCallsOnly","$v":"只能撥出緊急電話"},{"$i":"lockedSim","$v":"已鎖定SIM卡"},{"$i":"noService","$v":"無服務"},{"$i":"noSimCard","$v":"無SIM卡"},{"$i":"searching","$v":"搜尋中..."},{"$i":"airplane-mode","$v":"飛航模式"},{"$i":"bluetooth","$v":"藍牙"},{"$i":"brightness","$v":"亮度"},{"$i":"calculator","$v":"計算機"},{"$i":"camera","$v":"相機"},{"$i":"cellular-data","$v":"行動數據"},{"$i":"confirm-to-uninstall-app","$v":["解除安裝",{"t":"idOrVar","v":"appName"},"應用程式？"]},{"$i":"flashlight","$v":"閃光燈"},{"$i":"instant-settings","$v":"即時設定"},{"$i":"off","$v":"關"},{"$i":"on","$v":"開"},{"$i":"shortcuts","$v":"快捷操作"},{"$i":"uninstall","$v":"解除安裝"},{"$i":"volume","$v":"音量"},{"$i":"wifi","$v":"管理Wi-Fi"},{"$i":"percentage-number","$v":[{"t":"idOrVar","v":"number"},"%"]},{"$i":"all-apps","$v":"所有應用程式"},{"$i":"scImei","$v":"IMEI"},{"$i":"scMeid","$v":"MEID"},{"$i":"scUssd","$v":"USSD"},{"$i":"CallFailed","$v":"通話失敗"},{"$i":"GenericFailure","$v":"一般故障"},{"$i":"add-smart-collections","$v":"增加智慧型收藏庫"},{"$i":"add-to-existing-contact","$v":"增加至現有連絡人"},{"$i":"alert-for-contacts-without-number","$v":"沒有電話號碼可用的連絡人。"},{"$i":"app-title","$v":"我的應用程式"},{"$i":"app-uninstall","$v":[{"t":"idOrVar","v":"name"},"已解除安裝"]},{"$i":"assign","$v":"指派"},{"$i":"assign-speed-dial","$v":["連絡人未增加為按鈕",{"t":"idOrVar","v":"n"},"上的單鍵撥號。立即指派？"]},{"$i":"assign-voicemail","$v":"語音留言號碼尚未設定。"},{"$i":"call","$v":"撥號"},{"$i":"callAirplaneModeMessage","$v":"若要撥打電話，您需要在「設定」中停用飛航模式。"},{"$i":"callAirplaneModeTitle","$v":"飛航模式已啟動"},{"$i":"cancel","$v":"取消"},{"$i":"change-wallpaper","$v":"變更桌布"},{"$i":"clocks-updated","$v":"時鐘已更新"},{"$i":"confirmation","$v":"確認"},{"$i":"contacts","$v":"連絡人"},{"$i":"create-new-contact","$v":"建立新連絡人"},{"$i":"delete","$v":"刪除"},{"$i":"delete-body","$v":["將會刪除",{"t":"idOrVar","v":"name"},"及其所有資料。"]},{"$i":"delete-title","$v":["刪除",{"t":"idOrVar","v":"name"}]},{"$i":"edit","$v":"編輯"},{"$i":"edit-done","$v":"已完成"},{"$i":"edit-group-header","$v":"編輯群組"},{"$i":"edit-mode","$v":"編輯"},{"$i":"emergency-call-error","$v":[{"t":"idOrVar","v":"number"},"不是緊急號碼。"]},{"$i":"emergency-call-only","$v":"只能撥出緊急電話"},{"$i":"emergencyDialogBodyBadNumber","$v":"若要撥打電話，手機必須連線至網路。"},{"$i":"emergencyDialogBodyDeviceNotAccepted","$v":"網路不允許緊急電話。"},{"$i":"emergencyDialogTitle","$v":"無網路連線"},{"$i":"fax-home","$v":"傳真(住家)"},{"$i":"fax-office","$v":"傳真(辦公室)"},{"$i":"fax-other","$v":"傳真(其他)"},{"$i":"fdnIsActiveMessage","$v":["FDN(固定撥號號碼)已啟動，且下列號碼不在您的FDN清單中：",{"t":"idOrVar","v":"number"}]},{"$i":"fdnIsActiveTitle","$v":"FDN使用中"},{"$i":"gaia-shortcut-app-updated","$v":"應用程式已更新"},{"$i":"grid-view","$v":"圖示檢視"},{"$i":"home","$v":"住家"},{"$i":"homescreen-settings","$v":"主螢幕設定"},{"$i":"invalidNumberToDialMessage","$v":"您撥打的電話號碼無效。"},{"$i":"invalidNumberToDialTitle","$v":"電話號碼無效"},{"$i":"list-view","$v":"清單檢視"},{"$i":"longDateFormat","$v":"%A，%B %e"},{"$i":"menu","$v":"功能表"},{"$i":"message","$v":"訊息"},{"$i":"mobile","$v":"手機"},{"$i":"more","$v":"更多"},{"$i":"move","$v":"移動"},{"$i":"notifications","$v":"通知"},{"$i":"numberIsBusyMessage","$v":"此號碼目前正在通話中。請稍後再試。"},{"$i":"numberIsBusyTitle","$v":"號碼正在通話中"},{"$i":"ok","$v":"確認"},{"$i":"option-remove","$v":"從單鍵撥號移除"},{"$i":"option-replace","$v":"替換"},{"$i":"options","$v":"選項"},{"$i":"otherConnectionInUseMessage","$v":"在其他連線上有一個通話正在進行中。您一次只能查看一個連線。"},{"$i":"otherConnectionInUseTitle","$v":"其他連線在使用中"},{"$i":"personal","$v":"個人"},{"$i":"remove","$v":"移除"},{"$i":"remove-speed-dial","$v":["確認要從單鍵撥號移除",{"t":"idOrVar","v":"name"},"？"]},{"$i":"replace","$v":"替換"},{"$i":"replace-speed-dial","$v":["確認要將",{"t":"idOrVar","v":"name"},"替換為",{"t":"idOrVar","v":"subName"},"？"]},{"$i":"resume-download-action","$v":"下載"},{"$i":"resume-download-body","$v":["是否要下載",{"t":"idOrVar","v":"name"},"？"]},{"$i":"resume-download-title","$v":"重新啟動下載"},{"$i":"scCallBarring","$v":"通話限制"},{"$i":"scCallForwarding","$v":"來電轉接"},{"$i":"scCallWaiting","$v":"來電等待"},{"$i":"scClip","$v":"來電本機號碼"},{"$i":"scClir","$v":"撥出電話本機號碼"},{"$i":"scPin","$v":"PIN變更"},{"$i":"scPin2","$v":"PIN2變更"},{"$i":"scPuk","$v":"解除封鎖PIN"},{"$i":"scPuk2","$v":"解除封鎖PIN2"},{"$i":"scPwd","$v":"密碼變更"},{"$i":"search-or-enter-address","placeholder":"搜尋或輸入地址"},{"$i":"select","$v":"選取"},{"$i":"sending","$v":"正在傳送…"},{"$i":"set","$v":"設定"},{"$i":"settings","$v":"設定"},{"$i":"single-view","$v":"單一檢視"},{"$i":"skip","$v":"忽略"},{"$i":"speed-dial","$v":"單鍵撥號"},{"$i":"speed-dial-empty","ariaLabel":[{"t":"idOrVar","v":"order"},"，空白"]},{"$i":"speed-dial-not-empty","ariaLabel":[{"t":"idOrVar","v":"order"},", ",{"t":"idOrVar","v":"name"}]},{"$i":"stop-download-action","$v":"停止"},{"$i":"stop-download-body","$v":"是否要停止進行中的下載？"},{"$i":"stop-download-title","$v":["停止",{"t":"idOrVar","v":"name"}]},{"$i":"tcl-wallpaper-changed","$v":"桌布已變更"},{"$i":"video-call","$v":"視訊通話"},{"$i":"voicemail","$v":"語音留言"},{"$i":"work","$v":"工作"},{"$i":"apps","$v":"應用程式"},{"$i":"nocard-eccOnly","$v":"No SIM card-Emergency calls only"},{"$i":"unusablecard-eccOnly","$v":"Unusable SIM card-Emergency calls only"},{"$i":"apn-sim1","$v":"APN設定 - SIM1卡"},{"$i":"apn-sim2","$v":"APN設定 - SIM2卡"},{"$i":"apnConfigPrepay","$v":"預付"},{"$i":"apnConfigPostpay","$v":"已付"},{"$i":"apn-defaultconfig-message","$v":"設定要顯示的APN類型"},{"$i":"apnDefaultConfig","$v":"APN預設組態"},{"$i":"without-sim-new","$v":[{"t":"idOrVar","v":"index"}]},{"$i":"with-sim-new","$v":[{"t":"idOrVar","v":"index"}," - ",{"t":"idOrVar","v":"carrier"}]},{"$i":"sim-with-index-and-carrier","$v":["SIM ",{"t":"idOrVar","v":"index"}," - ",{"t":"idOrVar","v":"carrier"}]},{"$i":"sim-without-carrier","$v":["SIM ",{"t":"idOrVar","v":"index"}]},{"$i":"call-forwarding-voice-after-seconds","$v":["語音：",{"t":"idOrVar","v":"timeSeconds"},"秒後",{"t":"idOrVar","v":"voice"}]},{"$i":"addNewNumber","$v":"新增號碼"},{"$i":"addToExistingContact","$v":"增加至現有連絡人"},{"$i":"all","$v":"全部","ariaLabel":"全部"},{"$i":"bluetooth-handsfree-device","$v":"藍牙免持聽筒裝置"},{"$i":"bluetoothOption","ariaLabel":"藍牙"},{"$i":"callDurationHours","$v":[{"t":"idOrVar","v":"h"},":",{"t":"idOrVar","v":"m"},":",{"t":"idOrVar","v":"s"}]},{"$i":"callDurationMinutes","$v":[{"t":"idOrVar","v":"m"},":",{"t":"idOrVar","v":"s"}]},{"$i":"callDurationTextFormatHours","$v":[{"t":"idOrVar","v":"h"},"小時",{"t":"idOrVar","v":"m"},"分鐘",{"t":"idOrVar","v":"s"},"秒"]},{"$i":"callDurationTextFormatMinutes","$v":[{"t":"idOrVar","v":"m"},"分鐘",{"t":"idOrVar","v":"s"},"秒"]},{"$i":"callDurationTextFormatSeconds","$v":[{"t":"idOrVar","v":"s"},"秒"]},{"$i":"callEnded","$v":"通話已結束"},{"$i":"callInformation","$v":"通話資訊"},{"$i":"callLog","$v":"通話記錄"},{"$i":"callLogEdit","title":"編輯通話記錄"},{"$i":"callLogEditDialog","ariaLabel":"編輯通話記錄對話"},{"$i":"caller-left-call","$v":[{"t":"idOrVar","v":"caller"},"已留言。"]},{"$i":"calllog-all","$v":"全部"},{"$i":"calllog-deselectAll","$v":"全部取消"},{"$i":"calllog-none","$v":"無"},{"$i":"calllog-selectAll","$v":"全選"},{"$i":"canceled","$v":"已取消"},{"$i":"clear-all-text","$v":"清除所有文字"},{"$i":"close","$v":"關閉"},{"$i":"composeEmail","ariaLabel":"電子郵件"},{"$i":"conferenceAddError","$v":"無法合併通話"},{"$i":"conferenceCall","$v":["會議(",{"t":"idOrVar","v":"n"},")"]},{"$i":"conferenceRemoveError","$v":"無法取消合併通話"},{"$i":"confirm-deletion","$v":"清除選取的通話？"},{"$i":"connecting","$v":"正在連線"},{"$i":"connectingEllipsis","$v":"正在連線…"},{"$i":"contactDetails","$v":"連絡人詳情"},{"$i":"createNewContact","$v":"建立新連絡人"},{"$i":"delete-n-log?","$v":{"few":["刪除",{"t":"idOrVar","v":"n"},"個記錄？"],"many":["刪除",{"t":"idOrVar","v":"n"},"個記錄？"],"one":"刪除所選的記錄？","other":["刪除",{"t":"idOrVar","v":"n"},"個記錄？"],"two":["刪除",{"t":"idOrVar","v":"n"},"個記錄？"],"zero":"沒有選取任何內容"},"$x":[{"t":"idOrVar","v":"plural"},"n"]},{"$i":"deselect","$v":"取消選取"},{"$i":"dialed","$v":"已撥"},{"$i":"dialer-prompt","$v":"撥號號碼或選取連絡人以加入通話"},{"$i":"dialerAddContact","ariaLabel":"增加連絡人"},{"$i":"dialerAddContactDialog","ariaLabel":"增加連絡人對話"},{"$i":"edit-selected","$v":{"few":["已選取(",{"t":"idOrVar","v":"n"},")"],"many":["已選取(",{"t":"idOrVar","v":"n"},")"],"one":["已選取(",{"t":"idOrVar","v":"n"},")"],"other":["已選取(",{"t":"idOrVar","v":"n"},")"],"two":["已選取(",{"t":"idOrVar","v":"n"},")"]},"$x":[{"t":"idOrVar","v":"plural"},"n"]},{"$i":"emailDetail","ariaLabel":"電子郵件"},{"$i":"from-contact","$v":["來自",{"t":"idOrVar","v":"contact"}]},{"$i":"from-number","$v":["來自",{"t":"idOrVar","v":"number"}]},{"$i":"from-withheld-number","$v":"來自不明號碼"},{"$i":"hangup-a11y-button","ariaLabel":"掛斷"},{"$i":"hide","$v":"隱藏"},{"$i":"hideKeypad","ariaLabel":"隱藏鍵盤"},{"$i":"hold","ariaLabel":"保留"},{"$i":"hours","$v":"小時"},{"$i":"ignore","$v":"忽略來電"},{"$i":"incoming","$v":"來電"},{"$i":"incoming-call","$v":"來電"},{"$i":"info-missed","$v":"未接來電"},{"$i":"keypad","ariaLabel":"鍵盤"},{"$i":"log-item","$v":"選項"},{"$i":"makeCall","ariaLabel":"撥打電話"},{"$i":"merge","ariaLabel":"合併"},{"$i":"minutes","$v":"分鐘"},{"$i":"missed","$v":"未接來電","ariaLabel":"未接來電"},{"$i":"missedCall","$v":"未接來電"},{"$i":"missedCallMultiSims","$v":["(SIM ",{"t":"idOrVar","v":"n"},")未接來電"]},{"$i":"mmi-error","$v":"傳送訊息時發生錯誤"},{"$i":"mmi-notification-title-with-sim","$v":["(",{"t":"idOrVar","v":"sim"},")",{"t":"idOrVar","v":"title"}]},{"$i":"mmi-session-expired","$v":"工作階段已過期"},{"$i":"mmi-successfully-sent","$v":"訊息已成功傳送"},{"$i":"mute","ariaLabel":"靜音"},{"$i":"newCall","ariaLabel":"新增通話"},{"$i":"no-logs-msg-1","$v":"未錄製通話"},{"$i":"no-logs-msg-2","$v":"立即開始通訊"},{"$i":"no-logs-msg-3","$v":"未錄製通話"},{"$i":"no-logs-msg-4","$v":"立即開始通訊"},{"$i":"no-recent-numbers","$v":"通話記錄中沒有可撥出的最新號碼。"},{"$i":"onHoldOption","ariaLabel":"保留中"},{"$i":"outgoing","$v":"撥出電話"},{"$i":"outgoing-call","$v":"撥出電話"},{"$i":"phoneDetail","ariaLabel":"手機"},{"$i":"pickup-a11y-button","ariaLabel":"收取"},{"$i":"received","$v":"已接"},{"$i":"receiver","$v":"接收器"},{"$i":"recents","ariaLabel":"最近通話"},{"$i":"reply","$v":"回覆"},{"$i":"resume","$v":"恢復","ariaLabel":"恢復"},{"$i":"search-results","$v":"搜尋結果"},{"$i":"seconds","$v":"秒"},{"$i":"select-audio-sources","$v":"選取音訊來源"},{"$i":"send","$v":"傳送"},{"$i":"send-sms-button","ariaLabel":"簡訊"},{"$i":"sendSms","$v":"傳送訊息"},{"$i":"separator","$v":","},{"$i":"sim-number","$v":["SIM ",{"t":"idOrVar","v":"n"}]},{"$i":"speaker","$v":"擴音器"},{"$i":"speakerOption","ariaLabel":"擴音器"},{"$i":"suggestionMatches","$v":{"few":[{"t":"idOrVar","v":"n"},"個「",{"t":"idOrVar","v":"matchNumber"},"」的對應項"],"many":[{"t":"idOrVar","v":"n"},"個「",{"t":"idOrVar","v":"matchNumber"},"」的對應項"],"one":[{"t":"idOrVar","v":"n"},"個「",{"t":"idOrVar","v":"matchNumber"},"」的對應項"],"other":[{"t":"idOrVar","v":"n"},"個「",{"t":"idOrVar","v":"matchNumber"},"」的對應項"],"two":[{"t":"idOrVar","v":"n"},"個「",{"t":"idOrVar","v":"matchNumber"},"」的對應項"]},"$x":[{"t":"idOrVar","v":"plural"},"n"]},{"$i":"switch-calls","$v":"切換通話"},{"$i":"tcl-assign","$v":"指派"},{"$i":"tcl-assign-speed-dial","$v":{"$o":["連絡人未增加為按鈕「",{"t":"idOrVar","v":"speedDial"},"」上的單鍵撥號<br></br>立即指派？"]}},{"$i":"tcl-call-log-delete-group-notification","$v":["已刪除",{"t":"idOrVar","v":"n"},"個項目"]},{"$i":"tcl-calllog-entry-removed-err-notification","$v":"無法移除通話記錄項目"},{"$i":"tcl-calllog-entry-removed-succ-notification","$v":"通話記錄項目已移除"},{"$i":"tcl-cancel","$v":"取消"},{"$i":"tcl-confirmation","$v":"確認"},{"$i":"tcl-delete-log","$v":"確認要從通話記錄中刪除選取的項目？"},{"$i":"tcl-dialer","$v":"撥號器"},{"$i":"tcl-edit-not-selected","$v":"已選取(0)"},{"$i":"tcl-option-menu-call-log-edit","$v":"編輯通話記錄"},{"$i":"today","$v":"今天"},{"$i":"toggleKeypad","ariaLabel":"切換鍵盤"},{"$i":"type-your-response","placeholder":"輸入您的回應…"},{"$i":"unknown","$v":"不明"},{"$i":"unlock-a11y-button","ariaLabel":"滑桿"},{"$i":"ussd-services","$v":[{"t":"idOrVar","v":"operator"},"服務"]},{"$i":"via-sim","$v":["經由SIM",{"t":"idOrVar","v":"n"}]},{"$i":"view-all","$v":"檢視全部"},{"$i":"wifi-calling","$v":"Wi-Fi來電"},{"$i":"withheld-number","$v":"不明"},{"$i":"yesterday","$v":"昨天"},{"$i":"SimPin2","$v":"SIM PIN2"},{"$i":"SimPuk2","$v":"SIM PUK2"},{"$i":"serviceClassFax","$v":"傳真"},{"$i":"serviceClassPad","$v":"PAD"},{"$i":"serviceClassSms","$v":"簡訊"},{"$i":"DialModifiedToDial","$v":"Dial modified to dial"},{"$i":"DialModifiedToSs","$v":"Dial modified to SS"},{"$i":"DialModifiedToUssd","$v":"Dial modified to USSD"},{"$i":"FdnCheckFailure","$v":"FDN檢查失敗"},{"$i":"IllegalSimOrMe","$v":"合法SIM卡或ME"},{"$i":"InvalidParameter","$v":"參數無效"},{"$i":"ModeNotSupported","$v":"模式不受支援"},{"$i":"OpNotAllowedDuringVoiceCall","$v":"語音通話期間不允許操作"},{"$i":"PasswordIncorrect","$v":"密碼不正確"},{"$i":"RadioNotAvailable","$v":"Radio not available"},{"$i":"RejectedByRemote","$v":"遠端拒絕"},{"$i":"RequestNotSupported","$v":"請求不受支援"},{"$i":"ServiceIsDisabled","$v":"服務已停用"},{"$i":"ServiceIsEnabled","$v":"服務已啟用"},{"$i":"ServiceIsEnabledFor","$v":"針對下列項目啟用服務："},{"$i":"SimAbsent","$v":"SIM卡不存在"},{"$i":"SmsSendFailRetry","$v":"SMS send fail retry"},{"$i":"SsModifiedToDial","$v":"SS已修改為撥號"},{"$i":"SsModifiedToSs","$v":"SS已修改為SS"},{"$i":"SsModifiedToUssd","$v":"SS已修改為USSD"},{"$i":"SubscriptionNotAvailable","$v":"訂閱不可用"},{"$i":"SubscriptionNotSupported","$v":"訂閱不受支援"},{"$i":"UssdModifiedToDial","$v":"USSD已修改為撥號"},{"$i":"UssdModifiedToSs","$v":"USSD已修改為SS"},{"$i":"UssdModifiedToUssd","$v":"USSD已修改為USSD"},{"$i":"call-forwarding-async","$v":["非同步：",{"t":"idOrVar","v":"async"}]},{"$i":"call-forwarding-data","$v":["數據：",{"t":"idOrVar","v":"data"}]},{"$i":"call-forwarding-error","$v":"擷取來電轉接狀態時發生錯誤"},{"$i":"call-forwarding-fax","$v":["傳真：",{"t":"idOrVar","v":"fax"}]},{"$i":"call-forwarding-inactive","$v":"非使用中"},{"$i":"call-forwarding-packet","$v":["封包：",{"t":"idOrVar","v":"packet"}]},{"$i":"call-forwarding-pad","$v":["PAD：",{"t":"idOrVar","v":"pad"}]},{"$i":"call-forwarding-sms","$v":["簡訊：",{"t":"idOrVar","v":"sms"}]},{"$i":"call-forwarding-status","$v":"來電轉接狀態"},{"$i":"call-forwarding-sync","$v":["同步：",{"t":"idOrVar","v":"sync"}]},{"$i":"call-forwarding-voice","$v":["語音：",{"t":"idOrVar","v":"voice"}]},{"$i":"emMmiError","$v":"連線問題或MMI碼無效"},{"$i":"emMmiErrorBadPin","$v":"輸入的舊PIN不正確。"},{"$i":"emMmiErrorBadPuk","$v":"輸入的PUK不正確"},{"$i":"emMmiErrorEnablePin","$v":"失敗。啟用SIM/RUIM LOCK"},{"$i":"emMmiErrorInvalidAction","$v":"動作無效"},{"$i":"emMmiErrorInvalidPin","$v":"輸入介於4到8個數字之間的PIN"},{"$i":"emMmiErrorInvalidScCode","$v":"服務代碼無效"},{"$i":"emMmiErrorMismatchPin","$v":"輸入的PIN不相符"},{"$i":"emMmiErrorMmiFdn","$v":"操作僅限制於固定撥號號碼"},{"$i":"emMmiErrorNeedPuk2","$v":"輸入PUK2以解除封鎖SIM卡"},{"$i":"emMmiErrorNeedsPuk","$v":"您的SIM卡已鎖定PUK"},{"$i":"emMmiErrorNotSupported","$v":"MMI碼無效或不受支援"},{"$i":"emMmiErrorPasswordIncorrect","$v":"密碼不正確"},{"$i":"emMmiErrorPinPukAttempts","$v":{"few":["還剩",{"t":"idOrVar","v":"n"},"次重試"],"many":["還剩",{"t":"idOrVar","v":"n"},"次重試"],"one":["僅剩",{"t":"idOrVar","v":"n"},"次重試"],"other":["還剩",{"t":"idOrVar","v":"n"},"次重試"],"two":["還剩",{"t":"idOrVar","v":"n"},"次重試"]},"$x":[{"t":"idOrVar","v":"plural"},"n"]},{"$i":"emMmiErrorSimBlocked","$v":"已達重試次數上限。SIM卡已封鎖"},{"$i":"emMmiErrorStkCcSsDial","$v":"SS請求已修改為DIAL請求"},{"$i":"emMmiErrorStkCcSsSs","$v":"SS請求已修改為新SS請求"},{"$i":"emMmiErrorStkCcSsUssd","$v":"SS請求已修改為USSD請求"},{"$i":"emMmiErrorStkCcUssdDial","$v":"USSD請求已修改為DIAL請求"},{"$i":"emMmiErrorStkCcUssdSs","$v":"USSD請求已修改為SS請求"},{"$i":"emMmiErrorStkCcUssdUssd","$v":"USSD請求已修改為新USSD請求"},{"$i":"fihVersion","$v":"FIH版本"},{"$i":"imeiAndSvn","$v":"IMEI和SVN"},{"$i":"internalVersion","$v":"內部版本"},{"$i":"serviceClassData","$v":"數據"},{"$i":"serviceClassDataAsync","$v":"非同步"},{"$i":"serviceClassDataSync","$v":"同步"},{"$i":"serviceClassPacket","$v":"封包"},{"$i":"serviceClassVoice","$v":"語音"},{"$i":"smClirDefaultOffNextCallOff","$v":"本機號碼預設為不受限制。下一次通話：不受限制"},{"$i":"smClirDefaultOffNextCallOn","$v":"本機號碼預設為不受限制。下一次通話：受限制"},{"$i":"smClirDefaultOnNextCallOff","$v":"本機號碼預設為受限制。下一次通話：不受限制"},{"$i":"smClirDefaultOnNextCallOn","$v":"本機號碼預設為受限制。下一次通話：受限制"},{"$i":"smClirPermanent","$v":"無法變更本機號碼設定"},{"$i":"smPin2Changed","$v":"PIN2已成功變更"},{"$i":"smPin2Unblocked","$v":"PIN2已成功解除封鎖"},{"$i":"smPinChanged","$v":"PIN已成功變更"},{"$i":"smPinUnblocked","$v":"PIN已成功解除封鎖"},{"$i":"smServiceDisabled","$v":"服務已停用"},{"$i":"smServiceEnabled","$v":"服務已啟用"},{"$i":"smServiceEnabledFor","$v":"已針對下列項目啟用服務："},{"$i":"smServiceErased","$v":"消除成功"},{"$i":"smServiceInterrogated","$v":"請求成功"},{"$i":"smServiceNotProvisioned","$v":"服務未佈建"},{"$i":"smServiceRegistered","$v":"註冊成功"},{"$i":"another","$v":"其他"},{"$i":"current","$v":"當前"},{"$i":"customTag","$v":"自訂標籤","placeholder":"自訂標籤"},{"$i":"faxHome","$v":"傳真(住家)"},{"$i":"faxOffice","$v":"傳真(辦公室)"},{"$i":"faxOther","$v":"傳真(其他)"},{"$i":"itemWithLabel","$v":[{"t":"idOrVar","v":"label"},"，",{"t":"idOrVar","v":"item"}]},{"$i":"label","$v":"標籤"},{"$i":"other","$v":"其他"},{"$i":"tcl-customTag","$v":"自訂標籤"},{"$i":"dateTimeFormat_%c","$v":"%a %b %e %Y %I:%M:%S %p"},{"$i":"dateTimeFormat_%x","$v":"%m/%d/%Y"},{"$i":"days-ago-long","$v":{"few":[{"t":"idOrVar","v":"value"},"天前"],"many":[{"t":"idOrVar","v":"value"},"天前"],"one":"昨天","other":[{"t":"idOrVar","v":"value"},"天前"],"two":[{"t":"idOrVar","v":"value"},"天前"],"zero":"今天"},"$x":[{"t":"idOrVar","v":"plural"},"value"]},{"$i":"days-ago-short","$v":{"other":[{"t":"idOrVar","v":"value"},"天前"],"zero":"今天"},"$x":[{"t":"idOrVar","v":"plural"},"value"]},{"$i":"days-until-long","$v":{"few":["在",{"t":"idOrVar","v":"value"},"天後"],"many":["在",{"t":"idOrVar","v":"value"},"天後"],"one":"明天","other":["在",{"t":"idOrVar","v":"value"},"天後"],"two":["在",{"t":"idOrVar","v":"value"},"天後"],"zero":"今天"},"$x":[{"t":"idOrVar","v":"plural"},"value"]},{"$i":"days-until-short","$v":{"other":["在",{"t":"idOrVar","v":"value"},"天後"],"zero":"今天"},"$x":[{"t":"idOrVar","v":"plural"},"value"]},{"$i":"hours-ago-long","$v":{"few":[{"t":"idOrVar","v":"value"},"小時前"],"many":[{"t":"idOrVar","v":"value"},"小時前"],"one":"1小時前","other":[{"t":"idOrVar","v":"value"},"小時前"],"two":[{"t":"idOrVar","v":"value"},"小時前"],"zero":"現在"},"$x":[{"t":"idOrVar","v":"plural"},"value"]},{"$i":"hours-ago-short","$v":{"other":[{"t":"idOrVar","v":"value"},"小時前"],"zero":"現在"},"$x":[{"t":"idOrVar","v":"plural"},"value"]},{"$i":"hours-until-long","$v":{"few":["在",{"t":"idOrVar","v":"value"},"小時後"],"many":["在",{"t":"idOrVar","v":"value"},"小時後"],"one":"在1小時後","other":["在",{"t":"idOrVar","v":"value"},"小時後"],"two":["在",{"t":"idOrVar","v":"value"},"小時後"],"zero":"現在"},"$x":[{"t":"idOrVar","v":"plural"},"value"]},{"$i":"hours-until-short","$v":{"other":["在",{"t":"idOrVar","v":"value"},"小時後"],"zero":"現在"},"$x":[{"t":"idOrVar","v":"plural"},"value"]},{"$i":"incorrectDate","$v":"(日期不正確)"},{"$i":"minutes-ago-long","$v":{"few":[{"t":"idOrVar","v":"value"},"分鐘前"],"many":[{"t":"idOrVar","v":"value"},"分鐘前"],"one":"一分鐘前","other":[{"t":"idOrVar","v":"value"},"分鐘前"],"two":[{"t":"idOrVar","v":"value"},"分鐘前"],"zero":"現在"},"$x":[{"t":"idOrVar","v":"plural"},"value"]},{"$i":"minutes-ago-short","$v":{"other":[{"t":"idOrVar","v":"value"},"分鐘前"],"zero":"現在"},"$x":[{"t":"idOrVar","v":"plural"},"value"]},{"$i":"minutes-until-long","$v":{"few":["在",{"t":"idOrVar","v":"value"},"分鐘後"],"many":["在",{"t":"idOrVar","v":"value"},"分鐘後"],"one":"在1分鐘後","other":["在",{"t":"idOrVar","v":"value"},"分鐘後"],"two":["在",{"t":"idOrVar","v":"value"},"分鐘後"],"zero":"現在"},"$x":[{"t":"idOrVar","v":"plural"},"value"]},{"$i":"minutes-until-short","$v":{"other":["在",{"t":"idOrVar","v":"value"},"分鐘後"],"zero":"現在"},"$x":[{"t":"idOrVar","v":"plural"},"value"]},{"$i":"month-0-genitive","$v":"一月"},{"$i":"month-0-long","$v":"一月"},{"$i":"month-0-short","$v":"1月"},{"$i":"month-1-genitive","$v":"二月"},{"$i":"month-1-long","$v":"二月"},{"$i":"month-1-short","$v":"2月"},{"$i":"month-10-genitive","$v":"十一月"},{"$i":"month-10-long","$v":"十一月"},{"$i":"month-10-short","$v":"11月"},{"$i":"month-11-genitive","$v":"十二月"},{"$i":"month-11-long","$v":"十二月"},{"$i":"month-11-short","$v":"12月"},{"$i":"month-2-genitive","$v":"三月"},{"$i":"month-2-long","$v":"三月"},{"$i":"month-2-short","$v":"3月"},{"$i":"month-3-genitive","$v":"四月"},{"$i":"month-3-long","$v":"四月"},{"$i":"month-3-short","$v":"4月"},{"$i":"month-4-genitive","$v":"五月"},{"$i":"month-4-long","$v":"五月"},{"$i":"month-4-short","$v":"五月"},{"$i":"month-5-genitive","$v":"六月"},{"$i":"month-5-long","$v":"六月"},{"$i":"month-5-short","$v":"6月"},{"$i":"month-6-genitive","$v":"七月"},{"$i":"month-6-long","$v":"七月"},{"$i":"month-6-short","$v":"7月"},{"$i":"month-7-genitive","$v":"八月"},{"$i":"month-7-long","$v":"八月"},{"$i":"month-7-short","$v":"8月"},{"$i":"month-8-genitive","$v":"九月"},{"$i":"month-8-long","$v":"九月"},{"$i":"month-8-short","$v":"9月"},{"$i":"month-9-genitive","$v":"十月"},{"$i":"month-9-long","$v":"十月"},{"$i":"month-9-short","$v":"10月"},{"$i":"months-ago-long","$v":{"few":[{"t":"idOrVar","v":"value"},"個月前"],"many":[{"t":"idOrVar","v":"value"},"個月前"],"one":"上個月","other":[{"t":"idOrVar","v":"value"},"個月前"],"two":[{"t":"idOrVar","v":"value"},"個月前"],"zero":"本月"},"$x":[{"t":"idOrVar","v":"plural"},"value"]},{"$i":"months-until-long","$v":{"few":["在",{"t":"idOrVar","v":"value"},"個月後"],"many":["在",{"t":"idOrVar","v":"value"},"個月後"],"one":"下個月","other":["在",{"t":"idOrVar","v":"value"},"個月後"],"two":["在",{"t":"idOrVar","v":"value"},"個月後"],"zero":"本月"},"$x":[{"t":"idOrVar","v":"plural"},"value"]},{"$i":"shortDateTimeFormat","$v":"%x %I:%M %p"},{"$i":"shortTimeFormat","$v":"%I:%M %p"},{"$i":"shortTimeFormat12","$v":"%I:%M %p"},{"$i":"shortTimeFormat24","$v":"%H:%M"},{"$i":"time_am","$v":"上午"},{"$i":"time_pm","$v":"下午"},{"$i":"weekday-0-long","$v":"星期日"},{"$i":"weekday-0-short","$v":"周日"},{"$i":"weekday-1-long","$v":"星期一"},{"$i":"weekday-1-short","$v":"周一"},{"$i":"weekday-2-long","$v":"星期二"},{"$i":"weekday-2-short","$v":"周二"},{"$i":"weekday-3-long","$v":"星期三"},{"$i":"weekday-3-short","$v":"周三"},{"$i":"weekday-4-long","$v":"星期四"},{"$i":"weekday-4-short","$v":"周四"},{"$i":"weekday-5-long","$v":"星期五"},{"$i":"weekday-5-short","$v":"周五"},{"$i":"weekday-6-long","$v":"星期六"},{"$i":"weekday-6-short","$v":"周六"},{"$i":"weeks-ago-long","$v":{"few":[{"t":"idOrVar","v":"value"},"星期前"],"many":[{"t":"idOrVar","v":"value"},"星期前"],"one":"上週","other":[{"t":"idOrVar","v":"value"},"星期前"],"two":[{"t":"idOrVar","v":"value"},"星期前"],"zero":"本週"},"$x":[{"t":"idOrVar","v":"plural"},"value"]},{"$i":"weeks-until-long","$v":{"few":["在",{"t":"idOrVar","v":"value"},"週後"],"many":["在",{"t":"idOrVar","v":"value"},"週後"],"one":"下週","other":["在",{"t":"idOrVar","v":"value"},"週後"],"two":["在",{"t":"idOrVar","v":"value"},"週後"],"zero":"本週"},"$x":[{"t":"idOrVar","v":"plural"},"value"]},{"$i":"years-ago-long","$v":{"few":[{"t":"idOrVar","v":"value"},"年前"],"many":[{"t":"idOrVar","v":"value"},"年前"],"one":"上一年","other":[{"t":"idOrVar","v":"value"},"年前"],"two":[{"t":"idOrVar","v":"value"},"年前"],"zero":"今年"},"$x":[{"t":"idOrVar","v":"plural"},"value"]},{"$i":"years-until-long","$v":{"few":["在",{"t":"idOrVar","v":"value"},"年後"],"many":["在",{"t":"idOrVar","v":"value"},"年後"],"one":"明年","other":["在",{"t":"idOrVar","v":"value"},"年後"],"two":["在",{"t":"idOrVar","v":"value"},"年後"],"zero":"今年"},"$x":[{"t":"idOrVar","v":"plural"},"value"]},{"$i":"dateTimeFormat_%X","$v":"%p %I:%M:%S"},{"$i":"weekStartsOnMonday","$v":"1"},{"$i":"firstDayOfTheWeek","$v":"0"}]