{
	"ArrowUp":{
        "long": "torch",
        "short": "calendar.gaiamobile.org"
        },
    "ArrowDown":{
        "long": "search.gaiamobile.org",
        "short": "contact.gaiamobile.org"
        },
    "ArrowLeft":{
        "long": "email.gaiamobile.org",
        "short": "sms.gaiamobile.org"
        },
    "ArrowRight":{
        "long": "files.gerda.tech",
        "short": "notes.gaiamobile.org"
        },
    "SoftLeft":{
        "long": "calculator.gaiamobile.org",
        "short": "notifications"
        },
    "SoftRight":{
        "long": "settings.gaiamobile.org"
        }
	
}
